[MPK] Protection Keys allocated: Config Key=1, FD Key=2
[CONFIG] Analysis logs will be written to: ../ELF_samples/benign_report/x86_64_add/raw
[SCAN] Analyzing executables in: /home/zzh/Compass-Proj1/MirrorShield/ELF_samples/benign/x86_64_added
[SCAN] Found 200 supported executable(s)
[INFO] Writing vulnerability reports to session file /home/zzh/Compass-Proj1/MirrorShield/Wrapper/report/report_session_2026-01-29_21-30-45_374068ad.log

[POOL MODE] Using Docker pool with 6 concurrent workers
[POOL MODE] Queue strategy: grouped
[MONITOR] Starting global monitor process...
[MONITOR] Command: sudo /home/zzh/Compass-Proj1/MirrorShield/Wrapper/monitor
[CgroupManager] Warning: No BPF object and no pinned map found
[CgroupManager] Will use bpftool for map operations
[MONITOR] Global monitor started successfully (PID: 10507)
[MONITOR_READER] Started reading monitor output
[POOL MODE] Performing BPF health check and warm-up...
[POOL MODE] Step 1/3: Basic stabilization...
[POOL MODE] Step 2/3: Probe container test - warming up BPF...
[DOCKER] Selected image for libc=glibc: ubuntu:24.04
[POOL MODE] Probe: PID=10550, cgroup=21240
[CgroupManager] Added cgroup 21240 via bpftool
[CgroupManager] Removed cgroup 21240 via bpftool
[POOL MODE] ✓ Probe container completed - BPF warmed up
[POOL MODE] Step 3/3: Final stabilization (0.5s)...
[POOL MODE] ✓ BPF health check PASSED - ready for concurrent execution
Loaded Provider: deepseek | Model: deepseek-chat
[AI-Integration] Initialized with max_workers=6
[AI-Integration] Current Provider: deepseek
[AI-Integration] Started worker pool
[AI] ✓ DeepSeek AI analysis enabled (6 workers)
[DOCKER_POOL] Submitted 200 tasks to queue (queue size: 200)
[DOCKER_POOL] Starting 6 workers...
[DockerWorker-0] Starting: a762a5c7d4217613c2c985f32b6f75869e5a5322a8a21255eaf4fbf927704da1.elf (62_64bit)
[DockerWorker-1] Starting: ff38a2c0e8a53df1e60b5edb9f558992d5bc119add932f7f2b04045587929f04.elf (62_64bit)
[ANALYSISLOG] ff38a2c0e8a53df1e60b5edb9f558992d5bc119add932f7f2b04045587929f04.elf -> ../ELF_samples/benign_report/x86_64_add/raw/ff38a2c0e8a53df1e60b5edb9f558992d5bc119add932f7f2b04045587929f04.elf_2026-01-29_21-30-52_7f831710.jsonl
[DOCKER] Selected image for libc=glibc: amd64/ubuntu:24.04
[DockerWorker-2] Starting: 3765345f2bd8fed20e04696fad0d2cea193c21d4a8e45d94d8b06aed7c589e0e.elf (62_64bit)
[ANALYSISLOG] a762a5c7d4217613c2c985f32b6f75869e5a5322a8a21255eaf4fbf927704da1.elf -> ../ELF_samples/benign_report/x86_64_add/raw/a762a5c7d4217613c2c985f32b6f75869e5a5322a8a21255eaf4fbf927704da1.elf_2026-01-29_21-30-52_4c92a11f.jsonl
[DOCKER] Selected image for libc=glibc: amd64/ubuntu:24.04
[DockerWorker-3] Starting: 2c792011ab265d97afcca64e031aea303e4cfb1674dcca4a61c5c2ba4fd85bb9.elf (62_64bit)
[ANALYSISLOG] 2c792011ab265d97afcca64e031aea303e4cfb1674dcca4a61c5c2ba4fd85bb9.elf -> ../ELF_samples/benign_report/x86_64_add/raw/2c792011ab265d97afcca64e031aea303e4cfb1674dcca4a61c5c2ba4fd85bb9.elf_2026-01-29_21-30-52_7aedca47.jsonl
[DOCKER] Selected image for libc=glibc: amd64/ubuntu:24.04
[ANALYSISLOG] 3765345f2bd8fed20e04696fad0d2cea193c21d4a8e45d94d8b06aed7c589e0e.elf -> ../ELF_samples/benign_report/x86_64_add/raw/3765345f2bd8fed20e04696fad0d2cea193c21d4a8e45d94d8b06aed7c589e0e.elf_2026-01-29_21-30-52_08c81c62.jsonl
[DOCKER] Selected image for libc=glibc: amd64/ubuntu:24.04
[DockerWorker-4] Starting: c26324c848ebc9f5186a439db4b7d44d8fcc9be1de243353425dbeb4d46e2187.elf (62_64bit)
[DockerWorker-5] Starting: 0a752942a01f03c784c34b354350085869b1e9602e974e3459ed322cbcc7bce4.elf (62_64bit)
[DOCKER_POOL] 6 workers started
[DOCKER_POOL] Waiting for all tasks to complete...
[ANALYSISLOG] 0a752942a01f03c784c34b354350085869b1e9602e974e3459ed322cbcc7bce4.elf -> ../ELF_samples/benign_report/x86_64_add/raw/0a752942a01f03c784c34b354350085869b1e9602e974e3459ed322cbcc7bce4.elf_2026-01-29_21-30-52_1bb19036.jsonl
[DOCKER] Selected image for libc=glibc: amd64/ubuntu:24.04
[ANALYSISLOG] c26324c848ebc9f5186a439db4b7d44d8fcc9be1de243353425dbeb4d46e2187.elf -> ../ELF_samples/benign_report/x86_64_add/raw/c26324c848ebc9f5186a439db4b7d44d8fcc9be1de243353425dbeb4d46e2187.elf_2026-01-29_21-30-52_9255adfb.jsonl
[DOCKER] Selected image for libc=glibc: amd64/ubuntu:24.04
[CgroupManager] Added cgroup 21326 via bpftool
[CgroupManager] Added cgroup 21584 via bpftool
[CgroupManager] Added cgroup 21412 via bpftool
[CgroupManager] Added cgroup 21498 via bpftool
[EventRouter] DEBUG: EXEC #34 filename='/bin/true', triggers=['a762a5c7d4217613c2c985f32b6f75869e5a5322a8a21255eaf4fbf927704da1.elf', '/tmp/a762a5c7d4217613c2c985f32b6f75869e5a5322a8a21255eaf4fbf927704da1.elf']
[CgroupManager] Added cgroup 21670 via bpftool
[EventRouter] DEBUG: EXEC #33 filename='/bin/true', triggers=['3765345f2bd8fed20e04696fad0d2cea193c21d4a8e45d94d8b06aed7c589e0e.elf', '/tmp/3765345f2bd8fed20e04696fad0d2cea193c21d4a8e45d94d8b06aed7c589e0e.elf']
[EventRouter] DEBUG: EXEC #49 filename='/bin/true', triggers=['ff38a2c0e8a53df1e60b5edb9f558992d5bc119add932f7f2b04045587929f04.elf', '/tmp/ff38a2c0e8a53df1e60b5edb9f558992d5bc119add932f7f2b04045587929f04.elf']
[CgroupManager] Added cgroup 21756 via bpftool
[EventRouter] DEBUG: EXEC #49 filename='/bin/true', triggers=['2c792011ab265d97afcca64e031aea303e4cfb1674dcca4a61c5c2ba4fd85bb9.elf', '/tmp/2c792011ab265d97afcca64e031aea303e4cfb1674dcca4a61c5c2ba4fd85bb9.elf']
[EventRouter] DEBUG: EXEC #33 filename='/bin/true', triggers=['0a752942a01f03c784c34b354350085869b1e9602e974e3459ed322cbcc7bce4.elf', '/tmp/0a752942a01f03c784c34b354350085869b1e9602e974e3459ed322cbcc7bce4.elf']
[EventRouter] ARM detected at event 89 for cgroup 21326
[EventRouter] Discarded 88 pre-ARM events for cgroup 21326
[DOCKER] Container exit code: 1
[DOCKER][STDOUT] BEGIN
not a tty
[DOCKER][STDOUT] END
[DOCKER] Raw stdout saved: ../ELF_samples/benign_report/x86_64_add/raw/a762a5c7d4217613c2c985f32b6f75869e5a5322a8a21255eaf4fbf927704da1.elf_2026-01-29_21-30-52_4c92a11f_container_stdout.txt
[EventRouter] ARM detected at event 104 for cgroup 21584
[EventRouter] Discarded 103 pre-ARM events for cgroup 21584
[DOCKER] Container exit code: 16
[DOCKER][STDOUT] BEGIN
3765345f2bd8fed20e04696fad0d2cea193c21d4a8e45d94d8b06aed7c589e0e.elf: no device specified
Try '3765345f2bd8fed20e04696fad0d2cea193c21d4a8e45d94d8b06aed7c589e0e.elf --help' for more information.
[DOCKER][STDOUT] END
[DOCKER] Raw stdout saved: ../ELF_samples/benign_report/x86_64_add/raw/3765345f2bd8fed20e04696fad0d2cea193c21d4a8e45d94d8b06aed7c589e0e.elf_2026-01-29_21-30-52_08c81c62_container_stdout.txt
[EventRouter] ARM detected at event 120 for cgroup 21498
[EventRouter] Discarded 119 pre-ARM events for cgroup 21498
[EventRouter] ARM detected at event 119 for cgroup 21412
[EventRouter] Discarded 118 pre-ARM events for cgroup 21412
[DOCKER] Container exit code: 1
[DOCKER][STDOUT] BEGIN
c26324c848ebc9f5186a439db4b7d44d8fcc9be1de243353425dbeb4d46e2187.elf: not enough arguments
Try 'c26324c848ebc9f5186a439db4b7d44d8fcc9be1de243353425dbeb4d46e2187.elf --help' for more information.
[DOCKER][STDOUT] END
[DOCKER] Raw stdout saved: ../ELF_samples/benign_report/x86_64_add/raw/c26324c848ebc9f5186a439db4b7d44d8fcc9be1de243353425dbeb4d46e2187.elf_2026-01-29_21-30-52_9255adfb_container_stdout.txt
[DOCKER] Container exit code: 1
[DOCKER][STDOUT] BEGIN
ff38a2c0e8a53df1e60b5edb9f558992d5bc119add932f7f2b04045587929f04.elf: bad usage
Try 'ff38a2c0e8a53df1e60b5edb9f558992d5bc119add932f7f2b04045587929f04.elf --help' for more information.
[DOCKER][STDOUT] END
[DOCKER] Raw stdout saved: ../ELF_samples/benign_report/x86_64_add/raw/ff38a2c0e8a53df1e60b5edb9f558992d5bc119add932f7f2b04045587929f04.elf_2026-01-29_21-30-52_7f831710_container_stdout.txt
[EventRouter] ARM detected at event 120 for cgroup 21670
[EventRouter] Discarded 119 pre-ARM events for cgroup 21670
[DOCKER] Container exit code: 0
[DOCKER][STDOUT] BEGIN

wtmp begins Mon Jan 26 07:52:14 2026
[DOCKER][STDOUT] END
[DOCKER] Raw stdout saved: ../ELF_samples/benign_report/x86_64_add/raw/2c792011ab265d97afcca64e031aea303e4cfb1674dcca4a61c5c2ba4fd85bb9.elf_2026-01-29_21-30-52_7aedca47_container_stdout.txt
[EventRouter] ARM detected at event 88 for cgroup 21756
[EventRouter] Discarded 87 pre-ARM events for cgroup 21756
[DOCKER] Container exit code: 0
[DOCKER][STDOUT] BEGIN
Utmp dump of /dev/stdin
[DOCKER][STDOUT] END
[DOCKER] Raw stdout saved: ../ELF_samples/benign_report/x86_64_add/raw/0a752942a01f03c784c34b354350085869b1e9602e974e3459ed322cbcc7bce4.elf_2026-01-29_21-30-52_1bb19036_container_stdout.txt
[POOL] Collected 8 events for analysis (read from log file)
[POOL] Running analyzers on 8 events for a762a5c7d4217613c2c985f32b6f75869e5a5322a8a21255eaf4fbf927704da1.elf
[POOL] Analysis completed: 0 findings in 0.00s (7201 events/s)
[AI-Integration] Submitted task: 4c92a11f
[AI] 4c92a11f queued for DeepSeek analysis
[POOL] Collected 11 events for analysis (read from log file)
[POOL] Running analyzers on 11 events for 3765345f2bd8fed20e04696fad0d2cea193c21d4a8e45d94d8b06aed7c589e0e.elf
[POOL] Analysis completed: 0 findings in 0.00s (10449 events/s)
[AI-Integration] Submitted task: 08c81c62
[AI] 08c81c62 queued for DeepSeek analysis
[CgroupManager] Removed cgroup 21326 via bpftool
[POOL] Cleanup scheduled for 6042e1b43140
[DockerWorker-0] ✓ Completed: a762a5c7d4217613c2c985f32b6f75869e5a5322a8a21255eaf4fbf927704da1.elf (8 events) (1.03s)
[DockerWorker-0] Starting: 13bf57d99aa4fa86754a5d453d750fdc9ad9b37346a7fd85ef72e200c66fdf83.elf (62_64bit)
[ANALYSISLOG] 13bf57d99aa4fa86754a5d453d750fdc9ad9b37346a7fd85ef72e200c66fdf83.elf -> ../ELF_samples/benign_report/x86_64_add/raw/13bf57d99aa4fa86754a5d453d750fdc9ad9b37346a7fd85ef72e200c66fdf83.elf_2026-01-29_21-30-53_b5ce6d56.jsonl
[DOCKER] Selected image for libc=glibc: amd64/ubuntu:24.04
[POOL] Collected 11 events for analysis (read from log file)
[POOL] Running analyzers on 11 events for c26324c848ebc9f5186a439db4b7d44d8fcc9be1de243353425dbeb4d46e2187.elf
[POOL] Analysis completed: 0 findings in 0.00s (10197 events/s)
[AI-Integration] Submitted task: 9255adfb
[AI] 9255adfb queued for DeepSeek analysis
[POOL] Collected 11 events for analysis (read from log file)
[POOL] Running analyzers on 11 events for ff38a2c0e8a53df1e60b5edb9f558992d5bc119add932f7f2b04045587929f04.elf
[POOL] Analysis completed: 0 findings in 0.00s (10489 events/s)
[AI-Integration] Submitted task: 7f831710
[AI] 7f831710 queued for DeepSeek analysis
[CgroupManager] Removed cgroup 21584 via bpftool
[POOL] Cleanup scheduled for 1c538a001ed3
[DockerWorker-2] ✓ Completed: 3765345f2bd8fed20e04696fad0d2cea193c21d4a8e45d94d8b06aed7c589e0e.elf (11 events) (1.04s)
[DockerWorker-2] Starting: a00973e51293bb9163b8711fae5167ef47ea2e3d514fdffbb560d9148d94de24.elf (62_64bit)
[ANALYSISLOG] a00973e51293bb9163b8711fae5167ef47ea2e3d514fdffbb560d9148d94de24.elf -> ../ELF_samples/benign_report/x86_64_add/raw/a00973e51293bb9163b8711fae5167ef47ea2e3d514fdffbb560d9148d94de24.elf_2026-01-29_21-30-53_eb50a2a4.jsonl
[DOCKER] Selected image for libc=glibc: amd64/ubuntu:24.04
[POOL] Collected 8 events for analysis (read from log file)
[POOL] Running analyzers on 8 events for 2c792011ab265d97afcca64e031aea303e4cfb1674dcca4a61c5c2ba4fd85bb9.elf
[POOL] Analysis completed: 0 findings in 0.00s (7437 events/s)
[AI-Integration] Submitted task: 7aedca47
[AI] 7aedca47 queued for DeepSeek analysis
[POOL] Collected 8 events for analysis (read from log file)
[POOL] Running analyzers on 8 events for 0a752942a01f03c784c34b354350085869b1e9602e974e3459ed322cbcc7bce4.elf
[POOL] Analysis completed: 0 findings in 0.00s (7452 events/s)
[AI-Integration] Submitted task: 1bb19036
[AI] 1bb19036 queued for DeepSeek analysis
[CgroupManager] Removed cgroup 21670 via bpftool
[CgroupManager] Removed cgroup 21756 via bpftool
[POOL] Cleanup scheduled for cf6d809104a4
[DockerWorker-5] ✓ Completed: 0a752942a01f03c784c34b354350085869b1e9602e974e3459ed322cbcc7bce4.elf (8 events) (1.08s)
[DockerWorker-5] Starting: c0732c29feecd782195ff3707548eab55a3ca19b4caa5dbba1b65a17bfac5bc7.elf (62_64bit)
[POOL] Cleanup scheduled for 1ed3e79d9d80
[DockerWorker-3] ✓ Completed: 2c792011ab265d97afcca64e031aea303e4cfb1674dcca4a61c5c2ba4fd85bb9.elf (8 events) (1.08s)
[DockerWorker-3] Starting: a71f24f0af78230f68332059cfaf18277b33ca49e723b0f0964af085e6f7ee73.elf (62_64bit)
[CgroupManager] Removed cgroup 21412 via bpftool
[ANALYSISLOG] a71f24f0af78230f68332059cfaf18277b33ca49e723b0f0964af085e6f7ee73.elf -> ../ELF_samples/benign_report/x86_64_add/raw/a71f24f0af78230f68332059cfaf18277b33ca49e723b0f0964af085e6f7ee73.elf_2026-01-29_21-30-53_3b76dfe2.jsonl
[DOCKER] Selected image for libc=glibc: amd64/ubuntu:24.04
[POOL] Cleanup scheduled for 3cedae3e11ee
[DockerWorker-1] ✓ Completed: ff38a2c0e8a53df1e60b5edb9f558992d5bc119add932f7f2b04045587929f04.elf (11 events) (1.08s)
[DockerWorker-1] Starting: 9ee00b4f40ba906228e3e447144e39bb22fd298a2c154a52419b63a3d43a359f.elf (62_64bit)
[ANALYSISLOG] c0732c29feecd782195ff3707548eab55a3ca19b4caa5dbba1b65a17bfac5bc7.elf -> ../ELF_samples/benign_report/x86_64_add/raw/c0732c29feecd782195ff3707548eab55a3ca19b4caa5dbba1b65a17bfac5bc7.elf_2026-01-29_21-30-53_59256a17.jsonl
[DOCKER] Selected image for libc=glibc: amd64/ubuntu:24.04
[ANALYSISLOG] 9ee00b4f40ba906228e3e447144e39bb22fd298a2c154a52419b63a3d43a359f.elf -> ../ELF_samples/benign_report/x86_64_add/raw/9ee00b4f40ba906228e3e447144e39bb22fd298a2c154a52419b63a3d43a359f.elf_2026-01-29_21-30-53_669a808b.jsonl
[DOCKER] Selected image for libc=glibc: amd64/ubuntu:24.04
[CgroupManager] Removed cgroup 21498 via bpftool
[POOL] Cleanup scheduled for a44232b6c962
[DockerWorker-4] ✓ Completed: c26324c848ebc9f5186a439db4b7d44d8fcc9be1de243353425dbeb4d46e2187.elf (11 events) (1.08s)
[DockerWorker-4] Starting: 58ee543a8fce1be2d0d902eb74e29181bfc0764d6d59a8a9fbea1b6a79b6338f.elf (62_64bit)
[ANALYSISLOG] 58ee543a8fce1be2d0d902eb74e29181bfc0764d6d59a8a9fbea1b6a79b6338f.elf -> ../ELF_samples/benign_report/x86_64_add/raw/58ee543a8fce1be2d0d902eb74e29181bfc0764d6d59a8a9fbea1b6a79b6338f.elf_2026-01-29_21-30-53_4f226a95.jsonl
[DOCKER] Selected image for libc=glibc: amd64/ubuntu:24.04
[CgroupManager] Added cgroup 21928 via bpftool
[CgroupManager] Added cgroup 21842 via bpftool
[CgroupManager] Added cgroup 22014 via bpftool
[EventRouter] DEBUG: EXEC #33 filename='/bin/true', triggers=['a00973e51293bb9163b8711fae5167ef47ea2e3d514fdffbb560d9148d94de24.elf', '/tmp/a00973e51293bb9163b8711fae5167ef47ea2e3d514fdffbb560d9148d94de24.elf']
[CgroupManager] Added cgroup 22272 via bpftool
[EventRouter] DEBUG: EXEC #33 filename='/bin/true', triggers=['13bf57d99aa4fa86754a5d453d750fdc9ad9b37346a7fd85ef72e200c66fdf83.elf', '/tmp/13bf57d99aa4fa86754a5d453d750fdc9ad9b37346a7fd85ef72e200c66fdf83.elf']
[CgroupManager] Added cgroup 22186 via bpftool
[CgroupManager] Added cgroup 22100 via bpftool
[EventRouter] DEBUG: EXEC #50 filename='/bin/true', triggers=['9ee00b4f40ba906228e3e447144e39bb22fd298a2c154a52419b63a3d43a359f.elf', '/tmp/9ee00b4f40ba906228e3e447144e39bb22fd298a2c154a52419b63a3d43a359f.elf']
[EventRouter] DEBUG: EXEC #33 filename='/bin/true', triggers=['c0732c29feecd782195ff3707548eab55a3ca19b4caa5dbba1b65a17bfac5bc7.elf', '/tmp/c0732c29feecd782195ff3707548eab55a3ca19b4caa5dbba1b65a17bfac5bc7.elf']
[EventRouter] DEBUG: EXEC #49 filename='/bin/true', triggers=['a71f24f0af78230f68332059cfaf18277b33ca49e723b0f0964af085e6f7ee73.elf', '/tmp/a71f24f0af78230f68332059cfaf18277b33ca49e723b0f0964af085e6f7ee73.elf']
[EventRouter] DEBUG: EXEC #49 filename='/bin/true', triggers=['58ee543a8fce1be2d0d902eb74e29181bfc0764d6d59a8a9fbea1b6a79b6338f.elf', '/tmp/58ee543a8fce1be2d0d902eb74e29181bfc0764d6d59a8a9fbea1b6a79b6338f.elf']
[EventRouter] ARM detected at event 88 for cgroup 21842
[EventRouter] Discarded 87 pre-ARM events for cgroup 21842
[DOCKER] Container exit code: 0
[EventRouter] ARM detected at event 121 for cgroup 22014
[EventRouter] Discarded 120 pre-ARM events for cgroup 22014
[EventRouter] ARM detected at event 88 for cgroup 21928
[EventRouter] Discarded 87 pre-ARM events for cgroup 21928
[DOCKER] Container exit code: 1
[DOCKER][STDOUT] BEGIN
9ee00b4f40ba906228e3e447144e39bb22fd298a2c154a52419b63a3d43a359f.elf: bad usage
Try '9ee00b4f40ba906228e3e447144e39bb22fd298a2c154a52419b63a3d43a359f.elf --help' for more information.
[DOCKER][STDOUT] END
[DOCKER] Raw stdout saved: ../ELF_samples/benign_report/x86_64_add/raw/9ee00b4f40ba906228e3e447144e39bb22fd298a2c154a52419b63a3d43a359f.elf_2026-01-29_21-30-53_669a808b_container_stdout.txt
[DOCKER] Container exit code: 1
[DOCKER][STDOUT] BEGIN
a00973e51293bb9163b8711fae5167ef47ea2e3d514fdffbb560d9148d94de24.elf: can't open socket /var/run/acpid.socket: No such file or directory
[DOCKER][STDOUT] END
[DOCKER] Raw stdout saved: ../ELF_samples/benign_report/x86_64_add/raw/a00973e51293bb9163b8711fae5167ef47ea2e3d514fdffbb560d9148d94de24.elf_2026-01-29_21-30-53_eb50a2a4_container_stdout.txt
[EventRouter] ARM detected at event 120 for cgroup 22272
[EventRouter] Discarded 119 pre-ARM events for cgroup 22272
[DOCKER] Container exit code: 1
[DOCKER][STDOUT] BEGIN
/tmp/c0732c29feecd782195ff3707548eab55a3ca19b4caa5dbba1b65a17bfac5bc7.elf: missing operand
Try '/tmp/c0732c29feecd782195ff3707548eab55a3ca19b4caa5dbba1b65a17bfac5bc7.elf --help' for more information.
[DOCKER][STDOUT] END
[DOCKER] Raw stdout saved: ../ELF_samples/benign_report/x86_64_add/raw/c0732c29feecd782195ff3707548eab55a3ca19b4caa5dbba1b65a17bfac5bc7.elf_2026-01-29_21-30-53_59256a17_container_stdout.txt
[EventRouter] ARM detected at event 104 for cgroup 22100
[EventRouter] Discarded 103 pre-ARM events for cgroup 22100
[EventRouter] ARM detected at event 120 for cgroup 22186
[EventRouter] Discarded 119 pre-ARM events for cgroup 22186
[DOCKER] Container exit code: 1
[DOCKER][STDOUT] BEGIN
/tmp/58ee543a8fce1be2d0d902eb74e29181bfc0764d6d59a8a9fbea1b6a79b6338f.elf: missing operand
Try '/tmp/58ee543a8fce1be2d0d902eb74e29181bfc0764d6d59a8a9fbea1b6a79b6338f.elf --help' for more information.
[DOCKER][STDOUT] END
[DOCKER] Raw stdout saved: ../ELF_samples/benign_report/x86_64_add/raw/58ee543a8fce1be2d0d902eb74e29181bfc0764d6d59a8a9fbea1b6a79b6338f.elf_2026-01-29_21-30-53_4f226a95_container_stdout.txt
[DOCKER] Container exit code: 1
[DOCKER][STDOUT] BEGIN
not a tty
[DOCKER][STDOUT] END
[DOCKER] Raw stdout saved: ../ELF_samples/benign_report/x86_64_add/raw/a71f24f0af78230f68332059cfaf18277b33ca49e723b0f0964af085e6f7ee73.elf_2026-01-29_21-30-53_3b76dfe2_container_stdout.txt
[POOL] Collected 7 events for analysis (read from log file)
[POOL] Running analyzers on 7 events for 13bf57d99aa4fa86754a5d453d750fdc9ad9b37346a7fd85ef72e200c66fdf83.elf
[POOL] Analysis completed: 0 findings in 0.00s (6563 events/s)
[AI-Integration] Submitted task: b5ce6d56
[AI] b5ce6d56 queued for DeepSeek analysis
[POOL] Collected 11 events for analysis (read from log file)
[POOL] Running analyzers on 11 events for 9ee00b4f40ba906228e3e447144e39bb22fd298a2c154a52419b63a3d43a359f.elf
[POOL] Analysis completed: 0 findings in 0.00s (10523 events/s)
[AI-Integration] Submitted task: 669a808b
[AI] 669a808b queued for DeepSeek analysis
[POOL] Collected 11 events for analysis (read from log file)
[POOL] Running analyzers on 11 events for a00973e51293bb9163b8711fae5167ef47ea2e3d514fdffbb560d9148d94de24.elf
[POOL] Analysis completed: 0 findings in 0.00s (10496 events/s)
[AI-Integration] Submitted task: eb50a2a4
[AI] eb50a2a4 queued for DeepSeek analysis
[CgroupManager] Removed cgroup 21842 via bpftool
[POOL] Cleanup scheduled for dbdd8936f143
[DockerWorker-0] ✓ Completed: 13bf57d99aa4fa86754a5d453d750fdc9ad9b37346a7fd85ef72e200c66fdf83.elf (7 events) (1.16s)
[DockerWorker-0] Starting: d299bce286ef6ad9b3cbf61c052cdb2e989fe1f291613639f5cd40a647a0b93d.elf (62_64bit)
[ANALYSISLOG] d299bce286ef6ad9b3cbf61c052cdb2e989fe1f291613639f5cd40a647a0b93d.elf -> ../ELF_samples/benign_report/x86_64_add/raw/d299bce286ef6ad9b3cbf61c052cdb2e989fe1f291613639f5cd40a647a0b93d.elf_2026-01-29_21-30-54_59507bd7.jsonl
[DOCKER] Selected image for libc=glibc: amd64/ubuntu:24.04
[POOL] Collected 11 events for analysis (read from log file)
[POOL] Running analyzers on 11 events for c0732c29feecd782195ff3707548eab55a3ca19b4caa5dbba1b65a17bfac5bc7.elf
[POOL] Analysis completed: 0 findings in 0.00s (10581 events/s)
[AI-Integration] Submitted task: 59256a17
[AI] 59256a17 queued for DeepSeek analysis
[CgroupManager] Removed cgroup 22014 via bpftool
[POOL] Cleanup scheduled for 3e59dec74622
[DockerWorker-1] ✓ Completed: 9ee00b4f40ba906228e3e447144e39bb22fd298a2c154a52419b63a3d43a359f.elf (11 events) (1.11s)
[DockerWorker-1] Starting: 5124254704ac5494ea190a67ee352efd32679294f9cf0219b20ec07c4350b6c8.elf (62_64bit)
[ANALYSISLOG] 5124254704ac5494ea190a67ee352efd32679294f9cf0219b20ec07c4350b6c8.elf -> ../ELF_samples/benign_report/x86_64_add/raw/5124254704ac5494ea190a67ee352efd32679294f9cf0219b20ec07c4350b6c8.elf_2026-01-29_21-30-54_0d364311.jsonl
[DOCKER] Selected image for libc=glibc: amd64/ubuntu:24.04
[CgroupManager] Removed cgroup 21928 via bpftool
[POOL] Cleanup scheduled for e74c2b3f357d
[DockerWorker-2] ✓ Completed: a00973e51293bb9163b8711fae5167ef47ea2e3d514fdffbb560d9148d94de24.elf (11 events) (1.16s)
[DockerWorker-2] Starting: 6bc885a0701ce5009e4fe4d49815d2c08de0820ee9ceee662a041fa093de1ca2.elf (62_64bit)
[ANALYSISLOG] 6bc885a0701ce5009e4fe4d49815d2c08de0820ee9ceee662a041fa093de1ca2.elf -> ../ELF_samples/benign_report/x86_64_add/raw/6bc885a0701ce5009e4fe4d49815d2c08de0820ee9ceee662a041fa093de1ca2.elf_2026-01-29_21-30-54_0e83dc1a.jsonl
[DOCKER] Selected image for libc=glibc: amd64/ubuntu:24.04
[POOL] Collected 11 events for analysis (read from log file)
[POOL] Running analyzers on 11 events for 58ee543a8fce1be2d0d902eb74e29181bfc0764d6d59a8a9fbea1b6a79b6338f.elf
[POOL] Analysis completed: 0 findings in 0.00s (10447 events/s)
[AI-Integration] Submitted task: 4f226a95
[AI] 4f226a95 queued for DeepSeek analysis
[CgroupManager] Removed cgroup 22272 via bpftool
[POOL] Cleanup scheduled for a01466840050
[DockerWorker-5] ✓ Completed: c0732c29feecd782195ff3707548eab55a3ca19b4caa5dbba1b65a17bfac5bc7.elf (11 events) (1.12s)
[DockerWorker-5] Starting: 02fc07f012327a674bf4dd2de0777a842592e9567e0ae0e4a85f25098ccc0c7e.elf (62_64bit)
[POOL] Collected 8 events for analysis (read from log file)
[POOL] Running analyzers on 8 events for a71f24f0af78230f68332059cfaf18277b33ca49e723b0f0964af085e6f7ee73.elf
[POOL] Analysis completed: 0 findings in 0.00s (7727 events/s)
[ANALYSISLOG] 02fc07f012327a674bf4dd2de0777a842592e9567e0ae0e4a85f25098ccc0c7e.elf -> ../ELF_samples/benign_report/x86_64_add/raw/02fc07f012327a674bf4dd2de0777a842592e9567e0ae0e4a85f25098ccc0c7e.elf_2026-01-29_21-30-54_ea07f97c.jsonl
[DOCKER] Selected image for libc=glibc: amd64/ubuntu:24.04
[AI-Integration] Submitted task: 3b76dfe2
[AI] 3b76dfe2 queued for DeepSeek analysis
[CgroupManager] Removed cgroup 22186 via bpftool
[POOL] Cleanup scheduled for 1f3ba69b2ee4
[DockerWorker-3] ✓ Completed: a71f24f0af78230f68332059cfaf18277b33ca49e723b0f0964af085e6f7ee73.elf (8 events) (1.16s)
[DockerWorker-3] Starting: 70c4410e716899848aa21e0833980dc3d3f019704b8b2475c23f5a8ac5e5ddc6.elf (62_64bit)
[ANALYSISLOG] 70c4410e716899848aa21e0833980dc3d3f019704b8b2475c23f5a8ac5e5ddc6.elf -> ../ELF_samples/benign_report/x86_64_add/raw/70c4410e716899848aa21e0833980dc3d3f019704b8b2475c23f5a8ac5e5ddc6.elf_2026-01-29_21-30-54_75f4852f.jsonl
[DOCKER] Selected image for libc=glibc: amd64/ubuntu:24.04
[CgroupManager] Removed cgroup 22100 via bpftool
[POOL] Cleanup scheduled for 8f6da4b7dc38
[DockerWorker-4] ✓ Completed: 58ee543a8fce1be2d0d902eb74e29181bfc0764d6d59a8a9fbea1b6a79b6338f.elf (11 events) (1.15s)
[DockerWorker-4] Starting: 7f7f7836d2e899adf66230d341bdad04a7324c7eaef9f0fa332ff4eda89996b3.elf (62_64bit)
[ANALYSISLOG] 7f7f7836d2e899adf66230d341bdad04a7324c7eaef9f0fa332ff4eda89996b3.elf -> ../ELF_samples/benign_report/x86_64_add/raw/7f7f7836d2e899adf66230d341bdad04a7324c7eaef9f0fa332ff4eda89996b3.elf_2026-01-29_21-30-54_cee04afc.jsonl
[DOCKER] Selected image for libc=glibc: amd64/ubuntu:24.04
[CgroupManager] Added cgroup 22616 via bpftool
[CgroupManager] Added cgroup 22530 via bpftool
[CgroupManager] Added cgroup 22788 via bpftool
[CgroupManager] Added cgroup 22358 via bpftool
[CgroupManager] Added cgroup 22444 via bpftool
[EventRouter] DEBUG: EXEC #34 filename='/bin/true', triggers=['5124254704ac5494ea190a67ee352efd32679294f9cf0219b20ec07c4350b6c8.elf', '/tmp/5124254704ac5494ea190a67ee352efd32679294f9cf0219b20ec07c4350b6c8.elf']
[EventRouter] DEBUG: EXEC #34 filename='/bin/true', triggers=['d299bce286ef6ad9b3cbf61c052cdb2e989fe1f291613639f5cd40a647a0b93d.elf', '/tmp/d299bce286ef6ad9b3cbf61c052cdb2e989fe1f291613639f5cd40a647a0b93d.elf']
[EventRouter] DEBUG: EXEC #49 filename='/bin/true', triggers=['7f7f7836d2e899adf66230d341bdad04a7324c7eaef9f0fa332ff4eda89996b3.elf', '/tmp/7f7f7836d2e899adf66230d341bdad04a7324c7eaef9f0fa332ff4eda89996b3.elf']
[CgroupManager] Added cgroup 22702 via bpftool
[EventRouter] DEBUG: EXEC #33 filename='/bin/true', triggers=['6bc885a0701ce5009e4fe4d49815d2c08de0820ee9ceee662a041fa093de1ca2.elf', '/tmp/6bc885a0701ce5009e4fe4d49815d2c08de0820ee9ceee662a041fa093de1ca2.elf']
[EventRouter] DEBUG: EXEC #33 filename='/bin/true', triggers=['02fc07f012327a674bf4dd2de0777a842592e9567e0ae0e4a85f25098ccc0c7e.elf', '/tmp/02fc07f012327a674bf4dd2de0777a842592e9567e0ae0e4a85f25098ccc0c7e.elf']
[EventRouter] DEBUG: EXEC #49 filename='/bin/true', triggers=['70c4410e716899848aa21e0833980dc3d3f019704b8b2475c23f5a8ac5e5ddc6.elf', '/tmp/70c4410e716899848aa21e0833980dc3d3f019704b8b2475c23f5a8ac5e5ddc6.elf']
[EventRouter] ARM detected at event 89 for cgroup 22616
[EventRouter] Discarded 88 pre-ARM events for cgroup 22616
[EventRouter] ARM detected at event 90 for cgroup 22530
[EventRouter] Discarded 89 pre-ARM events for cgroup 22530
[DOCKER] Container exit code: 0
[DOCKER][STDOUT] BEGIN
  UID USER     PROC PWD-LOCK PWD-DENY LAST-LOGIN GECOS
    0 root        4        0        1            root
    1 daemon      0        0        1            daemon
    2 bin         0        0        1            bin
    3 sys         0        0        1            sys
    4 sync        0        0        1            sync
    5 games       0        0        1            games
    6 man         0        0        1            man
    7 lp          0        0        1            lp
    8 mail        0        0        1            mail
    9 news        0        0        1            news
   10 uucp        0        0        1            uucp
   13 proxy       0        0        1            proxy
   33 www-data    0        0        1            www-data
   34 backup      0        0        1            backup
   38 list        0        0        1            Mailing List Manager
   39 irc         0        0        1            ircd
   42 _apt        0        0        1            
 1000 ubuntu      0        0        1            Ubuntu
65534 nobody      0        0        1            nobody
[DOCKER][STDOUT] END
[DOCKER] Container exit code: 0
[DOCKER][STDOUT] BEGIN
/tmp/tmp.ms70krSb12
[DOCKER][STDOUT] END
[DOCKER] Raw stdout saved: ../ELF_samples/benign_report/x86_64_add/raw/5124254704ac5494ea190a67ee352efd32679294f9cf0219b20ec07c4350b6c8.elf_2026-01-29_21-30-54_0d364311_container_stdout.txt
[EventRouter] ARM detected at event 104 for cgroup 22358
[EventRouter] Discarded 103 pre-ARM events for cgroup 22358
[DOCKER] Raw stdout saved: ../ELF_samples/benign_report/x86_64_add/raw/d299bce286ef6ad9b3cbf61c052cdb2e989fe1f291613639f5cd40a647a0b93d.elf_2026-01-29_21-30-54_59507bd7_container_stdout.txt
[DOCKER] Container exit code: 1
[DOCKER][STDOUT] BEGIN
02fc07f012327a674bf4dd2de0777a842592e9567e0ae0e4a85f25098ccc0c7e.elf: bad usage
Try '02fc07f012327a674bf4dd2de0777a842592e9567e0ae0e4a85f25098ccc0c7e.elf --help' for more information.
[DOCKER][STDOUT] END
[DOCKER] Raw stdout saved: ../ELF_samples/benign_report/x86_64_add/raw/02fc07f012327a674bf4dd2de0777a842592e9567e0ae0e4a85f25098ccc0c7e.elf_2026-01-29_21-30-54_ea07f97c_container_stdout.txt
[EventRouter] ARM detected at event 120 for cgroup 22788
[EventRouter] Discarded 119 pre-ARM events for cgroup 22788
[DOCKER] Container exit code: 0
[DOCKER][STDOUT] BEGIN
cf83e1357eefb8bdf1542850d66d8007d620e4050b5715dc83f4a921d36ce9ce47d0d13c5d85f2b0ff8318d2877eec2f63b931bd47417a81a538327af927da3e  -
[DOCKER][STDOUT] END
[DOCKER] Raw stdout saved: ../ELF_samples/benign_report/x86_64_add/raw/7f7f7836d2e899adf66230d341bdad04a7324c7eaef9f0fa332ff4eda89996b3.elf_2026-01-29_21-30-54_cee04afc_container_stdout.txt
[EventRouter] ARM detected at event 104 for cgroup 22444
[EventRouter] Discarded 103 pre-ARM events for cgroup 22444
[DOCKER] Container exit code: 127
[DOCKER][STDOUT] BEGIN
/tmp/6bc885a0701ce5009e4fe4d49815d2c08de0820ee9ceee662a041fa093de1ca2.elf: error while loading shared libraries: libfdisk.so.1: cannot open shared object file: No such file or directory
[DOCKER][STDOUT] END
[DOCKER] Raw stdout saved: ../ELF_samples/benign_report/x86_64_add/raw/6bc885a0701ce5009e4fe4d49815d2c08de0820ee9ceee662a041fa093de1ca2.elf_2026-01-29_21-30-54_0e83dc1a_container_stdout.txt
[EventRouter] ARM detected at event 104 for cgroup 22702
[EventRouter] Discarded 103 pre-ARM events for cgroup 22702
[DOCKER] Container exit code: 0
[DOCKER][STDOUT] BEGIN
d41d8cd98f00b204e9800998ecf8427e  -
[DOCKER][STDOUT] END
[DOCKER] Raw stdout saved: ../ELF_samples/benign_report/x86_64_add/raw/70c4410e716899848aa21e0833980dc3d3f019704b8b2475c23f5a8ac5e5ddc6.elf_2026-01-29_21-30-54_75f4852f_container_stdout.txt
[POOL] Collected 69 events for analysis (read from log file)
[POOL] Running analyzers on 69 events for 5124254704ac5494ea190a67ee352efd32679294f9cf0219b20ec07c4350b6c8.elf
[POOL] Analysis completed: 0 findings in 0.00s (58580 events/s)
[AI-Integration] Submitted task: 0d364311
[AI] 0d364311 queued for DeepSeek analysis
[POOL] Collected 10 events for analysis (read from log file)
[POOL] Running analyzers on 10 events for d299bce286ef6ad9b3cbf61c052cdb2e989fe1f291613639f5cd40a647a0b93d.elf
[POOL] Analysis completed: 0 findings in 0.00s (9127 events/s)
[AI-Integration] Submitted task: 59507bd7
[AI] 59507bd7 queued for DeepSeek analysis
[POOL] Collected 11 events for analysis (read from log file)
[POOL] Running analyzers on 11 events for 02fc07f012327a674bf4dd2de0777a842592e9567e0ae0e4a85f25098ccc0c7e.elf
[POOL] Analysis completed: 0 findings in 0.00s (10581 events/s)
[AI-Integration] Submitted task: ea07f97c
[AI] ea07f97c queued for DeepSeek analysis
[POOL] Collected 8 events for analysis (read from log file)
[POOL] Running analyzers on 8 events for 7f7f7836d2e899adf66230d341bdad04a7324c7eaef9f0fa332ff4eda89996b3.elf
[POOL] Analysis completed: 0 findings in 0.00s (7669 events/s)
[AI-Integration] Submitted task: cee04afc
[AI] cee04afc queued for DeepSeek analysis
[POOL] Collected 8 events for analysis (read from log file)
[POOL] Running analyzers on 8 events for 6bc885a0701ce5009e4fe4d49815d2c08de0820ee9ceee662a041fa093de1ca2.elf
[POOL] Analysis completed: 0 findings in 0.00s (7616 events/s)
[AI-Integration] Submitted task: 0e83dc1a
[AI] 0e83dc1a queued for DeepSeek analysis
[CgroupManager] Removed cgroup 22530 via bpftool
[POOL] Cleanup scheduled for 4a30b4e133dc
[DockerWorker-0] ✓ Completed: d299bce286ef6ad9b3cbf61c052cdb2e989fe1f291613639f5cd40a647a0b93d.elf (10 events) (1.21s)
[DockerWorker-0] Starting: aa26c8d45aed35fe147d88b70d2d7ae230b08237ee4d53e4245eef0d9118622e.elf (62_64bit)
[ANALYSISLOG] aa26c8d45aed35fe147d88b70d2d7ae230b08237ee4d53e4245eef0d9118622e.elf -> ../ELF_samples/benign_report/x86_64_add/raw/aa26c8d45aed35fe147d88b70d2d7ae230b08237ee4d53e4245eef0d9118622e.elf_2026-01-29_21-30-55_818ed1de.jsonl
[DOCKER] Selected image for libc=glibc: amd64/ubuntu:24.04
[CgroupManager] Removed cgroup 22358 via bpftool
[POOL] Cleanup scheduled for 2c7a0bfdd3f1
[DockerWorker-5] ✓ Completed: 02fc07f012327a674bf4dd2de0777a842592e9567e0ae0e4a85f25098ccc0c7e.elf (11 events) (1.20s)
[DockerWorker-5] Starting: eff9fdba47450bfcc472a83b6243305667345317840ba6b88ee209e626ca54fd.elf (62_64bit)
[ANALYSISLOG] eff9fdba47450bfcc472a83b6243305667345317840ba6b88ee209e626ca54fd.elf -> ../ELF_samples/benign_report/x86_64_add/raw/eff9fdba47450bfcc472a83b6243305667345317840ba6b88ee209e626ca54fd.elf_2026-01-29_21-30-55_93db144e.jsonl
[DOCKER] Selected image for libc=glibc: amd64/ubuntu:24.04
[CgroupManager] Removed cgroup 22616 via bpftool
[POOL] Cleanup scheduled for f50d2d2bb797
[DockerWorker-1] ✓ Completed: 5124254704ac5494ea190a67ee352efd32679294f9cf0219b20ec07c4350b6c8.elf (69 events) (1.20s)
[DockerWorker-1] Starting: d550b8dd829315e579183ec184fb6bc3475c9839c4be868d49d1293abef111a3.elf (62_64bit)
[ANALYSISLOG] d550b8dd829315e579183ec184fb6bc3475c9839c4be868d49d1293abef111a3.elf -> ../ELF_samples/benign_report/x86_64_add/raw/d550b8dd829315e579183ec184fb6bc3475c9839c4be868d49d1293abef111a3.elf_2026-01-29_21-30-55_a8f17b68.jsonl
[DOCKER] Selected image for libc=glibc: amd64/ubuntu:24.04
[CgroupManager] Removed cgroup 22788 via bpftool
[POOL] Cleanup scheduled for afaf813f6d7a
[DockerWorker-4] ✓ Completed: 7f7f7836d2e899adf66230d341bdad04a7324c7eaef9f0fa332ff4eda89996b3.elf (8 events) (1.16s)
[DockerWorker-4] Starting: 86751cfc4a38731aba0fde6009b4e973068a3cb24957a8309d9a0a47ea532ba3.elf (62_64bit)
[ANALYSISLOG] 86751cfc4a38731aba0fde6009b4e973068a3cb24957a8309d9a0a47ea532ba3.elf -> ../ELF_samples/benign_report/x86_64_add/raw/86751cfc4a38731aba0fde6009b4e973068a3cb24957a8309d9a0a47ea532ba3.elf_2026-01-29_21-30-55_989e73bd.jsonl
[DOCKER] Selected image for libc=glibc: amd64/ubuntu:24.04
[CgroupManager] Removed cgroup 22444 via bpftool
[POOL] Cleanup scheduled for fdf53b37ab73
[DockerWorker-2] ✓ Completed: 6bc885a0701ce5009e4fe4d49815d2c08de0820ee9ceee662a041fa093de1ca2.elf (8 events) (1.21s)
[DockerWorker-2] Starting: f2bda78722b7583309895445db3592edfbe40d1b7e104cb4eb05d05b8d857ee8.elf (62_64bit)
[ANALYSISLOG] f2bda78722b7583309895445db3592edfbe40d1b7e104cb4eb05d05b8d857ee8.elf -> ../ELF_samples/benign_report/x86_64_add/raw/f2bda78722b7583309895445db3592edfbe40d1b7e104cb4eb05d05b8d857ee8.elf_2026-01-29_21-30-55_f7304417.jsonl
[DOCKER] Selected image for libc=glibc: amd64/ubuntu:24.04
[POOL] Collected 8 events for analysis (read from log file)
[POOL] Running analyzers on 8 events for 70c4410e716899848aa21e0833980dc3d3f019704b8b2475c23f5a8ac5e5ddc6.elf
[POOL] Analysis completed: 0 findings in 0.00s (7467 events/s)
[AI-Integration] Submitted task: 75f4852f
[AI] 75f4852f queued for DeepSeek analysis
[CgroupManager] Removed cgroup 22702 via bpftool
[POOL] Cleanup scheduled for bde8295529a5
[DockerWorker-3] ✓ Completed: 70c4410e716899848aa21e0833980dc3d3f019704b8b2475c23f5a8ac5e5ddc6.elf (8 events) (1.21s)
[DockerWorker-3] Starting: e6dae321a54b77f3a727df5e282d269d7df3c807ead967e7a10761f79326fd81.elf (62_64bit)
[ANALYSISLOG] e6dae321a54b77f3a727df5e282d269d7df3c807ead967e7a10761f79326fd81.elf -> ../ELF_samples/benign_report/x86_64_add/raw/e6dae321a54b77f3a727df5e282d269d7df3c807ead967e7a10761f79326fd81.elf_2026-01-29_21-30-56_5ce52eed.jsonl
[DOCKER] Selected image for libc=glibc: amd64/ubuntu:24.04
[CgroupManager] Added cgroup 23218 via bpftool
[CgroupManager] Added cgroup 23046 via bpftool
[CgroupManager] Added cgroup 22874 via bpftool
[EventRouter] DEBUG: EXEC #34 filename='/bin/true', triggers=['aa26c8d45aed35fe147d88b70d2d7ae230b08237ee4d53e4245eef0d9118622e.elf', '/tmp/aa26c8d45aed35fe147d88b70d2d7ae230b08237ee4d53e4245eef0d9118622e.elf']
[CgroupManager] Added cgroup 22960 via bpftool
[CgroupManager] Added cgroup 23304 via bpftool
[EventRouter] DEBUG: EXEC #33 filename='/bin/true', triggers=['86751cfc4a38731aba0fde6009b4e973068a3cb24957a8309d9a0a47ea532ba3.elf', '/tmp/86751cfc4a38731aba0fde6009b4e973068a3cb24957a8309d9a0a47ea532ba3.elf']
[CgroupManager] Added cgroup 23132 via bpftool
[EventRouter] DEBUG: EXEC #34 filename='/bin/true', triggers=['eff9fdba47450bfcc472a83b6243305667345317840ba6b88ee209e626ca54fd.elf', '/tmp/eff9fdba47450bfcc472a83b6243305667345317840ba6b88ee209e626ca54fd.elf']
[EventRouter] DEBUG: EXEC #48 filename='/bin/true', triggers=['d550b8dd829315e579183ec184fb6bc3475c9839c4be868d49d1293abef111a3.elf', '/tmp/d550b8dd829315e579183ec184fb6bc3475c9839c4be868d49d1293abef111a3.elf']
[EventRouter] DEBUG: EXEC #49 filename='/bin/true', triggers=['e6dae321a54b77f3a727df5e282d269d7df3c807ead967e7a10761f79326fd81.elf', '/tmp/e6dae321a54b77f3a727df5e282d269d7df3c807ead967e7a10761f79326fd81.elf']
[EventRouter] DEBUG: EXEC #49 filename='/bin/true', triggers=['f2bda78722b7583309895445db3592edfbe40d1b7e104cb4eb05d05b8d857ee8.elf', '/tmp/f2bda78722b7583309895445db3592edfbe40d1b7e104cb4eb05d05b8d857ee8.elf']
[EventRouter] ARM detected at event 119 for cgroup 22960
[EventRouter] Discarded 118 pre-ARM events for cgroup 22960
[EventRouter] ARM detected at event 88 for cgroup 22874
[EventRouter] Discarded 87 pre-ARM events for cgroup 22874
[EventRouter] ARM detected at event 89 for cgroup 23218
[EventRouter] Discarded 88 pre-ARM events for cgroup 23218
[EventRouter] ARM detected at event 105 for cgroup 23046
[EventRouter] Discarded 104 pre-ARM events for cgroup 23046
[DOCKER] Container exit code: 1
[DOCKER][STDOUT] BEGIN
86751cfc4a38731aba0fde6009b4e973068a3cb24957a8309d9a0a47ea532ba3.elf: bad usage
Try '86751cfc4a38731aba0fde6009b4e973068a3cb24957a8309d9a0a47ea532ba3.elf --help' for more information.
[DOCKER][STDOUT] END
[DOCKER] Container exit code: 0
[DOCKER][STDOUT] BEGIN

------ Message Queues --------
key        msqid      owner      perms      used-bytes   messages    

------ Shared Memory Segments --------
key        shmid      owner      perms      bytes      nattch     status      

------ Semaphore Arrays --------
key        semid      owner      perms      nsems
[DOCKER][STDOUT] END
[DOCKER] Raw stdout saved: ../ELF_samples/benign_report/x86_64_add/raw/86751cfc4a38731aba0fde6009b4e973068a3cb24957a8309d9a0a47ea532ba3.elf_2026-01-29_21-30-55_989e73bd_container_stdout.txt
[DOCKER] Container exit code: 0
[DOCKER][STDOUT] BEGIN
TARGET                                            SOURCE                                                                                                                  FSTYPE  OPTIONS
/                                                 overlay                                                                                                                 overlay rw,relatime,lowerdir=/var/lib/docker/overlay2/l/MLG76QOM2FB6P67TW5SDMSR3LD:/var/lib/docker/overlay2/l/YEM2OGZ2EBCLOMSIJUFVW633ZZ,upperdir=/var/lib/docker/overlay2/ebb94deacbf1be4e5dcc345e681663aac0c8750412d35f9c0aca9f44979d6d6d/diff,workdir=/var/lib/docker/overlay2/ebb94deacbf1be4e5dcc345e681663aac0c8750412d35f9c0aca9f44979d6d6d/work,nouserxattr
|-/proc                                           proc                                                                                                                    proc    rw,nosuid,nodev,noexec,relatime
| |-/proc/bus                                     proc[/bus]                                                                                                              proc    ro,nosuid,nodev,noexec,relatime
| |-/proc/fs                                      proc[/fs]                                                                                                               proc    ro,nosuid,nodev,noexec,relatime
| |-/proc/irq                                     proc[/irq]                                                                                                              proc    ro,nosuid,nodev,noexec,relatime
| |-/proc/sys                                     proc[/sys]                                                                                                              proc    ro,nosuid,nodev,noexec,relatime
| |-/proc/sysrq-trigger                           proc[/sysrq-trigger]                                                                                                    proc    ro,nosuid,nodev,noexec,relatime
| |-/proc/asound                                  tmpfs                                                                                                                   tmpfs   ro,relatime,inode64
| |-/proc/acpi                                    tmpfs                                                                                                                   tmpfs   ro,relatime,inode64
| |-/proc/interrupts                              tmpfs[/null]                                                                                                            tmpfs   rw,nosuid,size=65536k,mode=755,inode64
| |-/proc/kcore                                   tmpfs[/null]                                                                                                            tmpfs   rw,nosuid,size=65536k,mode=755,inode64
| |-/proc/keys                                    tmpfs[/null]                                                                                                            tmpfs   rw,nosuid,size=65536k,mode=755,inode64
| |-/proc/latency_stats                           tmpfs[/null]                                                                                                            tmpfs   rw,nosuid,size=65536k,mode=755,inode64
| |-/proc/timer_list                              tmpfs[/null]                                                                                                            tmpfs   rw,nosuid,size=65536k,mode=755,inode64
| `-/proc/scsi                                    tmpfs                                                                                                                   tmpfs   ro,relatime,inode64
|-/dev                                            tmpfs                                                                                                                   tmpfs   rw,nosuid,size=65536k,mode=755,inode64
| |-/dev/pts                                      devpts                                                                                                                  devpts  rw,nosuid,noexec,relatime,gid=5,mode=620,ptmxmode=666
| |-/dev/mqueue                                   mqueue                                                                                                                  mqueue  rw,nosuid,nodev,noexec,relatime
| `-/dev/shm                                      shm                                                                                                                     tmpfs   rw,nosuid,nodev,noexec,relatime,size=65536k,inode64
|-/sys                                            sysfs                                                                                                                   sysfs   ro,nosuid,nodev,noexec,relatime
| |-/sys/firmware                                 tmpfs                                                                                                                   tmpfs   ro,relatime,inode64
| |-/sys/devices/virtual/powercap                 tmpfs                                                                                                                   tmpfs   ro,relatime,inode64
| |-/sys/devices/system/cpu/cpu0/thermal_throttle tmpfs                                                                                                                   tmpfs   ro,relatime,inode64
| |-/sys/devices/system/cpu/cpu1/thermal_throttle tmpfs                                                                                                                   tmpfs   ro,relatime,inode64
| |-/sys/devices/system/cpu/cpu2/thermal_throttle tmpfs                                                                                                                   tmpfs   ro,relatime,inode64
| |-/sys/devices/system/cpu/cpu3/thermal_throttle tmpfs                                                                                                                   tmpfs   ro,relatime,inode64
| |-/sys/devices/system/cpu/cpu4/thermal_throttle tmpfs                                                                                                                   tmpfs   ro,relatime,inode64
| |-/sys/devices/system/cpu/cpu5/thermal_throttle tmpfs                                                                                                                   tmpfs   ro,relatime,inode64
| |-/sys/devices/system/cpu/cpu6/thermal_throttle tmpfs                                                                                                                   tmpfs   ro,relatime,inode64
| |-/sys/devices/system/cpu/cpu7/thermal_throttle tmpfs                                                                                                                   tmpfs   ro,relatime,inode64
| `-/sys/fs/cgroup                                cgroup                                                                                                                  cgroup2 ro,nosuid,nodev,noexec,relatime,nsdelegate,memory_recursiveprot
|-/usr/sbin/docker-init                           /dev/nvme0n1p9[/usr/bin/docker-init]                                                                                    ext4    ro,relatime
|-/etc/resolv.conf                                /dev/nvme0n1p9[/var/lib/docker/containers/ac380f27324c291020942635d9d2922a6c8e39405b2f5ab4d43e649fa8072f32/resolv.conf] ext4    rw,relatime
|-/etc/hostname                                   /dev/nvme0n1p9[/var/lib/docker/containers/ac380f27324c291020942635d9d2922a6c8e39405b2f5ab4d43e649fa8072f32/hostname]    ext4    rw,relatime
`-/etc/hosts                                      /dev/nvme0n1p9[/var/lib/docker/containers/ac380f27324c291020942635d9d2922a6c8e39405b2f5ab4d43e649fa8072f32/hosts]       ext4    rw,relatime
[DOCKER][STDOUT] END
[DOCKER] Container exit code: 0
[DOCKER][STDOUT] BEGIN
Architecture:        x86_64
CPU op-mode(s):      32-bit, 64-bit
Byte Order:          Little Endian
Address sizes:       42 bits physical, 48 bits virtual
CPU(s):              8
On-line CPU(s) list: 0-7
Thread(s) per core:  1
Core(s) per socket:  8
Socket(s):           1
NUMA node(s):        1
Vendor ID:           GenuineIntel
CPU family:          6
Model:               189
Model name:          Intel(R) Core(TM) Ultra 7 258V
Stepping:            1
CPU MHz:             4061.182
CPU max MHz:         4800.0000
CPU min MHz:         400.0000
BogoMIPS:            6604.80
Virtualization:      VT-x
L1d cache:           48K
L1i cache:           64K
L2 cache:            2560K
L3 cache:            12288K
NUMA node0 CPU(s):   0-7
Flags:               fpu vme de pse tsc msr pae mce cx8 apic sep mtrr pge mca cmov pat pse36 clflush dts acpi mmx fxsr sse sse2 ss ht tm pbe syscall nx pdpe1gb rdtscp lm constant_tsc art arch_perfmon pebs bts rep_good nopl xtopology nonstop_tsc cpuid aperfmperf tsc_known_freq pni pclmulqdq dtes64 monitor ds_cpl vmx smx est tm2 ssse3 sdbg fma cx16 xtpr pdcm pcid sse4_1 sse4_2 x2apic movbe popcnt tsc_deadline_timer aes xsave avx f16c rdrand lahf_lm abm 3dnowprefetch cpuid_fault epb ssbd ibrs ibpb stibp ibrs_enhanced tpr_shadow flexpriority ept vpid ept_ad fsgsbase tsc_adjust bmi1 avx2 smep bmi2 erms invpcid rdt_a rdseed adx smap clflushopt clwb intel_pt sha_ni xsaveopt xsavec xgetbv1 xsaves split_lock_detect user_shstk avx_vnni lam wbnoinvd dtherm ida arat pln pts hwp hwp_notify hwp_act_window hwp_epp hwp_pkg_req hfi vnmi umip pku ospke waitpkg gfni vaes vpclmulqdq rdpid bus_lock_detect movdiri movdir64b fsrm md_clear serialize pconfig arch_lbr ibt flush_l1d arch_capabilities
[DOCKER][STDOUT] END
[DOCKER] Raw stdout saved: ../ELF_samples/benign_report/x86_64_add/raw/aa26c8d45aed35fe147d88b70d2d7ae230b08237ee4d53e4245eef0d9118622e.elf_2026-01-29_21-30-55_818ed1de_container_stdout.txt
[DOCKER] Raw stdout saved: ../ELF_samples/benign_report/x86_64_add/raw/d550b8dd829315e579183ec184fb6bc3475c9839c4be868d49d1293abef111a3.elf_2026-01-29_21-30-55_a8f17b68_container_stdout.txt
[DOCKER] Raw stdout saved: ../ELF_samples/benign_report/x86_64_add/raw/eff9fdba47450bfcc472a83b6243305667345317840ba6b88ee209e626ca54fd.elf_2026-01-29_21-30-55_93db144e_container_stdout.txt
[EventRouter] ARM detected at event 122 for cgroup 23304
[EventRouter] Discarded 121 pre-ARM events for cgroup 23304
[DOCKER] Container exit code: 1
[DOCKER][STDOUT] BEGIN
e6dae321a54b77f3a727df5e282d269d7df3c807ead967e7a10761f79326fd81.elf: bad usage
Try 'e6dae321a54b77f3a727df5e282d269d7df3c807ead967e7a10761f79326fd81.elf --help' for more information.
[DOCKER][STDOUT] END
[DOCKER] Raw stdout saved: ../ELF_samples/benign_report/x86_64_add/raw/e6dae321a54b77f3a727df5e282d269d7df3c807ead967e7a10761f79326fd81.elf_2026-01-29_21-30-56_5ce52eed_container_stdout.txt
[EventRouter] ARM detected at event 120 for cgroup 23132
[EventRouter] Discarded 119 pre-ARM events for cgroup 23132
[DOCKER] Container exit code: 0
[POOL] Collected 11 events for analysis (read from log file)
[POOL] Running analyzers on 11 events for 86751cfc4a38731aba0fde6009b4e973068a3cb24957a8309d9a0a47ea532ba3.elf
[POOL] Analysis completed: 0 findings in 0.00s (9728 events/s)
[POOL] Collected 8 events for analysis (read from log file)
[POOL] Running analyzers on 8 events for eff9fdba47450bfcc472a83b6243305667345317840ba6b88ee209e626ca54fd.elf
[POOL] Analysis completed: 0 findings in 0.00s (7729 events/s)
[AI-Integration] Submitted task: 989e73bd
[AI] 989e73bd queued for DeepSeek analysis
[AI-Integration] Submitted task: 93db144e
[AI] 93db144e queued for DeepSeek analysis
[POOL] Collected 12 events for analysis (read from log file)
[POOL] Running analyzers on 12 events for d550b8dd829315e579183ec184fb6bc3475c9839c4be868d49d1293abef111a3.elf
[POOL] Analysis completed: 0 findings in 0.00s (11309 events/s)
[AI-Integration] Submitted task: a8f17b68
[AI] a8f17b68 queued for DeepSeek analysis
[POOL] Collected 73 events for analysis (read from log file)
[POOL] Running analyzers on 73 events for aa26c8d45aed35fe147d88b70d2d7ae230b08237ee4d53e4245eef0d9118622e.elf
[POOL] Analysis completed: 3 findings in 0.00s (52869 events/s)
[AI-Integration] Submitted task: 818ed1de
[AI] 818ed1de queued for DeepSeek analysis
[POOL] Collected 12 events for analysis (read from log file)
[POOL] Running analyzers on 12 events for e6dae321a54b77f3a727df5e282d269d7df3c807ead967e7a10761f79326fd81.elf
[POOL] Analysis completed: 3 findings in 0.00s (10674 events/s)
[AI-Integration] Submitted task: 5ce52eed
[AI] 5ce52eed queued for DeepSeek analysis
[CgroupManager] Removed cgroup 22960 via bpftool
[POOL] Cleanup scheduled for ac380f27324c
[DockerWorker-1] ✓ Completed: d550b8dd829315e579183ec184fb6bc3475c9839c4be868d49d1293abef111a3.elf (12 events) (1.21s)
[DockerWorker-1] Starting: a1c4ea3a1f13e07c4c6060d7b77dd76072e4329b6428dde55fd650f7f014f1f0.elf (62_64bit)
[CgroupManager] Removed cgroup 23218 via bpftool
[CgroupManager] Removed cgroup 23304 via bpftool
[POOL] Cleanup scheduled for 0d9e89b4cc67
[DockerWorker-3] ✓ Completed: e6dae321a54b77f3a727df5e282d269d7df3c807ead967e7a10761f79326fd81.elf (12 events) (1.17s)
[DockerWorker-3] Starting: 10ef5cda28f815e1f6dbe04cb0e1c91ca624e9cbf01f2fd1bb846a98620c0e80.elf (62_64bit)
[POOL] Cleanup scheduled for b5df1c875513
[DockerWorker-0] ✓ Completed: aa26c8d45aed35fe147d88b70d2d7ae230b08237ee4d53e4245eef0d9118622e.elf (73 events) (1.23s)
[DockerWorker-0] Starting: 52c3d2787b8ccc7d8ef143ded8104725252b3d0853c8cb5f3ff2a982011ace34.elf (62_64bit)
[CgroupManager] Removed cgroup 23046 via bpftool
[ANALYSISLOG] a1c4ea3a1f13e07c4c6060d7b77dd76072e4329b6428dde55fd650f7f014f1f0.elf -> ../ELF_samples/benign_report/x86_64_add/raw/a1c4ea3a1f13e07c4c6060d7b77dd76072e4329b6428dde55fd650f7f014f1f0.elf_2026-01-29_21-30-57_82d5e45b.jsonl
[DOCKER] Selected image for libc=glibc: amd64/ubuntu:24.04
[CgroupManager] Removed cgroup 22874 via bpftool
[ANALYSISLOG] 52c3d2787b8ccc7d8ef143ded8104725252b3d0853c8cb5f3ff2a982011ace34.elf -> ../ELF_samples/benign_report/x86_64_add/raw/52c3d2787b8ccc7d8ef143ded8104725252b3d0853c8cb5f3ff2a982011ace34.elf_2026-01-29_21-30-57_780f022d.jsonl
[DOCKER] Selected image for libc=glibc: amd64/ubuntu:24.04
[POOL] Cleanup scheduled for 0e1d82a986bf
[ANALYSISLOG] 10ef5cda28f815e1f6dbe04cb0e1c91ca624e9cbf01f2fd1bb846a98620c0e80.elf -> ../ELF_samples/benign_report/x86_64_add/raw/10ef5cda28f815e1f6dbe04cb0e1c91ca624e9cbf01f2fd1bb846a98620c0e80.elf_2026-01-29_21-30-57_67641cc7.jsonl
[DOCKER] Selected image for libc=glibc: amd64/ubuntu:24.04
[DockerWorker-5] ✓ Completed: eff9fdba47450bfcc472a83b6243305667345317840ba6b88ee209e626ca54fd.elf (8 events) (1.23s)
[DockerWorker-5] Starting: bb6372bb1224683dcc1fbb847140c261f78d4561cde925e92e16db05604fe299.elf (62_64bit)
[POOL] Cleanup scheduled for 58f5f8c93d11
[DockerWorker-4] ✓ Completed: 86751cfc4a38731aba0fde6009b4e973068a3cb24957a8309d9a0a47ea532ba3.elf (11 events) (1.23s)
[DockerWorker-4] Starting: 0e81f3d8f42329ef2811720437151c918ca221d5ca26cd4e3700402d4286ec6f.elf (62_64bit)
[POOL] Collected 8 events for analysis (read from log file)
[POOL] Running analyzers on 8 events for f2bda78722b7583309895445db3592edfbe40d1b7e104cb4eb05d05b8d857ee8.elf
[ANALYSISLOG] bb6372bb1224683dcc1fbb847140c261f78d4561cde925e92e16db05604fe299.elf -> ../ELF_samples/benign_report/x86_64_add/raw/bb6372bb1224683dcc1fbb847140c261f78d4561cde925e92e16db05604fe299.elf_2026-01-29_21-30-57_54b80bd5.jsonl
[DOCKER] Selected image for libc=glibc: amd64/ubuntu:24.04
[POOL] Analysis completed: 3 findings in 0.00s (4552 events/s)
[AI-Integration] Submitted task: f7304417
[AI] f7304417 queued for DeepSeek analysis
[ANALYSISLOG] 0e81f3d8f42329ef2811720437151c918ca221d5ca26cd4e3700402d4286ec6f.elf -> ../ELF_samples/benign_report/x86_64_add/raw/0e81f3d8f42329ef2811720437151c918ca221d5ca26cd4e3700402d4286ec6f.elf_2026-01-29_21-30-57_13a3aa0e.jsonl
[DOCKER] Selected image for libc=glibc: amd64/ubuntu:24.04
[CgroupManager] Removed cgroup 23132 via bpftool
[POOL] Cleanup scheduled for a90891662475
[DockerWorker-2] ✓ Completed: f2bda78722b7583309895445db3592edfbe40d1b7e104cb4eb05d05b8d857ee8.elf (8 events) (1.27s)
[DockerWorker-2] Starting: f56131b09e8bc0ed7a416f79208d8359d3e8dd338630fca6a37905ed84fb4200.elf (62_64bit)
[ANALYSISLOG] f56131b09e8bc0ed7a416f79208d8359d3e8dd338630fca6a37905ed84fb4200.elf -> ../ELF_samples/benign_report/x86_64_add/raw/f56131b09e8bc0ed7a416f79208d8359d3e8dd338630fca6a37905ed84fb4200.elf_2026-01-29_21-30-57_3bf18fce.jsonl
[DOCKER] Selected image for libc=glibc: amd64/ubuntu:24.04
[CgroupManager] Added cgroup 23390 via bpftool
[CgroupManager] Added cgroup 23648 via bpftool
[CgroupManager] Added cgroup 23562 via bpftool
[CgroupManager] Added cgroup 23476 via bpftool
[EventRouter] DEBUG: EXEC #35 filename='/bin/true', triggers=['bb6372bb1224683dcc1fbb847140c261f78d4561cde925e92e16db05604fe299.elf', '/tmp/bb6372bb1224683dcc1fbb847140c261f78d4561cde925e92e16db05604fe299.elf']
[CgroupManager] Added cgroup 23820 via bpftool
[CgroupManager] Added cgroup 23734 via bpftool
[EventRouter] DEBUG: EXEC #49 filename='/bin/true', triggers=['10ef5cda28f815e1f6dbe04cb0e1c91ca624e9cbf01f2fd1bb846a98620c0e80.elf', '/tmp/10ef5cda28f815e1f6dbe04cb0e1c91ca624e9cbf01f2fd1bb846a98620c0e80.elf']
[EventRouter] DEBUG: EXEC #32 filename='/bin/true', triggers=['0e81f3d8f42329ef2811720437151c918ca221d5ca26cd4e3700402d4286ec6f.elf', '/tmp/0e81f3d8f42329ef2811720437151c918ca221d5ca26cd4e3700402d4286ec6f.elf']
[EventRouter] DEBUG: EXEC #33 filename='/bin/true', triggers=['f56131b09e8bc0ed7a416f79208d8359d3e8dd338630fca6a37905ed84fb4200.elf', '/tmp/f56131b09e8bc0ed7a416f79208d8359d3e8dd338630fca6a37905ed84fb4200.elf']
[EventRouter] ARM detected at event 90 for cgroup 23390
[EventRouter] Discarded 89 pre-ARM events for cgroup 23390
[DOCKER] Container exit code: 0
[DOCKER][STDOUT] BEGIN
bb6372bb1224683dcc1fbb847140c261f78d4561cde925e92e16db05604fe299.elf
[DOCKER][STDOUT] END
[DOCKER] Raw stdout saved: ../ELF_samples/benign_report/x86_64_add/raw/bb6372bb1224683dcc1fbb847140c261f78d4561cde925e92e16db05604fe299.elf_2026-01-29_21-30-57_54b80bd5_container_stdout.txt
[EventRouter] ARM detected at event 107 for cgroup 23648
[EventRouter] Discarded 106 pre-ARM events for cgroup 23648
[DOCKER] Container exit code: 0
[EventRouter] ARM detected at event 136 for cgroup 23476
[EventRouter] Discarded 135 pre-ARM events for cgroup 23476
[DOCKER] Container exit code: 1
[DOCKER][STDOUT] BEGIN
10ef5cda28f815e1f6dbe04cb0e1c91ca624e9cbf01f2fd1bb846a98620c0e80.elf: error: Nowhere to set up swap on?
Try '10ef5cda28f815e1f6dbe04cb0e1c91ca624e9cbf01f2fd1bb846a98620c0e80.elf --help' for more information.
[DOCKER][STDOUT] END
[DOCKER] Raw stdout saved: ../ELF_samples/benign_report/x86_64_add/raw/10ef5cda28f815e1f6dbe04cb0e1c91ca624e9cbf01f2fd1bb846a98620c0e80.elf_2026-01-29_21-30-57_67641cc7_container_stdout.txt
[EventRouter] ARM detected at event 166 for cgroup 23562
[EventRouter] Discarded 165 pre-ARM events for cgroup 23562
[DOCKER] Container exit code: 1
[DOCKER][STDOUT] BEGIN
/tmp/52c3d2787b8ccc7d8ef143ded8104725252b3d0853c8cb5f3ff2a982011ace34.elf: missing operand
Try '/tmp/52c3d2787b8ccc7d8ef143ded8104725252b3d0853c8cb5f3ff2a982011ace34.elf --help' for more information.
[DOCKER][STDOUT] END
[DOCKER] Raw stdout saved: ../ELF_samples/benign_report/x86_64_add/raw/52c3d2787b8ccc7d8ef143ded8104725252b3d0853c8cb5f3ff2a982011ace34.elf_2026-01-29_21-30-57_780f022d_container_stdout.txt
[EventRouter] ARM detected at event 88 for cgroup 23820
[EventRouter] Discarded 87 pre-ARM events for cgroup 23820
[DOCKER] Container exit code: 1
[DOCKER][STDOUT] BEGIN
f56131b09e8bc0ed7a416f79208d8359d3e8dd338630fca6a37905ed84fb4200.elf: not enough arguments
Try 'f56131b09e8bc0ed7a416f79208d8359d3e8dd338630fca6a37905ed84fb4200.elf --help' for more information.
[DOCKER][STDOUT] END
[DOCKER] Raw stdout saved: ../ELF_samples/benign_report/x86_64_add/raw/f56131b09e8bc0ed7a416f79208d8359d3e8dd338630fca6a37905ed84fb4200.elf_2026-01-29_21-30-57_3bf18fce_container_stdout.txt
[EventRouter] ARM detected at event 88 for cgroup 23734
[EventRouter] Discarded 87 pre-ARM events for cgroup 23734
[DOCKER] Container exit code: 0
[POOL] Collected 10 events for analysis (read from log file)
[POOL] Running analyzers on 10 events for bb6372bb1224683dcc1fbb847140c261f78d4561cde925e92e16db05604fe299.elf
[POOL] Analysis completed: 0 findings in 0.00s (8851 events/s)
[AI-Integration] Submitted task: 54b80bd5
[AI] 54b80bd5 queued for DeepSeek analysis
[POOL] Collected 7 events for analysis (read from log file)
[POOL] Running analyzers on 7 events for a1c4ea3a1f13e07c4c6060d7b77dd76072e4329b6428dde55fd650f7f014f1f0.elf
[POOL] Analysis completed: 0 findings in 0.00s (6684 events/s)
[AI-Integration] Submitted task: 82d5e45b
[AI] 82d5e45b queued for DeepSeek analysis
[CgroupManager] Removed cgroup 23390 via bpftool
[POOL] Cleanup scheduled for 8887d6cdc067
[DockerWorker-5] ✓ Completed: bb6372bb1224683dcc1fbb847140c261f78d4561cde925e92e16db05604fe299.elf (10 events) (1.15s)
[DockerWorker-5] Starting: 86c2ef53f74c936aa349f8caf7a5258cf1a875b0a4e381f7852c130d0f9c88ac.elf (62_64bit)
[ANALYSISLOG] 86c2ef53f74c936aa349f8caf7a5258cf1a875b0a4e381f7852c130d0f9c88ac.elf -> ../ELF_samples/benign_report/x86_64_add/raw/86c2ef53f74c936aa349f8caf7a5258cf1a875b0a4e381f7852c130d0f9c88ac.elf_2026-01-29_21-30-58_da6d0e1e.jsonl
[DOCKER] Selected image for libc=glibc: amd64/ubuntu:24.04
[POOL] Collected 12 events for analysis (read from log file)
[POOL] Running analyzers on 12 events for 10ef5cda28f815e1f6dbe04cb0e1c91ca624e9cbf01f2fd1bb846a98620c0e80.elf
[POOL] Analysis completed: 0 findings in 0.00s (11474 events/s)
[AI-Integration] Submitted task: 67641cc7
[AI] 67641cc7 queued for DeepSeek analysis
[POOL] Collected 11 events for analysis (read from log file)
[POOL] Running analyzers on 11 events for 52c3d2787b8ccc7d8ef143ded8104725252b3d0853c8cb5f3ff2a982011ace34.elf
[POOL] Analysis completed: 0 findings in 0.00s (10325 events/s)
[AI-Integration] Submitted task: 780f022d
[AI] 780f022d queued for DeepSeek analysis
[POOL] Collected 11 events for analysis (read from log file)
[POOL] Running analyzers on 11 events for f56131b09e8bc0ed7a416f79208d8359d3e8dd338630fca6a37905ed84fb4200.elf
[POOL] Analysis completed: 0 findings in 0.00s (10139 events/s)
[AI-Integration] Submitted task: 3bf18fce
[AI] 3bf18fce queued for DeepSeek analysis
[POOL] Collected 7 events for analysis (read from log file)
[POOL] Running analyzers on 7 events for 0e81f3d8f42329ef2811720437151c918ca221d5ca26cd4e3700402d4286ec6f.elf
[POOL] Analysis completed: 0 findings in 0.00s (6666 events/s)
[AI-Integration] Submitted task: 13a3aa0e
[AI] 13a3aa0e queued for DeepSeek analysis
[CgroupManager] Removed cgroup 23648 via bpftool
[POOL] Cleanup scheduled for 6e1eafe02585
[DockerWorker-1] ✓ Completed: a1c4ea3a1f13e07c4c6060d7b77dd76072e4329b6428dde55fd650f7f014f1f0.elf (7 events) (1.21s)
[DockerWorker-1] Starting: 38c8300e7bb33871a1632f9075a1a845e4e4dd9726c2d8442b51e7900c4b9677.elf (62_64bit)
[CgroupManager] Removed cgroup 23476 via bpftool
[ANALYSISLOG] 38c8300e7bb33871a1632f9075a1a845e4e4dd9726c2d8442b51e7900c4b9677.elf -> ../ELF_samples/benign_report/x86_64_add/raw/38c8300e7bb33871a1632f9075a1a845e4e4dd9726c2d8442b51e7900c4b9677.elf_2026-01-29_21-30-58_bb860b28.jsonl
[DOCKER] Selected image for libc=glibc: amd64/ubuntu:24.04
[POOL] Cleanup scheduled for d4314f1788b3
[DockerWorker-3] ✓ Completed: 10ef5cda28f815e1f6dbe04cb0e1c91ca624e9cbf01f2fd1bb846a98620c0e80.elf (12 events) (1.19s)
[DockerWorker-3] Starting: a3b57f30751ae836832749f13bea9b503cf55ec1598f6f4b35de93d80328bf9d.elf (62_64bit)
[ANALYSISLOG] a3b57f30751ae836832749f13bea9b503cf55ec1598f6f4b35de93d80328bf9d.elf -> ../ELF_samples/benign_report/x86_64_add/raw/a3b57f30751ae836832749f13bea9b503cf55ec1598f6f4b35de93d80328bf9d.elf_2026-01-29_21-30-58_8d2d0b6f.jsonl
[DOCKER] Selected image for libc=glibc: amd64/ubuntu:24.04
[CgroupManager] Removed cgroup 23562 via bpftool
[POOL] Cleanup scheduled for 5d8c15a5b2a1
[DockerWorker-0] ✓ Completed: 52c3d2787b8ccc7d8ef143ded8104725252b3d0853c8cb5f3ff2a982011ace34.elf (11 events) (1.19s)
[DockerWorker-0] Starting: bed7f331d5ad86aa7eb2c8a0024508bb045a0dfd69d20355b110c8b7723ca5b4.elf (62_64bit)
[ANALYSISLOG] bed7f331d5ad86aa7eb2c8a0024508bb045a0dfd69d20355b110c8b7723ca5b4.elf -> ../ELF_samples/benign_report/x86_64_add/raw/bed7f331d5ad86aa7eb2c8a0024508bb045a0dfd69d20355b110c8b7723ca5b4.elf_2026-01-29_21-30-58_23eaf59a.jsonl
[DOCKER] Selected image for libc=glibc: amd64/ubuntu:24.04
[CgroupManager] Removed cgroup 23820 via bpftool
[POOL] Cleanup scheduled for 0396dbf2dda0
[DockerWorker-2] ✓ Completed: f56131b09e8bc0ed7a416f79208d8359d3e8dd338630fca6a37905ed84fb4200.elf (11 events) (1.14s)
[DockerWorker-2] Starting: eb5b9de575ab09db4b01e786919ab5ff7ae9c6c88ec2594dc8cad1d32df00a0f.elf (62_64bit)
[ANALYSISLOG] eb5b9de575ab09db4b01e786919ab5ff7ae9c6c88ec2594dc8cad1d32df00a0f.elf -> ../ELF_samples/benign_report/x86_64_add/raw/eb5b9de575ab09db4b01e786919ab5ff7ae9c6c88ec2594dc8cad1d32df00a0f.elf_2026-01-29_21-30-58_358288ad.jsonl
[DOCKER] Selected image for libc=glibc: amd64/ubuntu:24.04
[CgroupManager] Removed cgroup 23734 via bpftool
[POOL] Cleanup scheduled for cb977f5f9b81
[DockerWorker-4] ✓ Completed: 0e81f3d8f42329ef2811720437151c918ca221d5ca26cd4e3700402d4286ec6f.elf (7 events) (1.22s)
[DockerWorker-4] Starting: 54c11e41bb5ce7fa9690688e56bace9f590c4285aa021d56e679fac4dd617209.elf (62_64bit)
[ANALYSISLOG] 54c11e41bb5ce7fa9690688e56bace9f590c4285aa021d56e679fac4dd617209.elf -> ../ELF_samples/benign_report/x86_64_add/raw/54c11e41bb5ce7fa9690688e56bace9f590c4285aa021d56e679fac4dd617209.elf_2026-01-29_21-30-58_cbfbefd5.jsonl
[DOCKER] Selected image for libc=glibc: amd64/ubuntu:24.04
[CgroupManager] Added cgroup 23906 via bpftool
[EventRouter] DEBUG: EXEC #33 filename='/bin/true', triggers=['86c2ef53f74c936aa349f8caf7a5258cf1a875b0a4e381f7852c130d0f9c88ac.elf', '/tmp/86c2ef53f74c936aa349f8caf7a5258cf1a875b0a4e381f7852c130d0f9c88ac.elf']
[CgroupManager] Added cgroup 24250 via bpftool
[CgroupManager] Added cgroup 24336 via bpftool
[CgroupManager] Added cgroup 23992 via bpftool
[EventRouter] DEBUG: EXEC #49 filename='/bin/true', triggers=['54c11e41bb5ce7fa9690688e56bace9f590c4285aa021d56e679fac4dd617209.elf', '/tmp/54c11e41bb5ce7fa9690688e56bace9f590c4285aa021d56e679fac4dd617209.elf']
[EventRouter] DEBUG: EXEC #34 filename='/bin/true', triggers=['eb5b9de575ab09db4b01e786919ab5ff7ae9c6c88ec2594dc8cad1d32df00a0f.elf', '/tmp/eb5b9de575ab09db4b01e786919ab5ff7ae9c6c88ec2594dc8cad1d32df00a0f.elf']
[CgroupManager] Added cgroup 24164 via bpftool
[CgroupManager] Added cgroup 24078 via bpftool
[EventRouter] DEBUG: EXEC #49 filename='/bin/true', triggers=['38c8300e7bb33871a1632f9075a1a845e4e4dd9726c2d8442b51e7900c4b9677.elf', '/tmp/38c8300e7bb33871a1632f9075a1a845e4e4dd9726c2d8442b51e7900c4b9677.elf']
[EventRouter] DEBUG: EXEC #50 filename='/bin/true', triggers=['a3b57f30751ae836832749f13bea9b503cf55ec1598f6f4b35de93d80328bf9d.elf', '/tmp/a3b57f30751ae836832749f13bea9b503cf55ec1598f6f4b35de93d80328bf9d.elf']
[EventRouter] DEBUG: EXEC #33 filename='/bin/true', triggers=['bed7f331d5ad86aa7eb2c8a0024508bb045a0dfd69d20355b110c8b7723ca5b4.elf', '/tmp/bed7f331d5ad86aa7eb2c8a0024508bb045a0dfd69d20355b110c8b7723ca5b4.elf']
[EventRouter] ARM detected at event 89 for cgroup 23906
[EventRouter] Discarded 88 pre-ARM events for cgroup 23906
[DOCKER] Container exit code: 1
[DOCKER][STDOUT] BEGIN
/tmp/86c2ef53f74c936aa349f8caf7a5258cf1a875b0a4e381f7852c130d0f9c88ac.elf: 'standard input': Inappropriate ioctl for device
[DOCKER][STDOUT] END
[DOCKER] Raw stdout saved: ../ELF_samples/benign_report/x86_64_add/raw/86c2ef53f74c936aa349f8caf7a5258cf1a875b0a4e381f7852c130d0f9c88ac.elf_2026-01-29_21-30-58_da6d0e1e_container_stdout.txt
[EventRouter] ARM detected at event 89 for cgroup 24250
[EventRouter] Discarded 88 pre-ARM events for cgroup 24250
[DOCKER] Container exit code: 1
[DOCKER][STDOUT] BEGIN
eb5b9de575ab09db4b01e786919ab5ff7ae9c6c88ec2594dc8cad1d32df00a0f.elf: pathname argument is missing
Try 'eb5b9de575ab09db4b01e786919ab5ff7ae9c6c88ec2594dc8cad1d32df00a0f.elf --help' for more information.
[DOCKER][STDOUT] END
[DOCKER] Raw stdout saved: ../ELF_samples/benign_report/x86_64_add/raw/eb5b9de575ab09db4b01e786919ab5ff7ae9c6c88ec2594dc8cad1d32df00a0f.elf_2026-01-29_21-30-58_358288ad_container_stdout.txt
[EventRouter] ARM detected at event 105 for cgroup 24336
[EventRouter] Discarded 104 pre-ARM events for cgroup 24336
[DOCKER] Container exit code: 0
[EventRouter] ARM detected at event 106 for cgroup 23992
[EventRouter] Discarded 105 pre-ARM events for cgroup 23992
[DOCKER] Container exit code: 0
[DOCKER][STDOUT] BEGIN
RTNETLINK1 answers: No such file or directory
a3b57f30751ae836832749f13bea9b503cf55ec1598f6f4b35de93d80328bf9d.elf: error talking to the kernel via netlink
[DOCKER][STDOUT] END
[DOCKER] Raw stdout saved: ../ELF_samples/benign_report/x86_64_add/raw/a3b57f30751ae836832749f13bea9b503cf55ec1598f6f4b35de93d80328bf9d.elf_2026-01-29_21-30-58_8d2d0b6f_container_stdout.txt
[EventRouter] ARM detected at event 104 for cgroup 24164
[EventRouter] Discarded 103 pre-ARM events for cgroup 24164
[DOCKER] Container exit code: 1
[DOCKER][STDOUT] BEGIN
/tmp/38c8300e7bb33871a1632f9075a1a845e4e4dd9726c2d8442b51e7900c4b9677.elf: missing operand
Try '/tmp/38c8300e7bb33871a1632f9075a1a845e4e4dd9726c2d8442b51e7900c4b9677.elf --help' for more information.
[DOCKER][STDOUT] END
[DOCKER] Raw stdout saved: ../ELF_samples/benign_report/x86_64_add/raw/38c8300e7bb33871a1632f9075a1a845e4e4dd9726c2d8442b51e7900c4b9677.elf_2026-01-29_21-30-58_bb860b28_container_stdout.txt
[EventRouter] ARM detected at event 105 for cgroup 24078
[EventRouter] Discarded 104 pre-ARM events for cgroup 24078
[DOCKER] Container exit code: 1
[DOCKER][STDOUT] BEGIN
bed7f331d5ad86aa7eb2c8a0024508bb045a0dfd69d20355b110c8b7723ca5b4.elf: not enough arguments
Try 'bed7f331d5ad86aa7eb2c8a0024508bb045a0dfd69d20355b110c8b7723ca5b4.elf --help' for more information.
[DOCKER][STDOUT] END
[DOCKER] Raw stdout saved: ../ELF_samples/benign_report/x86_64_add/raw/bed7f331d5ad86aa7eb2c8a0024508bb045a0dfd69d20355b110c8b7723ca5b4.elf_2026-01-29_21-30-58_23eaf59a_container_stdout.txt
[POOL] Collected 11 events for analysis (read from log file)
[POOL] Running analyzers on 11 events for 86c2ef53f74c936aa349f8caf7a5258cf1a875b0a4e381f7852c130d0f9c88ac.elf
[POOL] Analysis completed: 0 findings in 0.00s (10070 events/s)
[AI-Integration] Submitted task: da6d0e1e
[AI] da6d0e1e queued for DeepSeek analysis
[CgroupManager] Removed cgroup 23906 via bpftool
[POOL] Cleanup scheduled for 729a58e5eab5
[DockerWorker-5] ✓ Completed: 86c2ef53f74c936aa349f8caf7a5258cf1a875b0a4e381f7852c130d0f9c88ac.elf (11 events) (1.16s)
[DockerWorker-5] Starting: f2736cdf993c092ed492320b76ece4954c8410947608561d47b4da058c285781.elf (62_64bit)
[POOL] Collected 11 events for analysis (read from log file)
[POOL] Running analyzers on 11 events for eb5b9de575ab09db4b01e786919ab5ff7ae9c6c88ec2594dc8cad1d32df00a0f.elf
[POOL] Analysis completed: 0 findings in 0.00s (10540 events/s)
[AI-Integration] Submitted task: 358288ad
[AI] 358288ad queued for DeepSeek analysis
[ANALYSISLOG] f2736cdf993c092ed492320b76ece4954c8410947608561d47b4da058c285781.elf -> ../ELF_samples/benign_report/x86_64_add/raw/f2736cdf993c092ed492320b76ece4954c8410947608561d47b4da058c285781.elf_2026-01-29_21-30-59_e11135cc.jsonl
[DOCKER] Selected image for libc=glibc: amd64/ubuntu:24.04
[POOL] Collected 7 events for analysis (read from log file)
[POOL] Running analyzers on 7 events for 54c11e41bb5ce7fa9690688e56bace9f590c4285aa021d56e679fac4dd617209.elf
[POOL] Analysis completed: 0 findings in 0.00s (6699 events/s)
[AI-Integration] Submitted task: cbfbefd5
[AI] cbfbefd5 queued for DeepSeek analysis
[CgroupManager] Removed cgroup 24250 via bpftool
[POOL] Cleanup scheduled for ffcd5ca66b4e
[DockerWorker-2] ✓ Completed: eb5b9de575ab09db4b01e786919ab5ff7ae9c6c88ec2594dc8cad1d32df00a0f.elf (11 events) (1.13s)
[DockerWorker-2] Starting: 11aeddbab54e6c9caa5cee22f3c23f670e0d768209b82cf5c430885ccba316ba.elf (62_64bit)
[ANALYSISLOG] 11aeddbab54e6c9caa5cee22f3c23f670e0d768209b82cf5c430885ccba316ba.elf -> ../ELF_samples/benign_report/x86_64_add/raw/11aeddbab54e6c9caa5cee22f3c23f670e0d768209b82cf5c430885ccba316ba.elf_2026-01-29_21-30-59_5575ebf2.jsonl
[DOCKER] Selected image for libc=glibc: amd64/ubuntu:24.04
[POOL] Collected 27 events for analysis (read from log file)
[POOL] Running analyzers on 27 events for a3b57f30751ae836832749f13bea9b503cf55ec1598f6f4b35de93d80328bf9d.elf
[POOL] Analysis completed: 1 findings in 0.00s (23749 events/s)
[AI-Integration] Submitted task: 8d2d0b6f
[AI] 8d2d0b6f queued for DeepSeek analysis
[POOL] Collected 11 events for analysis (read from log file)
[POOL] Running analyzers on 11 events for 38c8300e7bb33871a1632f9075a1a845e4e4dd9726c2d8442b51e7900c4b9677.elf
[POOL] Analysis completed: 0 findings in 0.00s (10470 events/s)
[AI-Integration] Submitted task: bb860b28
[AI] bb860b28 queued for DeepSeek analysis
[POOL] Collected 11 events for analysis (read from log file)
[POOL] Running analyzers on 11 events for bed7f331d5ad86aa7eb2c8a0024508bb045a0dfd69d20355b110c8b7723ca5b4.elf
[POOL] Analysis completed: 0 findings in 0.00s (10385 events/s)
[AI-Integration] Submitted task: 23eaf59a
[AI] 23eaf59a queued for DeepSeek analysis
[CgroupManager] Removed cgroup 24164 via bpftool
[POOL] Cleanup scheduled for cc16cf37571b
[DockerWorker-1] ✓ Completed: 38c8300e7bb33871a1632f9075a1a845e4e4dd9726c2d8442b51e7900c4b9677.elf (11 events) (1.17s)
[DockerWorker-1] Starting: cbfe5a2b870f11eff002077e897f8684f1e13f32dbf78d2316ad0488e08456aa.elf (62_64bit)
[ANALYSISLOG] cbfe5a2b870f11eff002077e897f8684f1e13f32dbf78d2316ad0488e08456aa.elf -> ../ELF_samples/benign_report/x86_64_add/raw/cbfe5a2b870f11eff002077e897f8684f1e13f32dbf78d2316ad0488e08456aa.elf_2026-01-29_21-30-59_2bc7bb67.jsonl
[DOCKER] Selected image for libc=glibc: amd64/ubuntu:24.04
[CgroupManager] Removed cgroup 24336 via bpftool
[POOL] Cleanup scheduled for 3ef0e1214a5b
[DockerWorker-4] ✓ Completed: 54c11e41bb5ce7fa9690688e56bace9f590c4285aa021d56e679fac4dd617209.elf (7 events) (1.15s)
[DockerWorker-4] Starting: 83588576b6dd8f5018f38d0a947ccc25f2aedc8f7f5ae0f3dde1988ed0cbd0c3.elf (62_64bit)
[ANALYSISLOG] 83588576b6dd8f5018f38d0a947ccc25f2aedc8f7f5ae0f3dde1988ed0cbd0c3.elf -> ../ELF_samples/benign_report/x86_64_add/raw/83588576b6dd8f5018f38d0a947ccc25f2aedc8f7f5ae0f3dde1988ed0cbd0c3.elf_2026-01-29_21-30-59_7bd45000.jsonl
[DOCKER] Selected image for libc=glibc: amd64/ubuntu:24.04
[CgroupManager] Removed cgroup 23992 via bpftool
[CgroupManager] Removed cgroup 24078 via bpftool
[POOL] Cleanup scheduled for 38fe9a708630
[DockerWorker-0] ✓ Completed: bed7f331d5ad86aa7eb2c8a0024508bb045a0dfd69d20355b110c8b7723ca5b4.elf (11 events) (1.19s)
[DockerWorker-0] Starting: 58afb66f30d8aeae713911dd15ade4c232800db04018b971e9f4a5e4bcc60c85.elf (62_64bit)
[ANALYSISLOG] 58afb66f30d8aeae713911dd15ade4c232800db04018b971e9f4a5e4bcc60c85.elf -> ../ELF_samples/benign_report/x86_64_add/raw/58afb66f30d8aeae713911dd15ade4c232800db04018b971e9f4a5e4bcc60c85.elf_2026-01-29_21-30-59_eb7b9c8f.jsonl
[DOCKER] Selected image for libc=glibc: amd64/ubuntu:24.04
[POOL] Cleanup scheduled for fb61946d7b98
[DockerWorker-3] ✓ Completed: a3b57f30751ae836832749f13bea9b503cf55ec1598f6f4b35de93d80328bf9d.elf (27 events) (1.19s)
[DockerWorker-3] Starting: 0eda34ec1c71eb31c5ccf69c40d1fa2982c662484d0360142464e7701effab4d.elf (62_64bit)
[ANALYSISLOG] 0eda34ec1c71eb31c5ccf69c40d1fa2982c662484d0360142464e7701effab4d.elf -> ../ELF_samples/benign_report/x86_64_add/raw/0eda34ec1c71eb31c5ccf69c40d1fa2982c662484d0360142464e7701effab4d.elf_2026-01-29_21-30-59_01797bf1.jsonl
[DOCKER] Selected image for libc=glibc: amd64/ubuntu:24.04
[AI-Integration] Job 9255adfb analyzed via deepseek
[CgroupManager] Added cgroup 24422 via bpftool
[CgroupManager] Added cgroup 24508 via bpftool
[CgroupManager] Added cgroup 24594 via bpftool
[EventRouter] DEBUG: EXEC #33 filename='/bin/true', triggers=['11aeddbab54e6c9caa5cee22f3c23f670e0d768209b82cf5c430885ccba316ba.elf', '/tmp/11aeddbab54e6c9caa5cee22f3c23f670e0d768209b82cf5c430885ccba316ba.elf']
[CgroupManager] Added cgroup 24852 via bpftool
[CgroupManager] Added cgroup 24680 via bpftool
[CgroupManager] Added cgroup 24766 via bpftool
[EventRouter] DEBUG: EXEC #36 filename='/bin/true', triggers=['f2736cdf993c092ed492320b76ece4954c8410947608561d47b4da058c285781.elf', '/tmp/f2736cdf993c092ed492320b76ece4954c8410947608561d47b4da058c285781.elf']
[EventRouter] DEBUG: EXEC #49 filename='/bin/true', triggers=['58afb66f30d8aeae713911dd15ade4c232800db04018b971e9f4a5e4bcc60c85.elf', '/tmp/58afb66f30d8aeae713911dd15ade4c232800db04018b971e9f4a5e4bcc60c85.elf']
[EventRouter] DEBUG: EXEC #33 filename='/bin/true', triggers=['83588576b6dd8f5018f38d0a947ccc25f2aedc8f7f5ae0f3dde1988ed0cbd0c3.elf', '/tmp/83588576b6dd8f5018f38d0a947ccc25f2aedc8f7f5ae0f3dde1988ed0cbd0c3.elf']
[EventRouter] DEBUG: EXEC #50 filename='/bin/true', triggers=['0eda34ec1c71eb31c5ccf69c40d1fa2982c662484d0360142464e7701effab4d.elf', '/tmp/0eda34ec1c71eb31c5ccf69c40d1fa2982c662484d0360142464e7701effab4d.elf']
[EventRouter] DEBUG: EXEC #49 filename='/bin/true', triggers=['cbfe5a2b870f11eff002077e897f8684f1e13f32dbf78d2316ad0488e08456aa.elf', '/tmp/cbfe5a2b870f11eff002077e897f8684f1e13f32dbf78d2316ad0488e08456aa.elf']
[EventRouter] ARM detected at event 90 for cgroup 24508
[EventRouter] Discarded 89 pre-ARM events for cgroup 24508
[EventRouter] ARM detected at event 90 for cgroup 24422
[EventRouter] Discarded 89 pre-ARM events for cgroup 24422
[DOCKER] Container exit code: 1
[DOCKER][STDOUT] BEGIN
/tmp/f2736cdf993c092ed492320b76ece4954c8410947608561d47b4da058c285781.elf: missing operand
Try '/tmp/f2736cdf993c092ed492320b76ece4954c8410947608561d47b4da058c285781.elf --help' for more information.
[DOCKER][STDOUT] END
[DOCKER] Raw stdout saved: ../ELF_samples/benign_report/x86_64_add/raw/f2736cdf993c092ed492320b76ece4954c8410947608561d47b4da058c285781.elf_2026-01-29_21-30-59_e11135cc_container_stdout.txt
[DOCKER] Container exit code: 0
[DOCKER][STDOUT] BEGIN
0000000
[DOCKER][STDOUT] END
[DOCKER] Raw stdout saved: ../ELF_samples/benign_report/x86_64_add/raw/11aeddbab54e6c9caa5cee22f3c23f670e0d768209b82cf5c430885ccba316ba.elf_2026-01-29_21-30-59_5575ebf2_container_stdout.txt
[EventRouter] ARM detected at event 103 for cgroup 24594
[EventRouter] Discarded 102 pre-ARM events for cgroup 24594
[EventRouter] ARM detected at event 105 for cgroup 24852
[EventRouter] Discarded 104 pre-ARM events for cgroup 24852
[DOCKER] Container exit code: 1
[EventRouter] ARM detected at event 120 for cgroup 24766
[EventRouter] Discarded 119 pre-ARM events for cgroup 24766
[DOCKER] Container exit code: 1
[DOCKER][STDOUT] BEGIN
/tmp/cbfe5a2b870f11eff002077e897f8684f1e13f32dbf78d2316ad0488e08456aa.elf: no login name
[DOCKER][STDOUT] END
[DOCKER] Raw stdout saved: ../ELF_samples/benign_report/x86_64_add/raw/cbfe5a2b870f11eff002077e897f8684f1e13f32dbf78d2316ad0488e08456aa.elf_2026-01-29_21-30-59_2bc7bb67_container_stdout.txt
[EventRouter] ARM detected at event 121 for cgroup 24680
[EventRouter] Discarded 120 pre-ARM events for cgroup 24680
[DOCKER] Container exit code: 1
[DOCKER][STDOUT] BEGIN
/tmp/0eda34ec1c71eb31c5ccf69c40d1fa2982c662484d0360142464e7701effab4d.elf: missing operand
Try '/tmp/0eda34ec1c71eb31c5ccf69c40d1fa2982c662484d0360142464e7701effab4d.elf --help' for more information.
[DOCKER][STDOUT] END
[DOCKER] Raw stdout saved: ../ELF_samples/benign_report/x86_64_add/raw/0eda34ec1c71eb31c5ccf69c40d1fa2982c662484d0360142464e7701effab4d.elf_2026-01-29_21-30-59_01797bf1_container_stdout.txt
[AI-Integration] Job 7aedca47 analyzed via deepseek
[AI-Integration] Job 1bb19036 analyzed via deepseek
[AI-Integration] Job 08c81c62 analyzed via deepseek
[AI-Integration] Job 7f831710 analyzed via deepseek
[POOL] Collected 11 events for analysis (read from log file)
[POOL] Running analyzers on 11 events for f2736cdf993c092ed492320b76ece4954c8410947608561d47b4da058c285781.elf
[POOL] Analysis completed: 0 findings in 0.00s (10482 events/s)
[AI-Integration] Submitted task: e11135cc
[AI] e11135cc queued for DeepSeek analysis
[POOL] Collected 8 events for analysis (read from log file)
[POOL] Running analyzers on 8 events for 11aeddbab54e6c9caa5cee22f3c23f670e0d768209b82cf5c430885ccba316ba.elf
[POOL] Analysis completed: 0 findings in 0.00s (7777 events/s)
[AI-Integration] Submitted task: 5575ebf2
[AI] 5575ebf2 queued for DeepSeek analysis
[POOL] Collected 7 events for analysis (read from log file)
[POOL] Running analyzers on 7 events for 58afb66f30d8aeae713911dd15ade4c232800db04018b971e9f4a5e4bcc60c85.elf
[POOL] Analysis completed: 0 findings in 0.00s (6787 events/s)
[AI-Integration] Submitted task: eb7b9c8f
[AI] eb7b9c8f queued for DeepSeek analysis
[POOL] Collected 10 events for analysis (read from log file)
[POOL] Running analyzers on 10 events for cbfe5a2b870f11eff002077e897f8684f1e13f32dbf78d2316ad0488e08456aa.elf
[POOL] Analysis completed: 0 findings in 0.00s (9601 events/s)
[AI-Integration] Submitted task: 2bc7bb67
[AI] 2bc7bb67 queued for DeepSeek analysis
[CgroupManager] Removed cgroup 24422 via bpftool
[POOL] Cleanup scheduled for 074a79e47fa1
[DockerWorker-5] ✓ Completed: f2736cdf993c092ed492320b76ece4954c8410947608561d47b4da058c285781.elf (11 events) (1.21s)
[DockerWorker-5] Starting: be566cae4c72407fb941f016f623a61632b5a0f79fefc6bd151a62a8429bbb39.elf (62_64bit)
[ANALYSISLOG] be566cae4c72407fb941f016f623a61632b5a0f79fefc6bd151a62a8429bbb39.elf -> ../ELF_samples/benign_report/x86_64_add/raw/be566cae4c72407fb941f016f623a61632b5a0f79fefc6bd151a62a8429bbb39.elf_2026-01-29_21-31-00_1495e1a8.jsonl
[DOCKER] Selected image for libc=glibc: amd64/ubuntu:24.04
[CgroupManager] Removed cgroup 24508 via bpftool
[POOL] Cleanup scheduled for d19fcaba41a5
[DockerWorker-2] ✓ Completed: 11aeddbab54e6c9caa5cee22f3c23f670e0d768209b82cf5c430885ccba316ba.elf (8 events) (1.20s)
[DockerWorker-2] Starting: 60911b256b887489979901ef45930afd22d3556cefc3980bae9cefb44cb1362f.elf (62_64bit)
[ANALYSISLOG] 60911b256b887489979901ef45930afd22d3556cefc3980bae9cefb44cb1362f.elf -> ../ELF_samples/benign_report/x86_64_add/raw/60911b256b887489979901ef45930afd22d3556cefc3980bae9cefb44cb1362f.elf_2026-01-29_21-31-00_e0369e99.jsonl
[DOCKER] Selected image for libc=glibc: amd64/ubuntu:24.04
[POOL] Collected 11 events for analysis (read from log file)
[POOL] Running analyzers on 11 events for 0eda34ec1c71eb31c5ccf69c40d1fa2982c662484d0360142464e7701effab4d.elf
[POOL] Analysis completed: 0 findings in 0.00s (10432 events/s)
[AI-Integration] Submitted task: 01797bf1
[AI] 01797bf1 queued for DeepSeek analysis
[CgroupManager] Removed cgroup 24852 via bpftool
[POOL] Cleanup scheduled for 25c8c5464905
[DockerWorker-0] ✓ Completed: 58afb66f30d8aeae713911dd15ade4c232800db04018b971e9f4a5e4bcc60c85.elf (7 events) (1.16s)
[DockerWorker-0] Starting: fd4c9919831ac5769f3bf1d85ac1f7b2185ed6f66d3cfb5a41410601fdaf0987.elf (62_64bit)
[ANALYSISLOG] fd4c9919831ac5769f3bf1d85ac1f7b2185ed6f66d3cfb5a41410601fdaf0987.elf -> ../ELF_samples/benign_report/x86_64_add/raw/fd4c9919831ac5769f3bf1d85ac1f7b2185ed6f66d3cfb5a41410601fdaf0987.elf_2026-01-29_21-31-00_b1784d18.jsonl
[DOCKER] Selected image for libc=glibc: amd64/ubuntu:24.04
[CgroupManager] Removed cgroup 24766 via bpftool
[POOL] Cleanup scheduled for bf4cdd8336dd
[DockerWorker-1] ✓ Completed: cbfe5a2b870f11eff002077e897f8684f1e13f32dbf78d2316ad0488e08456aa.elf (10 events) (1.18s)
[DockerWorker-1] Starting: c6303c34f32a404136cdfe15984eed1fa15dbb8b933f0cbceab99fe110a4663b.elf (62_64bit)
[ANALYSISLOG] c6303c34f32a404136cdfe15984eed1fa15dbb8b933f0cbceab99fe110a4663b.elf -> ../ELF_samples/benign_report/x86_64_add/raw/c6303c34f32a404136cdfe15984eed1fa15dbb8b933f0cbceab99fe110a4663b.elf_2026-01-29_21-31-00_0b18a4d2.jsonl
[DOCKER] Selected image for libc=glibc: amd64/ubuntu:24.04
[CgroupManager] Removed cgroup 24680 via bpftool
[POOL] Cleanup scheduled for 6947b99e9e6c
[DockerWorker-3] ✓ Completed: 0eda34ec1c71eb31c5ccf69c40d1fa2982c662484d0360142464e7701effab4d.elf (11 events) (1.16s)
[DockerWorker-3] Starting: 0ecbde7666c6908ad07ab88479492269aa287983d0b4ad9fc01d93f86d840015.elf (62_64bit)
[ANALYSISLOG] 0ecbde7666c6908ad07ab88479492269aa287983d0b4ad9fc01d93f86d840015.elf -> ../ELF_samples/benign_report/x86_64_add/raw/0ecbde7666c6908ad07ab88479492269aa287983d0b4ad9fc01d93f86d840015.elf_2026-01-29_21-31-00_08ce2be7.jsonl
[DOCKER] Selected image for libc=glibc: amd64/ubuntu:24.04
[AI-Integration] Job 4c92a11f analyzed via deepseek
[CgroupManager] Added cgroup 25024 via bpftool
[CgroupManager] Added cgroup 25110 via bpftool
[EventRouter] DEBUG: EXEC #33 filename='/bin/true', triggers=['0ecbde7666c6908ad07ab88479492269aa287983d0b4ad9fc01d93f86d840015.elf', '/tmp/0ecbde7666c6908ad07ab88479492269aa287983d0b4ad9fc01d93f86d840015.elf']
[CgroupManager] Added cgroup 24938 via bpftool
[CgroupManager] Added cgroup 25282 via bpftool
[CgroupManager] Added cgroup 25196 via bpftool
[EventRouter] DEBUG: EXEC #34 filename='/bin/true', triggers=['be566cae4c72407fb941f016f623a61632b5a0f79fefc6bd151a62a8429bbb39.elf', '/tmp/be566cae4c72407fb941f016f623a61632b5a0f79fefc6bd151a62a8429bbb39.elf']
[EventRouter] DEBUG: EXEC #35 filename='/bin/true', triggers=['fd4c9919831ac5769f3bf1d85ac1f7b2185ed6f66d3cfb5a41410601fdaf0987.elf', '/tmp/fd4c9919831ac5769f3bf1d85ac1f7b2185ed6f66d3cfb5a41410601fdaf0987.elf']
[EventRouter] DEBUG: EXEC #49 filename='/bin/true', triggers=['c6303c34f32a404136cdfe15984eed1fa15dbb8b933f0cbceab99fe110a4663b.elf', '/tmp/c6303c34f32a404136cdfe15984eed1fa15dbb8b933f0cbceab99fe110a4663b.elf']
[EventRouter] DEBUG: EXEC #50 filename='/bin/true', triggers=['60911b256b887489979901ef45930afd22d3556cefc3980bae9cefb44cb1362f.elf', '/tmp/60911b256b887489979901ef45930afd22d3556cefc3980bae9cefb44cb1362f.elf']
[EventRouter] ARM detected at event 89 for cgroup 25024
[EventRouter] Discarded 88 pre-ARM events for cgroup 25024
[EventRouter] ARM detected at event 106 for cgroup 25110
[EventRouter] Discarded 105 pre-ARM events for cgroup 25110
[DOCKER] Container exit code: 0
[DOCKER][STDOUT] BEGIN
RTNETLINK1 answers: No such file or directory
0ecbde7666c6908ad07ab88479492269aa287983d0b4ad9fc01d93f86d840015.elf: error talking to the kernel via netlink
[DOCKER][STDOUT] END
[DOCKER] Raw stdout saved: ../ELF_samples/benign_report/x86_64_add/raw/0ecbde7666c6908ad07ab88479492269aa287983d0b4ad9fc01d93f86d840015.elf_2026-01-29_21-31-00_08ce2be7_container_stdout.txt
[DOCKER] Container exit code: 0
[EventRouter] ARM detected at event 89 for cgroup 24938
[EventRouter] Discarded 88 pre-ARM events for cgroup 24938
[EventRouter] ARM detected at event 120 for cgroup 25196
[EventRouter] Discarded 119 pre-ARM events for cgroup 25196
[DOCKER] Container exit code: 1
[DOCKER][STDOUT] BEGIN
/tmp/be566cae4c72407fb941f016f623a61632b5a0f79fefc6bd151a62a8429bbb39.elf: missing operand
Try '/tmp/be566cae4c72407fb941f016f623a61632b5a0f79fefc6bd151a62a8429bbb39.elf --help' for more information.
[DOCKER][STDOUT] END
[DOCKER] Raw stdout saved: ../ELF_samples/benign_report/x86_64_add/raw/be566cae4c72407fb941f016f623a61632b5a0f79fefc6bd151a62a8429bbb39.elf_2026-01-29_21-31-00_1495e1a8_container_stdout.txt
[DOCKER] Container exit code: 0
[DOCKER][STDOUT] BEGIN
      0       0       0
[DOCKER][STDOUT] END
[DOCKER] Raw stdout saved: ../ELF_samples/benign_report/x86_64_add/raw/c6303c34f32a404136cdfe15984eed1fa15dbb8b933f0cbceab99fe110a4663b.elf_2026-01-29_21-31-00_0b18a4d2_container_stdout.txt
[EventRouter] ARM detected at event 121 for cgroup 25282
[EventRouter] Discarded 120 pre-ARM events for cgroup 25282
[DOCKER] Container exit code: 0
[DOCKER][STDOUT] BEGIN
Utmp dump of /dev/stdin
[DOCKER][STDOUT] END
[DOCKER] Raw stdout saved: ../ELF_samples/benign_report/x86_64_add/raw/60911b256b887489979901ef45930afd22d3556cefc3980bae9cefb44cb1362f.elf_2026-01-29_21-31-00_e0369e99_container_stdout.txt
[POOL] Collected 27 events for analysis (read from log file)
[POOL] Running analyzers on 27 events for 0ecbde7666c6908ad07ab88479492269aa287983d0b4ad9fc01d93f86d840015.elf
[POOL] Analysis completed: 1 findings in 0.00s (23114 events/s)
[AI-Integration] Submitted task: 08ce2be7
[AI] 08ce2be7 queued for DeepSeek analysis
[POOL] Collected 7 events for analysis (read from log file)
[POOL] Running analyzers on 7 events for fd4c9919831ac5769f3bf1d85ac1f7b2185ed6f66d3cfb5a41410601fdaf0987.elf
[POOL] Analysis completed: 0 findings in 0.00s (6534 events/s)
[AI-Integration] Submitted task: b1784d18
[AI] b1784d18 queued for DeepSeek analysis
[POOL] Collected 11 events for analysis (read from log file)
[POOL] Running analyzers on 11 events for be566cae4c72407fb941f016f623a61632b5a0f79fefc6bd151a62a8429bbb39.elf
[POOL] Analysis completed: 0 findings in 0.00s (10195 events/s)
[AI-Integration] Submitted task: 1495e1a8
[AI] 1495e1a8 queued for DeepSeek analysis
[POOL] Collected 8 events for analysis (read from log file)
[POOL] Running analyzers on 8 events for c6303c34f32a404136cdfe15984eed1fa15dbb8b933f0cbceab99fe110a4663b.elf
[POOL] Analysis completed: 0 findings in 0.00s (7627 events/s)
[AI-Integration] Submitted task: 0b18a4d2
[AI] 0b18a4d2 queued for DeepSeek analysis
[CgroupManager] Removed cgroup 25110 via bpftool
[POOL] Cleanup scheduled for 6764298ed319
[DockerWorker-0] ✓ Completed: fd4c9919831ac5769f3bf1d85ac1f7b2185ed6f66d3cfb5a41410601fdaf0987.elf (7 events) (1.18s)
[DockerWorker-0] Starting: 010a01ff7b36e81d91500f83eb063efd020f43f172a8414148ff7c58e7112c67.elf (62_64bit)
[ANALYSISLOG] 010a01ff7b36e81d91500f83eb063efd020f43f172a8414148ff7c58e7112c67.elf -> ../ELF_samples/benign_report/x86_64_add/raw/010a01ff7b36e81d91500f83eb063efd020f43f172a8414148ff7c58e7112c67.elf_2026-01-29_21-31-01_4d14ab0f.jsonl
[DOCKER] Selected image for libc=glibc: amd64/ubuntu:24.04
[CgroupManager] Removed cgroup 25024 via bpftool
[POOL] Cleanup scheduled for 31330f324d55
[DockerWorker-3] ✓ Completed: 0ecbde7666c6908ad07ab88479492269aa287983d0b4ad9fc01d93f86d840015.elf (27 events) (1.17s)
[DockerWorker-3] Starting: af29db3e56c1a25f41e552060f39afa8703330dc92693fa4b8e89e35ea18e7c6.elf (62_64bit)
[ANALYSISLOG] af29db3e56c1a25f41e552060f39afa8703330dc92693fa4b8e89e35ea18e7c6.elf -> ../ELF_samples/benign_report/x86_64_add/raw/af29db3e56c1a25f41e552060f39afa8703330dc92693fa4b8e89e35ea18e7c6.elf_2026-01-29_21-31-01_634afe66.jsonl
[DOCKER] Selected image for libc=glibc: amd64/ubuntu:24.04
[POOL] Collected 8 events for analysis (read from log file)
[POOL] Running analyzers on 8 events for 60911b256b887489979901ef45930afd22d3556cefc3980bae9cefb44cb1362f.elf
[POOL] Analysis completed: 0 findings in 0.00s (7461 events/s)
[AI-Integration] Submitted task: e0369e99
[AI] e0369e99 queued for DeepSeek analysis
[CgroupManager] Removed cgroup 25196 via bpftool
[POOL] Cleanup scheduled for e84238c1c2d6
[DockerWorker-1] ✓ Completed: c6303c34f32a404136cdfe15984eed1fa15dbb8b933f0cbceab99fe110a4663b.elf (8 events) (1.18s)
[DockerWorker-1] Starting: 573bed76a5b9ba0950ca36273a02d6f9b07f9aeed905af4a254d2924a275baf5.elf (62_64bit)
[CgroupManager] Removed cgroup 24938 via bpftool
[POOL] Cleanup scheduled for f6327df8e82d
[DockerWorker-5] ✓ Completed: be566cae4c72407fb941f016f623a61632b5a0f79fefc6bd151a62a8429bbb39.elf (11 events) (1.19s)
[DockerWorker-5] Starting: 1fed3d061e7dbc1afa08563d1616a506c1a76dca674c8fb323f2234ca888bf64.elf (62_64bit)
[ANALYSISLOG] 1fed3d061e7dbc1afa08563d1616a506c1a76dca674c8fb323f2234ca888bf64.elf -> ../ELF_samples/benign_report/x86_64_add/raw/1fed3d061e7dbc1afa08563d1616a506c1a76dca674c8fb323f2234ca888bf64.elf_2026-01-29_21-31-01_4b89892f.jsonl
[DOCKER] Selected image for libc=glibc: amd64/ubuntu:24.04
[ANALYSISLOG] 573bed76a5b9ba0950ca36273a02d6f9b07f9aeed905af4a254d2924a275baf5.elf -> ../ELF_samples/benign_report/x86_64_add/raw/573bed76a5b9ba0950ca36273a02d6f9b07f9aeed905af4a254d2924a275baf5.elf_2026-01-29_21-31-01_7e0350d0.jsonl
[DOCKER] Selected image for libc=glibc: amd64/ubuntu:24.04
[CgroupManager] Removed cgroup 25282 via bpftool
[POOL] Cleanup scheduled for f25ab95ffd1c
[DockerWorker-2] ✓ Completed: 60911b256b887489979901ef45930afd22d3556cefc3980bae9cefb44cb1362f.elf (8 events) (1.20s)
[DockerWorker-2] Starting: edb1fd3848d70719adfff094d2c7ed862d30a4fbe0dc98298106ae5b91f95efd.elf (62_64bit)
[ANALYSISLOG] edb1fd3848d70719adfff094d2c7ed862d30a4fbe0dc98298106ae5b91f95efd.elf -> ../ELF_samples/benign_report/x86_64_add/raw/edb1fd3848d70719adfff094d2c7ed862d30a4fbe0dc98298106ae5b91f95efd.elf_2026-01-29_21-31-01_4e795f97.jsonl
[DOCKER] Selected image for libc=glibc: amd64/ubuntu:24.04
[CgroupManager] Added cgroup 25454 via bpftool
[CgroupManager] Added cgroup 25368 via bpftool
[CgroupManager] Added cgroup 25712 via bpftool
[EventRouter] DEBUG: EXEC #33 filename='/bin/true', triggers=['1fed3d061e7dbc1afa08563d1616a506c1a76dca674c8fb323f2234ca888bf64.elf', '/tmp/1fed3d061e7dbc1afa08563d1616a506c1a76dca674c8fb323f2234ca888bf64.elf']
[CgroupManager] Added cgroup 25540 via bpftool
[CgroupManager] Added cgroup 25626 via bpftool
[EventRouter] DEBUG: EXEC #50 filename='/bin/true', triggers=['573bed76a5b9ba0950ca36273a02d6f9b07f9aeed905af4a254d2924a275baf5.elf', '/tmp/573bed76a5b9ba0950ca36273a02d6f9b07f9aeed905af4a254d2924a275baf5.elf']
[EventRouter] DEBUG: EXEC #49 filename='/bin/true', triggers=['edb1fd3848d70719adfff094d2c7ed862d30a4fbe0dc98298106ae5b91f95efd.elf', '/tmp/edb1fd3848d70719adfff094d2c7ed862d30a4fbe0dc98298106ae5b91f95efd.elf']
[EventRouter] DEBUG: EXEC #33 filename='/bin/true', triggers=['010a01ff7b36e81d91500f83eb063efd020f43f172a8414148ff7c58e7112c67.elf', '/tmp/010a01ff7b36e81d91500f83eb063efd020f43f172a8414148ff7c58e7112c67.elf']
[EventRouter] DEBUG: EXEC #34 filename='/bin/true', triggers=['af29db3e56c1a25f41e552060f39afa8703330dc92693fa4b8e89e35ea18e7c6.elf', '/tmp/af29db3e56c1a25f41e552060f39afa8703330dc92693fa4b8e89e35ea18e7c6.elf']
[EventRouter] ARM detected at event 104 for cgroup 25626
[EventRouter] Discarded 103 pre-ARM events for cgroup 25626
[EventRouter] ARM detected at event 88 for cgroup 25454
[EventRouter] Discarded 87 pre-ARM events for cgroup 25454
[EventRouter] ARM detected at event 106 for cgroup 25712
[EventRouter] Discarded 105 pre-ARM events for cgroup 25712
[EventRouter] ARM detected at event 104 for cgroup 25368
[EventRouter] Discarded 103 pre-ARM events for cgroup 25368
[DOCKER] Container exit code: 1
[DOCKER][STDOUT] BEGIN
010a01ff7b36e81d91500f83eb063efd020f43f172a8414148ff7c58e7112c67.elf: no PID or COMMAND specified
Try '010a01ff7b36e81d91500f83eb063efd020f43f172a8414148ff7c58e7112c67.elf --help' for more information.
[DOCKER][STDOUT] END
[DOCKER] Raw stdout saved: ../ELF_samples/benign_report/x86_64_add/raw/010a01ff7b36e81d91500f83eb063efd020f43f172a8414148ff7c58e7112c67.elf_2026-01-29_21-31-01_4d14ab0f_container_stdout.txt
[DOCKER] Container exit code: 0
[DOCKER] Container exit code: 1
[DOCKER][STDOUT] BEGIN
edb1fd3848d70719adfff094d2c7ed862d30a4fbe0dc98298106ae5b91f95efd.elf: bad usage
Try 'edb1fd3848d70719adfff094d2c7ed862d30a4fbe0dc98298106ae5b91f95efd.elf --help' for more information.
[DOCKER][STDOUT] END
[DOCKER] Container exit code: 1
[DOCKER][STDOUT] BEGIN
573bed76a5b9ba0950ca36273a02d6f9b07f9aeed905af4a254d2924a275baf5.elf: not enough arguments
Try '573bed76a5b9ba0950ca36273a02d6f9b07f9aeed905af4a254d2924a275baf5.elf --help' for more information.
[DOCKER][STDOUT] END
[DOCKER] Raw stdout saved: ../ELF_samples/benign_report/x86_64_add/raw/edb1fd3848d70719adfff094d2c7ed862d30a4fbe0dc98298106ae5b91f95efd.elf_2026-01-29_21-31-01_4e795f97_container_stdout.txt
[DOCKER] Raw stdout saved: ../ELF_samples/benign_report/x86_64_add/raw/573bed76a5b9ba0950ca36273a02d6f9b07f9aeed905af4a254d2924a275baf5.elf_2026-01-29_21-31-01_7e0350d0_container_stdout.txt
[EventRouter] ARM detected at event 105 for cgroup 25540
[EventRouter] Discarded 104 pre-ARM events for cgroup 25540
[DOCKER] Container exit code: 0
[DOCKER][STDOUT] BEGIN
RESOURCE DESCRIPTION                                              LIMIT USED  USE%
MSGMNI   Number of message queues                                 32000    0 0.00%
MSGMAX   Max size of message (bytes)                               8192    -     -
MSGMNB   Default max size of queue (bytes)                        16384    -     -
SHMMNI   Shared memory segments                                    4096    0 0.00%
SHMALL   Shared memory pages                       18446744073692774399    0 0.00%
SHMMAX   Max size of shared memory segment (bytes) 18446744073692774399    -     -
SHMMIN   Min size of shared memory segment (bytes)                    1    -     -
SEMMNI   Number of semaphore identifiers                          32000    0 0.00%
SEMMNS   Total number of semaphores                          1024000000    0 0.00%
SEMMSL   Max semaphores per semaphore set.                        32000    -     -
SEMOPM   Max number of operations per semop(2)                      500    -     -
SEMVMX   Semaphore max value                                      32767    -     -
[DOCKER][STDOUT] END
[DOCKER] Raw stdout saved: ../ELF_samples/benign_report/x86_64_add/raw/af29db3e56c1a25f41e552060f39afa8703330dc92693fa4b8e89e35ea18e7c6.elf_2026-01-29_21-31-01_634afe66_container_stdout.txt
[POOL] Collected 7 events for analysis (read from log file)
[POOL] Running analyzers on 7 events for 1fed3d061e7dbc1afa08563d1616a506c1a76dca674c8fb323f2234ca888bf64.elf
[POOL] Analysis completed: 0 findings in 0.00s (6534 events/s)
[AI-Integration] Submitted task: 4b89892f
[AI] 4b89892f queued for DeepSeek analysis
[POOL] Collected 11 events for analysis (read from log file)
[POOL] Running analyzers on 11 events for 010a01ff7b36e81d91500f83eb063efd020f43f172a8414148ff7c58e7112c67.elf
[POOL] Analysis completed: 0 findings in 0.00s (10458 events/s)
[AI-Integration] Submitted task: 4d14ab0f
[AI] 4d14ab0f queued for DeepSeek analysis
[POOL] Collected 12 events for analysis (read from log file)
[POOL] Running analyzers on 12 events for edb1fd3848d70719adfff094d2c7ed862d30a4fbe0dc98298106ae5b91f95efd.elf
[POOL] Analysis completed: 0 findings in 0.00s (10860 events/s)
[AI-Integration] Submitted task: 4e795f97
[AI] 4e795f97 queued for DeepSeek analysis
[POOL] Collected 11 events for analysis (read from log file)
[POOL] Running analyzers on 11 events for 573bed76a5b9ba0950ca36273a02d6f9b07f9aeed905af4a254d2924a275baf5.elf
[POOL] Analysis completed: 0 findings in 0.00s (10327 events/s)
[AI-Integration] Submitted task: 7e0350d0
[AI] 7e0350d0 queued for DeepSeek analysis
[POOL] Collected 11 events for analysis (read from log file)
[POOL] Running analyzers on 11 events for af29db3e56c1a25f41e552060f39afa8703330dc92693fa4b8e89e35ea18e7c6.elf
[POOL] Analysis completed: 0 findings in 0.00s (10224 events/s)
[AI-Integration] Submitted task: 634afe66
[AI] 634afe66 queued for DeepSeek analysis
[CgroupManager] Removed cgroup 25626 via bpftool
[POOL] Cleanup scheduled for 9d4fbb6fb019
[DockerWorker-0] ✓ Completed: 010a01ff7b36e81d91500f83eb063efd020f43f172a8414148ff7c58e7112c67.elf (11 events) (1.17s)
[DockerWorker-0] Starting: ce5ed8d4e91be90f0003154cf59f4d3567a0c112b8f849d43d81cd4db5cdb102.elf (62_64bit)
[ANALYSISLOG] ce5ed8d4e91be90f0003154cf59f4d3567a0c112b8f849d43d81cd4db5cdb102.elf -> ../ELF_samples/benign_report/x86_64_add/raw/ce5ed8d4e91be90f0003154cf59f4d3567a0c112b8f849d43d81cd4db5cdb102.elf_2026-01-29_21-31-03_de466096.jsonl
[DOCKER] Selected image for libc=glibc: amd64/ubuntu:24.04
[CgroupManager] Removed cgroup 25712 via bpftool
[POOL] Cleanup scheduled for 9f3d01a743d5
[DockerWorker-1] ✓ Completed: 573bed76a5b9ba0950ca36273a02d6f9b07f9aeed905af4a254d2924a275baf5.elf (11 events) (1.17s)
[DockerWorker-1] Starting: 07fc72f5197d71be463d0c7a916c46cb1f63c05eb334037ae6897ef4c2004af4.elf (62_64bit)
[ANALYSISLOG] 07fc72f5197d71be463d0c7a916c46cb1f63c05eb334037ae6897ef4c2004af4.elf -> ../ELF_samples/benign_report/x86_64_add/raw/07fc72f5197d71be463d0c7a916c46cb1f63c05eb334037ae6897ef4c2004af4.elf_2026-01-29_21-31-03_833cd8a1.jsonl
[DOCKER] Selected image for libc=glibc: amd64/ubuntu:24.04
[CgroupManager] Removed cgroup 25454 via bpftool
[POOL] Cleanup scheduled for b27fd7a6fd0f
[DockerWorker-5] ✓ Completed: 1fed3d061e7dbc1afa08563d1616a506c1a76dca674c8fb323f2234ca888bf64.elf (7 events) (1.17s)
[DockerWorker-5] Starting: e2578d37634aec35c4e6462db5b6fd88197aaaddd74abd90db5df13b57738605.elf (62_64bit)
[ANALYSISLOG] e2578d37634aec35c4e6462db5b6fd88197aaaddd74abd90db5df13b57738605.elf -> ../ELF_samples/benign_report/x86_64_add/raw/e2578d37634aec35c4e6462db5b6fd88197aaaddd74abd90db5df13b57738605.elf_2026-01-29_21-31-03_dba43dc5.jsonl
[DOCKER] Selected image for libc=glibc: amd64/ubuntu:24.04
[CgroupManager] Removed cgroup 25368 via bpftool
[POOL] Cleanup scheduled for 4a12af804c98
[DockerWorker-2] ✓ Completed: edb1fd3848d70719adfff094d2c7ed862d30a4fbe0dc98298106ae5b91f95efd.elf (12 events) (1.16s)
[DockerWorker-2] Starting: 0f04e9912b1ae21506cb4f9c955e571fbee1e9ed491d03bad42e664f854c60a2.elf (62_64bit)
[ANALYSISLOG] 0f04e9912b1ae21506cb4f9c955e571fbee1e9ed491d03bad42e664f854c60a2.elf -> ../ELF_samples/benign_report/x86_64_add/raw/0f04e9912b1ae21506cb4f9c955e571fbee1e9ed491d03bad42e664f854c60a2.elf_2026-01-29_21-31-03_8af0fd05.jsonl
[DOCKER] Selected image for libc=glibc: amd64/ubuntu:24.04
[CgroupManager] Removed cgroup 25540 via bpftool
[POOL] Cleanup scheduled for 0e0b5880c343
[DockerWorker-3] ✓ Completed: af29db3e56c1a25f41e552060f39afa8703330dc92693fa4b8e89e35ea18e7c6.elf (11 events) (1.19s)
[DockerWorker-3] Starting: 724c4b2b2d96d544f3832da2d1255714408b87a38382cf570e47ee8935d33729.elf (62_64bit)
[ANALYSISLOG] 724c4b2b2d96d544f3832da2d1255714408b87a38382cf570e47ee8935d33729.elf -> ../ELF_samples/benign_report/x86_64_add/raw/724c4b2b2d96d544f3832da2d1255714408b87a38382cf570e47ee8935d33729.elf_2026-01-29_21-31-03_b9b42a73.jsonl
[DOCKER] Selected image for libc=glibc: amd64/ubuntu:24.04
[CgroupManager] Added cgroup 25798 via bpftool
[CgroupManager] Added cgroup 26142 via bpftool
[CgroupManager] Added cgroup 25884 via bpftool
[EventRouter] DEBUG: EXEC #34 filename='/bin/true', triggers=['ce5ed8d4e91be90f0003154cf59f4d3567a0c112b8f849d43d81cd4db5cdb102.elf', '/tmp/ce5ed8d4e91be90f0003154cf59f4d3567a0c112b8f849d43d81cd4db5cdb102.elf']
[CgroupManager] Added cgroup 26056 via bpftool
[CgroupManager] Added cgroup 25970 via bpftool
[EventRouter] DEBUG: EXEC #49 filename='/bin/true', triggers=['e2578d37634aec35c4e6462db5b6fd88197aaaddd74abd90db5df13b57738605.elf', '/tmp/e2578d37634aec35c4e6462db5b6fd88197aaaddd74abd90db5df13b57738605.elf']
[EventRouter] DEBUG: EXEC #34 filename='/bin/true', triggers=['07fc72f5197d71be463d0c7a916c46cb1f63c05eb334037ae6897ef4c2004af4.elf', '/tmp/07fc72f5197d71be463d0c7a916c46cb1f63c05eb334037ae6897ef4c2004af4.elf']
[EventRouter] DEBUG: EXEC #49 filename='/bin/true', triggers=['0f04e9912b1ae21506cb4f9c955e571fbee1e9ed491d03bad42e664f854c60a2.elf', '/tmp/0f04e9912b1ae21506cb4f9c955e571fbee1e9ed491d03bad42e664f854c60a2.elf']
[EventRouter] ARM detected at event 89 for cgroup 25798
[EventRouter] Discarded 88 pre-ARM events for cgroup 25798
[DOCKER] Container exit code: 0
[DOCKER][STDOUT] BEGIN
Linux
[DOCKER][STDOUT] END
[DOCKER] Raw stdout saved: ../ELF_samples/benign_report/x86_64_add/raw/ce5ed8d4e91be90f0003154cf59f4d3567a0c112b8f849d43d81cd4db5cdb102.elf_2026-01-29_21-31-03_de466096_container_stdout.txt
[EventRouter] ARM detected at event 137 for cgroup 26142
[EventRouter] Discarded 136 pre-ARM events for cgroup 26142
[DOCKER] Container exit code: 1
[DOCKER][STDOUT] BEGIN
/tmp/724c4b2b2d96d544f3832da2d1255714408b87a38382cf570e47ee8935d33729.elf: missing file operand
Try '/tmp/724c4b2b2d96d544f3832da2d1255714408b87a38382cf570e47ee8935d33729.elf --help' for more information.
[DOCKER][STDOUT] END
[DOCKER] Raw stdout saved: ../ELF_samples/benign_report/x86_64_add/raw/724c4b2b2d96d544f3832da2d1255714408b87a38382cf570e47ee8935d33729.elf_2026-01-29_21-31-03_b9b42a73_container_stdout.txt
[EventRouter] ARM detected at event 89 for cgroup 25884
[EventRouter] Discarded 88 pre-ARM events for cgroup 25884
[EventRouter] ARM detected at event 104 for cgroup 25970
[EventRouter] Discarded 103 pre-ARM events for cgroup 25970
[DOCKER] Container exit code: 0
[DOCKER] Container exit code: 1
[DOCKER][STDOUT] BEGIN
/tmp/07fc72f5197d71be463d0c7a916c46cb1f63c05eb334037ae6897ef4c2004af4.elf: missing operand
Try '/tmp/07fc72f5197d71be463d0c7a916c46cb1f63c05eb334037ae6897ef4c2004af4.elf --help' for more information.
[DOCKER][STDOUT] END
[DOCKER] Raw stdout saved: ../ELF_samples/benign_report/x86_64_add/raw/07fc72f5197d71be463d0c7a916c46cb1f63c05eb334037ae6897ef4c2004af4.elf_2026-01-29_21-31-03_833cd8a1_container_stdout.txt
[EventRouter] ARM detected at event 120 for cgroup 26056
[EventRouter] Discarded 119 pre-ARM events for cgroup 26056
[DOCKER] Container exit code: 0
[POOL] Collected 8 events for analysis (read from log file)
[POOL] Running analyzers on 8 events for ce5ed8d4e91be90f0003154cf59f4d3567a0c112b8f849d43d81cd4db5cdb102.elf
[POOL] Analysis completed: 0 findings in 0.00s (7424 events/s)
[AI-Integration] Submitted task: de466096
[AI] de466096 queued for DeepSeek analysis
[POOL] Collected 11 events for analysis (read from log file)
[POOL] Running analyzers on 11 events for 724c4b2b2d96d544f3832da2d1255714408b87a38382cf570e47ee8935d33729.elf
[POOL] Analysis completed: 0 findings in 0.00s (10101 events/s)
[AI-Integration] Submitted task: b9b42a73
[AI] b9b42a73 queued for DeepSeek analysis
[CgroupManager] Removed cgroup 25798 via bpftool
[POOL] Cleanup scheduled for 909c219a9318
[DockerWorker-0] ✓ Completed: ce5ed8d4e91be90f0003154cf59f4d3567a0c112b8f849d43d81cd4db5cdb102.elf (8 events) (1.15s)
[DockerWorker-0] Starting: dc84ecb58729383d472d0af7221c744a6e0d07a6792023b7df4a208d067dfbd5.elf (62_64bit)
[ANALYSISLOG] dc84ecb58729383d472d0af7221c744a6e0d07a6792023b7df4a208d067dfbd5.elf -> ../ELF_samples/benign_report/x86_64_add/raw/dc84ecb58729383d472d0af7221c744a6e0d07a6792023b7df4a208d067dfbd5.elf_2026-01-29_21-31-04_c60adcef.jsonl
[DOCKER] Selected image for libc=glibc: amd64/ubuntu:24.04
[POOL] Collected 11 events for analysis (read from log file)
[POOL] Running analyzers on 11 events for 07fc72f5197d71be463d0c7a916c46cb1f63c05eb334037ae6897ef4c2004af4.elf
[POOL] Analysis completed: 0 findings in 0.00s (10258 events/s)
[AI-Integration] Submitted task: 833cd8a1
[AI] 833cd8a1 queued for DeepSeek analysis
[POOL] Collected 7 events for analysis (read from log file)
[POOL] Running analyzers on 7 events for e2578d37634aec35c4e6462db5b6fd88197aaaddd74abd90db5df13b57738605.elf
[POOL] Analysis completed: 0 findings in 0.00s (6738 events/s)
[AI-Integration] Submitted task: dba43dc5
[AI] dba43dc5 queued for DeepSeek analysis
[POOL] Collected 7 events for analysis (read from log file)
[POOL] Running analyzers on 7 events for 0f04e9912b1ae21506cb4f9c955e571fbee1e9ed491d03bad42e664f854c60a2.elf
[POOL] Analysis completed: 0 findings in 0.00s (6535 events/s)
[AI-Integration] Submitted task: 8af0fd05
[AI] 8af0fd05 queued for DeepSeek analysis
[CgroupManager] Removed cgroup 26142 via bpftool
[POOL] Cleanup scheduled for ca1325531a2e
[DockerWorker-3] ✓ Completed: 724c4b2b2d96d544f3832da2d1255714408b87a38382cf570e47ee8935d33729.elf (11 events) (1.18s)
[DockerWorker-3] Starting: 7125de8b3f14bf8699a3f8ae91815386f38ad6ddc237c6b0e6d99e959941a7af.elf (62_64bit)
[ANALYSISLOG] 7125de8b3f14bf8699a3f8ae91815386f38ad6ddc237c6b0e6d99e959941a7af.elf -> ../ELF_samples/benign_report/x86_64_add/raw/7125de8b3f14bf8699a3f8ae91815386f38ad6ddc237c6b0e6d99e959941a7af.elf_2026-01-29_21-31-04_b2b762b0.jsonl
[DOCKER] Selected image for libc=glibc: amd64/ubuntu:24.04
[CgroupManager] Removed cgroup 25970 via bpftool
[CgroupManager] Removed cgroup 25884 via bpftool
[POOL] Cleanup scheduled for e4d51b868f8f
[DockerWorker-1] ✓ Completed: 07fc72f5197d71be463d0c7a916c46cb1f63c05eb334037ae6897ef4c2004af4.elf (11 events) (1.21s)
[DockerWorker-1] Starting: eddb9a7c442bf7bc48049e1efdce551dc38e0b85f4861fd40875aa4cc3566826.elf (62_64bit)
[ANALYSISLOG] eddb9a7c442bf7bc48049e1efdce551dc38e0b85f4861fd40875aa4cc3566826.elf -> ../ELF_samples/benign_report/x86_64_add/raw/eddb9a7c442bf7bc48049e1efdce551dc38e0b85f4861fd40875aa4cc3566826.elf_2026-01-29_21-31-04_9ec4e109.jsonl
[DOCKER] Selected image for libc=glibc: amd64/ubuntu:24.04
[CgroupManager] Removed cgroup 26056 via bpftool
[POOL] Cleanup scheduled for 99b9f63f4ad7
[DockerWorker-2] ✓ Completed: 0f04e9912b1ae21506cb4f9c955e571fbee1e9ed491d03bad42e664f854c60a2.elf (7 events) (1.20s)
[DockerWorker-2] Starting: 89e85a96370a4c84f2e619ba05a677682b8fdc213ed3763a36afafb66df1bcf0.elf (62_64bit)
[ANALYSISLOG] 89e85a96370a4c84f2e619ba05a677682b8fdc213ed3763a36afafb66df1bcf0.elf -> ../ELF_samples/benign_report/x86_64_add/raw/89e85a96370a4c84f2e619ba05a677682b8fdc213ed3763a36afafb66df1bcf0.elf_2026-01-29_21-31-04_fc963687.jsonl
[DOCKER] Selected image for libc=glibc: amd64/ubuntu:24.04
[POOL] Cleanup scheduled for 3572edea689b
[DockerWorker-5] ✓ Completed: e2578d37634aec35c4e6462db5b6fd88197aaaddd74abd90db5df13b57738605.elf (7 events) (1.21s)
[DockerWorker-5] Starting: 9bd2d5e2167f6bc68767069ab3c09b459ef9b6cbac30f925398b8a01f30e4be4.elf (62_64bit)
[ANALYSISLOG] 9bd2d5e2167f6bc68767069ab3c09b459ef9b6cbac30f925398b8a01f30e4be4.elf -> ../ELF_samples/benign_report/x86_64_add/raw/9bd2d5e2167f6bc68767069ab3c09b459ef9b6cbac30f925398b8a01f30e4be4.elf_2026-01-29_21-31-04_24d55457.jsonl
[DOCKER] Selected image for libc=glibc: amd64/ubuntu:24.04
[CgroupManager] Added cgroup 26314 via bpftool
[CgroupManager] Added cgroup 26400 via bpftool
[EventRouter] DEBUG: EXEC #33 filename='/bin/true', triggers=['dc84ecb58729383d472d0af7221c744a6e0d07a6792023b7df4a208d067dfbd5.elf', '/tmp/dc84ecb58729383d472d0af7221c744a6e0d07a6792023b7df4a208d067dfbd5.elf']
[EventRouter] DEBUG: EXEC #33 filename='/bin/true', triggers=['7125de8b3f14bf8699a3f8ae91815386f38ad6ddc237c6b0e6d99e959941a7af.elf', '/tmp/7125de8b3f14bf8699a3f8ae91815386f38ad6ddc237c6b0e6d99e959941a7af.elf']
[CgroupManager] Added cgroup 26486 via bpftool
[CgroupManager] Added cgroup 26658 via bpftool
[CgroupManager] Added cgroup 26572 via bpftool
[EventRouter] DEBUG: EXEC #34 filename='/bin/true', triggers=['eddb9a7c442bf7bc48049e1efdce551dc38e0b85f4861fd40875aa4cc3566826.elf', '/tmp/eddb9a7c442bf7bc48049e1efdce551dc38e0b85f4861fd40875aa4cc3566826.elf']
[EventRouter] DEBUG: EXEC #50 filename='/bin/true', triggers=['89e85a96370a4c84f2e619ba05a677682b8fdc213ed3763a36afafb66df1bcf0.elf', '/tmp/89e85a96370a4c84f2e619ba05a677682b8fdc213ed3763a36afafb66df1bcf0.elf']
[EventRouter] ARM detected at event 88 for cgroup 26400
[EventRouter] Discarded 87 pre-ARM events for cgroup 26400
[DOCKER] Container exit code: 0
[DOCKER][STDOUT] BEGIN
total 212
-rwxrwxrwx 1 ubuntu ubuntu 214040 Jan 29 13:24 7125de8b3f14bf8699a3f8ae91815386f38ad6ddc237c6b0e6d99e959941a7af.elf
[DOCKER][STDOUT] END
[DOCKER] Raw stdout saved: ../ELF_samples/benign_report/x86_64_add/raw/7125de8b3f14bf8699a3f8ae91815386f38ad6ddc237c6b0e6d99e959941a7af.elf_2026-01-29_21-31-04_b2b762b0_container_stdout.txt
[EventRouter] ARM detected at event 88 for cgroup 26314
[EventRouter] Discarded 87 pre-ARM events for cgroup 26314
[DOCKER] Container exit code: 0
[DOCKER][STDOUT] BEGIN
        NS TYPE   NPROCS PID USER COMMAND
4026531837 user        4   1 root /sbin/docker-init -- sleep 300
4026533348 mnt         4   1 root /sbin/docker-init -- sleep 300
4026533352 uts         4   1 root /sbin/docker-init -- sleep 300
4026533362 ipc         4   1 root /sbin/docker-init -- sleep 300
4026533363 pid         4   1 root /sbin/docker-init -- sleep 300
4026533373 cgroup      4   1 root /sbin/docker-init -- sleep 300
4026533375 net         4   1 root /sbin/docker-init -- sleep 300
[DOCKER][STDOUT] END
[DOCKER] Raw stdout saved: ../ELF_samples/benign_report/x86_64_add/raw/dc84ecb58729383d472d0af7221c744a6e0d07a6792023b7df4a208d067dfbd5.elf_2026-01-29_21-31-04_c60adcef_container_stdout.txt
[EventRouter] ARM detected at event 90 for cgroup 26486
[EventRouter] Discarded 89 pre-ARM events for cgroup 26486
[EventRouter] ARM detected at event 107 for cgroup 26572
[EventRouter] Discarded 106 pre-ARM events for cgroup 26572
[EventRouter] ARM detected at event 106 for cgroup 26658
[EventRouter] Discarded 105 pre-ARM events for cgroup 26658
[DOCKER] Container exit code: 1
[DOCKER][STDOUT] BEGIN
/tmp/9bd2d5e2167f6bc68767069ab3c09b459ef9b6cbac30f925398b8a01f30e4be4.elf: missing operand
Try '/tmp/9bd2d5e2167f6bc68767069ab3c09b459ef9b6cbac30f925398b8a01f30e4be4.elf --help' for more information.
[DOCKER][STDOUT] END
[DOCKER] Raw stdout saved: ../ELF_samples/benign_report/x86_64_add/raw/9bd2d5e2167f6bc68767069ab3c09b459ef9b6cbac30f925398b8a01f30e4be4.elf_2026-01-29_21-31-04_24d55457_container_stdout.txt
[DOCKER] Container exit code: 0
[DOCKER][STDOUT] BEGIN
NAME      TYPE SIZE USED PRIO
/swap.img file   8G   0B   -2
[DOCKER][STDOUT] END
[DOCKER] Raw stdout saved: ../ELF_samples/benign_report/x86_64_add/raw/89e85a96370a4c84f2e619ba05a677682b8fdc213ed3763a36afafb66df1bcf0.elf_2026-01-29_21-31-04_fc963687_container_stdout.txt
[POOL] Collected 20 events for analysis (read from log file)
[POOL] Running analyzers on 20 events for 7125de8b3f14bf8699a3f8ae91815386f38ad6ddc237c6b0e6d99e959941a7af.elf
[POOL] Analysis completed: 0 findings in 0.00s (18179 events/s)
[AI-Integration] Submitted task: b2b762b0
[AI] b2b762b0 queued for DeepSeek analysis
[POOL] Collected 20 events for analysis (read from log file)
[POOL] Running analyzers on 20 events for dc84ecb58729383d472d0af7221c744a6e0d07a6792023b7df4a208d067dfbd5.elf
[POOL] Analysis completed: 0 findings in 0.00s (18112 events/s)
[AI-Integration] Submitted task: c60adcef
[AI] c60adcef queued for DeepSeek analysis
[CgroupManager] Removed cgroup 26400 via bpftool
[POOL] Cleanup scheduled for 0f9048e6326e
[DockerWorker-3] ✓ Completed: 7125de8b3f14bf8699a3f8ae91815386f38ad6ddc237c6b0e6d99e959941a7af.elf (20 events) (1.14s)
[DockerWorker-3] Starting: b4daddf3c19d4a4ca16e4e16e70f5023fb2db0c116fc2076635bfbb685723880.elf (62_64bit)
[ANALYSISLOG] b4daddf3c19d4a4ca16e4e16e70f5023fb2db0c116fc2076635bfbb685723880.elf -> ../ELF_samples/benign_report/x86_64_add/raw/b4daddf3c19d4a4ca16e4e16e70f5023fb2db0c116fc2076635bfbb685723880.elf_2026-01-29_21-31-05_085f5e71.jsonl
[DOCKER] Selected image for libc=glibc: amd64/ubuntu:24.04
[CgroupManager] Removed cgroup 26314 via bpftool
[POOL] Cleanup scheduled for c39e19beaada
[DockerWorker-0] ✓ Completed: dc84ecb58729383d472d0af7221c744a6e0d07a6792023b7df4a208d067dfbd5.elf (20 events) (1.22s)
[DockerWorker-0] Starting: a9457f46685fa5d3458f89f4f75e101c2c88c7177f2fb33e878e2342eab3ae70.elf (62_64bit)
[ANALYSISLOG] a9457f46685fa5d3458f89f4f75e101c2c88c7177f2fb33e878e2342eab3ae70.elf -> ../ELF_samples/benign_report/x86_64_add/raw/a9457f46685fa5d3458f89f4f75e101c2c88c7177f2fb33e878e2342eab3ae70.elf_2026-01-29_21-31-05_65c3e5ec.jsonl
[DOCKER] Selected image for libc=glibc: amd64/ubuntu:24.04
[POOL] Collected 11 events for analysis (read from log file)
[POOL] Running analyzers on 11 events for 9bd2d5e2167f6bc68767069ab3c09b459ef9b6cbac30f925398b8a01f30e4be4.elf
[POOL] Analysis completed: 0 findings in 0.00s (10288 events/s)
[AI-Integration] Submitted task: 24d55457
[AI] 24d55457 queued for DeepSeek analysis
[POOL] Collected 11 events for analysis (read from log file)
[POOL] Running analyzers on 11 events for 89e85a96370a4c84f2e619ba05a677682b8fdc213ed3763a36afafb66df1bcf0.elf
[POOL] Analysis completed: 0 findings in 0.00s (10193 events/s)
[AI-Integration] Submitted task: fc963687
[AI] fc963687 queued for DeepSeek analysis
[CgroupManager] Removed cgroup 26658 via bpftool
[POOL] Cleanup scheduled for ba86d1253f90
[DockerWorker-2] ✓ Completed: 89e85a96370a4c84f2e619ba05a677682b8fdc213ed3763a36afafb66df1bcf0.elf (11 events) (1.22s)
[DockerWorker-2] Starting: 142d5ac3536a4a27e525e3f804ea38ea9433f48dacebe60691f9dde088843b4e.elf (62_64bit)
[ANALYSISLOG] 142d5ac3536a4a27e525e3f804ea38ea9433f48dacebe60691f9dde088843b4e.elf -> ../ELF_samples/benign_report/x86_64_add/raw/142d5ac3536a4a27e525e3f804ea38ea9433f48dacebe60691f9dde088843b4e.elf_2026-01-29_21-31-05_66064ac7.jsonl
[DOCKER] Selected image for libc=glibc: amd64/ubuntu:24.04
[CgroupManager] Removed cgroup 26572 via bpftool
[POOL] Cleanup scheduled for a7b7d1e7b999
[DockerWorker-5] ✓ Completed: 9bd2d5e2167f6bc68767069ab3c09b459ef9b6cbac30f925398b8a01f30e4be4.elf (11 events) (1.24s)
[DockerWorker-5] Starting: 79a997598948cd82885041c21eb581fd0f9c0ff1fb95860d1a766fd12d1b6ecf.elf (62_64bit)
[ANALYSISLOG] 79a997598948cd82885041c21eb581fd0f9c0ff1fb95860d1a766fd12d1b6ecf.elf -> ../ELF_samples/benign_report/x86_64_add/raw/79a997598948cd82885041c21eb581fd0f9c0ff1fb95860d1a766fd12d1b6ecf.elf_2026-01-29_21-31-05_7412a825.jsonl
[DOCKER] Selected image for libc=glibc: amd64/ubuntu:24.04
[CgroupManager] Added cgroup 26744 via bpftool
[EventRouter] DEBUG: EXEC #34 filename='/bin/true', triggers=['b4daddf3c19d4a4ca16e4e16e70f5023fb2db0c116fc2076635bfbb685723880.elf', '/tmp/b4daddf3c19d4a4ca16e4e16e70f5023fb2db0c116fc2076635bfbb685723880.elf']
[CgroupManager] Added cgroup 26830 via bpftool
[CgroupManager] Added cgroup 26916 via bpftool
[CgroupManager] Added cgroup 27002 via bpftool
[EventRouter] DEBUG: EXEC #34 filename='/bin/true', triggers=['a9457f46685fa5d3458f89f4f75e101c2c88c7177f2fb33e878e2342eab3ae70.elf', '/tmp/a9457f46685fa5d3458f89f4f75e101c2c88c7177f2fb33e878e2342eab3ae70.elf']
[EventRouter] DEBUG: EXEC #32 filename='/bin/true', triggers=['142d5ac3536a4a27e525e3f804ea38ea9433f48dacebe60691f9dde088843b4e.elf', '/tmp/142d5ac3536a4a27e525e3f804ea38ea9433f48dacebe60691f9dde088843b4e.elf']
[EventRouter] ARM detected at event 105 for cgroup 26744
[EventRouter] Discarded 104 pre-ARM events for cgroup 26744
[DOCKER] Container exit code: 1
[DOCKER][STDOUT] BEGIN
b4daddf3c19d4a4ca16e4e16e70f5023fb2db0c116fc2076635bfbb685723880.elf: no device specified
Try 'b4daddf3c19d4a4ca16e4e16e70f5023fb2db0c116fc2076635bfbb685723880.elf --help' for more information.
[DOCKER][STDOUT] END
[DOCKER] Raw stdout saved: ../ELF_samples/benign_report/x86_64_add/raw/b4daddf3c19d4a4ca16e4e16e70f5023fb2db0c116fc2076635bfbb685723880.elf_2026-01-29_21-31-05_085f5e71_container_stdout.txt
[EventRouter] DEBUG: EXEC #50 filename='/bin/true', triggers=['79a997598948cd82885041c21eb581fd0f9c0ff1fb95860d1a766fd12d1b6ecf.elf', '/tmp/79a997598948cd82885041c21eb581fd0f9c0ff1fb95860d1a766fd12d1b6ecf.elf']
[EventRouter] ARM detected at event 90 for cgroup 26830
[EventRouter] Discarded 89 pre-ARM events for cgroup 26830
[DOCKER] Container exit code: 125
[DOCKER][STDOUT] BEGIN
/tmp/a9457f46685fa5d3458f89f4f75e101c2c88c7177f2fb33e878e2342eab3ae70.elf: missing operand
Try '/tmp/a9457f46685fa5d3458f89f4f75e101c2c88c7177f2fb33e878e2342eab3ae70.elf --help' for more information.
[DOCKER][STDOUT] END
[DOCKER] Raw stdout saved: ../ELF_samples/benign_report/x86_64_add/raw/a9457f46685fa5d3458f89f4f75e101c2c88c7177f2fb33e878e2342eab3ae70.elf_2026-01-29_21-31-05_65c3e5ec_container_stdout.txt
[EventRouter] ARM detected at event 145 for cgroup 27002
[EventRouter] Discarded 144 pre-ARM events for cgroup 27002
[DOCKER] Container exit code: 1
[DOCKER][STDOUT] BEGIN
79a997598948cd82885041c21eb581fd0f9c0ff1fb95860d1a766fd12d1b6ecf.elf: cannot open /dev/watchdog: No such file or directory
[DOCKER][STDOUT] END
[DOCKER] Raw stdout saved: ../ELF_samples/benign_report/x86_64_add/raw/79a997598948cd82885041c21eb581fd0f9c0ff1fb95860d1a766fd12d1b6ecf.elf_2026-01-29_21-31-05_7412a825_container_stdout.txt
[EventRouter] ARM detected at event 89 for cgroup 26916
[EventRouter] Discarded 88 pre-ARM events for cgroup 26916
[DOCKER] Container exit code: 139
[DOCKER][STDOUT] BEGIN
Segmentation fault (core dumped)
[DOCKER][STDOUT] END
[DOCKER] Raw stdout saved: ../ELF_samples/benign_report/x86_64_add/raw/142d5ac3536a4a27e525e3f804ea38ea9433f48dacebe60691f9dde088843b4e.elf_2026-01-29_21-31-05_66064ac7_container_stdout.txt
[POOL] Fatal crash detected (exit=139) - using fast drain mode
[CgroupManager] Removed cgroup 26916 via bpftool
[POOL] Stopped BPF monitoring for cgroup 26916
[AI-Integration] Job b5ce6d56 analyzed via deepseek
[POOL] Collected 12 events for analysis (read from log file)
[POOL] Running analyzers on 12 events for b4daddf3c19d4a4ca16e4e16e70f5023fb2db0c116fc2076635bfbb685723880.elf
[POOL] Analysis completed: 0 findings in 0.00s (11003 events/s)
[AI-Integration] Submitted task: 085f5e71
[AI] 085f5e71 queued for DeepSeek analysis
[CgroupManager] Removed cgroup 26744 via bpftool
[POOL] Cleanup scheduled for d346c8389860
[DockerWorker-3] ✓ Completed: b4daddf3c19d4a4ca16e4e16e70f5023fb2db0c116fc2076635bfbb685723880.elf (12 events) (1.14s)
[DockerWorker-3] Starting: bd5f22ed30deba9ede682209f405e1ffaa88e92d3644f43ba58975d97bd5cd76.elf (62_64bit)
[ANALYSISLOG] bd5f22ed30deba9ede682209f405e1ffaa88e92d3644f43ba58975d97bd5cd76.elf -> ../ELF_samples/benign_report/x86_64_add/raw/bd5f22ed30deba9ede682209f405e1ffaa88e92d3644f43ba58975d97bd5cd76.elf_2026-01-29_21-31-06_ba4d6537.jsonl
[DOCKER] Selected image for libc=glibc: amd64/ubuntu:24.04
[POOL] Collected 9 events for analysis (read from log file)
[POOL] Running analyzers on 9 events for 142d5ac3536a4a27e525e3f804ea38ea9433f48dacebe60691f9dde088843b4e.elf
[POOL] Analysis completed: 1 findings in 0.00s (4770 events/s)
[AI-Integration] Submitted task: 66064ac7
[AI] 66064ac7 queued for DeepSeek analysis
[CgroupManager] bpftool delete failed: Command '['sudo', '/usr/sbin/bpftool', 'map', 'delete', 'id', '30', 'key', 'hex', '24', '69', '00', '00', '00', '00', '00', '00']' returned non-zero exit status 254.
[POOL] Cleanup scheduled for eb90fe1932cb
[DockerWorker-2] CRASHED (Exploit/Bug): 142d5ac3536a4a27e525e3f804ea38ea9433f48dacebe60691f9dde088843b4e.elf - Crashed: Segmentation Fault (SIGSEGV) (1.14s)
[DockerWorker-2] Starting: f8da9f5cb5eabbcc1e2132c00cb85ec44717365459afb5979017e880c58be895.elf (62_64bit)
[ANALYSISLOG] f8da9f5cb5eabbcc1e2132c00cb85ec44717365459afb5979017e880c58be895.elf -> ../ELF_samples/benign_report/x86_64_add/raw/f8da9f5cb5eabbcc1e2132c00cb85ec44717365459afb5979017e880c58be895.elf_2026-01-29_21-31-06_b47834ef.jsonl
[DOCKER] Selected image for libc=glibc: amd64/ubuntu:24.04
[POOL] Collected 11 events for analysis (read from log file)
[POOL] Running analyzers on 11 events for a9457f46685fa5d3458f89f4f75e101c2c88c7177f2fb33e878e2342eab3ae70.elf
[POOL] Analysis completed: 0 findings in 0.00s (10258 events/s)
[AI-Integration] Submitted task: 65c3e5ec
[AI] 65c3e5ec queued for DeepSeek analysis
[POOL] Collected 12 events for analysis (read from log file)
[POOL] Running analyzers on 12 events for 79a997598948cd82885041c21eb581fd0f9c0ff1fb95860d1a766fd12d1b6ecf.elf
[POOL] Analysis completed: 0 findings in 0.00s (10933 events/s)
[AI-Integration] Submitted task: 7412a825
[AI] 7412a825 queued for DeepSeek analysis
[CgroupManager] Removed cgroup 26830 via bpftool
[CgroupManager] Removed cgroup 27002 via bpftool
[POOL] Cleanup scheduled for cf21c78ceb98
[DockerWorker-0] ✓ Completed: a9457f46685fa5d3458f89f4f75e101c2c88c7177f2fb33e878e2342eab3ae70.elf (11 events) (1.26s)
[DockerWorker-0] Starting: 12ebc0bab76faca868bb5c08aa3023edeb140763dd8a129adb505e87d8ed3685.elf (62_64bit)
[POOL] Cleanup scheduled for 8d3b88c20be1
[DockerWorker-5] ✓ Completed: 79a997598948cd82885041c21eb581fd0f9c0ff1fb95860d1a766fd12d1b6ecf.elf (12 events) (1.19s)
[DockerWorker-5] Starting: e41118ca0dde027ebee5ccb0dd3d5a0a5fdc1428c264a1157d2b7693c80dcfb1.elf (62_64bit)
[ANALYSISLOG] e41118ca0dde027ebee5ccb0dd3d5a0a5fdc1428c264a1157d2b7693c80dcfb1.elf -> ../ELF_samples/benign_report/x86_64_add/raw/e41118ca0dde027ebee5ccb0dd3d5a0a5fdc1428c264a1157d2b7693c80dcfb1.elf_2026-01-29_21-31-06_20335c7e.jsonl
[DOCKER] Selected image for libc=glibc: amd64/ubuntu:24.04
[ANALYSISLOG] 12ebc0bab76faca868bb5c08aa3023edeb140763dd8a129adb505e87d8ed3685.elf -> ../ELF_samples/benign_report/x86_64_add/raw/12ebc0bab76faca868bb5c08aa3023edeb140763dd8a129adb505e87d8ed3685.elf_2026-01-29_21-31-06_32fa348e.jsonl
[DOCKER] Selected image for libc=glibc: amd64/ubuntu:24.04
[CgroupManager] Added cgroup 27088 via bpftool
[EventRouter] DEBUG: EXEC #34 filename='/bin/true', triggers=['bd5f22ed30deba9ede682209f405e1ffaa88e92d3644f43ba58975d97bd5cd76.elf', '/tmp/bd5f22ed30deba9ede682209f405e1ffaa88e92d3644f43ba58975d97bd5cd76.elf']
[AI-Integration] Job 59256a17 analyzed via deepseek
[EventRouter] ARM detected at event 90 for cgroup 27088
[EventRouter] Discarded 89 pre-ARM events for cgroup 27088
[CgroupManager] Added cgroup 27174 via bpftool
[DOCKER] Container exit code: 1
[DOCKER][STDOUT] BEGIN
bd5f22ed30deba9ede682209f405e1ffaa88e92d3644f43ba58975d97bd5cd76.elf: bad usage
Try 'bd5f22ed30deba9ede682209f405e1ffaa88e92d3644f43ba58975d97bd5cd76.elf --help' for more information.
[DOCKER][STDOUT] END
[DOCKER] Raw stdout saved: ../ELF_samples/benign_report/x86_64_add/raw/bd5f22ed30deba9ede682209f405e1ffaa88e92d3644f43ba58975d97bd5cd76.elf_2026-01-29_21-31-06_ba4d6537_container_stdout.txt
[CgroupManager] Added cgroup 27260 via bpftool
[EventRouter] DEBUG: EXEC #33 filename='/bin/true', triggers=['f8da9f5cb5eabbcc1e2132c00cb85ec44717365459afb5979017e880c58be895.elf', '/tmp/f8da9f5cb5eabbcc1e2132c00cb85ec44717365459afb5979017e880c58be895.elf']
[CgroupManager] Added cgroup 27346 via bpftool
[EventRouter] DEBUG: EXEC #34 filename='/bin/true', triggers=['12ebc0bab76faca868bb5c08aa3023edeb140763dd8a129adb505e87d8ed3685.elf', '/tmp/12ebc0bab76faca868bb5c08aa3023edeb140763dd8a129adb505e87d8ed3685.elf']
[EventRouter] DEBUG: EXEC #33 filename='/bin/true', triggers=['e41118ca0dde027ebee5ccb0dd3d5a0a5fdc1428c264a1157d2b7693c80dcfb1.elf', '/tmp/e41118ca0dde027ebee5ccb0dd3d5a0a5fdc1428c264a1157d2b7693c80dcfb1.elf']
[AI-Integration] Job eb50a2a4 analyzed via deepseek
[AI-Integration] Job 4f226a95 analyzed via deepseek
[EventRouter] ARM detected at event 88 for cgroup 27174
[EventRouter] Discarded 87 pre-ARM events for cgroup 27174
[DOCKER] Container exit code: 1
[DOCKER][STDOUT] BEGIN
/tmp/f8da9f5cb5eabbcc1e2132c00cb85ec44717365459afb5979017e880c58be895.elf: missing operand
Try '/tmp/f8da9f5cb5eabbcc1e2132c00cb85ec44717365459afb5979017e880c58be895.elf --help' for more information.
[DOCKER][STDOUT] END
[DOCKER] Raw stdout saved: ../ELF_samples/benign_report/x86_64_add/raw/f8da9f5cb5eabbcc1e2132c00cb85ec44717365459afb5979017e880c58be895.elf_2026-01-29_21-31-06_b47834ef_container_stdout.txt
[EventRouter] ARM detected at event 89 for cgroup 27260
[EventRouter] Discarded 88 pre-ARM events for cgroup 27260
[EventRouter] ARM detected at event 88 for cgroup 27346
[EventRouter] Discarded 87 pre-ARM events for cgroup 27346
[DOCKER] Container exit code: 1
[DOCKER][STDOUT] BEGIN
e41118ca0dde027ebee5ccb0dd3d5a0a5fdc1428c264a1157d2b7693c80dcfb1.elf: pathname argument is missing
Try 'e41118ca0dde027ebee5ccb0dd3d5a0a5fdc1428c264a1157d2b7693c80dcfb1.elf --help' for more information.
[DOCKER][STDOUT] END
[DOCKER] Raw stdout saved: ../ELF_samples/benign_report/x86_64_add/raw/e41118ca0dde027ebee5ccb0dd3d5a0a5fdc1428c264a1157d2b7693c80dcfb1.elf_2026-01-29_21-31-06_20335c7e_container_stdout.txt
[AI-Integration] Job 669a808b analyzed via deepseek
[POOL] Collected 12 events for analysis (read from log file)
[POOL] Running analyzers on 12 events for bd5f22ed30deba9ede682209f405e1ffaa88e92d3644f43ba58975d97bd5cd76.elf
[POOL] Analysis completed: 1 findings in 0.00s (6436 events/s)
[AI-Integration] Submitted task: ba4d6537
[AI] ba4d6537 queued for DeepSeek analysis
[CgroupManager] Removed cgroup 27088 via bpftool
[POOL] Cleanup scheduled for 8ea4194c5e9f
[DockerWorker-3] ✓ Completed: bd5f22ed30deba9ede682209f405e1ffaa88e92d3644f43ba58975d97bd5cd76.elf (12 events) (1.14s)
[DockerWorker-3] Starting: 2dc6a02ba52845ad1bdf9b3c3ad71ffa2953924a8723b12a44862229de4cc2b4.elf (62_64bit)
[ANALYSISLOG] 2dc6a02ba52845ad1bdf9b3c3ad71ffa2953924a8723b12a44862229de4cc2b4.elf -> ../ELF_samples/benign_report/x86_64_add/raw/2dc6a02ba52845ad1bdf9b3c3ad71ffa2953924a8723b12a44862229de4cc2b4.elf_2026-01-29_21-31-07_862d61ed.jsonl
[DOCKER] Selected image for libc=glibc: amd64/ubuntu:24.04
[POOL] Collected 11 events for analysis (read from log file)
[POOL] Running analyzers on 11 events for f8da9f5cb5eabbcc1e2132c00cb85ec44717365459afb5979017e880c58be895.elf
[POOL] Analysis completed: 0 findings in 0.00s (10360 events/s)
[AI-Integration] Submitted task: b47834ef
[AI] b47834ef queued for DeepSeek analysis
[CgroupManager] Removed cgroup 27174 via bpftool
[POOL] Cleanup scheduled for d5da40ef7428
[DockerWorker-2] ✓ Completed: f8da9f5cb5eabbcc1e2132c00cb85ec44717365459afb5979017e880c58be895.elf (11 events) (1.28s)
[DockerWorker-2] Starting: 1f6e31ea4e2b3fab5ca58de6d022714199ed77197b47c2a9fefcbcaa57eaefa4.elf (62_64bit)
[ANALYSISLOG] 1f6e31ea4e2b3fab5ca58de6d022714199ed77197b47c2a9fefcbcaa57eaefa4.elf -> ../ELF_samples/benign_report/x86_64_add/raw/1f6e31ea4e2b3fab5ca58de6d022714199ed77197b47c2a9fefcbcaa57eaefa4.elf_2026-01-29_21-31-07_f85d7dff.jsonl
[DOCKER] Selected image for libc=glibc: amd64/ubuntu:24.04
[AI-Integration] Job 3b76dfe2 analyzed via deepseek
[POOL] Collected 11 events for analysis (read from log file)
[POOL] Running analyzers on 11 events for e41118ca0dde027ebee5ccb0dd3d5a0a5fdc1428c264a1157d2b7693c80dcfb1.elf
[POOL] Analysis completed: 0 findings in 0.00s (10311 events/s)
[AI-Integration] Submitted task: 20335c7e
[AI] 20335c7e queued for DeepSeek analysis
[CgroupManager] Removed cgroup 27346 via bpftool
[POOL] Cleanup scheduled for a382d38e37ea
[DockerWorker-5] ✓ Completed: e41118ca0dde027ebee5ccb0dd3d5a0a5fdc1428c264a1157d2b7693c80dcfb1.elf (11 events) (1.29s)
[DockerWorker-5] Starting: 6249be572aa2183c4a0ca2744103a099273e57c307272bb97e21e8505ef6a1b5.elf (62_64bit)
[ANALYSISLOG] 6249be572aa2183c4a0ca2744103a099273e57c307272bb97e21e8505ef6a1b5.elf -> ../ELF_samples/benign_report/x86_64_add/raw/6249be572aa2183c4a0ca2744103a099273e57c307272bb97e21e8505ef6a1b5.elf_2026-01-29_21-31-08_56437b11.jsonl
[DOCKER] Selected image for libc=glibc: amd64/ubuntu:24.04
[CgroupManager] Added cgroup 27432 via bpftool
[EventRouter] DEBUG: EXEC #33 filename='/bin/true', triggers=['2dc6a02ba52845ad1bdf9b3c3ad71ffa2953924a8723b12a44862229de4cc2b4.elf', '/tmp/2dc6a02ba52845ad1bdf9b3c3ad71ffa2953924a8723b12a44862229de4cc2b4.elf']
[CgroupManager] Added cgroup 27518 via bpftool
[EventRouter] ARM detected at event 88 for cgroup 27432
[EventRouter] Discarded 87 pre-ARM events for cgroup 27432
[DOCKER] Container exit code: 0
[DOCKER][STDOUT] BEGIN
74c1ee0b-81ec-471d-adff-34848c63fd8f
[DOCKER][STDOUT] END
[DOCKER] Raw stdout saved: ../ELF_samples/benign_report/x86_64_add/raw/2dc6a02ba52845ad1bdf9b3c3ad71ffa2953924a8723b12a44862229de4cc2b4.elf_2026-01-29_21-31-07_862d61ed_container_stdout.txt
[EventRouter] DEBUG: EXEC #32 filename='/bin/true', triggers=['1f6e31ea4e2b3fab5ca58de6d022714199ed77197b47c2a9fefcbcaa57eaefa4.elf', '/tmp/1f6e31ea4e2b3fab5ca58de6d022714199ed77197b47c2a9fefcbcaa57eaefa4.elf']
[CgroupManager] Added cgroup 27604 via bpftool
[EventRouter] ARM detected at event 86 for cgroup 27518
[EventRouter] Discarded 85 pre-ARM events for cgroup 27518
[DOCKER] Container exit code: 1
[DOCKER][STDOUT] BEGIN
1f6e31ea4e2b3fab5ca58de6d022714199ed77197b47c2a9fefcbcaa57eaefa4.elf: not enough arguments
Try '1f6e31ea4e2b3fab5ca58de6d022714199ed77197b47c2a9fefcbcaa57eaefa4.elf --help' for more information.
[DOCKER][STDOUT] END
[DOCKER] Raw stdout saved: ../ELF_samples/benign_report/x86_64_add/raw/1f6e31ea4e2b3fab5ca58de6d022714199ed77197b47c2a9fefcbcaa57eaefa4.elf_2026-01-29_21-31-07_f85d7dff_container_stdout.txt
[EventRouter] DEBUG: EXEC #49 filename='/bin/sh', triggers=['6249be572aa2183c4a0ca2744103a099273e57c307272bb97e21e8505ef6a1b5.elf', '/tmp/6249be572aa2183c4a0ca2744103a099273e57c307272bb97e21e8505ef6a1b5.elf']
[EventRouter] ARM detected at event 62 for cgroup 27604
[EventRouter] Discarded 61 pre-ARM events for cgroup 27604
[DOCKER] Container exit code: 0
[DOCKER][STDOUT] BEGIN
 13:31:08  up   0:09,  0 users,  load average: 1.80, 0.55, 0.23
[DOCKER][STDOUT] END
[DOCKER] Raw stdout saved: ../ELF_samples/benign_report/x86_64_add/raw/6249be572aa2183c4a0ca2744103a099273e57c307272bb97e21e8505ef6a1b5.elf_2026-01-29_21-31-08_56437b11_container_stdout.txt
[POOL] Collected 9 events for analysis (read from log file)
[POOL] Running analyzers on 9 events for 2dc6a02ba52845ad1bdf9b3c3ad71ffa2953924a8723b12a44862229de4cc2b4.elf
[POOL] Analysis completed: 0 findings in 0.00s (8647 events/s)
[AI-Integration] Submitted task: 862d61ed
[AI] 862d61ed queued for DeepSeek analysis
[CgroupManager] Removed cgroup 27432 via bpftool
[POOL] Cleanup scheduled for bcf04abfd190
[DockerWorker-3] ✓ Completed: 2dc6a02ba52845ad1bdf9b3c3ad71ffa2953924a8723b12a44862229de4cc2b4.elf (9 events) (1.21s)
[DockerWorker-3] Starting: cde1ec3bf36aa77e2634512055bb01015ea1c72bca2adb203f8d97495d56c26a.elf (62_64bit)
[ANALYSISLOG] cde1ec3bf36aa77e2634512055bb01015ea1c72bca2adb203f8d97495d56c26a.elf -> ../ELF_samples/benign_report/x86_64_add/raw/cde1ec3bf36aa77e2634512055bb01015ea1c72bca2adb203f8d97495d56c26a.elf_2026-01-29_21-31-08_f3825026.jsonl
[DOCKER] Selected image for libc=glibc: amd64/ubuntu:24.04
[POOL] Collected 11 events for analysis (read from log file)
[POOL] Running analyzers on 11 events for 1f6e31ea4e2b3fab5ca58de6d022714199ed77197b47c2a9fefcbcaa57eaefa4.elf
[POOL] Analysis completed: 0 findings in 0.00s (10477 events/s)
[AI-Integration] Submitted task: f85d7dff
[AI] f85d7dff queued for DeepSeek analysis
[CgroupManager] Removed cgroup 27518 via bpftool
[POOL] Cleanup scheduled for f48383cf7b7c
[DockerWorker-2] ✓ Completed: 1f6e31ea4e2b3fab5ca58de6d022714199ed77197b47c2a9fefcbcaa57eaefa4.elf (11 events) (1.17s)
[DockerWorker-2] Starting: a71dca42574dcecf8ed48b49816080a4465f43dd7a0e1a7ded21e75cecdd4e71.elf (62_64bit)
[ANALYSISLOG] a71dca42574dcecf8ed48b49816080a4465f43dd7a0e1a7ded21e75cecdd4e71.elf -> ../ELF_samples/benign_report/x86_64_add/raw/a71dca42574dcecf8ed48b49816080a4465f43dd7a0e1a7ded21e75cecdd4e71.elf_2026-01-29_21-31-09_65caf478.jsonl
[DOCKER] Selected image for libc=glibc: amd64/ubuntu:24.04
[POOL] Collected 9 events for analysis (read from log file)
[POOL] Running analyzers on 9 events for 6249be572aa2183c4a0ca2744103a099273e57c307272bb97e21e8505ef6a1b5.elf
[POOL] Analysis completed: 0 findings in 0.00s (8246 events/s)
[AI-Integration] Submitted task: 56437b11
[AI] 56437b11 queued for DeepSeek analysis
[CgroupManager] Removed cgroup 27604 via bpftool
[POOL] Cleanup scheduled for 3bcb35327623
[DockerWorker-5] ✓ Completed: 6249be572aa2183c4a0ca2744103a099273e57c307272bb97e21e8505ef6a1b5.elf (9 events) (1.15s)
[DockerWorker-5] Starting: 85ef7483579305bd13f401be913a4c8c369f20dafaa11581e2af707c4d377b02.elf (62_64bit)
[ANALYSISLOG] 85ef7483579305bd13f401be913a4c8c369f20dafaa11581e2af707c4d377b02.elf -> ../ELF_samples/benign_report/x86_64_add/raw/85ef7483579305bd13f401be913a4c8c369f20dafaa11581e2af707c4d377b02.elf_2026-01-29_21-31-09_c3a17794.jsonl
[DOCKER] Selected image for libc=glibc: amd64/ubuntu:24.04
[CgroupManager] Added cgroup 27690 via bpftool
[EventRouter] DEBUG: EXEC #33 filename='/bin/true', triggers=['cde1ec3bf36aa77e2634512055bb01015ea1c72bca2adb203f8d97495d56c26a.elf', '/tmp/cde1ec3bf36aa77e2634512055bb01015ea1c72bca2adb203f8d97495d56c26a.elf']
[EventRouter] ARM detected at event 89 for cgroup 27690
[EventRouter] Discarded 88 pre-ARM events for cgroup 27690
[DOCKER] Container exit code: 1
[DOCKER][STDOUT] BEGIN
cde1ec3bf36aa77e2634512055bb01015ea1c72bca2adb203f8d97495d56c26a.elf: cannot open /tmp/util-linux/_out/var/run/uuidd/uuidd.pid: No such file or directory
[DOCKER][STDOUT] END
[DOCKER] Raw stdout saved: ../ELF_samples/benign_report/x86_64_add/raw/cde1ec3bf36aa77e2634512055bb01015ea1c72bca2adb203f8d97495d56c26a.elf_2026-01-29_21-31-08_f3825026_container_stdout.txt
[CgroupManager] Added cgroup 27776 via bpftool
[CgroupManager] Added cgroup 27862 via bpftool
[EventRouter] DEBUG: EXEC #35 filename='/bin/true', triggers=['a71dca42574dcecf8ed48b49816080a4465f43dd7a0e1a7ded21e75cecdd4e71.elf', '/tmp/a71dca42574dcecf8ed48b49816080a4465f43dd7a0e1a7ded21e75cecdd4e71.elf']
[EventRouter] DEBUG: EXEC #33 filename='/bin/true', triggers=['85ef7483579305bd13f401be913a4c8c369f20dafaa11581e2af707c4d377b02.elf', '/tmp/85ef7483579305bd13f401be913a4c8c369f20dafaa11581e2af707c4d377b02.elf']
[EventRouter] ARM detected at event 107 for cgroup 27776
[EventRouter] Discarded 106 pre-ARM events for cgroup 27776
[EventRouter] ARM detected at event 129 for cgroup 27862
[EventRouter] Discarded 128 pre-ARM events for cgroup 27862
[DOCKER] Container exit code: 1
[DOCKER][STDOUT] BEGIN
85ef7483579305bd13f401be913a4c8c369f20dafaa11581e2af707c4d377b02.elf: not enough arguments
Try '85ef7483579305bd13f401be913a4c8c369f20dafaa11581e2af707c4d377b02.elf --help' for more information.
[DOCKER][STDOUT] END
[DOCKER] Raw stdout saved: ../ELF_samples/benign_report/x86_64_add/raw/85ef7483579305bd13f401be913a4c8c369f20dafaa11581e2af707c4d377b02.elf_2026-01-29_21-31-09_c3a17794_container_stdout.txt
[DOCKER] Container exit code: 1
[DOCKER][STDOUT] BEGIN
/tmp/a71dca42574dcecf8ed48b49816080a4465f43dd7a0e1a7ded21e75cecdd4e71.elf: missing operand
Try '/tmp/a71dca42574dcecf8ed48b49816080a4465f43dd7a0e1a7ded21e75cecdd4e71.elf --help' for more information.
[DOCKER][STDOUT] END
[DOCKER] Raw stdout saved: ../ELF_samples/benign_report/x86_64_add/raw/a71dca42574dcecf8ed48b49816080a4465f43dd7a0e1a7ded21e75cecdd4e71.elf_2026-01-29_21-31-09_65caf478_container_stdout.txt
[POOL] Collected 11 events for analysis (read from log file)
[POOL] Running analyzers on 11 events for cde1ec3bf36aa77e2634512055bb01015ea1c72bca2adb203f8d97495d56c26a.elf
[POOL] Analysis completed: 0 findings in 0.00s (10573 events/s)
[AI-Integration] Submitted task: f3825026
[AI] f3825026 queued for DeepSeek analysis
[CgroupManager] Removed cgroup 27690 via bpftool
[POOL] Cleanup scheduled for 720b3ab43aef
[DockerWorker-3] ✓ Completed: cde1ec3bf36aa77e2634512055bb01015ea1c72bca2adb203f8d97495d56c26a.elf (11 events) (1.14s)
[DockerWorker-3] Starting: 60ccc73c913d808417dc058862b202311fa423426e832c675b6122faaa1d94dd.elf (62_64bit)
[ANALYSISLOG] 60ccc73c913d808417dc058862b202311fa423426e832c675b6122faaa1d94dd.elf -> ../ELF_samples/benign_report/x86_64_add/raw/60ccc73c913d808417dc058862b202311fa423426e832c675b6122faaa1d94dd.elf_2026-01-29_21-31-10_82f4238c.jsonl
[DOCKER] Selected image for libc=glibc: amd64/ubuntu:24.04
[POOL] Collected 11 events for analysis (read from log file)
[POOL] Running analyzers on 11 events for 85ef7483579305bd13f401be913a4c8c369f20dafaa11581e2af707c4d377b02.elf
[POOL] Analysis completed: 0 findings in 0.00s (10416 events/s)
[AI-Integration] Submitted task: c3a17794
[AI] c3a17794 queued for DeepSeek analysis
[POOL] Collected 11 events for analysis (read from log file)
[POOL] Running analyzers on 11 events for a71dca42574dcecf8ed48b49816080a4465f43dd7a0e1a7ded21e75cecdd4e71.elf
[POOL] Analysis completed: 0 findings in 0.00s (10612 events/s)
[AI-Integration] Submitted task: 65caf478
[AI] 65caf478 queued for DeepSeek analysis
[CgroupManager] Removed cgroup 27862 via bpftool
[POOL] Cleanup scheduled for 7fe3b87b3202
[DockerWorker-5] ✓ Completed: 85ef7483579305bd13f401be913a4c8c369f20dafaa11581e2af707c4d377b02.elf (11 events) (1.18s)
[DockerWorker-5] Starting: 93016c23bc80a5c7adfe24fc8cc80919224ef4b1e09285a61edf30e78e9e1096.elf (62_64bit)
[ANALYSISLOG] 93016c23bc80a5c7adfe24fc8cc80919224ef4b1e09285a61edf30e78e9e1096.elf -> ../ELF_samples/benign_report/x86_64_add/raw/93016c23bc80a5c7adfe24fc8cc80919224ef4b1e09285a61edf30e78e9e1096.elf_2026-01-29_21-31-10_31e4e8c3.jsonl
[DOCKER] Selected image for libc=glibc: amd64/ubuntu:24.04
[CgroupManager] Removed cgroup 27776 via bpftool
[POOL] Cleanup scheduled for 76d5c3a19fda
[DockerWorker-2] ✓ Completed: a71dca42574dcecf8ed48b49816080a4465f43dd7a0e1a7ded21e75cecdd4e71.elf (11 events) (1.27s)
[DockerWorker-2] Starting: 670c932a8acfda8026548d3c007711588b348f08f9f58ef72cf2d397a8ae3b3c.elf (62_64bit)
[ANALYSISLOG] 670c932a8acfda8026548d3c007711588b348f08f9f58ef72cf2d397a8ae3b3c.elf -> ../ELF_samples/benign_report/x86_64_add/raw/670c932a8acfda8026548d3c007711588b348f08f9f58ef72cf2d397a8ae3b3c.elf_2026-01-29_21-31-10_78c61d35.jsonl
[DOCKER] Selected image for libc=glibc: amd64/ubuntu:24.04
[CgroupManager] Added cgroup 27948 via bpftool
[EventRouter] DEBUG: EXEC #33 filename='/bin/true', triggers=['60ccc73c913d808417dc058862b202311fa423426e832c675b6122faaa1d94dd.elf', '/tmp/60ccc73c913d808417dc058862b202311fa423426e832c675b6122faaa1d94dd.elf']
[EventRouter] ARM detected at event 87 for cgroup 27948
[EventRouter] Discarded 86 pre-ARM events for cgroup 27948
[DOCKER] Container exit code: 127
[DOCKER][STDOUT] BEGIN
/tmp/60ccc73c913d808417dc058862b202311fa423426e832c675b6122faaa1d94dd.elf: error while loading shared libraries: libtinfo.so.5: cannot open shared object file: No such file or directory
[DOCKER][STDOUT] END
[DOCKER] Raw stdout saved: ../ELF_samples/benign_report/x86_64_add/raw/60ccc73c913d808417dc058862b202311fa423426e832c675b6122faaa1d94dd.elf_2026-01-29_21-31-10_82f4238c_container_stdout.txt
[CgroupManager] Added cgroup 28034 via bpftool
[CgroupManager] Added cgroup 28120 via bpftool
[EventRouter] DEBUG: EXEC #34 filename='/bin/true', triggers=['670c932a8acfda8026548d3c007711588b348f08f9f58ef72cf2d397a8ae3b3c.elf', '/tmp/670c932a8acfda8026548d3c007711588b348f08f9f58ef72cf2d397a8ae3b3c.elf']
[EventRouter] DEBUG: EXEC #33 filename='/bin/true', triggers=['93016c23bc80a5c7adfe24fc8cc80919224ef4b1e09285a61edf30e78e9e1096.elf', '/tmp/93016c23bc80a5c7adfe24fc8cc80919224ef4b1e09285a61edf30e78e9e1096.elf']
[EventRouter] ARM detected at event 89 for cgroup 28034
[EventRouter] Discarded 88 pre-ARM events for cgroup 28034
[EventRouter] ARM detected at event 88 for cgroup 28120
[EventRouter] Discarded 87 pre-ARM events for cgroup 28120
[DOCKER] Container exit code: 1
[DOCKER][STDOUT] BEGIN
670c932a8acfda8026548d3c007711588b348f08f9f58ef72cf2d397a8ae3b3c.elf: no device specified
Try '670c932a8acfda8026548d3c007711588b348f08f9f58ef72cf2d397a8ae3b3c.elf --help' for more information.
[DOCKER][STDOUT] END
[DOCKER] Raw stdout saved: ../ELF_samples/benign_report/x86_64_add/raw/670c932a8acfda8026548d3c007711588b348f08f9f58ef72cf2d397a8ae3b3c.elf_2026-01-29_21-31-10_78c61d35_container_stdout.txt
[DOCKER] Container exit code: 139
[DOCKER][STDOUT] BEGIN
Segmentation fault (core dumped)
[DOCKER][STDOUT] END
[DOCKER] Raw stdout saved: ../ELF_samples/benign_report/x86_64_add/raw/93016c23bc80a5c7adfe24fc8cc80919224ef4b1e09285a61edf30e78e9e1096.elf_2026-01-29_21-31-10_31e4e8c3_container_stdout.txt
[POOL] Fatal crash detected (exit=139) - using fast drain mode
[CgroupManager] Removed cgroup 28120 via bpftool
[POOL] Stopped BPF monitoring for cgroup 28120
[POOL] Collected 7 events for analysis (read from log file)
[POOL] Running analyzers on 7 events for 60ccc73c913d808417dc058862b202311fa423426e832c675b6122faaa1d94dd.elf
[POOL] Analysis completed: 0 findings in 0.00s (6727 events/s)
[AI-Integration] Submitted task: 82f4238c
[AI] 82f4238c queued for DeepSeek analysis
[CgroupManager] Removed cgroup 27948 via bpftool
[POOL] Cleanup scheduled for d258a0850148
[DockerWorker-3] ✓ Completed: 60ccc73c913d808417dc058862b202311fa423426e832c675b6122faaa1d94dd.elf (7 events) (1.20s)
[DockerWorker-3] Starting: 0a4da690771d2d757f1be8047daae7813dde340399b6bc61fe071cf2d107bc8d.elf (62_64bit)
[ANALYSISLOG] 0a4da690771d2d757f1be8047daae7813dde340399b6bc61fe071cf2d107bc8d.elf -> ../ELF_samples/benign_report/x86_64_add/raw/0a4da690771d2d757f1be8047daae7813dde340399b6bc61fe071cf2d107bc8d.elf_2026-01-29_21-31-11_f70fb227.jsonl
[DOCKER] Selected image for libc=glibc: amd64/ubuntu:24.04
[POOL] Collected 9 events for analysis (read from log file)
[POOL] Running analyzers on 9 events for 93016c23bc80a5c7adfe24fc8cc80919224ef4b1e09285a61edf30e78e9e1096.elf
[POOL] Analysis completed: 1 findings in 0.00s (7773 events/s)
[AI-Integration] Submitted task: 31e4e8c3
[AI] 31e4e8c3 queued for DeepSeek analysis
[CgroupManager] bpftool delete failed: Command '['sudo', '/usr/sbin/bpftool', 'map', 'delete', 'id', '30', 'key', 'hex', 'd8', '6d', '00', '00', '00', '00', '00', '00']' returned non-zero exit status 254.
[POOL] Cleanup scheduled for 046fdbd1679a
[DockerWorker-5] CRASHED (Exploit/Bug): 93016c23bc80a5c7adfe24fc8cc80919224ef4b1e09285a61edf30e78e9e1096.elf - Crashed: Segmentation Fault (SIGSEGV) (1.06s)
[DockerWorker-5] Starting: 849dc8fac1ccf4dbed3cc77b04fba2b376bc9f41fb9e6b88a4307f826cd1a3fa.elf (62_64bit)
[ANALYSISLOG] 849dc8fac1ccf4dbed3cc77b04fba2b376bc9f41fb9e6b88a4307f826cd1a3fa.elf -> ../ELF_samples/benign_report/x86_64_add/raw/849dc8fac1ccf4dbed3cc77b04fba2b376bc9f41fb9e6b88a4307f826cd1a3fa.elf_2026-01-29_21-31-11_7ac2e73a.jsonl
[DOCKER] Selected image for libc=glibc: amd64/ubuntu:24.04
[POOL] Collected 12 events for analysis (read from log file)
[POOL] Running analyzers on 12 events for 670c932a8acfda8026548d3c007711588b348f08f9f58ef72cf2d397a8ae3b3c.elf
[POOL] Analysis completed: 0 findings in 0.00s (11417 events/s)
[AI-Integration] Submitted task: 78c61d35
[AI] 78c61d35 queued for DeepSeek analysis
[CgroupManager] Removed cgroup 28034 via bpftool
[POOL] Cleanup scheduled for 7169dc595708
[DockerWorker-2] ✓ Completed: 670c932a8acfda8026548d3c007711588b348f08f9f58ef72cf2d397a8ae3b3c.elf (12 events) (1.15s)
[DockerWorker-2] Starting: 84b2fc9d8dd212dfe29b9e32a898074dc931ad0cb83ac6375704b4ef32e8459b.elf (62_64bit)
[ANALYSISLOG] 84b2fc9d8dd212dfe29b9e32a898074dc931ad0cb83ac6375704b4ef32e8459b.elf -> ../ELF_samples/benign_report/x86_64_add/raw/84b2fc9d8dd212dfe29b9e32a898074dc931ad0cb83ac6375704b4ef32e8459b.elf_2026-01-29_21-31-11_51d9e183.jsonl
[DOCKER] Selected image for libc=glibc: amd64/ubuntu:24.04
[CgroupManager] Added cgroup 28206 via bpftool
[EventRouter] DEBUG: EXEC #33 filename='/bin/true', triggers=['0a4da690771d2d757f1be8047daae7813dde340399b6bc61fe071cf2d107bc8d.elf', '/tmp/0a4da690771d2d757f1be8047daae7813dde340399b6bc61fe071cf2d107bc8d.elf']
[CgroupManager] Added cgroup 28292 via bpftool
[EventRouter] ARM detected at event 91 for cgroup 28206
[EventRouter] Discarded 90 pre-ARM events for cgroup 28206
[EventRouter] DEBUG: EXEC #34 filename='/bin/true', triggers=['849dc8fac1ccf4dbed3cc77b04fba2b376bc9f41fb9e6b88a4307f826cd1a3fa.elf', '/tmp/849dc8fac1ccf4dbed3cc77b04fba2b376bc9f41fb9e6b88a4307f826cd1a3fa.elf']
[DOCKER] Container exit code: 0
[DOCKER][STDOUT] BEGIN
/tmp
[DOCKER][STDOUT] END
[DOCKER] Raw stdout saved: ../ELF_samples/benign_report/x86_64_add/raw/0a4da690771d2d757f1be8047daae7813dde340399b6bc61fe071cf2d107bc8d.elf_2026-01-29_21-31-11_f70fb227_container_stdout.txt
[CgroupManager] Added cgroup 28378 via bpftool
[EventRouter] DEBUG: EXEC #34 filename='/bin/true', triggers=['84b2fc9d8dd212dfe29b9e32a898074dc931ad0cb83ac6375704b4ef32e8459b.elf', '/tmp/84b2fc9d8dd212dfe29b9e32a898074dc931ad0cb83ac6375704b4ef32e8459b.elf']
[EventRouter] ARM detected at event 90 for cgroup 28292
[EventRouter] Discarded 89 pre-ARM events for cgroup 28292
[DOCKER] Container exit code: 1
[DOCKER][STDOUT] BEGIN
849dc8fac1ccf4dbed3cc77b04fba2b376bc9f41fb9e6b88a4307f826cd1a3fa.elf: unshare failed: Operation not permitted
[DOCKER][STDOUT] END
[DOCKER] Raw stdout saved: ../ELF_samples/benign_report/x86_64_add/raw/849dc8fac1ccf4dbed3cc77b04fba2b376bc9f41fb9e6b88a4307f826cd1a3fa.elf_2026-01-29_21-31-11_7ac2e73a_container_stdout.txt
[EventRouter] ARM detected at event 89 for cgroup 28378
[EventRouter] Discarded 88 pre-ARM events for cgroup 28378
[DOCKER] Container exit code: 1
[DOCKER][STDOUT] BEGIN
/tmp/84b2fc9d8dd212dfe29b9e32a898074dc931ad0cb83ac6375704b4ef32e8459b.elf: missing operand
Try '/tmp/84b2fc9d8dd212dfe29b9e32a898074dc931ad0cb83ac6375704b4ef32e8459b.elf --help' for more information.
[DOCKER][STDOUT] END
[DOCKER] Raw stdout saved: ../ELF_samples/benign_report/x86_64_add/raw/84b2fc9d8dd212dfe29b9e32a898074dc931ad0cb83ac6375704b4ef32e8459b.elf_2026-01-29_21-31-11_51d9e183_container_stdout.txt
[POOL] Collected 7 events for analysis (read from log file)
[POOL] Running analyzers on 7 events for 0a4da690771d2d757f1be8047daae7813dde340399b6bc61fe071cf2d107bc8d.elf
[POOL] Analysis completed: 0 findings in 0.00s (6708 events/s)
[AI-Integration] Submitted task: f70fb227
[AI] f70fb227 queued for DeepSeek analysis
[CgroupManager] Removed cgroup 28206 via bpftool
[POOL] Cleanup scheduled for 7673fecbbcaf
[DockerWorker-3] ✓ Completed: 0a4da690771d2d757f1be8047daae7813dde340399b6bc61fe071cf2d107bc8d.elf (7 events) (1.11s)
[DockerWorker-3] Starting: a92a4f7fcd0b1e00c99fceaf8bdbc8025cfb712a403496676510c5c23d9e919f.elf (62_64bit)
[ANALYSISLOG] a92a4f7fcd0b1e00c99fceaf8bdbc8025cfb712a403496676510c5c23d9e919f.elf -> ../ELF_samples/benign_report/x86_64_add/raw/a92a4f7fcd0b1e00c99fceaf8bdbc8025cfb712a403496676510c5c23d9e919f.elf_2026-01-29_21-31-12_4fbfee25.jsonl
[DOCKER] Selected image for libc=glibc: amd64/ubuntu:24.04
[POOL] Collected 10 events for analysis (read from log file)
[POOL] Running analyzers on 10 events for 849dc8fac1ccf4dbed3cc77b04fba2b376bc9f41fb9e6b88a4307f826cd1a3fa.elf
[POOL] Analysis completed: 0 findings in 0.00s (9579 events/s)
[AI-Integration] Submitted task: 7ac2e73a
[AI] 7ac2e73a queued for DeepSeek analysis
[CgroupManager] Removed cgroup 28292 via bpftool
[POOL] Cleanup scheduled for a1d210c3b86e
[DockerWorker-5] ✓ Completed: 849dc8fac1ccf4dbed3cc77b04fba2b376bc9f41fb9e6b88a4307f826cd1a3fa.elf (10 events) (1.13s)
[DockerWorker-5] Starting: ddc845c15003c2950d8c38fcba3353fddf0b31026a2acfa5e10d0286b00725d9.elf (62_64bit)
[ANALYSISLOG] ddc845c15003c2950d8c38fcba3353fddf0b31026a2acfa5e10d0286b00725d9.elf -> ../ELF_samples/benign_report/x86_64_add/raw/ddc845c15003c2950d8c38fcba3353fddf0b31026a2acfa5e10d0286b00725d9.elf_2026-01-29_21-31-12_a0a1ada9.jsonl
[DOCKER] Selected image for libc=glibc: amd64/ubuntu:24.04
[POOL] Collected 11 events for analysis (read from log file)
[POOL] Running analyzers on 11 events for 84b2fc9d8dd212dfe29b9e32a898074dc931ad0cb83ac6375704b4ef32e8459b.elf
[POOL] Analysis completed: 0 findings in 0.00s (10313 events/s)
[AI-Integration] Submitted task: 51d9e183
[AI] 51d9e183 queued for DeepSeek analysis
[CgroupManager] Removed cgroup 28378 via bpftool
[POOL] Cleanup scheduled for a5ec6320afa6
[DockerWorker-2] ✓ Completed: 84b2fc9d8dd212dfe29b9e32a898074dc931ad0cb83ac6375704b4ef32e8459b.elf (11 events) (1.11s)
[DockerWorker-2] Starting: b1cfc783939e63d39f4bcab589908ce1035070db245d2e9bf568b130c1dac0fb.elf (62_64bit)
[ANALYSISLOG] b1cfc783939e63d39f4bcab589908ce1035070db245d2e9bf568b130c1dac0fb.elf -> ../ELF_samples/benign_report/x86_64_add/raw/b1cfc783939e63d39f4bcab589908ce1035070db245d2e9bf568b130c1dac0fb.elf_2026-01-29_21-31-12_4451a34c.jsonl
[DOCKER] Selected image for libc=glibc: amd64/ubuntu:24.04
[CgroupManager] Added cgroup 28464 via bpftool
[EventRouter] DEBUG: EXEC #33 filename='/bin/true', triggers=['a92a4f7fcd0b1e00c99fceaf8bdbc8025cfb712a403496676510c5c23d9e919f.elf', '/tmp/a92a4f7fcd0b1e00c99fceaf8bdbc8025cfb712a403496676510c5c23d9e919f.elf']
[CgroupManager] Added cgroup 28550 via bpftool
[EventRouter] ARM detected at event 88 for cgroup 28464
[EventRouter] Discarded 87 pre-ARM events for cgroup 28464
[DOCKER] Container exit code: 1
[DOCKER][STDOUT] BEGIN
a92a4f7fcd0b1e00c99fceaf8bdbc8025cfb712a403496676510c5c23d9e919f.elf: not enough arguments
Try 'a92a4f7fcd0b1e00c99fceaf8bdbc8025cfb712a403496676510c5c23d9e919f.elf --help' for more information.
[DOCKER][STDOUT] END
[DOCKER] Raw stdout saved: ../ELF_samples/benign_report/x86_64_add/raw/a92a4f7fcd0b1e00c99fceaf8bdbc8025cfb712a403496676510c5c23d9e919f.elf_2026-01-29_21-31-12_4fbfee25_container_stdout.txt
[EventRouter] DEBUG: EXEC #33 filename='/bin/true', triggers=['ddc845c15003c2950d8c38fcba3353fddf0b31026a2acfa5e10d0286b00725d9.elf', '/tmp/ddc845c15003c2950d8c38fcba3353fddf0b31026a2acfa5e10d0286b00725d9.elf']
[CgroupManager] Added cgroup 28636 via bpftool
[EventRouter] DEBUG: EXEC #33 filename='/bin/true', triggers=['b1cfc783939e63d39f4bcab589908ce1035070db245d2e9bf568b130c1dac0fb.elf', '/tmp/b1cfc783939e63d39f4bcab589908ce1035070db245d2e9bf568b130c1dac0fb.elf']
[EventRouter] ARM detected at event 88 for cgroup 28550
[EventRouter] Discarded 87 pre-ARM events for cgroup 28550
[DOCKER] Container exit code: 1
[DOCKER][STDOUT] BEGIN
ddc845c15003c2950d8c38fcba3353fddf0b31026a2acfa5e10d0286b00725d9.elf: not enough arguments
Try 'ddc845c15003c2950d8c38fcba3353fddf0b31026a2acfa5e10d0286b00725d9.elf --help' for more information.
[DOCKER][STDOUT] END
[DOCKER] Raw stdout saved: ../ELF_samples/benign_report/x86_64_add/raw/ddc845c15003c2950d8c38fcba3353fddf0b31026a2acfa5e10d0286b00725d9.elf_2026-01-29_21-31-12_a0a1ada9_container_stdout.txt
[EventRouter] ARM detected at event 88 for cgroup 28636
[EventRouter] Discarded 87 pre-ARM events for cgroup 28636
[DOCKER] Container exit code: 0
[DOCKER][STDOUT] BEGIN
 13:31:13  up   0:09,  0 users,  load average: 2.78, 0.78, 0.30
[DOCKER][STDOUT] END
[DOCKER] Raw stdout saved: ../ELF_samples/benign_report/x86_64_add/raw/b1cfc783939e63d39f4bcab589908ce1035070db245d2e9bf568b130c1dac0fb.elf_2026-01-29_21-31-12_4451a34c_container_stdout.txt
[POOL] Collected 11 events for analysis (read from log file)
[POOL] Running analyzers on 11 events for a92a4f7fcd0b1e00c99fceaf8bdbc8025cfb712a403496676510c5c23d9e919f.elf
[POOL] Analysis completed: 0 findings in 0.00s (10367 events/s)
[AI-Integration] Submitted task: 4fbfee25
[AI] 4fbfee25 queued for DeepSeek analysis
[CgroupManager] Removed cgroup 28464 via bpftool
[POOL] Cleanup scheduled for b5fe13519c24
[DockerWorker-3] ✓ Completed: a92a4f7fcd0b1e00c99fceaf8bdbc8025cfb712a403496676510c5c23d9e919f.elf (11 events) (1.07s)
[DockerWorker-3] Starting: df17c43f9f8ce304d7ce904b7843712db569b93f3fd6acaa68c4219e2711ff2f.elf (62_64bit)
[ANALYSISLOG] df17c43f9f8ce304d7ce904b7843712db569b93f3fd6acaa68c4219e2711ff2f.elf -> ../ELF_samples/benign_report/x86_64_add/raw/df17c43f9f8ce304d7ce904b7843712db569b93f3fd6acaa68c4219e2711ff2f.elf_2026-01-29_21-31-13_f1fdbfd4.jsonl
[DOCKER] Selected image for libc=glibc: amd64/ubuntu:24.04
[POOL] Collected 11 events for analysis (read from log file)
[POOL] Running analyzers on 11 events for ddc845c15003c2950d8c38fcba3353fddf0b31026a2acfa5e10d0286b00725d9.elf
[POOL] Analysis completed: 0 findings in 0.00s (10520 events/s)
[AI-Integration] Submitted task: a0a1ada9
[AI] a0a1ada9 queued for DeepSeek analysis
[CgroupManager] Removed cgroup 28550 via bpftool
[POOL] Cleanup scheduled for abfb214d0976
[DockerWorker-5] ✓ Completed: ddc845c15003c2950d8c38fcba3353fddf0b31026a2acfa5e10d0286b00725d9.elf (11 events) (1.06s)
[DockerWorker-5] Starting: ce2527764ff74be799178f087175aaa32dba71b0d1c7ac367e907d64ada27488.elf (62_64bit)
[ANALYSISLOG] ce2527764ff74be799178f087175aaa32dba71b0d1c7ac367e907d64ada27488.elf -> ../ELF_samples/benign_report/x86_64_add/raw/ce2527764ff74be799178f087175aaa32dba71b0d1c7ac367e907d64ada27488.elf_2026-01-29_21-31-13_f98c6215.jsonl
[DOCKER] Selected image for libc=glibc: amd64/ubuntu:24.04
[POOL] Collected 9 events for analysis (read from log file)
[POOL] Running analyzers on 9 events for b1cfc783939e63d39f4bcab589908ce1035070db245d2e9bf568b130c1dac0fb.elf
[POOL] Analysis completed: 0 findings in 0.00s (8489 events/s)
[AI-Integration] Submitted task: 4451a34c
[AI] 4451a34c queued for DeepSeek analysis
[CgroupManager] Removed cgroup 28636 via bpftool
[POOL] Cleanup scheduled for d716403cb80b
[DockerWorker-2] ✓ Completed: b1cfc783939e63d39f4bcab589908ce1035070db245d2e9bf568b130c1dac0fb.elf (9 events) (1.05s)
[DockerWorker-2] Starting: af1e724fba4c04f959cf8b55e88b4e90ea504b3700b2b55c950f456ba7b63f70.elf (62_64bit)
[ANALYSISLOG] af1e724fba4c04f959cf8b55e88b4e90ea504b3700b2b55c950f456ba7b63f70.elf -> ../ELF_samples/benign_report/x86_64_add/raw/af1e724fba4c04f959cf8b55e88b4e90ea504b3700b2b55c950f456ba7b63f70.elf_2026-01-29_21-31-13_973bfa6b.jsonl
[DOCKER] Selected image for libc=glibc: amd64/ubuntu:24.04
[CgroupManager] Added cgroup 28722 via bpftool
[EventRouter] DEBUG: EXEC #34 filename='/bin/true', triggers=['df17c43f9f8ce304d7ce904b7843712db569b93f3fd6acaa68c4219e2711ff2f.elf', '/tmp/df17c43f9f8ce304d7ce904b7843712db569b93f3fd6acaa68c4219e2711ff2f.elf']
[CgroupManager] Added cgroup 28808 via bpftool
[EventRouter] DEBUG: EXEC #33 filename='/bin/true', triggers=['ce2527764ff74be799178f087175aaa32dba71b0d1c7ac367e907d64ada27488.elf', '/tmp/ce2527764ff74be799178f087175aaa32dba71b0d1c7ac367e907d64ada27488.elf']
[EventRouter] ARM detected at event 91 for cgroup 28722
[EventRouter] Discarded 90 pre-ARM events for cgroup 28722
[DOCKER] Container exit code: 1
[DOCKER][STDOUT] BEGIN
/tmp/df17c43f9f8ce304d7ce904b7843712db569b93f3fd6acaa68c4219e2711ff2f.elf: missing operand
Try '/tmp/df17c43f9f8ce304d7ce904b7843712db569b93f3fd6acaa68c4219e2711ff2f.elf --help' for more information.
[DOCKER][STDOUT] END
[DOCKER] Raw stdout saved: ../ELF_samples/benign_report/x86_64_add/raw/df17c43f9f8ce304d7ce904b7843712db569b93f3fd6acaa68c4219e2711ff2f.elf_2026-01-29_21-31-13_f1fdbfd4_container_stdout.txt
[CgroupManager] Added cgroup 28894 via bpftool
[EventRouter] DEBUG: EXEC #32 filename='/bin/true', triggers=['af1e724fba4c04f959cf8b55e88b4e90ea504b3700b2b55c950f456ba7b63f70.elf', '/tmp/af1e724fba4c04f959cf8b55e88b4e90ea504b3700b2b55c950f456ba7b63f70.elf']
[AI-Integration] Job 59507bd7 analyzed via deepseek
[EventRouter] ARM detected at event 89 for cgroup 28808
[EventRouter] Discarded 88 pre-ARM events for cgroup 28808
[DOCKER] Container exit code: 2
[DOCKER][STDOUT] BEGIN
ce2527764ff74be799178f087175aaa32dba71b0d1c7ac367e907d64ada27488.elf: bad usage
Try 'ce2527764ff74be799178f087175aaa32dba71b0d1c7ac367e907d64ada27488.elf --help' for more information.
[DOCKER][STDOUT] END
[DOCKER] Raw stdout saved: ../ELF_samples/benign_report/x86_64_add/raw/ce2527764ff74be799178f087175aaa32dba71b0d1c7ac367e907d64ada27488.elf_2026-01-29_21-31-13_f98c6215_container_stdout.txt
[AI-Integration] Job ea07f97c analyzed via deepseek
[EventRouter] ARM detected at event 88 for cgroup 28894
[EventRouter] Discarded 87 pre-ARM events for cgroup 28894
[DOCKER] Container exit code: 1
[DOCKER][STDOUT] BEGIN
/tmp/af1e724fba4c04f959cf8b55e88b4e90ea504b3700b2b55c950f456ba7b63f70.elf: missing operand
Try '/tmp/af1e724fba4c04f959cf8b55e88b4e90ea504b3700b2b55c950f456ba7b63f70.elf --help' for more information.
[DOCKER][STDOUT] END
[DOCKER] Raw stdout saved: ../ELF_samples/benign_report/x86_64_add/raw/af1e724fba4c04f959cf8b55e88b4e90ea504b3700b2b55c950f456ba7b63f70.elf_2026-01-29_21-31-13_973bfa6b_container_stdout.txt
[AI-Integration] Job 0e83dc1a analyzed via deepseek
[POOL] Collected 11 events for analysis (read from log file)
[POOL] Running analyzers on 11 events for df17c43f9f8ce304d7ce904b7843712db569b93f3fd6acaa68c4219e2711ff2f.elf
[POOL] Analysis completed: 0 findings in 0.00s (10535 events/s)
[AI-Integration] Submitted task: f1fdbfd4
[AI] f1fdbfd4 queued for DeepSeek analysis
[CgroupManager] Removed cgroup 28722 via bpftool
[POOL] Cleanup scheduled for f1bb2e3a3c5f
[DockerWorker-3] ✓ Completed: df17c43f9f8ce304d7ce904b7843712db569b93f3fd6acaa68c4219e2711ff2f.elf (11 events) (1.07s)
[DockerWorker-3] Starting: 696f406ac840906bdc92c75570e99d3d767637a102190dea1abe7d81b5f9b3b0.elf (62_64bit)
[ANALYSISLOG] 696f406ac840906bdc92c75570e99d3d767637a102190dea1abe7d81b5f9b3b0.elf -> ../ELF_samples/benign_report/x86_64_add/raw/696f406ac840906bdc92c75570e99d3d767637a102190dea1abe7d81b5f9b3b0.elf_2026-01-29_21-31-14_abbf3669.jsonl
[DOCKER] Selected image for libc=glibc: amd64/ubuntu:24.04
[POOL] Collected 12 events for analysis (read from log file)
[POOL] Running analyzers on 12 events for ce2527764ff74be799178f087175aaa32dba71b0d1c7ac367e907d64ada27488.elf
[POOL] Analysis completed: 0 findings in 0.00s (11279 events/s)
[AI-Integration] Submitted task: f98c6215
[AI] f98c6215 queued for DeepSeek analysis
[CgroupManager] Removed cgroup 28808 via bpftool
[POOL] Cleanup scheduled for e56326cde20f
[DockerWorker-5] ✓ Completed: ce2527764ff74be799178f087175aaa32dba71b0d1c7ac367e907d64ada27488.elf (12 events) (1.05s)
[DockerWorker-5] Starting: 200d843c3236c854898b4baceb88c9a3f35dee6f0bc362f8e1f21e7e17d3e269.elf (62_64bit)
[ANALYSISLOG] 200d843c3236c854898b4baceb88c9a3f35dee6f0bc362f8e1f21e7e17d3e269.elf -> ../ELF_samples/benign_report/x86_64_add/raw/200d843c3236c854898b4baceb88c9a3f35dee6f0bc362f8e1f21e7e17d3e269.elf_2026-01-29_21-31-14_6b0119be.jsonl
[DOCKER] Selected image for libc=glibc: amd64/ubuntu:24.04
[POOL] Collected 11 events for analysis (read from log file)
[POOL] Running analyzers on 11 events for af1e724fba4c04f959cf8b55e88b4e90ea504b3700b2b55c950f456ba7b63f70.elf
[POOL] Analysis completed: 0 findings in 0.00s (10499 events/s)
[AI-Integration] Submitted task: 973bfa6b
[AI] 973bfa6b queued for DeepSeek analysis
[CgroupManager] Removed cgroup 28894 via bpftool
[POOL] Cleanup scheduled for 6f91091da28d
[DockerWorker-2] ✓ Completed: af1e724fba4c04f959cf8b55e88b4e90ea504b3700b2b55c950f456ba7b63f70.elf (11 events) (1.11s)
[DockerWorker-2] Starting: eaf8d72a57e13f5686feaae4d908f4f944a148166c2382c54393b8d89e5fb7c7.elf (62_64bit)
[ANALYSISLOG] eaf8d72a57e13f5686feaae4d908f4f944a148166c2382c54393b8d89e5fb7c7.elf -> ../ELF_samples/benign_report/x86_64_add/raw/eaf8d72a57e13f5686feaae4d908f4f944a148166c2382c54393b8d89e5fb7c7.elf_2026-01-29_21-31-14_400d8393.jsonl
[DOCKER] Selected image for libc=glibc: amd64/ubuntu:24.04
[CgroupManager] Added cgroup 28980 via bpftool
[EventRouter] DEBUG: EXEC #33 filename='/bin/true', triggers=['696f406ac840906bdc92c75570e99d3d767637a102190dea1abe7d81b5f9b3b0.elf', '/tmp/696f406ac840906bdc92c75570e99d3d767637a102190dea1abe7d81b5f9b3b0.elf']
[CgroupManager] Added cgroup 29066 via bpftool
[EventRouter] ARM detected at event 104 for cgroup 28980
[EventRouter] Discarded 103 pre-ARM events for cgroup 28980
[EventRouter] DEBUG: EXEC #34 filename='/bin/true', triggers=['200d843c3236c854898b4baceb88c9a3f35dee6f0bc362f8e1f21e7e17d3e269.elf', '/tmp/200d843c3236c854898b4baceb88c9a3f35dee6f0bc362f8e1f21e7e17d3e269.elf']
[DOCKER] Container exit code: 0
[DOCKER][STDOUT] BEGIN
Login    Name                 TTY      Idle   When         Where
[DOCKER][STDOUT] END
[DOCKER] Raw stdout saved: ../ELF_samples/benign_report/x86_64_add/raw/696f406ac840906bdc92c75570e99d3d767637a102190dea1abe7d81b5f9b3b0.elf_2026-01-29_21-31-14_abbf3669_container_stdout.txt
[CgroupManager] Added cgroup 29152 via bpftool
[EventRouter] DEBUG: EXEC #33 filename='/bin/true', triggers=['eaf8d72a57e13f5686feaae4d908f4f944a148166c2382c54393b8d89e5fb7c7.elf', '/tmp/eaf8d72a57e13f5686feaae4d908f4f944a148166c2382c54393b8d89e5fb7c7.elf']
[POOL] Execution timed out for 83588576b6dd8f5018f38d0a947ccc25f2aedc8f7f5ae0f3dde1988ed0cbd0c3.elf after 15s
[POOL] Killing container a0d635bf9641...
[EventRouter] ARM detected at event 90 for cgroup 29066
[EventRouter] Discarded 89 pre-ARM events for cgroup 29066
[DOCKER] Container exit code: 0
[POOL] Container killed successfully
[DOCKER] Container exit code: -1
[POOL] Execution timed out - stopping BPF monitoring for cgroup 24594
[CgroupManager] Removed cgroup 24594 via bpftool
[EventRouter] ARM detected at event 88 for cgroup 29152
[EventRouter] Discarded 87 pre-ARM events for cgroup 29152
[DOCKER] Container exit code: 1
[DOCKER][STDOUT] BEGIN
eaf8d72a57e13f5686feaae4d908f4f944a148166c2382c54393b8d89e5fb7c7.elf: not enough arguments
Try 'eaf8d72a57e13f5686feaae4d908f4f944a148166c2382c54393b8d89e5fb7c7.elf --help' for more information.
[DOCKER][STDOUT] END
[DOCKER] Raw stdout saved: ../ELF_samples/benign_report/x86_64_add/raw/eaf8d72a57e13f5686feaae4d908f4f944a148166c2382c54393b8d89e5fb7c7.elf_2026-01-29_21-31-14_400d8393_container_stdout.txt
[AI-Integration] Job 75f4852f analyzed via deepseek
[AI-Integration] Job cee04afc analyzed via deepseek
[POOL] Collected 9 events for analysis (read from log file)
[POOL] Running analyzers on 9 events for 696f406ac840906bdc92c75570e99d3d767637a102190dea1abe7d81b5f9b3b0.elf
[POOL] Analysis completed: 0 findings in 0.00s (8528 events/s)
[AI-Integration] Submitted task: abbf3669
[AI] abbf3669 queued for DeepSeek analysis
[CgroupManager] Removed cgroup 28980 via bpftool
[POOL] Cleanup scheduled for 0d62f9eb35c6
[DockerWorker-3] ✓ Completed: 696f406ac840906bdc92c75570e99d3d767637a102190dea1abe7d81b5f9b3b0.elf (9 events) (1.08s)
[DockerWorker-3] Starting: 82eace308aeca280044608211ca126ce1d23a112af7adb9f921ced760a66f9d2.elf (62_64bit)
[ANALYSISLOG] 82eace308aeca280044608211ca126ce1d23a112af7adb9f921ced760a66f9d2.elf -> ../ELF_samples/benign_report/x86_64_add/raw/82eace308aeca280044608211ca126ce1d23a112af7adb9f921ced760a66f9d2.elf_2026-01-29_21-31-15_fde599f2.jsonl
[DOCKER] Selected image for libc=glibc: amd64/ubuntu:24.04
[POOL] Collected 8 events for analysis (read from log file)
[POOL] Running analyzers on 8 events for 200d843c3236c854898b4baceb88c9a3f35dee6f0bc362f8e1f21e7e17d3e269.elf
[POOL] Analysis completed: 0 findings in 0.00s (7693 events/s)
[AI-Integration] Submitted task: 6b0119be
[AI] 6b0119be queued for DeepSeek analysis
[CgroupManager] Removed cgroup 29066 via bpftool
[POOL] Cleanup scheduled for 89d0b39b724f
[DockerWorker-5] ✓ Completed: 200d843c3236c854898b4baceb88c9a3f35dee6f0bc362f8e1f21e7e17d3e269.elf (8 events) (1.10s)
[DockerWorker-5] Starting: 280b9690cb1db35bbe11c9cbc41f9b6fcbf0dfb4aab017c0b8682c6a84d1bb36.elf (62_64bit)
[ANALYSISLOG] 280b9690cb1db35bbe11c9cbc41f9b6fcbf0dfb4aab017c0b8682c6a84d1bb36.elf -> ../ELF_samples/benign_report/x86_64_add/raw/280b9690cb1db35bbe11c9cbc41f9b6fcbf0dfb4aab017c0b8682c6a84d1bb36.elf_2026-01-29_21-31-15_258e7435.jsonl
[DOCKER] Selected image for libc=glibc: amd64/ubuntu:24.04
[POOL] Collected 12 events for analysis (read from log file)
[POOL] Running analyzers on 12 events for 83588576b6dd8f5018f38d0a947ccc25f2aedc8f7f5ae0f3dde1988ed0cbd0c3.elf
[POOL] Analysis completed: 0 findings in 0.00s (11291 events/s)
[AI-Integration] Submitted task: 7bd45000
[AI] 7bd45000 queued for DeepSeek analysis
[POOL] Collected 11 events for analysis (read from log file)
[POOL] Running analyzers on 11 events for eaf8d72a57e13f5686feaae4d908f4f944a148166c2382c54393b8d89e5fb7c7.elf
[POOL] Analysis completed: 0 findings in 0.00s (10496 events/s)
[AI-Integration] Submitted task: 400d8393
[AI] 400d8393 queued for DeepSeek analysis
[CgroupManager] bpftool delete failed: Command '['sudo', '/usr/sbin/bpftool', 'map', 'delete', 'id', '30', 'key', 'hex', '12', '60', '00', '00', '00', '00', '00', '00']' returned non-zero exit status 254.
[POOL] Cleanup scheduled for a0d635bf9641
[DockerWorker-4] ✓ Completed: 83588576b6dd8f5018f38d0a947ccc25f2aedc8f7f5ae0f3dde1988ed0cbd0c3.elf (12 events) (16.26s)
[DockerWorker-4] Starting: 4cc27f62200c1d8f4cb72a6012addd91ba255b36de79af98371bb31df2aaa42b.elf (62_64bit)
[POOL] Failed to kill container a0d635bf9641: 409 Client Error for http+docker://localhost/v1.50/containers/a0d635bf96416d4dcc5c85108331a8d37a91284cf65728ec722947e04318418d/kill: Conflict ("cannot kill container: a0d635bf96416d4dcc5c85108331a8d37a91284cf65728ec722947e04318418d: container a0d635bf96416d4dcc5c85108331a8d37a91284cf65728ec722947e04318418d is not running")
[ANALYSISLOG] 4cc27f62200c1d8f4cb72a6012addd91ba255b36de79af98371bb31df2aaa42b.elf -> ../ELF_samples/benign_report/x86_64_add/raw/4cc27f62200c1d8f4cb72a6012addd91ba255b36de79af98371bb31df2aaa42b.elf_2026-01-29_21-31-15_b7bbe963.jsonl
[DOCKER] Selected image for libc=glibc: amd64/ubuntu:24.04
[CgroupManager] Removed cgroup 29152 via bpftool
[POOL] Cleanup scheduled for a5f04626e65d
[DockerWorker-2] ✓ Completed: eaf8d72a57e13f5686feaae4d908f4f944a148166c2382c54393b8d89e5fb7c7.elf (11 events) (1.07s)
[DockerWorker-2] Starting: 73801fcec2e8d57e7514d56c65b4dd56f3b794449d6a6c8472656a85fc12905e.elf (62_64bit)
[ANALYSISLOG] 73801fcec2e8d57e7514d56c65b4dd56f3b794449d6a6c8472656a85fc12905e.elf -> ../ELF_samples/benign_report/x86_64_add/raw/73801fcec2e8d57e7514d56c65b4dd56f3b794449d6a6c8472656a85fc12905e.elf_2026-01-29_21-31-15_04a6a3ee.jsonl
[DOCKER] Selected image for libc=glibc: amd64/ubuntu:24.04
[CgroupManager] Added cgroup 29238 via bpftool
[EventRouter] DEBUG: EXEC #34 filename='/bin/true', triggers=['82eace308aeca280044608211ca126ce1d23a112af7adb9f921ced760a66f9d2.elf', '/tmp/82eace308aeca280044608211ca126ce1d23a112af7adb9f921ced760a66f9d2.elf']
[AI-Integration] Job 0d364311 analyzed via deepseek
[CgroupManager] Added cgroup 29324 via bpftool
[EventRouter] ARM detected at event 89 for cgroup 29238
[EventRouter] Discarded 88 pre-ARM events for cgroup 29238
[DOCKER] Container exit code: 126
[DOCKER][STDOUT] BEGIN
/bin/sh: 1: /tmp/82eace308aeca280044608211ca126ce1d23a112af7adb9f921ced760a66f9d2.elf: Exec format error
[DOCKER][STDOUT] END
[EventRouter] DEBUG: EXEC #33 filename='/bin/true', triggers=['280b9690cb1db35bbe11c9cbc41f9b6fcbf0dfb4aab017c0b8682c6a84d1bb36.elf', '/tmp/280b9690cb1db35bbe11c9cbc41f9b6fcbf0dfb4aab017c0b8682c6a84d1bb36.elf']
[DOCKER] Raw stdout saved: ../ELF_samples/benign_report/x86_64_add/raw/82eace308aeca280044608211ca126ce1d23a112af7adb9f921ced760a66f9d2.elf_2026-01-29_21-31-15_fde599f2_container_stdout.txt
[CgroupManager] Added cgroup 29410 via bpftool
[CgroupManager] Added cgroup 29496 via bpftool
[EventRouter] DEBUG: EXEC #33 filename='/bin/true', triggers=['4cc27f62200c1d8f4cb72a6012addd91ba255b36de79af98371bb31df2aaa42b.elf', '/tmp/4cc27f62200c1d8f4cb72a6012addd91ba255b36de79af98371bb31df2aaa42b.elf']
[EventRouter] DEBUG: EXEC #35 filename='/bin/true', triggers=['73801fcec2e8d57e7514d56c65b4dd56f3b794449d6a6c8472656a85fc12905e.elf', '/tmp/73801fcec2e8d57e7514d56c65b4dd56f3b794449d6a6c8472656a85fc12905e.elf']
[EventRouter] ARM detected at event 88 for cgroup 29324
[EventRouter] Discarded 87 pre-ARM events for cgroup 29324
[DOCKER] Container exit code: 127
[DOCKER][STDOUT] BEGIN
/tmp/280b9690cb1db35bbe11c9cbc41f9b6fcbf0dfb4aab017c0b8682c6a84d1bb36.elf: error while loading shared libraries: libtinfo.so.5: cannot open shared object file: No such file or directory
[DOCKER][STDOUT] END
[DOCKER] Raw stdout saved: ../ELF_samples/benign_report/x86_64_add/raw/280b9690cb1db35bbe11c9cbc41f9b6fcbf0dfb4aab017c0b8682c6a84d1bb36.elf_2026-01-29_21-31-15_258e7435_container_stdout.txt
[EventRouter] ARM detected at event 88 for cgroup 29410
[EventRouter] Discarded 87 pre-ARM events for cgroup 29410
[DOCKER] Container exit code: 0
[EventRouter] ARM detected at event 91 for cgroup 29496
[EventRouter] Discarded 90 pre-ARM events for cgroup 29496
[DOCKER] Container exit code: 125
[DOCKER][STDOUT] BEGIN
/tmp/73801fcec2e8d57e7514d56c65b4dd56f3b794449d6a6c8472656a85fc12905e.elf: missing operand
Try '/tmp/73801fcec2e8d57e7514d56c65b4dd56f3b794449d6a6c8472656a85fc12905e.elf --help' for more information.
[DOCKER][STDOUT] END
[DOCKER] Raw stdout saved: ../ELF_samples/benign_report/x86_64_add/raw/73801fcec2e8d57e7514d56c65b4dd56f3b794449d6a6c8472656a85fc12905e.elf_2026-01-29_21-31-15_04a6a3ee_container_stdout.txt
[POOL] Collected 10 events for analysis (read from log file)
[POOL] Running analyzers on 10 events for 82eace308aeca280044608211ca126ce1d23a112af7adb9f921ced760a66f9d2.elf
[POOL] Analysis completed: 0 findings in 0.00s (9437 events/s)
[AI-Integration] Submitted task: fde599f2
[AI] fde599f2 queued for DeepSeek analysis
[CgroupManager] Removed cgroup 29238 via bpftool
[POOL] Cleanup scheduled for e9aabacba7fd
[DockerWorker-3] ✓ Completed: 82eace308aeca280044608211ca126ce1d23a112af7adb9f921ced760a66f9d2.elf (10 events) (1.08s)
[DockerWorker-3] Starting: 7c286a1b7857812faf232c0a6924ef80d643c93857c8caf9af9f9e8b5c1ea611.elf (62_64bit)
[ANALYSISLOG] 7c286a1b7857812faf232c0a6924ef80d643c93857c8caf9af9f9e8b5c1ea611.elf -> ../ELF_samples/benign_report/x86_64_add/raw/7c286a1b7857812faf232c0a6924ef80d643c93857c8caf9af9f9e8b5c1ea611.elf_2026-01-29_21-31-16_35598fa8.jsonl
[DOCKER] Selected image for libc=glibc: amd64/ubuntu:24.04
[POOL] Collected 7 events for analysis (read from log file)
[POOL] Running analyzers on 7 events for 280b9690cb1db35bbe11c9cbc41f9b6fcbf0dfb4aab017c0b8682c6a84d1bb36.elf
[POOL] Analysis completed: 0 findings in 0.00s (6750 events/s)
[AI-Integration] Submitted task: 258e7435
[AI] 258e7435 queued for DeepSeek analysis
[CgroupManager] Removed cgroup 29324 via bpftool
[POOL] Cleanup scheduled for d10de7e8127b
[DockerWorker-5] ✓ Completed: 280b9690cb1db35bbe11c9cbc41f9b6fcbf0dfb4aab017c0b8682c6a84d1bb36.elf (7 events) (1.09s)
[DockerWorker-5] Starting: ed30132d3e42f7d1bc47ddcc5c4620dc428cc99e1d1f75a3536b1f853443422b.elf (62_64bit)
[ANALYSISLOG] ed30132d3e42f7d1bc47ddcc5c4620dc428cc99e1d1f75a3536b1f853443422b.elf -> ../ELF_samples/benign_report/x86_64_add/raw/ed30132d3e42f7d1bc47ddcc5c4620dc428cc99e1d1f75a3536b1f853443422b.elf_2026-01-29_21-31-16_4c30b750.jsonl
[DOCKER] Selected image for libc=glibc: amd64/ubuntu:24.04
[POOL] Collected 7 events for analysis (read from log file)
[POOL] Running analyzers on 7 events for 4cc27f62200c1d8f4cb72a6012addd91ba255b36de79af98371bb31df2aaa42b.elf
[POOL] Analysis completed: 0 findings in 0.00s (6770 events/s)
[AI-Integration] Submitted task: b7bbe963
[AI] b7bbe963 queued for DeepSeek analysis
[POOL] Collected 11 events for analysis (read from log file)
[POOL] Running analyzers on 11 events for 73801fcec2e8d57e7514d56c65b4dd56f3b794449d6a6c8472656a85fc12905e.elf
[POOL] Analysis completed: 0 findings in 0.00s (8836 events/s)
[AI-Integration] Submitted task: 04a6a3ee
[AI] 04a6a3ee queued for DeepSeek analysis
[CgroupManager] Removed cgroup 29410 via bpftool
[POOL] Cleanup scheduled for 6e8eda70cd1e
[DockerWorker-4] ✓ Completed: 4cc27f62200c1d8f4cb72a6012addd91ba255b36de79af98371bb31df2aaa42b.elf (7 events) (1.09s)
[DockerWorker-4] Starting: 329ae4efecd76afaa386c2a67d6290abccd81c9addf2c5dff83cd9e6304c188f.elf (62_64bit)
[ANALYSISLOG] 329ae4efecd76afaa386c2a67d6290abccd81c9addf2c5dff83cd9e6304c188f.elf -> ../ELF_samples/benign_report/x86_64_add/raw/329ae4efecd76afaa386c2a67d6290abccd81c9addf2c5dff83cd9e6304c188f.elf_2026-01-29_21-31-16_19f8f96b.jsonl
[DOCKER] Selected image for libc=glibc: amd64/ubuntu:24.04
[CgroupManager] Removed cgroup 29496 via bpftool
[POOL] Cleanup scheduled for 9bd1f2516c28
[DockerWorker-2] ✓ Completed: 73801fcec2e8d57e7514d56c65b4dd56f3b794449d6a6c8472656a85fc12905e.elf (11 events) (1.09s)
[DockerWorker-2] Starting: dbf401edf741aaf606bec3529b4d9f919749221d654261a5befc531550628bda.elf (62_64bit)
[ANALYSISLOG] dbf401edf741aaf606bec3529b4d9f919749221d654261a5befc531550628bda.elf -> ../ELF_samples/benign_report/x86_64_add/raw/dbf401edf741aaf606bec3529b4d9f919749221d654261a5befc531550628bda.elf_2026-01-29_21-31-16_57a3b5f6.jsonl
[DOCKER] Selected image for libc=glibc: amd64/ubuntu:24.04
[CgroupManager] Added cgroup 29582 via bpftool
[EventRouter] DEBUG: EXEC #34 filename='/bin/true', triggers=['7c286a1b7857812faf232c0a6924ef80d643c93857c8caf9af9f9e8b5c1ea611.elf', '/tmp/7c286a1b7857812faf232c0a6924ef80d643c93857c8caf9af9f9e8b5c1ea611.elf']
[CgroupManager] Added cgroup 29668 via bpftool
[EventRouter] DEBUG: EXEC #34 filename='/bin/true', triggers=['ed30132d3e42f7d1bc47ddcc5c4620dc428cc99e1d1f75a3536b1f853443422b.elf', '/tmp/ed30132d3e42f7d1bc47ddcc5c4620dc428cc99e1d1f75a3536b1f853443422b.elf']
[EventRouter] ARM detected at event 91 for cgroup 29582
[EventRouter] Discarded 90 pre-ARM events for cgroup 29582
[DOCKER] Container exit code: 0
[DOCKER][STDOUT] BEGIN
/tmp/tmp.pLCr6kGzWl
[DOCKER][STDOUT] END
[DOCKER] Raw stdout saved: ../ELF_samples/benign_report/x86_64_add/raw/7c286a1b7857812faf232c0a6924ef80d643c93857c8caf9af9f9e8b5c1ea611.elf_2026-01-29_21-31-16_35598fa8_container_stdout.txt
[CgroupManager] Added cgroup 29754 via bpftool
[CgroupManager] Added cgroup 29840 via bpftool
[EventRouter] DEBUG: EXEC #33 filename='/bin/true', triggers=['329ae4efecd76afaa386c2a67d6290abccd81c9addf2c5dff83cd9e6304c188f.elf', '/tmp/329ae4efecd76afaa386c2a67d6290abccd81c9addf2c5dff83cd9e6304c188f.elf']
[EventRouter] DEBUG: EXEC #34 filename='/bin/true', triggers=['dbf401edf741aaf606bec3529b4d9f919749221d654261a5befc531550628bda.elf', '/tmp/dbf401edf741aaf606bec3529b4d9f919749221d654261a5befc531550628bda.elf']
[EventRouter] ARM detected at event 89 for cgroup 29668
[EventRouter] Discarded 88 pre-ARM events for cgroup 29668
[DOCKER] Container exit code: 0
[EventRouter] ARM detected at event 88 for cgroup 29754
[EventRouter] Discarded 87 pre-ARM events for cgroup 29754
[DOCKER] Container exit code: 0
[EventRouter] ARM detected at event 88 for cgroup 29840
[EventRouter] Discarded 87 pre-ARM events for cgroup 29840
[DOCKER] Container exit code: 3
[DOCKER][STDOUT] BEGIN
dbf401edf741aaf606bec3529b4d9f919749221d654261a5befc531550628bda.elf: Cannot open master raw device '/dev/raw/rawctl': No such file or directory
[DOCKER][STDOUT] END
[DOCKER] Raw stdout saved: ../ELF_samples/benign_report/x86_64_add/raw/dbf401edf741aaf606bec3529b4d9f919749221d654261a5befc531550628bda.elf_2026-01-29_21-31-16_57a3b5f6_container_stdout.txt
[POOL] Collected 10 events for analysis (read from log file)
[POOL] Running analyzers on 10 events for 7c286a1b7857812faf232c0a6924ef80d643c93857c8caf9af9f9e8b5c1ea611.elf
[POOL] Analysis completed: 0 findings in 0.00s (8925 events/s)
[AI-Integration] Submitted task: 35598fa8
[AI] 35598fa8 queued for DeepSeek analysis
[CgroupManager] Removed cgroup 29582 via bpftool
[POOL] Cleanup scheduled for 14438fdbdc24
[DockerWorker-3] ✓ Completed: 7c286a1b7857812faf232c0a6924ef80d643c93857c8caf9af9f9e8b5c1ea611.elf (10 events) (1.07s)
[DockerWorker-3] Starting: 99c2b8c8daa6dc98bbb89de7209d40bb8de7dc2372d53c8254b5aab5704a4d40.elf (62_64bit)
[ANALYSISLOG] 99c2b8c8daa6dc98bbb89de7209d40bb8de7dc2372d53c8254b5aab5704a4d40.elf -> ../ELF_samples/benign_report/x86_64_add/raw/99c2b8c8daa6dc98bbb89de7209d40bb8de7dc2372d53c8254b5aab5704a4d40.elf_2026-01-29_21-31-17_56fa61aa.jsonl
[DOCKER] Selected image for libc=glibc: amd64/ubuntu:24.04
[POOL] Collected 7 events for analysis (read from log file)
[POOL] Running analyzers on 7 events for ed30132d3e42f7d1bc47ddcc5c4620dc428cc99e1d1f75a3536b1f853443422b.elf
[POOL] Analysis completed: 0 findings in 0.00s (6803 events/s)
[AI-Integration] Submitted task: 4c30b750
[AI] 4c30b750 queued for DeepSeek analysis
[CgroupManager] Removed cgroup 29668 via bpftool
[POOL] Cleanup scheduled for 0e2e1fb82660
[DockerWorker-5] ✓ Completed: ed30132d3e42f7d1bc47ddcc5c4620dc428cc99e1d1f75a3536b1f853443422b.elf (7 events) (1.03s)
[DockerWorker-5] Starting: fee3732f4d3876cd0592926316bd1647b568b9220a9065247be34bc5232cfcb7.elf (62_64bit)
[ANALYSISLOG] fee3732f4d3876cd0592926316bd1647b568b9220a9065247be34bc5232cfcb7.elf -> ../ELF_samples/benign_report/x86_64_add/raw/fee3732f4d3876cd0592926316bd1647b568b9220a9065247be34bc5232cfcb7.elf_2026-01-29_21-31-17_03e0d4be.jsonl
[DOCKER] Selected image for libc=glibc: amd64/ubuntu:24.04
[POOL] Collected 7 events for analysis (read from log file)
[POOL] Running analyzers on 7 events for 329ae4efecd76afaa386c2a67d6290abccd81c9addf2c5dff83cd9e6304c188f.elf
[POOL] Analysis completed: 0 findings in 0.00s (6787 events/s)
[AI-Integration] Submitted task: 19f8f96b
[AI] 19f8f96b queued for DeepSeek analysis
[POOL] Collected 11 events for analysis (read from log file)
[POOL] Running analyzers on 11 events for dbf401edf741aaf606bec3529b4d9f919749221d654261a5befc531550628bda.elf
[POOL] Analysis completed: 0 findings in 0.00s (10557 events/s)
[CgroupManager] Removed cgroup 29754 via bpftool
[POOL] Cleanup scheduled for ebe8af729433
[DockerWorker-4] ✓ Completed: 329ae4efecd76afaa386c2a67d6290abccd81c9addf2c5dff83cd9e6304c188f.elf (7 events) (1.04s)
[DockerWorker-4] Starting: 5c12034a9bf56cb8ebac89db71932dc3dc9c7a204ce9eded21c850b909faf886.elf (62_64bit)
[AI-Integration] Submitted task: 57a3b5f6
[AI] 57a3b5f6 queued for DeepSeek analysis
[ANALYSISLOG] 5c12034a9bf56cb8ebac89db71932dc3dc9c7a204ce9eded21c850b909faf886.elf -> ../ELF_samples/benign_report/x86_64_add/raw/5c12034a9bf56cb8ebac89db71932dc3dc9c7a204ce9eded21c850b909faf886.elf_2026-01-29_21-31-17_976e1114.jsonl
[DOCKER] Selected image for libc=glibc: amd64/ubuntu:24.04
[CgroupManager] Removed cgroup 29840 via bpftool
[POOL] Cleanup scheduled for c42e107e4148
[DockerWorker-2] ✓ Completed: dbf401edf741aaf606bec3529b4d9f919749221d654261a5befc531550628bda.elf (11 events) (1.04s)
[DockerWorker-2] Starting: a03516f385e0af2871bb12cb654a3e0ab459be9e0659140a3f716935899150d0.elf (62_64bit)
[ANALYSISLOG] a03516f385e0af2871bb12cb654a3e0ab459be9e0659140a3f716935899150d0.elf -> ../ELF_samples/benign_report/x86_64_add/raw/a03516f385e0af2871bb12cb654a3e0ab459be9e0659140a3f716935899150d0.elf_2026-01-29_21-31-17_58b3a96f.jsonl
[DOCKER] Selected image for libc=glibc: amd64/ubuntu:24.04
[CgroupManager] Added cgroup 29926 via bpftool
[EventRouter] DEBUG: EXEC #33 filename='/bin/true', triggers=['99c2b8c8daa6dc98bbb89de7209d40bb8de7dc2372d53c8254b5aab5704a4d40.elf', '/tmp/99c2b8c8daa6dc98bbb89de7209d40bb8de7dc2372d53c8254b5aab5704a4d40.elf']
[CgroupManager] Added cgroup 30012 via bpftool
[EventRouter] DEBUG: EXEC #33 filename='/bin/true', triggers=['fee3732f4d3876cd0592926316bd1647b568b9220a9065247be34bc5232cfcb7.elf', '/tmp/fee3732f4d3876cd0592926316bd1647b568b9220a9065247be34bc5232cfcb7.elf']
[EventRouter] ARM detected at event 88 for cgroup 29926
[EventRouter] Discarded 87 pre-ARM events for cgroup 29926
[DOCKER] Container exit code: 0
[CgroupManager] Added cgroup 30098 via bpftool
[EventRouter] DEBUG: EXEC #34 filename='/bin/true', triggers=['5c12034a9bf56cb8ebac89db71932dc3dc9c7a204ce9eded21c850b909faf886.elf', '/tmp/5c12034a9bf56cb8ebac89db71932dc3dc9c7a204ce9eded21c850b909faf886.elf']
[CgroupManager] Added cgroup 30184 via bpftool
[EventRouter] ARM detected at event 88 for cgroup 30012
[EventRouter] Discarded 87 pre-ARM events for cgroup 30012
[DOCKER] Container exit code: 0
[DOCKER][STDOUT] BEGIN
uid=0(root) gid=0(root) groups=0(root)
[DOCKER][STDOUT] END
[DOCKER] Raw stdout saved: ../ELF_samples/benign_report/x86_64_add/raw/fee3732f4d3876cd0592926316bd1647b568b9220a9065247be34bc5232cfcb7.elf_2026-01-29_21-31-17_03e0d4be_container_stdout.txt
[EventRouter] ARM detected at event 89 for cgroup 30098
[EventRouter] Discarded 88 pre-ARM events for cgroup 30098
[DOCKER] Container exit code: 2
[EventRouter] ARM detected at event 128 for cgroup 30184
[EventRouter] Discarded 127 pre-ARM events for cgroup 30184
[DOCKER] Container exit code: 0
[DOCKER][STDOUT] BEGIN
4294967295 0
[DOCKER][STDOUT] END
[DOCKER] Raw stdout saved: ../ELF_samples/benign_report/x86_64_add/raw/a03516f385e0af2871bb12cb654a3e0ab459be9e0659140a3f716935899150d0.elf_2026-01-29_21-31-17_58b3a96f_container_stdout.txt
[POOL] Collected 7 events for analysis (read from log file)
[POOL] Running analyzers on 7 events for 99c2b8c8daa6dc98bbb89de7209d40bb8de7dc2372d53c8254b5aab5704a4d40.elf
[POOL] Analysis completed: 0 findings in 0.00s (6816 events/s)
[AI-Integration] Submitted task: 56fa61aa
[AI] 56fa61aa queued for DeepSeek analysis
[CgroupManager] Removed cgroup 29926 via bpftool
[POOL] Cleanup scheduled for ca93aac5485d
[DockerWorker-3] ✓ Completed: 99c2b8c8daa6dc98bbb89de7209d40bb8de7dc2372d53c8254b5aab5704a4d40.elf (7 events) (1.04s)
[DockerWorker-3] Starting: 7cbe6c019a275bf9502ddd6d9fc268baa6ab091d1ecc368210149472e61ff607.elf (62_64bit)
[ANALYSISLOG] 7cbe6c019a275bf9502ddd6d9fc268baa6ab091d1ecc368210149472e61ff607.elf -> ../ELF_samples/benign_report/x86_64_add/raw/7cbe6c019a275bf9502ddd6d9fc268baa6ab091d1ecc368210149472e61ff607.elf_2026-01-29_21-31-18_a083ae22.jsonl
[DOCKER] Selected image for libc=glibc: amd64/ubuntu:24.04
[POOL] Collected 17 events for analysis (read from log file)
[POOL] Running analyzers on 17 events for fee3732f4d3876cd0592926316bd1647b568b9220a9065247be34bc5232cfcb7.elf
[POOL] Analysis completed: 0 findings in 0.00s (15735 events/s)
[AI-Integration] Submitted task: 03e0d4be
[AI] 03e0d4be queued for DeepSeek analysis
[CgroupManager] Removed cgroup 30012 via bpftool
[POOL] Cleanup scheduled for d18fcc3923d2
[DockerWorker-5] ✓ Completed: fee3732f4d3876cd0592926316bd1647b568b9220a9065247be34bc5232cfcb7.elf (17 events) (1.01s)
[DockerWorker-5] Starting: 4aa8f8a43c9876f7a9ea46fcba3c454bf05a7883ce4d009a267320201f67bef9.elf (62_64bit)
[ANALYSISLOG] 4aa8f8a43c9876f7a9ea46fcba3c454bf05a7883ce4d009a267320201f67bef9.elf -> ../ELF_samples/benign_report/x86_64_add/raw/4aa8f8a43c9876f7a9ea46fcba3c454bf05a7883ce4d009a267320201f67bef9.elf_2026-01-29_21-31-18_79a734e3.jsonl
[DOCKER] Selected image for libc=glibc: amd64/ubuntu:24.04
[POOL] Collected 320 events for analysis (read from log file)
[POOL] Running analyzers on 320 events for 5c12034a9bf56cb8ebac89db71932dc3dc9c7a204ce9eded21c850b909faf886.elf
[POOL] Analysis completed: 0 findings in 0.00s (285247 events/s)
[AI-Integration] Submitted task: 976e1114
[AI] 976e1114 queued for DeepSeek analysis
[CgroupManager] Removed cgroup 30098 via bpftool
[POOL] Cleanup scheduled for 10cdf529010e
[DockerWorker-4] ✓ Completed: 5c12034a9bf56cb8ebac89db71932dc3dc9c7a204ce9eded21c850b909faf886.elf (320 events) (1.04s)
[DockerWorker-4] Starting: 0b6566b138c1c4a90cdbc9b3d042298f2920f86c4be6ba943edf4457ec0c4ad8.elf (62_64bit)
[ANALYSISLOG] 0b6566b138c1c4a90cdbc9b3d042298f2920f86c4be6ba943edf4457ec0c4ad8.elf -> ../ELF_samples/benign_report/x86_64_add/raw/0b6566b138c1c4a90cdbc9b3d042298f2920f86c4be6ba943edf4457ec0c4ad8.elf_2026-01-29_21-31-19_5d3810b3.jsonl
[DOCKER] Selected image for libc=glibc: amd64/ubuntu:24.04
[POOL] Collected 8 events for analysis (read from log file)
[POOL] Running analyzers on 8 events for a03516f385e0af2871bb12cb654a3e0ab459be9e0659140a3f716935899150d0.elf
[POOL] Analysis completed: 0 findings in 0.00s (7597 events/s)
[AI-Integration] Submitted task: 58b3a96f
[AI] 58b3a96f queued for DeepSeek analysis
[CgroupManager] Removed cgroup 30184 via bpftool
[POOL] Cleanup scheduled for 7cc756556b0f
[DockerWorker-2] ✓ Completed: a03516f385e0af2871bb12cb654a3e0ab459be9e0659140a3f716935899150d0.elf (8 events) (1.08s)
[DockerWorker-2] Starting: 3fefe00e25e5517bb8684ce63c9c2f4628056c2b7c85a3a1dc27df4fcd009300.elf (62_64bit)
[ANALYSISLOG] 3fefe00e25e5517bb8684ce63c9c2f4628056c2b7c85a3a1dc27df4fcd009300.elf -> ../ELF_samples/benign_report/x86_64_add/raw/3fefe00e25e5517bb8684ce63c9c2f4628056c2b7c85a3a1dc27df4fcd009300.elf_2026-01-29_21-31-19_32263de9.jsonl
[DOCKER] Selected image for libc=glibc: amd64/ubuntu:24.04
[CgroupManager] Added cgroup 30270 via bpftool
[EventRouter] DEBUG: EXEC #50 filename='/bin/true', triggers=['7cbe6c019a275bf9502ddd6d9fc268baa6ab091d1ecc368210149472e61ff607.elf', '/tmp/7cbe6c019a275bf9502ddd6d9fc268baa6ab091d1ecc368210149472e61ff607.elf']
[CgroupManager] Added cgroup 30356 via bpftool
[EventRouter] DEBUG: EXEC #33 filename='/bin/true', triggers=['4aa8f8a43c9876f7a9ea46fcba3c454bf05a7883ce4d009a267320201f67bef9.elf', '/tmp/4aa8f8a43c9876f7a9ea46fcba3c454bf05a7883ce4d009a267320201f67bef9.elf']
[EventRouter] ARM detected at event 106 for cgroup 30270
[EventRouter] Discarded 105 pre-ARM events for cgroup 30270
[DOCKER] Container exit code: 0
[DOCKER][STDOUT] BEGIN
100	.
[DOCKER][STDOUT] END
[DOCKER] Raw stdout saved: ../ELF_samples/benign_report/x86_64_add/raw/7cbe6c019a275bf9502ddd6d9fc268baa6ab091d1ecc368210149472e61ff607.elf_2026-01-29_21-31-18_a083ae22_container_stdout.txt
[CgroupManager] Added cgroup 30442 via bpftool
[EventRouter] DEBUG: EXEC #34 filename='/bin/true', triggers=['0b6566b138c1c4a90cdbc9b3d042298f2920f86c4be6ba943edf4457ec0c4ad8.elf', '/tmp/0b6566b138c1c4a90cdbc9b3d042298f2920f86c4be6ba943edf4457ec0c4ad8.elf']
[EventRouter] ARM detected at event 88 for cgroup 30356
[EventRouter] Discarded 87 pre-ARM events for cgroup 30356
[DOCKER] Container exit code: 1
[DOCKER][STDOUT] BEGIN
not a tty
[DOCKER][STDOUT] END
[DOCKER] Raw stdout saved: ../ELF_samples/benign_report/x86_64_add/raw/4aa8f8a43c9876f7a9ea46fcba3c454bf05a7883ce4d009a267320201f67bef9.elf_2026-01-29_21-31-18_79a734e3_container_stdout.txt
[CgroupManager] Added cgroup 30528 via bpftool
[EventRouter] DEBUG: EXEC #34 filename='/bin/true', triggers=['3fefe00e25e5517bb8684ce63c9c2f4628056c2b7c85a3a1dc27df4fcd009300.elf', '/tmp/3fefe00e25e5517bb8684ce63c9c2f4628056c2b7c85a3a1dc27df4fcd009300.elf']
[EventRouter] ARM detected at event 89 for cgroup 30442
[EventRouter] Discarded 88 pre-ARM events for cgroup 30442
[DOCKER] Container exit code: 1
[DOCKER][STDOUT] BEGIN
0b6566b138c1c4a90cdbc9b3d042298f2920f86c4be6ba943edf4457ec0c4ad8.elf: can't open socket /var/run/acpid.socket: No such file or directory
[DOCKER][STDOUT] END
[DOCKER] Raw stdout saved: ../ELF_samples/benign_report/x86_64_add/raw/0b6566b138c1c4a90cdbc9b3d042298f2920f86c4be6ba943edf4457ec0c4ad8.elf_2026-01-29_21-31-19_5d3810b3_container_stdout.txt
[EventRouter] ARM detected at event 89 for cgroup 30528
[EventRouter] Discarded 88 pre-ARM events for cgroup 30528
[DOCKER] Container exit code: 0
[DOCKER][STDOUT] BEGIN
Thu Jan 29 13:31:19 UTC 2026
[DOCKER][STDOUT] END
[DOCKER] Raw stdout saved: ../ELF_samples/benign_report/x86_64_add/raw/3fefe00e25e5517bb8684ce63c9c2f4628056c2b7c85a3a1dc27df4fcd009300.elf_2026-01-29_21-31-19_32263de9_container_stdout.txt
[POOL] Collected 10 events for analysis (read from log file)
[POOL] Running analyzers on 10 events for 7cbe6c019a275bf9502ddd6d9fc268baa6ab091d1ecc368210149472e61ff607.elf
[POOL] Analysis completed: 0 findings in 0.00s (9663 events/s)
[AI-Integration] Submitted task: a083ae22
[AI] a083ae22 queued for DeepSeek analysis
[CgroupManager] Removed cgroup 30270 via bpftool
[POOL] Cleanup scheduled for ee7e55043101
[DockerWorker-3] ✓ Completed: 7cbe6c019a275bf9502ddd6d9fc268baa6ab091d1ecc368210149472e61ff607.elf (10 events) (1.03s)
[DockerWorker-3] Starting: cf7329844f63c227020939548e85935321082b146815b3786c40cb83818d4a84.elf (62_64bit)
[ANALYSISLOG] cf7329844f63c227020939548e85935321082b146815b3786c40cb83818d4a84.elf -> ../ELF_samples/benign_report/x86_64_add/raw/cf7329844f63c227020939548e85935321082b146815b3786c40cb83818d4a84.elf_2026-01-29_21-31-19_dc8e5724.jsonl
[DOCKER] Selected image for libc=glibc: amd64/ubuntu:24.04
[POOL] Collected 8 events for analysis (read from log file)
[POOL] Running analyzers on 8 events for 4aa8f8a43c9876f7a9ea46fcba3c454bf05a7883ce4d009a267320201f67bef9.elf
[POOL] Analysis completed: 0 findings in 0.00s (7672 events/s)
[AI-Integration] Submitted task: 79a734e3
[AI] 79a734e3 queued for DeepSeek analysis
[POOL] Execution timed out for eddb9a7c442bf7bc48049e1efdce551dc38e0b85f4861fd40875aa4cc3566826.elf after 15s
[POOL] Killing container bcd67fbb65f1...
[CgroupManager] Removed cgroup 30356 via bpftool
[POOL] Cleanup scheduled for 1cdff4494191
[DockerWorker-5] ✓ Completed: 4aa8f8a43c9876f7a9ea46fcba3c454bf05a7883ce4d009a267320201f67bef9.elf (8 events) (1.01s)
[DockerWorker-5] Starting: 6b8b49916c768e01a83982f95ec11d4324ac61f008ccaff9d48881c753b82b05.elf (62_64bit)
[ANALYSISLOG] 6b8b49916c768e01a83982f95ec11d4324ac61f008ccaff9d48881c753b82b05.elf -> ../ELF_samples/benign_report/x86_64_add/raw/6b8b49916c768e01a83982f95ec11d4324ac61f008ccaff9d48881c753b82b05.elf_2026-01-29_21-31-19_f9b5f23c.jsonl
[DOCKER] Selected image for libc=glibc: amd64/ubuntu:24.04
[POOL] Container killed successfully
[DOCKER] Container exit code: -1
[POOL] Execution timed out - stopping BPF monitoring for cgroup 26486
[CgroupManager] Removed cgroup 26486 via bpftool
[POOL] Collected 11 events for analysis (read from log file)
[POOL] Running analyzers on 11 events for 0b6566b138c1c4a90cdbc9b3d042298f2920f86c4be6ba943edf4457ec0c4ad8.elf
[POOL] Analysis completed: 0 findings in 0.00s (10489 events/s)
[AI-Integration] Submitted task: 5d3810b3
[AI] 5d3810b3 queued for DeepSeek analysis
[CgroupManager] Removed cgroup 30442 via bpftool
[POOL] Cleanup scheduled for 54fa37f4f8ab
[DockerWorker-4] ✓ Completed: 0b6566b138c1c4a90cdbc9b3d042298f2920f86c4be6ba943edf4457ec0c4ad8.elf (11 events) (1.04s)
[DockerWorker-4] Starting: d9e7198a0183842f0fe8f3bccef78f2d4c20714c4a5214871401ff47ef133d77.elf (62_64bit)
[ANALYSISLOG] d9e7198a0183842f0fe8f3bccef78f2d4c20714c4a5214871401ff47ef133d77.elf -> ../ELF_samples/benign_report/x86_64_add/raw/d9e7198a0183842f0fe8f3bccef78f2d4c20714c4a5214871401ff47ef133d77.elf_2026-01-29_21-31-20_49fbbed5.jsonl
[DOCKER] Selected image for libc=glibc: amd64/ubuntu:24.04
[POOL] Collected 8 events for analysis (read from log file)
[POOL] Running analyzers on 8 events for 3fefe00e25e5517bb8684ce63c9c2f4628056c2b7c85a3a1dc27df4fcd009300.elf
[POOL] Analysis completed: 0 findings in 0.00s (7672 events/s)
[AI-Integration] Submitted task: 32263de9
[AI] 32263de9 queued for DeepSeek analysis
[CgroupManager] Removed cgroup 30528 via bpftool
[POOL] Cleanup scheduled for c91a0a9a1e3a
[DockerWorker-2] ✓ Completed: 3fefe00e25e5517bb8684ce63c9c2f4628056c2b7c85a3a1dc27df4fcd009300.elf (8 events) (1.04s)
[DockerWorker-2] Starting: 7f4568671f1c59ebcf55777702004cf42d7ec99b7741aec4c7467ae27d738223.elf (62_64bit)
[ANALYSISLOG] 7f4568671f1c59ebcf55777702004cf42d7ec99b7741aec4c7467ae27d738223.elf -> ../ELF_samples/benign_report/x86_64_add/raw/7f4568671f1c59ebcf55777702004cf42d7ec99b7741aec4c7467ae27d738223.elf_2026-01-29_21-31-20_535b9c8e.jsonl
[DOCKER] Selected image for libc=glibc: amd64/ubuntu:24.04
[CgroupManager] Added cgroup 30614 via bpftool
[EventRouter] DEBUG: EXEC #34 filename='/bin/true', triggers=['cf7329844f63c227020939548e85935321082b146815b3786c40cb83818d4a84.elf', '/tmp/cf7329844f63c227020939548e85935321082b146815b3786c40cb83818d4a84.elf']
[CgroupManager] Added cgroup 30700 via bpftool
[EventRouter] DEBUG: EXEC #34 filename='/bin/true', triggers=['6b8b49916c768e01a83982f95ec11d4324ac61f008ccaff9d48881c753b82b05.elf', '/tmp/6b8b49916c768e01a83982f95ec11d4324ac61f008ccaff9d48881c753b82b05.elf']
[EventRouter] ARM detected at event 89 for cgroup 30614
[EventRouter] Discarded 88 pre-ARM events for cgroup 30614
[DOCKER] Container exit code: 0
[DOCKER][STDOUT] BEGIN
overlay on / type overlay (rw,relatime,lowerdir=/var/lib/docker/overlay2/l/TGRODXX3ELM5AC2RLXZRVO6GCH:/var/lib/docker/overlay2/l/YEM2OGZ2EBCLOMSIJUFVW633ZZ,upperdir=/var/lib/docker/overlay2/f5ef07df72b1fca71ef8e8745ae0312f981d7b5bf1c3d3dd9a969e0e2840c755/diff,workdir=/var/lib/docker/overlay2/f5ef07df72b1fca71ef8e8745ae0312f981d7b5bf1c3d3dd9a969e0e2840c755/work,nouserxattr)
proc on /proc type proc (rw,nosuid,nodev,noexec,relatime)
tmpfs on /dev type tmpfs (rw,nosuid,size=65536k,mode=755,inode64)
devpts on /dev/pts type devpts (rw,nosuid,noexec,relatime,gid=5,mode=620,ptmxmode=666)
sysfs on /sys type sysfs (ro,nosuid,nodev,noexec,relatime)
cgroup on /sys/fs/cgroup type cgroup2 (ro,nosuid,nodev,noexec,relatime,nsdelegate,memory_recursiveprot)
mqueue on /dev/mqueue type mqueue (rw,nosuid,nodev,noexec,relatime)
shm on /dev/shm type tmpfs (rw,nosuid,nodev,noexec,relatime,size=65536k,inode64)
/dev/nvme0n1p9 on /usr/sbin/docker-init type ext4 (ro,relatime)
/dev/nvme0n1p9 on /etc/resolv.conf type ext4 (rw,relatime)
/dev/nvme0n1p9 on /etc/hostname type ext4 (rw,relatime)
/dev/nvme0n1p9 on /etc/hosts type ext4 (rw,relatime)
proc on /proc/bus type proc (ro,nosuid,nodev,noexec,relatime)
proc on /proc/fs type proc (ro,nosuid,nodev,noexec,relatime)
proc on /proc/irq type proc (ro,nosuid,nodev,noexec,relatime)
proc on /proc/sys type proc (ro,nosuid,nodev,noexec,relatime)
proc on /proc/sysrq-trigger type proc (ro,nosuid,nodev,noexec,relatime)
tmpfs on /proc/asound type tmpfs (ro,relatime,inode64)
tmpfs on /proc/acpi type tmpfs (ro,relatime,inode64)
tmpfs on /proc/interrupts type tmpfs (rw,nosuid,size=65536k,mode=755,inode64)
tmpfs on /proc/kcore type tmpfs (rw,nosuid,size=65536k,mode=755,inode64)
tmpfs on /proc/keys type tmpfs (rw,nosuid,size=65536k,mode=755,inode64)
tmpfs on /proc/latency_stats type tmpfs (rw,nosuid,size=65536k,mode=755,inode64)
tmpfs on /proc/timer_list type tmpfs (rw,nosuid,size=65536k,mode=755,inode64)
tmpfs on /proc/scsi type tmpfs (ro,relatime,inode64)
tmpfs on /sys/firmware type tmpfs (ro,relatime,inode64)
tmpfs on /sys/devices/virtual/powercap type tmpfs (ro,relatime,inode64)
tmpfs on /sys/devices/system/cpu/cpu0/thermal_throttle type tmpfs (ro,relatime,inode64)
tmpfs on /sys/devices/system/cpu/cpu1/thermal_throttle type tmpfs (ro,relatime,inode64)
tmpfs on /sys/devices/system/cpu/cpu2/thermal_throttle type tmpfs (ro,relatime,inode64)
tmpfs on /sys/devices/system/cpu/cpu3/thermal_throttle type tmpfs (ro,relatime,inode64)
tmpfs on /sys/devices/system/cpu/cpu4/thermal_throttle type tmpfs (ro,relatime,inode64)
tmpfs on /sys/devices/system/cpu/cpu5/thermal_throttle type tmpfs (ro,relatime,inode64)
tmpfs on /sys/devices/system/cpu/cpu6/thermal_throttle type tmpfs (ro,relatime,inode64)
tmpfs on /sys/devices/system/cpu/cpu7/thermal_throttle type tmpfs (ro,relatime,inode64)
[DOCKER][STDOUT] END
[DOCKER] Raw stdout saved: ../ELF_samples/benign_report/x86_64_add/raw/cf7329844f63c227020939548e85935321082b146815b3786c40cb83818d4a84.elf_2026-01-29_21-31-19_dc8e5724_container_stdout.txt
[CgroupManager] Added cgroup 30786 via bpftool
[EventRouter] DEBUG: EXEC #33 filename='/bin/true', triggers=['d9e7198a0183842f0fe8f3bccef78f2d4c20714c4a5214871401ff47ef133d77.elf', '/tmp/d9e7198a0183842f0fe8f3bccef78f2d4c20714c4a5214871401ff47ef133d77.elf']
[EventRouter] ARM detected at event 127 for cgroup 30700
[EventRouter] Discarded 126 pre-ARM events for cgroup 30700
[DOCKER] Container exit code: 0
[CgroupManager] Added cgroup 30872 via bpftool
[EventRouter] DEBUG: EXEC #33 filename='/bin/true', triggers=['7f4568671f1c59ebcf55777702004cf42d7ec99b7741aec4c7467ae27d738223.elf', '/tmp/7f4568671f1c59ebcf55777702004cf42d7ec99b7741aec4c7467ae27d738223.elf']
[POOL] Collected 11 events for analysis (read from log file)
[POOL] Running analyzers on 11 events for eddb9a7c442bf7bc48049e1efdce551dc38e0b85f4861fd40875aa4cc3566826.elf
[POOL] Analysis completed: 0 findings in 0.00s (10595 events/s)
[AI-Integration] Submitted task: 9ec4e109
[AI] 9ec4e109 queued for DeepSeek analysis
[CgroupManager] bpftool delete failed: Command '['sudo', '/usr/sbin/bpftool', 'map', 'delete', 'id', '30', 'key', 'hex', '76', '67', '00', '00', '00', '00', '00', '00']' returned non-zero exit status 254.
[POOL] Cleanup scheduled for bcd67fbb65f1
[DockerWorker-1] ✓ Completed: eddb9a7c442bf7bc48049e1efdce551dc38e0b85f4861fd40875aa4cc3566826.elf (11 events) (16.20s)
[DockerWorker-1] Starting: 21c656b240b050ac4a1e81efeb26dc603872c61d45657241a93ff5750a986857.elf (62_64bit)
[POOL] Failed to kill container bcd67fbb65f1: 409 Client Error for http+docker://localhost/v1.50/containers/bcd67fbb65f14f2166437e24c0260149cac12b648c6ea29c4a34120517b4f2d0/kill: Conflict ("cannot kill container: bcd67fbb65f14f2166437e24c0260149cac12b648c6ea29c4a34120517b4f2d0: container bcd67fbb65f14f2166437e24c0260149cac12b648c6ea29c4a34120517b4f2d0 is not running")
[ANALYSISLOG] 21c656b240b050ac4a1e81efeb26dc603872c61d45657241a93ff5750a986857.elf -> ../ELF_samples/benign_report/x86_64_add/raw/21c656b240b050ac4a1e81efeb26dc603872c61d45657241a93ff5750a986857.elf_2026-01-29_21-31-20_84ba77fe.jsonl
[DOCKER] Selected image for libc=glibc: amd64/ubuntu:24.04
[EventRouter] ARM detected at event 89 for cgroup 30786
[EventRouter] Discarded 88 pre-ARM events for cgroup 30786
[DOCKER] Container exit code: 1
[DOCKER][STDOUT] BEGIN
d9e7198a0183842f0fe8f3bccef78f2d4c20714c4a5214871401ff47ef133d77.elf: not enough arguments
Try 'd9e7198a0183842f0fe8f3bccef78f2d4c20714c4a5214871401ff47ef133d77.elf --help' for more information.
[DOCKER][STDOUT] END
[DOCKER] Raw stdout saved: ../ELF_samples/benign_report/x86_64_add/raw/d9e7198a0183842f0fe8f3bccef78f2d4c20714c4a5214871401ff47ef133d77.elf_2026-01-29_21-31-20_49fbbed5_container_stdout.txt
[EventRouter] ARM detected at event 88 for cgroup 30872
[EventRouter] Discarded 87 pre-ARM events for cgroup 30872
[DOCKER] Container exit code: 1
[DOCKER][STDOUT] BEGIN
7f4568671f1c59ebcf55777702004cf42d7ec99b7741aec4c7467ae27d738223.elf: cannot open /dev/rfkill: No such file or directory
7f4568671f1c59ebcf55777702004cf42d7ec99b7741aec4c7467ae27d738223.elf: cannot read /dev/rfkill: Bad file descriptor
[DOCKER][STDOUT] END
[DOCKER] Raw stdout saved: ../ELF_samples/benign_report/x86_64_add/raw/7f4568671f1c59ebcf55777702004cf42d7ec99b7741aec4c7467ae27d738223.elf_2026-01-29_21-31-20_535b9c8e_container_stdout.txt
[AI-Integration] Job 93db144e analyzed via deepseek
[CgroupManager] Added cgroup 30958 via bpftool
[AI-Integration] Job 989e73bd analyzed via deepseek
[POOL] Collected 13 events for analysis (read from log file)
[POOL] Running analyzers on 13 events for cf7329844f63c227020939548e85935321082b146815b3786c40cb83818d4a84.elf
[POOL] Analysis completed: 0 findings in 0.00s (12470 events/s)
[AI-Integration] Submitted task: dc8e5724
[AI] dc8e5724 queued for DeepSeek analysis
[EventRouter] DEBUG: EXEC #34 filename='/bin/true', triggers=['21c656b240b050ac4a1e81efeb26dc603872c61d45657241a93ff5750a986857.elf', '/tmp/21c656b240b050ac4a1e81efeb26dc603872c61d45657241a93ff5750a986857.elf']
[CgroupManager] Removed cgroup 30614 via bpftool
[POOL] Cleanup scheduled for a1d787e7ea07
[DockerWorker-3] ✓ Completed: cf7329844f63c227020939548e85935321082b146815b3786c40cb83818d4a84.elf (13 events) (1.06s)
[DockerWorker-3] Starting: de4f09926316e7ad406f6d5007542874094a59bc9f26aec7b29c99c6e6cc20d0.elf (62_64bit)
[ANALYSISLOG] de4f09926316e7ad406f6d5007542874094a59bc9f26aec7b29c99c6e6cc20d0.elf -> ../ELF_samples/benign_report/x86_64_add/raw/de4f09926316e7ad406f6d5007542874094a59bc9f26aec7b29c99c6e6cc20d0.elf_2026-01-29_21-31-20_f98c6764.jsonl
[DOCKER] Selected image for libc=glibc: amd64/ubuntu:24.04
[POOL] Collected 7 events for analysis (read from log file)
[POOL] Running analyzers on 7 events for 6b8b49916c768e01a83982f95ec11d4324ac61f008ccaff9d48881c753b82b05.elf
[POOL] Analysis completed: 0 findings in 0.00s (6689 events/s)
[AI-Integration] Submitted task: f9b5f23c
[AI] f9b5f23c queued for DeepSeek analysis
[CgroupManager] Removed cgroup 30700 via bpftool
[POOL] Cleanup scheduled for 766070c84b1a
[DockerWorker-5] ✓ Completed: 6b8b49916c768e01a83982f95ec11d4324ac61f008ccaff9d48881c753b82b05.elf (7 events) (1.05s)
[DockerWorker-5] Starting: 846946edfb8313538d5db7a7ee1dbe1a4698706756ec310c910260caaa76093f.elf (62_64bit)
[ANALYSISLOG] 846946edfb8313538d5db7a7ee1dbe1a4698706756ec310c910260caaa76093f.elf -> ../ELF_samples/benign_report/x86_64_add/raw/846946edfb8313538d5db7a7ee1dbe1a4698706756ec310c910260caaa76093f.elf_2026-01-29_21-31-20_0c574064.jsonl
[DOCKER] Selected image for libc=glibc: amd64/ubuntu:24.04
[EventRouter] ARM detected at event 90 for cgroup 30958
[EventRouter] Discarded 89 pre-ARM events for cgroup 30958
[DOCKER] Container exit code: 1
[DOCKER][STDOUT] BEGIN
/tmp/21c656b240b050ac4a1e81efeb26dc603872c61d45657241a93ff5750a986857.elf: missing operand
Try '/tmp/21c656b240b050ac4a1e81efeb26dc603872c61d45657241a93ff5750a986857.elf --help' for more information.
[DOCKER][STDOUT] END
[DOCKER] Raw stdout saved: ../ELF_samples/benign_report/x86_64_add/raw/21c656b240b050ac4a1e81efeb26dc603872c61d45657241a93ff5750a986857.elf_2026-01-29_21-31-20_84ba77fe_container_stdout.txt
[POOL] Collected 11 events for analysis (read from log file)
[POOL] Running analyzers on 11 events for d9e7198a0183842f0fe8f3bccef78f2d4c20714c4a5214871401ff47ef133d77.elf
[POOL] Analysis completed: 0 findings in 0.00s (10489 events/s)
[AI-Integration] Submitted task: 49fbbed5
[AI] 49fbbed5 queued for DeepSeek analysis
[CgroupManager] Removed cgroup 30786 via bpftool
[POOL] Cleanup scheduled for e135749d6710
[DockerWorker-4] ✓ Completed: d9e7198a0183842f0fe8f3bccef78f2d4c20714c4a5214871401ff47ef133d77.elf (11 events) (1.03s)
[DockerWorker-4] Starting: 083c481f5f117c46f0cc01140701da2cda1be8f926ce87884750d2d263a494e7.elf (62_64bit)
[ANALYSISLOG] 083c481f5f117c46f0cc01140701da2cda1be8f926ce87884750d2d263a494e7.elf -> ../ELF_samples/benign_report/x86_64_add/raw/083c481f5f117c46f0cc01140701da2cda1be8f926ce87884750d2d263a494e7.elf_2026-01-29_21-31-21_08eb35c2.jsonl
[DOCKER] Selected image for libc=glibc: amd64/ubuntu:24.04
[POOL] Collected 15 events for analysis (read from log file)
[POOL] Running analyzers on 15 events for 7f4568671f1c59ebcf55777702004cf42d7ec99b7741aec4c7467ae27d738223.elf
[POOL] Analysis completed: 0 findings in 0.00s (14310 events/s)
[AI-Integration] Submitted task: 535b9c8e
[AI] 535b9c8e queued for DeepSeek analysis
[CgroupManager] Removed cgroup 30872 via bpftool
[POOL] Cleanup scheduled for a951dcbcdf91
[DockerWorker-2] ✓ Completed: 7f4568671f1c59ebcf55777702004cf42d7ec99b7741aec4c7467ae27d738223.elf (15 events) (1.04s)
[DockerWorker-2] Starting: 03df61bcfa98010837cffcf67ab0d8263ddba2e3e31934b55c643c7f6b846a0d.elf (62_64bit)
[ANALYSISLOG] 03df61bcfa98010837cffcf67ab0d8263ddba2e3e31934b55c643c7f6b846a0d.elf -> ../ELF_samples/benign_report/x86_64_add/raw/03df61bcfa98010837cffcf67ab0d8263ddba2e3e31934b55c643c7f6b846a0d.elf_2026-01-29_21-31-21_b435e9da.jsonl
[DOCKER] Selected image for libc=glibc: amd64/ubuntu:24.04
[CgroupManager] Added cgroup 31044 via bpftool
[CgroupManager] Added cgroup 31130 via bpftool
[EventRouter] DEBUG: EXEC #33 filename='/bin/true', triggers=['de4f09926316e7ad406f6d5007542874094a59bc9f26aec7b29c99c6e6cc20d0.elf', '/tmp/de4f09926316e7ad406f6d5007542874094a59bc9f26aec7b29c99c6e6cc20d0.elf']
[CgroupManager] Added cgroup 31216 via bpftool
[EventRouter] DEBUG: EXEC #33 filename='/bin/true', triggers=['083c481f5f117c46f0cc01140701da2cda1be8f926ce87884750d2d263a494e7.elf', '/tmp/083c481f5f117c46f0cc01140701da2cda1be8f926ce87884750d2d263a494e7.elf']
[EventRouter] ARM detected at event 88 for cgroup 31044
[EventRouter] Discarded 87 pre-ARM events for cgroup 31044
[DOCKER] Container exit code: 1
[DOCKER][STDOUT] BEGIN
de4f09926316e7ad406f6d5007542874094a59bc9f26aec7b29c99c6e6cc20d0.elf: bad usage
Try 'de4f09926316e7ad406f6d5007542874094a59bc9f26aec7b29c99c6e6cc20d0.elf --help' for more information.
[DOCKER][STDOUT] END
[DOCKER] Raw stdout saved: ../ELF_samples/benign_report/x86_64_add/raw/de4f09926316e7ad406f6d5007542874094a59bc9f26aec7b29c99c6e6cc20d0.elf_2026-01-29_21-31-20_f98c6764_container_stdout.txt
[EventRouter] ARM detected at event 106 for cgroup 31130
[EventRouter] Discarded 105 pre-ARM events for cgroup 31130
[DOCKER] Container exit code: 0
[CgroupManager] Added cgroup 31302 via bpftool
[EventRouter] DEBUG: EXEC #33 filename='/bin/true', triggers=['03df61bcfa98010837cffcf67ab0d8263ddba2e3e31934b55c643c7f6b846a0d.elf', '/tmp/03df61bcfa98010837cffcf67ab0d8263ddba2e3e31934b55c643c7f6b846a0d.elf']
[POOL] Collected 11 events for analysis (read from log file)
[POOL] Running analyzers on 11 events for 21c656b240b050ac4a1e81efeb26dc603872c61d45657241a93ff5750a986857.elf
[POOL] Analysis completed: 0 findings in 0.00s (10390 events/s)
[AI-Integration] Submitted task: 84ba77fe
[AI] 84ba77fe queued for DeepSeek analysis
[CgroupManager] Removed cgroup 30958 via bpftool
[POOL] Cleanup scheduled for 15fbfc119976
[DockerWorker-1] ✓ Completed: 21c656b240b050ac4a1e81efeb26dc603872c61d45657241a93ff5750a986857.elf (11 events) (1.06s)
[DockerWorker-1] Starting: ae929a2d1a7fcd6c7e5575eecd2737b3c5add6482bdcebd9e775d609ddcff295.elf (62_64bit)
[ANALYSISLOG] ae929a2d1a7fcd6c7e5575eecd2737b3c5add6482bdcebd9e775d609ddcff295.elf -> ../ELF_samples/benign_report/x86_64_add/raw/ae929a2d1a7fcd6c7e5575eecd2737b3c5add6482bdcebd9e775d609ddcff295.elf_2026-01-29_21-31-21_7c59deb6.jsonl
[DOCKER] Selected image for libc=glibc: amd64/ubuntu:24.04
[EventRouter] ARM detected at event 89 for cgroup 31216
[EventRouter] Discarded 88 pre-ARM events for cgroup 31216
[DOCKER] Container exit code: 0
[DOCKER][STDOUT] BEGIN
Filesystem     1K-blocks      Used Available Use% Mounted on
overlay        199767352 108508864  81037996  58% /
tmpfs              65536         0     65536   0% /dev
shm                65536         0     65536   0% /dev/shm
/dev/nvme0n1p9 199767352 108508864  81037996  58% /usr/sbin/docker-init
tmpfs           15895484         0  15895484   0% /proc/asound
tmpfs           15895484         0  15895484   0% /proc/acpi
tmpfs           15895484         0  15895484   0% /proc/scsi
tmpfs           15895484         0  15895484   0% /sys/firmware
tmpfs           15895484         0  15895484   0% /sys/devices/virtual/powercap
tmpfs           15895484         0  15895484   0% /sys/devices/system/cpu/cpu0/thermal_throttle
tmpfs           15895484         0  15895484   0% /sys/devices/system/cpu/cpu1/thermal_throttle
tmpfs           15895484         0  15895484   0% /sys/devices/system/cpu/cpu2/thermal_throttle
tmpfs           15895484         0  15895484   0% /sys/devices/system/cpu/cpu3/thermal_throttle
tmpfs           15895484         0  15895484   0% /sys/devices/system/cpu/cpu4/thermal_throttle
tmpfs           15895484         0  15895484   0% /sys/devices/system/cpu/cpu5/thermal_throttle
tmpfs           15895484         0  15895484   0% /sys/devices/system/cpu/cpu6/thermal_throttle
tmpfs           15895484         0  15895484   0% /sys/devices/system/cpu/cpu7/thermal_throttle
[DOCKER][STDOUT] END
[DOCKER] Raw stdout saved: ../ELF_samples/benign_report/x86_64_add/raw/083c481f5f117c46f0cc01140701da2cda1be8f926ce87884750d2d263a494e7.elf_2026-01-29_21-31-21_08eb35c2_container_stdout.txt
[EventRouter] ARM detected at event 88 for cgroup 31302
[EventRouter] Discarded 87 pre-ARM events for cgroup 31302
[DOCKER] Container exit code: 0
[CgroupManager] Added cgroup 31388 via bpftool
[EventRouter] DEBUG: EXEC #34 filename='/bin/true', triggers=['ae929a2d1a7fcd6c7e5575eecd2737b3c5add6482bdcebd9e775d609ddcff295.elf', '/tmp/ae929a2d1a7fcd6c7e5575eecd2737b3c5add6482bdcebd9e775d609ddcff295.elf']
[POOL] Collected 12 events for analysis (read from log file)
[POOL] Running analyzers on 12 events for de4f09926316e7ad406f6d5007542874094a59bc9f26aec7b29c99c6e6cc20d0.elf
[POOL] Analysis completed: 0 findings in 0.00s (11498 events/s)
[AI-Integration] Submitted task: f98c6764
[AI] f98c6764 queued for DeepSeek analysis
[POOL] Collected 8 events for analysis (read from log file)
[POOL] Running analyzers on 8 events for 846946edfb8313538d5db7a7ee1dbe1a4698706756ec310c910260caaa76093f.elf
[POOL] Analysis completed: 0 findings in 0.00s (7575 events/s)
[AI-Integration] Submitted task: 0c574064
[AI] 0c574064 queued for DeepSeek analysis
[CgroupManager] Removed cgroup 31044 via bpftool
[POOL] Cleanup scheduled for da29d8e0bcb4
[DockerWorker-3] ✓ Completed: de4f09926316e7ad406f6d5007542874094a59bc9f26aec7b29c99c6e6cc20d0.elf (12 events) (1.10s)
[DockerWorker-3] Starting: fbc4ae2ea52c02597f3eb667e9f76777f96e017ec0ba81a53364c33eda7dccfd.elf (62_64bit)
[ANALYSISLOG] fbc4ae2ea52c02597f3eb667e9f76777f96e017ec0ba81a53364c33eda7dccfd.elf -> ../ELF_samples/benign_report/x86_64_add/raw/fbc4ae2ea52c02597f3eb667e9f76777f96e017ec0ba81a53364c33eda7dccfd.elf_2026-01-29_21-31-21_65cd776c.jsonl
[DOCKER] Selected image for libc=glibc: amd64/ubuntu:24.04
[CgroupManager] Removed cgroup 31130 via bpftool
[POOL] Cleanup scheduled for fa5860d777ce
[DockerWorker-5] ✓ Completed: 846946edfb8313538d5db7a7ee1dbe1a4698706756ec310c910260caaa76093f.elf (8 events) (1.04s)
[DockerWorker-5] Starting: 697fac2d5924a55094714e2c1fe89c168c701ac72d07aafabe852d8c8e99f092.elf (62_64bit)
[ANALYSISLOG] 697fac2d5924a55094714e2c1fe89c168c701ac72d07aafabe852d8c8e99f092.elf -> ../ELF_samples/benign_report/x86_64_add/raw/697fac2d5924a55094714e2c1fe89c168c701ac72d07aafabe852d8c8e99f092.elf_2026-01-29_21-31-21_ffa90516.jsonl
[DOCKER] Selected image for libc=glibc: amd64/ubuntu:24.04
[POOL] Collected 34 events for analysis (read from log file)
[POOL] Running analyzers on 34 events for 083c481f5f117c46f0cc01140701da2cda1be8f926ce87884750d2d263a494e7.elf
[POOL] Analysis completed: 0 findings in 0.00s (32080 events/s)
[AI-Integration] Submitted task: 08eb35c2
[AI] 08eb35c2 queued for DeepSeek analysis
[EventRouter] ARM detected at event 89 for cgroup 31388
[EventRouter] Discarded 88 pre-ARM events for cgroup 31388
[DOCKER] Container exit code: 1
[DOCKER][STDOUT] BEGIN
/tmp/ae929a2d1a7fcd6c7e5575eecd2737b3c5add6482bdcebd9e775d609ddcff295.elf: missing operand
Try '/tmp/ae929a2d1a7fcd6c7e5575eecd2737b3c5add6482bdcebd9e775d609ddcff295.elf --help' for more information.
[DOCKER][STDOUT] END
[DOCKER] Raw stdout saved: ../ELF_samples/benign_report/x86_64_add/raw/ae929a2d1a7fcd6c7e5575eecd2737b3c5add6482bdcebd9e775d609ddcff295.elf_2026-01-29_21-31-21_7c59deb6_container_stdout.txt
[CgroupManager] Removed cgroup 31216 via bpftool
[POOL] Cleanup scheduled for 8f6dcaeefdf7
[DockerWorker-4] ✓ Completed: 083c481f5f117c46f0cc01140701da2cda1be8f926ce87884750d2d263a494e7.elf (34 events) (1.04s)
[DockerWorker-4] Starting: fd1045113ff028aadc2b0a300d493f551395a13daac92b323e442ab3a0e4bd39.elf (62_64bit)
[ANALYSISLOG] fd1045113ff028aadc2b0a300d493f551395a13daac92b323e442ab3a0e4bd39.elf -> ../ELF_samples/benign_report/x86_64_add/raw/fd1045113ff028aadc2b0a300d493f551395a13daac92b323e442ab3a0e4bd39.elf_2026-01-29_21-31-22_8d585158.jsonl
[DOCKER] Selected image for libc=glibc: amd64/ubuntu:24.04
[POOL] Collected 42 events for analysis (read from log file)
[POOL] Running analyzers on 42 events for 03df61bcfa98010837cffcf67ab0d8263ddba2e3e31934b55c643c7f6b846a0d.elf
[POOL] Analysis completed: 1 findings in 0.00s (34613 events/s)
[AI-Integration] Submitted task: b435e9da
[AI] b435e9da queued for DeepSeek analysis
[CgroupManager] Removed cgroup 31302 via bpftool
[POOL] Cleanup scheduled for 4a007c78b036
[DockerWorker-2] ✓ Completed: 03df61bcfa98010837cffcf67ab0d8263ddba2e3e31934b55c643c7f6b846a0d.elf (42 events) (1.04s)
[DockerWorker-2] Starting: 6bd067311a8f7ec52d5d7c6dda2609cc00f6dbbb5efcf78d0d90cee2ccf45a81.elf (62_64bit)
[ANALYSISLOG] 6bd067311a8f7ec52d5d7c6dda2609cc00f6dbbb5efcf78d0d90cee2ccf45a81.elf -> ../ELF_samples/benign_report/x86_64_add/raw/6bd067311a8f7ec52d5d7c6dda2609cc00f6dbbb5efcf78d0d90cee2ccf45a81.elf_2026-01-29_21-31-22_68fc1e17.jsonl
[DOCKER] Selected image for libc=glibc: amd64/ubuntu:24.04
[CgroupManager] Added cgroup 31474 via bpftool
[CgroupManager] Added cgroup 31560 via bpftool
[EventRouter] DEBUG: EXEC #33 filename='/bin/true', triggers=['fbc4ae2ea52c02597f3eb667e9f76777f96e017ec0ba81a53364c33eda7dccfd.elf', '/tmp/fbc4ae2ea52c02597f3eb667e9f76777f96e017ec0ba81a53364c33eda7dccfd.elf']
[POOL] Execution timed out for 12ebc0bab76faca868bb5c08aa3023edeb140763dd8a129adb505e87d8ed3685.elf after 15s
[POOL] Killing container e3781bddf2fa...
[EventRouter] DEBUG: EXEC #49 filename='/bin/true', triggers=['697fac2d5924a55094714e2c1fe89c168c701ac72d07aafabe852d8c8e99f092.elf', '/tmp/697fac2d5924a55094714e2c1fe89c168c701ac72d07aafabe852d8c8e99f092.elf']
[AI-Integration] Job 5ce52eed analyzed via deepseek
[CgroupManager] Added cgroup 31646 via bpftool
[POOL] Container killed successfully
[DOCKER] Container exit code: -1
[POOL] Execution timed out - stopping BPF monitoring for cgroup 27260
[CgroupManager] Removed cgroup 27260 via bpftool
[EventRouter] DEBUG: EXEC #33 filename='/bin/true', triggers=['fd1045113ff028aadc2b0a300d493f551395a13daac92b323e442ab3a0e4bd39.elf', '/tmp/fd1045113ff028aadc2b0a300d493f551395a13daac92b323e442ab3a0e4bd39.elf']
[EventRouter] ARM detected at event 88 for cgroup 31474
[EventRouter] Discarded 87 pre-ARM events for cgroup 31474
[DOCKER] Container exit code: 0
[DOCKER][STDOUT] BEGIN
RESOURCE   DESCRIPTION                             SOFT      HARD UNITS
AS         address space limit                unlimited unlimited bytes
CORE       max core file size                 unlimited unlimited bytes
CPU        CPU time                           unlimited unlimited seconds
DATA       max data size                      unlimited unlimited bytes
FSIZE      max file size                      unlimited unlimited bytes
LOCKS      max number of file locks held      unlimited unlimited locks
MEMLOCK    max locked-in-memory address space   8388608   8388608 bytes
MSGQUEUE   max bytes in POSIX mqueues            819200    819200 bytes
NICE       max nice prio allowed to raise             0         0 
NOFILE     max number of open files                1024    524288 files
NPROC      max number of processes            unlimited unlimited processes
RSS        max resident set size              unlimited unlimited bytes
RTPRIO     max real-time priority                     0         0 
RTTIME     timeout for real-time tasks        unlimited unlimited microsecs
SIGPENDING max number of pending signals         123472    123472 signals
STACK      max stack size                       8388608 unlimited bytes
[DOCKER][STDOUT] END
[DOCKER] Raw stdout saved: ../ELF_samples/benign_report/x86_64_add/raw/fbc4ae2ea52c02597f3eb667e9f76777f96e017ec0ba81a53364c33eda7dccfd.elf_2026-01-29_21-31-21_65cd776c_container_stdout.txt
[CgroupManager] Added cgroup 31732 via bpftool
[EventRouter] ARM detected at event 104 for cgroup 31560
[EventRouter] Discarded 103 pre-ARM events for cgroup 31560
[DOCKER] Container exit code: 0
[DOCKER][STDOUT] BEGIN
NAME      TYPE SIZE USED PRIO
/swap.img file   8G   0B   -2
[DOCKER][STDOUT] END
[DOCKER] Raw stdout saved: ../ELF_samples/benign_report/x86_64_add/raw/697fac2d5924a55094714e2c1fe89c168c701ac72d07aafabe852d8c8e99f092.elf_2026-01-29_21-31-21_ffa90516_container_stdout.txt
[EventRouter] DEBUG: EXEC #34 filename='/bin/true', triggers=['6bd067311a8f7ec52d5d7c6dda2609cc00f6dbbb5efcf78d0d90cee2ccf45a81.elf', '/tmp/6bd067311a8f7ec52d5d7c6dda2609cc00f6dbbb5efcf78d0d90cee2ccf45a81.elf']
[AI-Integration] Job a8f17b68 analyzed via deepseek
[POOL] Collected 11 events for analysis (read from log file)
[POOL] Running analyzers on 11 events for ae929a2d1a7fcd6c7e5575eecd2737b3c5add6482bdcebd9e775d609ddcff295.elf
[POOL] Analysis completed: 0 findings in 0.00s (10414 events/s)
[AI-Integration] Submitted task: 7c59deb6
[AI] 7c59deb6 queued for DeepSeek analysis
[EventRouter] ARM detected at event 89 for cgroup 31646
[EventRouter] Discarded 88 pre-ARM events for cgroup 31646
[DOCKER] Container exit code: 1
[DOCKER][STDOUT] BEGIN
/tmp/fd1045113ff028aadc2b0a300d493f551395a13daac92b323e442ab3a0e4bd39.elf: missing file operand
Try '/tmp/fd1045113ff028aadc2b0a300d493f551395a13daac92b323e442ab3a0e4bd39.elf --help' for more information.
[DOCKER][STDOUT] END
[DOCKER] Raw stdout saved: ../ELF_samples/benign_report/x86_64_add/raw/fd1045113ff028aadc2b0a300d493f551395a13daac92b323e442ab3a0e4bd39.elf_2026-01-29_21-31-22_8d585158_container_stdout.txt
[CgroupManager] Removed cgroup 31388 via bpftool
[POOL] Cleanup scheduled for d5e02b9dd4c3
[DockerWorker-1] ✓ Completed: ae929a2d1a7fcd6c7e5575eecd2737b3c5add6482bdcebd9e775d609ddcff295.elf (11 events) (1.05s)
[DockerWorker-1] Starting: 12fc4e27f35e70a7300a37b32cfbb5d21ad461831c48818573d7520379a06861.elf (62_64bit)
[ANALYSISLOG] 12fc4e27f35e70a7300a37b32cfbb5d21ad461831c48818573d7520379a06861.elf -> ../ELF_samples/benign_report/x86_64_add/raw/12fc4e27f35e70a7300a37b32cfbb5d21ad461831c48818573d7520379a06861.elf_2026-01-29_21-31-22_7dc132b1.jsonl
[DOCKER] Selected image for libc=glibc: amd64/ubuntu:24.04
[EventRouter] ARM detected at event 106 for cgroup 31732
[EventRouter] Discarded 105 pre-ARM events for cgroup 31732
[DOCKER] Container exit code: 2
[CgroupManager] Added cgroup 31818 via bpftool
[EventRouter] DEBUG: EXEC #34 filename='/bin/true', triggers=['12fc4e27f35e70a7300a37b32cfbb5d21ad461831c48818573d7520379a06861.elf', '/tmp/12fc4e27f35e70a7300a37b32cfbb5d21ad461831c48818573d7520379a06861.elf']
[POOL] Collected 10 events for analysis (read from log file)
[POOL] Running analyzers on 10 events for 12ebc0bab76faca868bb5c08aa3023edeb140763dd8a129adb505e87d8ed3685.elf
[POOL] Analysis completed: 0 findings in 0.00s (9475 events/s)
[AI-Integration] Submitted task: 32fa348e
[AI] 32fa348e queued for DeepSeek analysis
[CgroupManager] bpftool delete failed: Command '['sudo', '/usr/sbin/bpftool', 'map', 'delete', 'id', '30', 'key', 'hex', '7c', '6a', '00', '00', '00', '00', '00', '00']' returned non-zero exit status 254.
[POOL] Cleanup scheduled for e3781bddf2fa
[DockerWorker-0] ✓ Completed: 12ebc0bab76faca868bb5c08aa3023edeb140763dd8a129adb505e87d8ed3685.elf (10 events) (16.23s)
[DockerWorker-0] Starting: e445885a029c365729518999ad9690424b4520a4a397b5cfa9fdf0e5568d9ec0.elf (62_64bit)
[POOL] Failed to kill container e3781bddf2fa: 409 Client Error for http+docker://localhost/v1.50/containers/e3781bddf2faf331b6d5c40afef6e939c4a065490f5591ff810388ed411a523f/kill: Conflict ("cannot kill container: e3781bddf2faf331b6d5c40afef6e939c4a065490f5591ff810388ed411a523f: container e3781bddf2faf331b6d5c40afef6e939c4a065490f5591ff810388ed411a523f is not running")
[ANALYSISLOG] e445885a029c365729518999ad9690424b4520a4a397b5cfa9fdf0e5568d9ec0.elf -> ../ELF_samples/benign_report/x86_64_add/raw/e445885a029c365729518999ad9690424b4520a4a397b5cfa9fdf0e5568d9ec0.elf_2026-01-29_21-31-22_f99221ca.jsonl
[DOCKER] Selected image for libc=glibc: amd64/ubuntu:24.04
[POOL] Collected 9 events for analysis (read from log file)
[POOL] Running analyzers on 9 events for fbc4ae2ea52c02597f3eb667e9f76777f96e017ec0ba81a53364c33eda7dccfd.elf
[POOL] Analysis completed: 0 findings in 0.00s (8541 events/s)
[AI-Integration] Submitted task: 65cd776c
[AI] 65cd776c queued for DeepSeek analysis
[CgroupManager] Removed cgroup 31474 via bpftool
[POOL] Cleanup scheduled for e4864e573afe
[DockerWorker-3] ✓ Completed: fbc4ae2ea52c02597f3eb667e9f76777f96e017ec0ba81a53364c33eda7dccfd.elf (9 events) (1.05s)
[DockerWorker-3] Starting: 912b47828e50c077f7a1eacd4098c13cc5005fe9f45af8450baa1cfa9a2540fd.elf (62_64bit)
[ANALYSISLOG] 912b47828e50c077f7a1eacd4098c13cc5005fe9f45af8450baa1cfa9a2540fd.elf -> ../ELF_samples/benign_report/x86_64_add/raw/912b47828e50c077f7a1eacd4098c13cc5005fe9f45af8450baa1cfa9a2540fd.elf_2026-01-29_21-31-23_4c2342d7.jsonl
[DOCKER] Selected image for libc=glibc: amd64/ubuntu:24.04
[POOL] Collected 11 events for analysis (read from log file)
[POOL] Running analyzers on 11 events for 697fac2d5924a55094714e2c1fe89c168c701ac72d07aafabe852d8c8e99f092.elf
[POOL] Analysis completed: 0 findings in 0.00s (10485 events/s)
[AI-Integration] Submitted task: ffa90516
[AI] ffa90516 queued for DeepSeek analysis
[CgroupManager] Removed cgroup 31560 via bpftool
[POOL] Cleanup scheduled for 585ca85ac6dc
[DockerWorker-5] ✓ Completed: 697fac2d5924a55094714e2c1fe89c168c701ac72d07aafabe852d8c8e99f092.elf (11 events) (1.05s)
[DockerWorker-5] Starting: 8eb4b7a63abd7d4e58a4d0145cc79c2323f989723b9538c893f3e6b8865efca6.elf (62_64bit)
[ANALYSISLOG] 8eb4b7a63abd7d4e58a4d0145cc79c2323f989723b9538c893f3e6b8865efca6.elf -> ../ELF_samples/benign_report/x86_64_add/raw/8eb4b7a63abd7d4e58a4d0145cc79c2323f989723b9538c893f3e6b8865efca6.elf_2026-01-29_21-31-23_315743f9.jsonl
[DOCKER] Selected image for libc=glibc: amd64/ubuntu:24.04
[POOL] Collected 11 events for analysis (read from log file)
[POOL] Running analyzers on 11 events for fd1045113ff028aadc2b0a300d493f551395a13daac92b323e442ab3a0e4bd39.elf
[POOL] Analysis completed: 0 findings in 0.00s (10355 events/s)
[AI-Integration] Submitted task: 8d585158
[AI] 8d585158 queued for DeepSeek analysis
[EventRouter] ARM detected at event 89 for cgroup 31818
[EventRouter] Discarded 88 pre-ARM events for cgroup 31818
[DOCKER] Container exit code: 0
[CgroupManager] Removed cgroup 31646 via bpftool
[POOL] Cleanup scheduled for 38117b86dcb1
[DockerWorker-4] ✓ Completed: fd1045113ff028aadc2b0a300d493f551395a13daac92b323e442ab3a0e4bd39.elf (11 events) (1.02s)
[DockerWorker-4] Starting: 7d105666592405812f24d7637fb2c54201a251533425db68f705951dae671501.elf (62_64bit)
[ANALYSISLOG] 7d105666592405812f24d7637fb2c54201a251533425db68f705951dae671501.elf -> ../ELF_samples/benign_report/x86_64_add/raw/7d105666592405812f24d7637fb2c54201a251533425db68f705951dae671501.elf_2026-01-29_21-31-23_8255dfb7.jsonl
[DOCKER] Selected image for libc=glibc: amd64/ubuntu:24.04
[POOL] Collected 320 events for analysis (read from log file)
[POOL] Running analyzers on 320 events for 6bd067311a8f7ec52d5d7c6dda2609cc00f6dbbb5efcf78d0d90cee2ccf45a81.elf
[POOL] Analysis completed: 0 findings in 0.00s (283920 events/s)
[AI-Integration] Submitted task: 68fc1e17
[AI] 68fc1e17 queued for DeepSeek analysis
[CgroupManager] Removed cgroup 31732 via bpftool
[POOL] Cleanup scheduled for 1efe79575edd
[DockerWorker-2] ✓ Completed: 6bd067311a8f7ec52d5d7c6dda2609cc00f6dbbb5efcf78d0d90cee2ccf45a81.elf (320 events) (1.03s)
[DockerWorker-2] Starting: 09d1cef6c5d3e58d0d74d1fbda973462656cbe37b025d4deac5533c7df47b311.elf (62_64bit)
[ANALYSISLOG] 09d1cef6c5d3e58d0d74d1fbda973462656cbe37b025d4deac5533c7df47b311.elf -> ../ELF_samples/benign_report/x86_64_add/raw/09d1cef6c5d3e58d0d74d1fbda973462656cbe37b025d4deac5533c7df47b311.elf_2026-01-29_21-31-23_bc678ad7.jsonl
[DOCKER] Selected image for libc=glibc: amd64/ubuntu:24.04
[CgroupManager] Added cgroup 31904 via bpftool
[CgroupManager] Added cgroup 31990 via bpftool
[EventRouter] DEBUG: EXEC #33 filename='/bin/true', triggers=['e445885a029c365729518999ad9690424b4520a4a397b5cfa9fdf0e5568d9ec0.elf', '/tmp/e445885a029c365729518999ad9690424b4520a4a397b5cfa9fdf0e5568d9ec0.elf']
[EventRouter] DEBUG: EXEC #33 filename='/bin/true', triggers=['912b47828e50c077f7a1eacd4098c13cc5005fe9f45af8450baa1cfa9a2540fd.elf', '/tmp/912b47828e50c077f7a1eacd4098c13cc5005fe9f45af8450baa1cfa9a2540fd.elf']
[CgroupManager] Added cgroup 32076 via bpftool
[EventRouter] DEBUG: EXEC #34 filename='/bin/true', triggers=['8eb4b7a63abd7d4e58a4d0145cc79c2323f989723b9538c893f3e6b8865efca6.elf', '/tmp/8eb4b7a63abd7d4e58a4d0145cc79c2323f989723b9538c893f3e6b8865efca6.elf']
[CgroupManager] Added cgroup 32162 via bpftool
[EventRouter] ARM detected at event 104 for cgroup 31990
[EventRouter] Discarded 103 pre-ARM events for cgroup 31990
[EventRouter] DEBUG: EXEC #35 filename='/bin/true', triggers=['7d105666592405812f24d7637fb2c54201a251533425db68f705951dae671501.elf', '/tmp/7d105666592405812f24d7637fb2c54201a251533425db68f705951dae671501.elf']
[EventRouter] ARM detected at event 90 for cgroup 31904
[EventRouter] Discarded 89 pre-ARM events for cgroup 31904
[DOCKER] Container exit code: 0
[DOCKER][STDOUT] BEGIN
none: prio 0
[DOCKER][STDOUT] END
[DOCKER] Raw stdout saved: ../ELF_samples/benign_report/x86_64_add/raw/e445885a029c365729518999ad9690424b4520a4a397b5cfa9fdf0e5568d9ec0.elf_2026-01-29_21-31-22_f99221ca_container_stdout.txt
[CgroupManager] Added cgroup 32248 via bpftool
[EventRouter] DEBUG: EXEC #33 filename='/bin/true', triggers=['09d1cef6c5d3e58d0d74d1fbda973462656cbe37b025d4deac5533c7df47b311.elf', '/tmp/09d1cef6c5d3e58d0d74d1fbda973462656cbe37b025d4deac5533c7df47b311.elf']
[EventRouter] ARM detected at event 106 for cgroup 32076
[EventRouter] Discarded 105 pre-ARM events for cgroup 32076
[DOCKER] Container exit code: 139
[DOCKER][STDOUT] BEGIN
Segmentation fault (core dumped)
[DOCKER][STDOUT] END
[DOCKER] Raw stdout saved: ../ELF_samples/benign_report/x86_64_add/raw/912b47828e50c077f7a1eacd4098c13cc5005fe9f45af8450baa1cfa9a2540fd.elf_2026-01-29_21-31-23_4c2342d7_container_stdout.txt
[POOL] Fatal crash detected (exit=139) - using fast drain mode
[DOCKER] Container exit code: 0
[CgroupManager] Removed cgroup 31990 via bpftool
[POOL] Stopped BPF monitoring for cgroup 31990
[POOL] Collected 7 events for analysis (read from log file)
[POOL] Running analyzers on 7 events for 12fc4e27f35e70a7300a37b32cfbb5d21ad461831c48818573d7520379a06861.elf
[POOL] Analysis completed: 0 findings in 0.00s (6759 events/s)
[AI-Integration] Submitted task: 7dc132b1
[AI] 7dc132b1 queued for DeepSeek analysis
[CgroupManager] Removed cgroup 31818 via bpftool
[POOL] Cleanup scheduled for 79085b647e04
[DockerWorker-1] ✓ Completed: 12fc4e27f35e70a7300a37b32cfbb5d21ad461831c48818573d7520379a06861.elf (7 events) (1.02s)
[DockerWorker-1] Starting: 752c5f0a445126cbe74f0008aa9f318cce1bf5190054798ccf4a20138bf2ceba.elf (62_64bit)
[ANALYSISLOG] 752c5f0a445126cbe74f0008aa9f318cce1bf5190054798ccf4a20138bf2ceba.elf -> ../ELF_samples/benign_report/x86_64_add/raw/752c5f0a445126cbe74f0008aa9f318cce1bf5190054798ccf4a20138bf2ceba.elf_2026-01-29_21-31-23_abd76408.jsonl
[DOCKER] Selected image for libc=glibc: amd64/ubuntu:24.04
[EventRouter] ARM detected at event 90 for cgroup 32162
[EventRouter] Discarded 89 pre-ARM events for cgroup 32162
[DOCKER] Container exit code: 1
[DOCKER][STDOUT] BEGIN
/tmp/7d105666592405812f24d7637fb2c54201a251533425db68f705951dae671501.elf: missing operand
Try '/tmp/7d105666592405812f24d7637fb2c54201a251533425db68f705951dae671501.elf --help' for more information.
[DOCKER][STDOUT] END
[DOCKER] Raw stdout saved: ../ELF_samples/benign_report/x86_64_add/raw/7d105666592405812f24d7637fb2c54201a251533425db68f705951dae671501.elf_2026-01-29_21-31-23_8255dfb7_container_stdout.txt
[EventRouter] ARM detected at event 89 for cgroup 32248
[EventRouter] Discarded 88 pre-ARM events for cgroup 32248
[DOCKER] Container exit code: 0
[DOCKER][STDOUT] BEGIN
RESOURCE   DESCRIPTION                             SOFT      HARD UNITS
AS         address space limit                unlimited unlimited bytes
CORE       max core file size                 unlimited unlimited bytes
CPU        CPU time                           unlimited unlimited seconds
DATA       max data size                      unlimited unlimited bytes
FSIZE      max file size                      unlimited unlimited bytes
LOCKS      max number of file locks held      unlimited unlimited locks
MEMLOCK    max locked-in-memory address space   8388608   8388608 bytes
MSGQUEUE   max bytes in POSIX mqueues            819200    819200 bytes
NICE       max nice prio allowed to raise             0         0 
NOFILE     max number of open files                1024    524288 files
NPROC      max number of processes            unlimited unlimited processes
RSS        max resident set size              unlimited unlimited bytes
RTPRIO     max real-time priority                     0         0 
RTTIME     timeout for real-time tasks        unlimited unlimited microsecs
SIGPENDING max number of pending signals         123472    123472 signals
STACK      max stack size                       8388608 unlimited bytes
[DOCKER][STDOUT] END
[DOCKER] Raw stdout saved: ../ELF_samples/benign_report/x86_64_add/raw/09d1cef6c5d3e58d0d74d1fbda973462656cbe37b025d4deac5533c7df47b311.elf_2026-01-29_21-31-23_bc678ad7_container_stdout.txt
[POOL] Collected 9 events for analysis (read from log file)
[POOL] Running analyzers on 9 events for 912b47828e50c077f7a1eacd4098c13cc5005fe9f45af8450baa1cfa9a2540fd.elf
[POOL] Analysis completed: 1 findings in 0.00s (8339 events/s)
[AI-Integration] Submitted task: 4c2342d7
[AI] 4c2342d7 queued for DeepSeek analysis
[CgroupManager] bpftool delete failed: Command '['sudo', '/usr/sbin/bpftool', 'map', 'delete', 'id', '30', 'key', 'hex', 'f6', '7c', '00', '00', '00', '00', '00', '00']' returned non-zero exit status 254.
[POOL] Cleanup scheduled for f20a6bd945f5
[DockerWorker-3] CRASHED (Exploit/Bug): 912b47828e50c077f7a1eacd4098c13cc5005fe9f45af8450baa1cfa9a2540fd.elf - Crashed: Segmentation Fault (SIGSEGV) (0.90s)
[DockerWorker-3] Starting: 0199140737b3bd24b5ce1a932f288a271169e3c6cf27b4f8db2166af895be8bc.elf (62_64bit)
[ANALYSISLOG] 0199140737b3bd24b5ce1a932f288a271169e3c6cf27b4f8db2166af895be8bc.elf -> ../ELF_samples/benign_report/x86_64_add/raw/0199140737b3bd24b5ce1a932f288a271169e3c6cf27b4f8db2166af895be8bc.elf_2026-01-29_21-31-23_0f21fbd7.jsonl
[DOCKER] Selected image for libc=glibc: amd64/ubuntu:24.04
[CgroupManager] Added cgroup 32334 via bpftool
[EventRouter] DEBUG: EXEC #33 filename='/bin/true', triggers=['752c5f0a445126cbe74f0008aa9f318cce1bf5190054798ccf4a20138bf2ceba.elf', '/tmp/752c5f0a445126cbe74f0008aa9f318cce1bf5190054798ccf4a20138bf2ceba.elf']
[POOL] Collected 7 events for analysis (read from log file)
[POOL] Running analyzers on 7 events for e445885a029c365729518999ad9690424b4520a4a397b5cfa9fdf0e5568d9ec0.elf
[POOL] Analysis completed: 0 findings in 0.00s (6692 events/s)
[AI-Integration] Submitted task: f99221ca
[AI] f99221ca queued for DeepSeek analysis
[CgroupManager] Removed cgroup 31904 via bpftool
[POOL] Cleanup scheduled for e9d330c2d2a0
[DockerWorker-0] ✓ Completed: e445885a029c365729518999ad9690424b4520a4a397b5cfa9fdf0e5568d9ec0.elf (7 events) (1.07s)
[DockerWorker-0] Starting: b7c15ac72b6a781ac046d2e2ce7d2f2564151935022f597f03807674fbcaf1bc.elf (62_64bit)
[ANALYSISLOG] b7c15ac72b6a781ac046d2e2ce7d2f2564151935022f597f03807674fbcaf1bc.elf -> ../ELF_samples/benign_report/x86_64_add/raw/b7c15ac72b6a781ac046d2e2ce7d2f2564151935022f597f03807674fbcaf1bc.elf_2026-01-29_21-31-24_8fdc8fdc.jsonl
[DOCKER] Selected image for libc=glibc: amd64/ubuntu:24.04
[POOL] Collected 7 events for analysis (read from log file)
[POOL] Running analyzers on 7 events for 8eb4b7a63abd7d4e58a4d0145cc79c2323f989723b9538c893f3e6b8865efca6.elf
[POOL] Analysis completed: 0 findings in 0.00s (6775 events/s)
[AI-Integration] Submitted task: 315743f9
[AI] 315743f9 queued for DeepSeek analysis
[CgroupManager] Removed cgroup 32076 via bpftool
[POOL] Cleanup scheduled for 2958c0c28ab1
[DockerWorker-5] ✓ Completed: 8eb4b7a63abd7d4e58a4d0145cc79c2323f989723b9538c893f3e6b8865efca6.elf (7 events) (1.08s)
[DockerWorker-5] Starting: 67267b50a65cb595cf7303214cdf74fc06cf534db9efe8e2b57d2369acefcf89.elf (62_64bit)
[ANALYSISLOG] 67267b50a65cb595cf7303214cdf74fc06cf534db9efe8e2b57d2369acefcf89.elf -> ../ELF_samples/benign_report/x86_64_add/raw/67267b50a65cb595cf7303214cdf74fc06cf534db9efe8e2b57d2369acefcf89.elf_2026-01-29_21-31-24_ddcc3787.jsonl
[DOCKER] Selected image for libc=glibc: amd64/ubuntu:24.04
[EventRouter] ARM detected at event 88 for cgroup 32334
[EventRouter] Discarded 87 pre-ARM events for cgroup 32334
[DOCKER] Container exit code: 1
[DOCKER][STDOUT] BEGIN
752c5f0a445126cbe74f0008aa9f318cce1bf5190054798ccf4a20138bf2ceba.elf: not enough arguments
Try '752c5f0a445126cbe74f0008aa9f318cce1bf5190054798ccf4a20138bf2ceba.elf --help' for more information.
[DOCKER][STDOUT] END
[DOCKER] Raw stdout saved: ../ELF_samples/benign_report/x86_64_add/raw/752c5f0a445126cbe74f0008aa9f318cce1bf5190054798ccf4a20138bf2ceba.elf_2026-01-29_21-31-23_abd76408_container_stdout.txt
[POOL] Collected 11 events for analysis (read from log file)
[POOL] Running analyzers on 11 events for 7d105666592405812f24d7637fb2c54201a251533425db68f705951dae671501.elf
[POOL] Analysis completed: 0 findings in 0.00s (10470 events/s)
[AI-Integration] Submitted task: 8255dfb7
[AI] 8255dfb7 queued for DeepSeek analysis
[CgroupManager] Removed cgroup 32162 via bpftool
[POOL] Cleanup scheduled for 722b4a7fcd6a
[DockerWorker-4] ✓ Completed: 7d105666592405812f24d7637fb2c54201a251533425db68f705951dae671501.elf (11 events) (1.06s)
[DockerWorker-4] Starting: f4824d9eec2b3d608e978fd977bbb13fd00898fc6ee59552387555841f67e50d.elf (62_64bit)
[ANALYSISLOG] f4824d9eec2b3d608e978fd977bbb13fd00898fc6ee59552387555841f67e50d.elf -> ../ELF_samples/benign_report/x86_64_add/raw/f4824d9eec2b3d608e978fd977bbb13fd00898fc6ee59552387555841f67e50d.elf_2026-01-29_21-31-24_2c6a7465.jsonl
[DOCKER] Selected image for libc=glibc: amd64/ubuntu:24.04
[CgroupManager] Added cgroup 32420 via bpftool
[POOL] Collected 9 events for analysis (read from log file)
[POOL] Running analyzers on 9 events for 09d1cef6c5d3e58d0d74d1fbda973462656cbe37b025d4deac5533c7df47b311.elf
[POOL] Analysis completed: 0 findings in 0.00s (8572 events/s)
[AI-Integration] Submitted task: bc678ad7
[AI] bc678ad7 queued for DeepSeek analysis
[CgroupManager] Removed cgroup 32248 via bpftool
[POOL] Cleanup scheduled for fa67b18626a4
[DockerWorker-2] ✓ Completed: 09d1cef6c5d3e58d0d74d1fbda973462656cbe37b025d4deac5533c7df47b311.elf (9 events) (1.05s)
[DockerWorker-2] Starting: 38da9f273f7895ec2a2020773cd2d503f7f248d9ed019ba902f21b06ec748009.elf (62_64bit)
[ANALYSISLOG] 38da9f273f7895ec2a2020773cd2d503f7f248d9ed019ba902f21b06ec748009.elf -> ../ELF_samples/benign_report/x86_64_add/raw/38da9f273f7895ec2a2020773cd2d503f7f248d9ed019ba902f21b06ec748009.elf_2026-01-29_21-31-24_bb0ca377.jsonl
[DOCKER] Selected image for libc=glibc: amd64/ubuntu:24.04
[EventRouter] DEBUG: EXEC #34 filename='/bin/true', triggers=['0199140737b3bd24b5ce1a932f288a271169e3c6cf27b4f8db2166af895be8bc.elf', '/tmp/0199140737b3bd24b5ce1a932f288a271169e3c6cf27b4f8db2166af895be8bc.elf']
[CgroupManager] Added cgroup 32506 via bpftool
[EventRouter] DEBUG: EXEC #33 filename='/bin/true', triggers=['b7c15ac72b6a781ac046d2e2ce7d2f2564151935022f597f03807674fbcaf1bc.elf', '/tmp/b7c15ac72b6a781ac046d2e2ce7d2f2564151935022f597f03807674fbcaf1bc.elf']
[EventRouter] ARM detected at event 91 for cgroup 32420
[EventRouter] Discarded 90 pre-ARM events for cgroup 32420
[DOCKER] Container exit code: 1
[DOCKER][STDOUT] BEGIN
/tmp/0199140737b3bd24b5ce1a932f288a271169e3c6cf27b4f8db2166af895be8bc.elf: missing operand
Try '/tmp/0199140737b3bd24b5ce1a932f288a271169e3c6cf27b4f8db2166af895be8bc.elf --help' for more information.
[DOCKER][STDOUT] END
[DOCKER] Raw stdout saved: ../ELF_samples/benign_report/x86_64_add/raw/0199140737b3bd24b5ce1a932f288a271169e3c6cf27b4f8db2166af895be8bc.elf_2026-01-29_21-31-23_0f21fbd7_container_stdout.txt
[CgroupManager] Added cgroup 32592 via bpftool
[EventRouter] DEBUG: EXEC #34 filename='/bin/true', triggers=['67267b50a65cb595cf7303214cdf74fc06cf534db9efe8e2b57d2369acefcf89.elf', '/tmp/67267b50a65cb595cf7303214cdf74fc06cf534db9efe8e2b57d2369acefcf89.elf']
[CgroupManager] Added cgroup 32678 via bpftool
[EventRouter] ARM detected at event 88 for cgroup 32506
[EventRouter] Discarded 87 pre-ARM events for cgroup 32506
[DOCKER] Container exit code: 0
[DOCKER][STDOUT] BEGIN
RANGE                                  SIZE  STATE REMOVABLE  BLOCK
0x0000000000000000-0x000000006fffffff  1.8G online       yes   0-13
0x0000000100000000-0x000000087fffffff   30G online       yes 32-271

Memory block size:       128M
Total online memory:    31.8G
Total offline memory:      0B
[DOCKER][STDOUT] END
[DOCKER] Raw stdout saved: ../ELF_samples/benign_report/x86_64_add/raw/b7c15ac72b6a781ac046d2e2ce7d2f2564151935022f597f03807674fbcaf1bc.elf_2026-01-29_21-31-24_8fdc8fdc_container_stdout.txt
[EventRouter] DEBUG: EXEC #34 filename='/bin/true', triggers=['f4824d9eec2b3d608e978fd977bbb13fd00898fc6ee59552387555841f67e50d.elf', '/tmp/f4824d9eec2b3d608e978fd977bbb13fd00898fc6ee59552387555841f67e50d.elf']
[CgroupManager] Added cgroup 32764 via bpftool
[EventRouter] ARM detected at event 89 for cgroup 32592
[EventRouter] Discarded 88 pre-ARM events for cgroup 32592
[DOCKER] Container exit code: 0
[EventRouter] DEBUG: EXEC #34 filename='/bin/true', triggers=['38da9f273f7895ec2a2020773cd2d503f7f248d9ed019ba902f21b06ec748009.elf', '/tmp/38da9f273f7895ec2a2020773cd2d503f7f248d9ed019ba902f21b06ec748009.elf']
[POOL] Collected 11 events for analysis (read from log file)
[POOL] Running analyzers on 11 events for 752c5f0a445126cbe74f0008aa9f318cce1bf5190054798ccf4a20138bf2ceba.elf
[POOL] Analysis completed: 0 findings in 0.00s (10388 events/s)
[AI-Integration] Submitted task: abd76408
[AI] abd76408 queued for DeepSeek analysis
[CgroupManager] Removed cgroup 32334 via bpftool
[POOL] Cleanup scheduled for 3d660769779c
[DockerWorker-1] ✓ Completed: 752c5f0a445126cbe74f0008aa9f318cce1bf5190054798ccf4a20138bf2ceba.elf (11 events) (1.05s)
[DockerWorker-1] Starting: 898911e13af1fa84a6e0de8dacf2bae23efc715cb1e3533dc496319a4c826c27.elf (62_64bit)
[ANALYSISLOG] 898911e13af1fa84a6e0de8dacf2bae23efc715cb1e3533dc496319a4c826c27.elf -> ../ELF_samples/benign_report/x86_64_add/raw/898911e13af1fa84a6e0de8dacf2bae23efc715cb1e3533dc496319a4c826c27.elf_2026-01-29_21-31-24_7f598c48.jsonl
[DOCKER] Selected image for libc=glibc: amd64/ubuntu:24.04
[EventRouter] ARM detected at event 89 for cgroup 32678
[EventRouter] Discarded 88 pre-ARM events for cgroup 32678
[DOCKER] Container exit code: 127
[DOCKER][STDOUT] BEGIN
/tmp/f4824d9eec2b3d608e978fd977bbb13fd00898fc6ee59552387555841f67e50d.elf: error while loading shared libraries: libtinfo.so.5: cannot open shared object file: No such file or directory
[DOCKER][STDOUT] END
[DOCKER] Raw stdout saved: ../ELF_samples/benign_report/x86_64_add/raw/f4824d9eec2b3d608e978fd977bbb13fd00898fc6ee59552387555841f67e50d.elf_2026-01-29_21-31-24_2c6a7465_container_stdout.txt
[EventRouter] ARM detected at event 92 for cgroup 32764
[EventRouter] Discarded 91 pre-ARM events for cgroup 32764
[DOCKER] Container exit code: 1
[DOCKER][STDOUT] BEGIN
/tmp/38da9f273f7895ec2a2020773cd2d503f7f248d9ed019ba902f21b06ec748009.elf: missing operand
Try '/tmp/38da9f273f7895ec2a2020773cd2d503f7f248d9ed019ba902f21b06ec748009.elf --help' for more information.
[DOCKER][STDOUT] END
[DOCKER] Raw stdout saved: ../ELF_samples/benign_report/x86_64_add/raw/38da9f273f7895ec2a2020773cd2d503f7f248d9ed019ba902f21b06ec748009.elf_2026-01-29_21-31-24_bb0ca377_container_stdout.txt
[POOL] Collected 11 events for analysis (read from log file)
[POOL] Running analyzers on 11 events for 0199140737b3bd24b5ce1a932f288a271169e3c6cf27b4f8db2166af895be8bc.elf
[POOL] Analysis completed: 0 findings in 0.00s (10374 events/s)
[AI-Integration] Submitted task: 0f21fbd7
[AI] 0f21fbd7 queued for DeepSeek analysis
[CgroupManager] Removed cgroup 32420 via bpftool
[POOL] Cleanup scheduled for 3e9f237d9d95
[DockerWorker-3] ✓ Completed: 0199140737b3bd24b5ce1a932f288a271169e3c6cf27b4f8db2166af895be8bc.elf (11 events) (1.03s)
[DockerWorker-3] Starting: 7c92a5c9b45bb610679dfb6e8dbf917155fc8c7e93865ba67f124685206f13d4.elf (62_64bit)
[ANALYSISLOG] 7c92a5c9b45bb610679dfb6e8dbf917155fc8c7e93865ba67f124685206f13d4.elf -> ../ELF_samples/benign_report/x86_64_add/raw/7c92a5c9b45bb610679dfb6e8dbf917155fc8c7e93865ba67f124685206f13d4.elf_2026-01-29_21-31-24_a714b888.jsonl
[DOCKER] Selected image for libc=glibc: amd64/ubuntu:24.04
[CgroupManager] Added cgroup 32850 via bpftool
[EventRouter] DEBUG: EXEC #34 filename='/bin/true', triggers=['898911e13af1fa84a6e0de8dacf2bae23efc715cb1e3533dc496319a4c826c27.elf', '/tmp/898911e13af1fa84a6e0de8dacf2bae23efc715cb1e3533dc496319a4c826c27.elf']
[POOL] Collected 1021 events for analysis (read from log file)
[POOL] Running analyzers on 1021 events for b7c15ac72b6a781ac046d2e2ce7d2f2564151935022f597f03807674fbcaf1bc.elf
[POOL] Analysis completed: 0 findings in 0.00s (699472 events/s)
[AI-Integration] Submitted task: 8fdc8fdc
[AI] 8fdc8fdc queued for DeepSeek analysis
[CgroupManager] Removed cgroup 32506 via bpftool
[POOL] Cleanup scheduled for ad93ea8ef47f
[DockerWorker-0] ✓ Completed: b7c15ac72b6a781ac046d2e2ce7d2f2564151935022f597f03807674fbcaf1bc.elf (1021 events) (1.05s)
[DockerWorker-0] Starting: 0a519189f187ef217e942b3cff8116724873ded6a5351d09fa8126ba8c8c9b11.elf (62_64bit)
[ANALYSISLOG] 0a519189f187ef217e942b3cff8116724873ded6a5351d09fa8126ba8c8c9b11.elf -> ../ELF_samples/benign_report/x86_64_add/raw/0a519189f187ef217e942b3cff8116724873ded6a5351d09fa8126ba8c8c9b11.elf_2026-01-29_21-31-25_78242acd.jsonl
[DOCKER] Selected image for libc=glibc: amd64/ubuntu:24.04
[POOL] Collected 10 events for analysis (read from log file)
[POOL] Running analyzers on 10 events for 67267b50a65cb595cf7303214cdf74fc06cf534db9efe8e2b57d2369acefcf89.elf
[POOL] Analysis completed: 0 findings in 0.00s (9661 events/s)
[AI-Integration] Submitted task: ddcc3787
[AI] ddcc3787 queued for DeepSeek analysis
[CgroupManager] Removed cgroup 32592 via bpftool
[POOL] Cleanup scheduled for 1e82881a9cdb
[DockerWorker-5] ✓ Completed: 67267b50a65cb595cf7303214cdf74fc06cf534db9efe8e2b57d2369acefcf89.elf (10 events) (1.03s)
[DockerWorker-5] Starting: 4ead7ec851ba9ddef0d6610c56ba5e03d028ca314c7c1e60b84fd466678192ce.elf (62_64bit)
[ANALYSISLOG] 4ead7ec851ba9ddef0d6610c56ba5e03d028ca314c7c1e60b84fd466678192ce.elf -> ../ELF_samples/benign_report/x86_64_add/raw/4ead7ec851ba9ddef0d6610c56ba5e03d028ca314c7c1e60b84fd466678192ce.elf_2026-01-29_21-31-25_c566c6ca.jsonl
[DOCKER] Selected image for libc=glibc: amd64/ubuntu:24.04
[EventRouter] ARM detected at event 89 for cgroup 32850
[EventRouter] Discarded 88 pre-ARM events for cgroup 32850
[DOCKER] Container exit code: 1
[DOCKER][STDOUT] BEGIN
898911e13af1fa84a6e0de8dacf2bae23efc715cb1e3533dc496319a4c826c27.elf: bad usage
Try '898911e13af1fa84a6e0de8dacf2bae23efc715cb1e3533dc496319a4c826c27.elf --help' for more information.
[DOCKER][STDOUT] END
[DOCKER] Raw stdout saved: ../ELF_samples/benign_report/x86_64_add/raw/898911e13af1fa84a6e0de8dacf2bae23efc715cb1e3533dc496319a4c826c27.elf_2026-01-29_21-31-24_7f598c48_container_stdout.txt
[POOL] Collected 7 events for analysis (read from log file)
[POOL] Running analyzers on 7 events for f4824d9eec2b3d608e978fd977bbb13fd00898fc6ee59552387555841f67e50d.elf
[POOL] Analysis completed: 0 findings in 0.00s (6784 events/s)
[AI-Integration] Submitted task: 2c6a7465
[AI] 2c6a7465 queued for DeepSeek analysis
[CgroupManager] Removed cgroup 32678 via bpftool
[POOL] Cleanup scheduled for 6f73173b8753
[DockerWorker-4] ✓ Completed: f4824d9eec2b3d608e978fd977bbb13fd00898fc6ee59552387555841f67e50d.elf (7 events) (1.04s)
[DockerWorker-4] Starting: ae735d847c49893ec7e84343781c1132835ceb9b9b1247bcbe03553bb9bbcf36.elf (62_64bit)
[ANALYSISLOG] ae735d847c49893ec7e84343781c1132835ceb9b9b1247bcbe03553bb9bbcf36.elf -> ../ELF_samples/benign_report/x86_64_add/raw/ae735d847c49893ec7e84343781c1132835ceb9b9b1247bcbe03553bb9bbcf36.elf_2026-01-29_21-31-25_89eb70f6.jsonl
[DOCKER] Selected image for libc=glibc: amd64/ubuntu:24.04
[CgroupManager] Added cgroup 32936 via bpftool
[POOL] Collected 11 events for analysis (read from log file)
[POOL] Running analyzers on 11 events for 38da9f273f7895ec2a2020773cd2d503f7f248d9ed019ba902f21b06ec748009.elf
[POOL] Analysis completed: 0 findings in 0.00s (10523 events/s)
[AI-Integration] Submitted task: bb0ca377
[AI] bb0ca377 queued for DeepSeek analysis
[EventRouter] DEBUG: EXEC #33 filename='/bin/true', triggers=['7c92a5c9b45bb610679dfb6e8dbf917155fc8c7e93865ba67f124685206f13d4.elf', '/tmp/7c92a5c9b45bb610679dfb6e8dbf917155fc8c7e93865ba67f124685206f13d4.elf']
[CgroupManager] Removed cgroup 32764 via bpftool
[POOL] Cleanup scheduled for 46e33fdf91c4
[DockerWorker-2] ✓ Completed: 38da9f273f7895ec2a2020773cd2d503f7f248d9ed019ba902f21b06ec748009.elf (11 events) (1.05s)
[DockerWorker-2] Starting: 565c7bf3483cf2bdbc153b3fb1543fcd7202dd88d506b62f047ef528304b06df.elf (62_64bit)
[ANALYSISLOG] 565c7bf3483cf2bdbc153b3fb1543fcd7202dd88d506b62f047ef528304b06df.elf -> ../ELF_samples/benign_report/x86_64_add/raw/565c7bf3483cf2bdbc153b3fb1543fcd7202dd88d506b62f047ef528304b06df.elf_2026-01-29_21-31-25_94f4ad85.jsonl
[DOCKER] Selected image for libc=glibc: amd64/ubuntu:24.04
[CgroupManager] Added cgroup 33022 via bpftool
[EventRouter] DEBUG: EXEC #33 filename='/bin/true', triggers=['0a519189f187ef217e942b3cff8116724873ded6a5351d09fa8126ba8c8c9b11.elf', '/tmp/0a519189f187ef217e942b3cff8116724873ded6a5351d09fa8126ba8c8c9b11.elf']
[EventRouter] ARM detected at event 104 for cgroup 32936
[EventRouter] Discarded 103 pre-ARM events for cgroup 32936
[DOCKER] Container exit code: 0
[CgroupManager] Added cgroup 33108 via bpftool
[EventRouter] DEBUG: EXEC #33 filename='/bin/true', triggers=['4ead7ec851ba9ddef0d6610c56ba5e03d028ca314c7c1e60b84fd466678192ce.elf', '/tmp/4ead7ec851ba9ddef0d6610c56ba5e03d028ca314c7c1e60b84fd466678192ce.elf']
[CgroupManager] Added cgroup 33194 via bpftool
[EventRouter] ARM detected at event 127 for cgroup 33022
[EventRouter] Discarded 126 pre-ARM events for cgroup 33022
[EventRouter] DEBUG: EXEC #33 filename='/bin/true', triggers=['ae735d847c49893ec7e84343781c1132835ceb9b9b1247bcbe03553bb9bbcf36.elf', '/tmp/ae735d847c49893ec7e84343781c1132835ceb9b9b1247bcbe03553bb9bbcf36.elf']
[DOCKER] Container exit code: 1
[DOCKER][STDOUT] BEGIN
/tmp/0a519189f187ef217e942b3cff8116724873ded6a5351d09fa8126ba8c8c9b11.elf: missing operand
Try '/tmp/0a519189f187ef217e942b3cff8116724873ded6a5351d09fa8126ba8c8c9b11.elf --help' for more information.
[DOCKER][STDOUT] END
[DOCKER] Raw stdout saved: ../ELF_samples/benign_report/x86_64_add/raw/0a519189f187ef217e942b3cff8116724873ded6a5351d09fa8126ba8c8c9b11.elf_2026-01-29_21-31-25_78242acd_container_stdout.txt
[CgroupManager] Added cgroup 33280 via bpftool
[EventRouter] ARM detected at event 89 for cgroup 33108
[EventRouter] Discarded 88 pre-ARM events for cgroup 33108
[EventRouter] DEBUG: EXEC #50 filename='/bin/true', triggers=['565c7bf3483cf2bdbc153b3fb1543fcd7202dd88d506b62f047ef528304b06df.elf', '/tmp/565c7bf3483cf2bdbc153b3fb1543fcd7202dd88d506b62f047ef528304b06df.elf']
[DOCKER] Container exit code: 0
[DOCKER][STDOUT] BEGIN
soft
[DOCKER][STDOUT] END
[DOCKER] Raw stdout saved: ../ELF_samples/benign_report/x86_64_add/raw/4ead7ec851ba9ddef0d6610c56ba5e03d028ca314c7c1e60b84fd466678192ce.elf_2026-01-29_21-31-25_c566c6ca_container_stdout.txt
[POOL] Collected 11 events for analysis (read from log file)
[POOL] Running analyzers on 11 events for 898911e13af1fa84a6e0de8dacf2bae23efc715cb1e3533dc496319a4c826c27.elf
[POOL] Analysis completed: 0 findings in 0.00s (10421 events/s)
[AI-Integration] Submitted task: 7f598c48
[AI] 7f598c48 queued for DeepSeek analysis
[CgroupManager] Removed cgroup 32850 via bpftool
[POOL] Cleanup scheduled for a3f8d637104e
[DockerWorker-1] ✓ Completed: 898911e13af1fa84a6e0de8dacf2bae23efc715cb1e3533dc496319a4c826c27.elf (11 events) (1.04s)
[DockerWorker-1] Starting: 118323b97839a6062d288faaf570bc0b1804ccf1c647a7bba3a5c1f5f34f329e.elf (62_64bit)
[ANALYSISLOG] 118323b97839a6062d288faaf570bc0b1804ccf1c647a7bba3a5c1f5f34f329e.elf -> ../ELF_samples/benign_report/x86_64_add/raw/118323b97839a6062d288faaf570bc0b1804ccf1c647a7bba3a5c1f5f34f329e.elf_2026-01-29_21-31-25_0eec5d2d.jsonl
[DOCKER] Selected image for libc=glibc: amd64/ubuntu:24.04
[EventRouter] ARM detected at event 90 for cgroup 33194
[EventRouter] Discarded 89 pre-ARM events for cgroup 33194
[DOCKER] Container exit code: 1
[DOCKER][STDOUT] BEGIN
ae735d847c49893ec7e84343781c1132835ceb9b9b1247bcbe03553bb9bbcf36.elf: bad usage
Try 'ae735d847c49893ec7e84343781c1132835ceb9b9b1247bcbe03553bb9bbcf36.elf --help' for more information.
[DOCKER][STDOUT] END
[DOCKER] Raw stdout saved: ../ELF_samples/benign_report/x86_64_add/raw/ae735d847c49893ec7e84343781c1132835ceb9b9b1247bcbe03553bb9bbcf36.elf_2026-01-29_21-31-25_89eb70f6_container_stdout.txt
[AI-Integration] Job f7304417 analyzed via deepseek
[AI-Integration] Job 818ed1de analyzed via deepseek
[EventRouter] ARM detected at event 105 for cgroup 33280
[EventRouter] Discarded 104 pre-ARM events for cgroup 33280
[DOCKER] Container exit code: 0
[POOL] Collected 7 events for analysis (read from log file)
[POOL] Running analyzers on 7 events for 7c92a5c9b45bb610679dfb6e8dbf917155fc8c7e93865ba67f124685206f13d4.elf
[POOL] Analysis completed: 0 findings in 0.00s (6708 events/s)
[AI-Integration] Submitted task: a714b888
[AI] a714b888 queued for DeepSeek analysis
[CgroupManager] Removed cgroup 32936 via bpftool
[POOL] Cleanup scheduled for 7e18043c19ce
[DockerWorker-3] ✓ Completed: 7c92a5c9b45bb610679dfb6e8dbf917155fc8c7e93865ba67f124685206f13d4.elf (7 events) (1.02s)
[DockerWorker-3] Starting: ba02df8c317806294bb8415deaa42fb3426e230964bdf4064902e0b196ebb6c2.elf (62_64bit)
[ANALYSISLOG] ba02df8c317806294bb8415deaa42fb3426e230964bdf4064902e0b196ebb6c2.elf -> ../ELF_samples/benign_report/x86_64_add/raw/ba02df8c317806294bb8415deaa42fb3426e230964bdf4064902e0b196ebb6c2.elf_2026-01-29_21-31-25_c09ae596.jsonl
[DOCKER] Selected image for libc=glibc: amd64/ubuntu:24.04
[CgroupManager] Added cgroup 33366 via bpftool
[EventRouter] DEBUG: EXEC #34 filename='/bin/true', triggers=['118323b97839a6062d288faaf570bc0b1804ccf1c647a7bba3a5c1f5f34f329e.elf', '/tmp/118323b97839a6062d288faaf570bc0b1804ccf1c647a7bba3a5c1f5f34f329e.elf']
[POOL] Collected 11 events for analysis (read from log file)
[POOL] Running analyzers on 11 events for 0a519189f187ef217e942b3cff8116724873ded6a5351d09fa8126ba8c8c9b11.elf
[POOL] Analysis completed: 0 findings in 0.00s (10544 events/s)
[AI-Integration] Submitted task: 78242acd
[AI] 78242acd queued for DeepSeek analysis
[CgroupManager] Removed cgroup 33022 via bpftool
[POOL] Cleanup scheduled for 308289e5b7b4
[DockerWorker-0] ✓ Completed: 0a519189f187ef217e942b3cff8116724873ded6a5351d09fa8126ba8c8c9b11.elf (11 events) (1.02s)
[DockerWorker-0] Starting: d4a164f9e1c988d99c45ff39d0a5d27cd741e550df7f1e9c88abd7ddae711439.elf (62_64bit)
[ANALYSISLOG] d4a164f9e1c988d99c45ff39d0a5d27cd741e550df7f1e9c88abd7ddae711439.elf -> ../ELF_samples/benign_report/x86_64_add/raw/d4a164f9e1c988d99c45ff39d0a5d27cd741e550df7f1e9c88abd7ddae711439.elf_2026-01-29_21-31-26_a245ae57.jsonl
[DOCKER] Selected image for libc=glibc: amd64/ubuntu:24.04
[POOL] Collected 8 events for analysis (read from log file)
[POOL] Running analyzers on 8 events for 4ead7ec851ba9ddef0d6610c56ba5e03d028ca314c7c1e60b84fd466678192ce.elf
[POOL] Analysis completed: 0 findings in 0.00s (7676 events/s)
[AI-Integration] Submitted task: c566c6ca
[AI] c566c6ca queued for DeepSeek analysis
[CgroupManager] Removed cgroup 33108 via bpftool
[POOL] Cleanup scheduled for c8dcaadf0f24
[DockerWorker-5] ✓ Completed: 4ead7ec851ba9ddef0d6610c56ba5e03d028ca314c7c1e60b84fd466678192ce.elf (8 events) (1.03s)
[DockerWorker-5] Starting: 133a194f34cb4c19927576b7c6bc32c7abdc547bc714a956fb99e7f90fbca2cd.elf (62_64bit)
[ANALYSISLOG] 133a194f34cb4c19927576b7c6bc32c7abdc547bc714a956fb99e7f90fbca2cd.elf -> ../ELF_samples/benign_report/x86_64_add/raw/133a194f34cb4c19927576b7c6bc32c7abdc547bc714a956fb99e7f90fbca2cd.elf_2026-01-29_21-31-26_350ca784.jsonl
[DOCKER] Selected image for libc=glibc: amd64/ubuntu:24.04
[EventRouter] ARM detected at event 106 for cgroup 33366
[EventRouter] Discarded 105 pre-ARM events for cgroup 33366
[DOCKER] Container exit code: 0
[DOCKER][STDOUT] BEGIN
NAME      TYPE SIZE USED PRIO
/swap.img file   8G   0B   -2
[DOCKER][STDOUT] END
[POOL] Collected 12 events for analysis (read from log file)
[POOL] Running analyzers on 12 events for ae735d847c49893ec7e84343781c1132835ceb9b9b1247bcbe03553bb9bbcf36.elf
[POOL] Analysis completed: 0 findings in 0.00s (11493 events/s)
[AI-Integration] Submitted task: 89eb70f6
[AI] 89eb70f6 queued for DeepSeek analysis
[DOCKER] Raw stdout saved: ../ELF_samples/benign_report/x86_64_add/raw/118323b97839a6062d288faaf570bc0b1804ccf1c647a7bba3a5c1f5f34f329e.elf_2026-01-29_21-31-25_0eec5d2d_container_stdout.txt
[CgroupManager] Removed cgroup 33194 via bpftool
[POOL] Cleanup scheduled for 2aacd8ed0ceb
[DockerWorker-4] ✓ Completed: ae735d847c49893ec7e84343781c1132835ceb9b9b1247bcbe03553bb9bbcf36.elf (12 events) (1.03s)
[DockerWorker-4] Starting: ec5e946787b5f79e48ab1786d0f16b58302530d76b5d598f36c8d15e0e966cb4.elf (62_64bit)
[ANALYSISLOG] ec5e946787b5f79e48ab1786d0f16b58302530d76b5d598f36c8d15e0e966cb4.elf -> ../ELF_samples/benign_report/x86_64_add/raw/ec5e946787b5f79e48ab1786d0f16b58302530d76b5d598f36c8d15e0e966cb4.elf_2026-01-29_21-31-26_ccec1f07.jsonl
[DOCKER] Selected image for libc=glibc: amd64/ubuntu:24.04
[POOL] Collected 7 events for analysis (read from log file)
[POOL] Running analyzers on 7 events for 565c7bf3483cf2bdbc153b3fb1543fcd7202dd88d506b62f047ef528304b06df.elf
[POOL] Analysis completed: 0 findings in 0.00s (6759 events/s)
[DOCKER] exec failed: 404 Client Error for http+docker://localhost/v1.50/exec/c40ca904bec66ffb9343abe4867caf6a14355ef335e52ed6cb2bc4f475be5357/json: Not Found ("No such exec instance: c40ca904bec66ffb9343abe4867caf6a14355ef335e52ed6cb2bc4f475be5357")
[AI-Integration] Submitted task: 94f4ad85
[AI] 94f4ad85 queued for DeepSeek analysis
[CgroupManager] Added cgroup 33452 via bpftool
[CgroupManager] Added cgroup 33538 via bpftool
[CgroupManager] Added cgroup 33624 via bpftool
[CgroupManager] Removed cgroup 33280 via bpftool
[POOL] Cleanup scheduled for ef91c56afa4e
[DockerWorker-2] ✓ Completed: 565c7bf3483cf2bdbc153b3fb1543fcd7202dd88d506b62f047ef528304b06df.elf (7 events) (1.37s)
[DockerWorker-2] Starting: 13fd96817805fce939391a8947597dd5c61fde9ce8eed3134879f2e20829db7d.elf (62_64bit)
[ANALYSISLOG] 13fd96817805fce939391a8947597dd5c61fde9ce8eed3134879f2e20829db7d.elf -> ../ELF_samples/benign_report/x86_64_add/raw/13fd96817805fce939391a8947597dd5c61fde9ce8eed3134879f2e20829db7d.elf_2026-01-29_21-31-26_a40edd31.jsonl
[DOCKER] Selected image for libc=glibc: amd64/ubuntu:24.04
[EventRouter] DEBUG: EXEC #33 filename='/bin/true', triggers=['ba02df8c317806294bb8415deaa42fb3426e230964bdf4064902e0b196ebb6c2.elf', '/tmp/ba02df8c317806294bb8415deaa42fb3426e230964bdf4064902e0b196ebb6c2.elf']
[EventRouter] DEBUG: EXEC #49 filename='/bin/true', triggers=['133a194f34cb4c19927576b7c6bc32c7abdc547bc714a956fb99e7f90fbca2cd.elf', '/tmp/133a194f34cb4c19927576b7c6bc32c7abdc547bc714a956fb99e7f90fbca2cd.elf']
[EventRouter] DEBUG: EXEC #50 filename='/bin/true', triggers=['d4a164f9e1c988d99c45ff39d0a5d27cd741e550df7f1e9c88abd7ddae711439.elf', '/tmp/d4a164f9e1c988d99c45ff39d0a5d27cd741e550df7f1e9c88abd7ddae711439.elf']
[CgroupManager] Added cgroup 33710 via bpftool
[EventRouter] DEBUG: EXEC #34 filename='/bin/true', triggers=['ec5e946787b5f79e48ab1786d0f16b58302530d76b5d598f36c8d15e0e966cb4.elf', '/tmp/ec5e946787b5f79e48ab1786d0f16b58302530d76b5d598f36c8d15e0e966cb4.elf']
[POOL] Collected 11 events for analysis (read from log file)
[POOL] Running analyzers on 11 events for 118323b97839a6062d288faaf570bc0b1804ccf1c647a7bba3a5c1f5f34f329e.elf
[POOL] Analysis completed: 0 findings in 0.00s (10504 events/s)
[AI-Integration] Submitted task: 0eec5d2d
[AI] 0eec5d2d queued for DeepSeek analysis
[CgroupManager] Removed cgroup 33366 via bpftool
[POOL] Cleanup scheduled for 8075840b5b7d
[DockerWorker-1] ✓ Completed: 118323b97839a6062d288faaf570bc0b1804ccf1c647a7bba3a5c1f5f34f329e.elf (11 events) (1.11s)
[DockerWorker-1] Starting: bfaf17e7cae1c3bcc608677f65bc19a7e8fd1cb6f40d5de63244c86da6b4c480.elf (62_64bit)
[ANALYSISLOG] bfaf17e7cae1c3bcc608677f65bc19a7e8fd1cb6f40d5de63244c86da6b4c480.elf -> ../ELF_samples/benign_report/x86_64_add/raw/bfaf17e7cae1c3bcc608677f65bc19a7e8fd1cb6f40d5de63244c86da6b4c480.elf_2026-01-29_21-31-26_6d0eae15.jsonl
[DOCKER] Selected image for libc=glibc: amd64/ubuntu:24.04
[EventRouter] ARM detected at event 88 for cgroup 33452
[EventRouter] Discarded 87 pre-ARM events for cgroup 33452
[DOCKER] Container exit code: 127
[DOCKER][STDOUT] BEGIN
/tmp/ba02df8c317806294bb8415deaa42fb3426e230964bdf4064902e0b196ebb6c2.elf: error while loading shared libraries: libtinfo.so.5: cannot open shared object file: No such file or directory
[DOCKER][STDOUT] END
[DOCKER] Raw stdout saved: ../ELF_samples/benign_report/x86_64_add/raw/ba02df8c317806294bb8415deaa42fb3426e230964bdf4064902e0b196ebb6c2.elf_2026-01-29_21-31-25_c09ae596_container_stdout.txt
[EventRouter] ARM detected at event 122 for cgroup 33624
[EventRouter] Discarded 121 pre-ARM events for cgroup 33624
[DOCKER] Container exit code: 0
[EventRouter] ARM detected at event 105 for cgroup 33538
[EventRouter] Discarded 104 pre-ARM events for cgroup 33538
[DOCKER] Container exit code: 1
[DOCKER][STDOUT] BEGIN
/tmp/d4a164f9e1c988d99c45ff39d0a5d27cd741e550df7f1e9c88abd7ddae711439.elf: you must specify a list of bytes, characters, or fields
Try '/tmp/d4a164f9e1c988d99c45ff39d0a5d27cd741e550df7f1e9c88abd7ddae711439.elf --help' for more information.
[DOCKER][STDOUT] END
[DOCKER] Raw stdout saved: ../ELF_samples/benign_report/x86_64_add/raw/d4a164f9e1c988d99c45ff39d0a5d27cd741e550df7f1e9c88abd7ddae711439.elf_2026-01-29_21-31-26_a245ae57_container_stdout.txt
[EventRouter] ARM detected at event 104 for cgroup 33710
[EventRouter] Discarded 103 pre-ARM events for cgroup 33710
[DOCKER] Container exit code: 1
[DOCKER][STDOUT] BEGIN
/tmp/ec5e946787b5f79e48ab1786d0f16b58302530d76b5d598f36c8d15e0e966cb4.elf: missing operand
Try '/tmp/ec5e946787b5f79e48ab1786d0f16b58302530d76b5d598f36c8d15e0e966cb4.elf --help' for more information.
[DOCKER][STDOUT] END
[DOCKER] Raw stdout saved: ../ELF_samples/benign_report/x86_64_add/raw/ec5e946787b5f79e48ab1786d0f16b58302530d76b5d598f36c8d15e0e966cb4.elf_2026-01-29_21-31-26_ccec1f07_container_stdout.txt
[CgroupManager] Added cgroup 33796 via bpftool
[EventRouter] DEBUG: EXEC #33 filename='/bin/true', triggers=['13fd96817805fce939391a8947597dd5c61fde9ce8eed3134879f2e20829db7d.elf', '/tmp/13fd96817805fce939391a8947597dd5c61fde9ce8eed3134879f2e20829db7d.elf']
[CgroupManager] Added cgroup 33882 via bpftool
[EventRouter] DEBUG: EXEC #33 filename='/bin/true', triggers=['bfaf17e7cae1c3bcc608677f65bc19a7e8fd1cb6f40d5de63244c86da6b4c480.elf', '/tmp/bfaf17e7cae1c3bcc608677f65bc19a7e8fd1cb6f40d5de63244c86da6b4c480.elf']
[EventRouter] ARM detected at event 128 for cgroup 33796
[EventRouter] Discarded 127 pre-ARM events for cgroup 33796
[DOCKER] Container exit code: 1
[EventRouter] ARM detected at event 88 for cgroup 33882
[EventRouter] Discarded 87 pre-ARM events for cgroup 33882
[DOCKER] Container exit code: 0
[DOCKER][STDOUT] BEGIN
none: prio 0
[DOCKER][STDOUT] END
[DOCKER] Raw stdout saved: ../ELF_samples/benign_report/x86_64_add/raw/bfaf17e7cae1c3bcc608677f65bc19a7e8fd1cb6f40d5de63244c86da6b4c480.elf_2026-01-29_21-31-26_6d0eae15_container_stdout.txt
[POOL] Collected 7 events for analysis (read from log file)
[POOL] Running analyzers on 7 events for ba02df8c317806294bb8415deaa42fb3426e230964bdf4064902e0b196ebb6c2.elf
[POOL] Analysis completed: 0 findings in 0.00s (6808 events/s)
[AI-Integration] Submitted task: c09ae596
[AI] c09ae596 queued for DeepSeek analysis
[CgroupManager] Removed cgroup 33452 via bpftool
[POOL] Cleanup scheduled for d8e5fd5a2cfe
[DockerWorker-3] ✓ Completed: ba02df8c317806294bb8415deaa42fb3426e230964bdf4064902e0b196ebb6c2.elf (7 events) (1.39s)
[DockerWorker-3] Starting: 0089171bca81d4c72450b9750b52eaeb6bb8bae9b43b03541e2098b825b40bea.elf (62_64bit)
[ANALYSISLOG] 0089171bca81d4c72450b9750b52eaeb6bb8bae9b43b03541e2098b825b40bea.elf -> ../ELF_samples/benign_report/x86_64_add/raw/0089171bca81d4c72450b9750b52eaeb6bb8bae9b43b03541e2098b825b40bea.elf_2026-01-29_21-31-27_6da25827.jsonl
[DOCKER] Selected image for libc=glibc: amd64/ubuntu:24.04
[POOL] Collected 7 events for analysis (read from log file)
[POOL] Running analyzers on 7 events for 133a194f34cb4c19927576b7c6bc32c7abdc547bc714a956fb99e7f90fbca2cd.elf
[POOL] Analysis completed: 0 findings in 0.00s (6669 events/s)
[AI-Integration] Submitted task: 350ca784
[AI] 350ca784 queued for DeepSeek analysis
[POOL] Collected 11 events for analysis (read from log file)
[POOL] Running analyzers on 11 events for d4a164f9e1c988d99c45ff39d0a5d27cd741e550df7f1e9c88abd7ddae711439.elf
[POOL] Analysis completed: 0 findings in 0.00s (10334 events/s)
[AI-Integration] Submitted task: a245ae57
[AI] a245ae57 queued for DeepSeek analysis
[CgroupManager] Removed cgroup 33538 via bpftool
[POOL] Cleanup scheduled for 341d66db8e7d
[DockerWorker-0] ✓ Completed: d4a164f9e1c988d99c45ff39d0a5d27cd741e550df7f1e9c88abd7ddae711439.elf (11 events) (1.28s)
[DockerWorker-0] Starting: 4fa196473264ee2e9ff58bc43e711336a1b42bff458ed98e335079b40e0a7ed7.elf (62_64bit)
[ANALYSISLOG] 4fa196473264ee2e9ff58bc43e711336a1b42bff458ed98e335079b40e0a7ed7.elf -> ../ELF_samples/benign_report/x86_64_add/raw/4fa196473264ee2e9ff58bc43e711336a1b42bff458ed98e335079b40e0a7ed7.elf_2026-01-29_21-31-27_5346c6ab.jsonl
[DOCKER] Selected image for libc=glibc: amd64/ubuntu:24.04
[CgroupManager] Removed cgroup 33624 via bpftool
[POOL] Cleanup scheduled for fa686fc879ca
[DockerWorker-5] ✓ Completed: 133a194f34cb4c19927576b7c6bc32c7abdc547bc714a956fb99e7f90fbca2cd.elf (7 events) (1.22s)
[DockerWorker-5] Starting: 51808f4f1bee27694b7fcdd8d9d890fea405477e2842f8273c6c4dbab36e2d24.elf (62_64bit)
[ANALYSISLOG] 51808f4f1bee27694b7fcdd8d9d890fea405477e2842f8273c6c4dbab36e2d24.elf -> ../ELF_samples/benign_report/x86_64_add/raw/51808f4f1bee27694b7fcdd8d9d890fea405477e2842f8273c6c4dbab36e2d24.elf_2026-01-29_21-31-27_7c8138fa.jsonl
[DOCKER] Selected image for libc=glibc: amd64/ubuntu:24.04
[POOL] Collected 11 events for analysis (read from log file)
[POOL] Running analyzers on 11 events for ec5e946787b5f79e48ab1786d0f16b58302530d76b5d598f36c8d15e0e966cb4.elf
[POOL] Analysis completed: 0 findings in 0.00s (10416 events/s)
[AI-Integration] Submitted task: ccec1f07
[AI] ccec1f07 queued for DeepSeek analysis
[CgroupManager] Removed cgroup 33710 via bpftool
[POOL] Cleanup scheduled for 0c41d745c50b
[DockerWorker-4] ✓ Completed: ec5e946787b5f79e48ab1786d0f16b58302530d76b5d598f36c8d15e0e966cb4.elf (11 events) (1.16s)
[DockerWorker-4] Starting: e52766f7e6d3b23a8ca76c014afe88bd594d679bcb01ace48664ee2d5a49314e.elf (62_64bit)
[ANALYSISLOG] e52766f7e6d3b23a8ca76c014afe88bd594d679bcb01ace48664ee2d5a49314e.elf -> ../ELF_samples/benign_report/x86_64_add/raw/e52766f7e6d3b23a8ca76c014afe88bd594d679bcb01ace48664ee2d5a49314e.elf_2026-01-29_21-31-27_bb484314.jsonl
[DOCKER] Selected image for libc=glibc: amd64/ubuntu:24.04
[AI-Integration] Job 54b80bd5 analyzed via deepseek
[AI-Integration] Job 82d5e45b analyzed via deepseek
[POOL] Collected 7 events for analysis (read from log file)
[POOL] Running analyzers on 7 events for 13fd96817805fce939391a8947597dd5c61fde9ce8eed3134879f2e20829db7d.elf
[POOL] Analysis completed: 0 findings in 0.00s (6689 events/s)
[AI-Integration] Submitted task: a40edd31
[AI] a40edd31 queued for DeepSeek analysis
[CgroupManager] Removed cgroup 33796 via bpftool
[POOL] Cleanup scheduled for 0a29b0204f49
[DockerWorker-2] ✓ Completed: 13fd96817805fce939391a8947597dd5c61fde9ce8eed3134879f2e20829db7d.elf (7 events) (1.01s)
[DockerWorker-2] Starting: c6689e35b9c43d21238ff56453f0a1caf114d2e3fc3c8caf78d658279f354897.elf (62_64bit)
[ANALYSISLOG] c6689e35b9c43d21238ff56453f0a1caf114d2e3fc3c8caf78d658279f354897.elf -> ../ELF_samples/benign_report/x86_64_add/raw/c6689e35b9c43d21238ff56453f0a1caf114d2e3fc3c8caf78d658279f354897.elf_2026-01-29_21-31-27_34bf2bf7.jsonl
[DOCKER] Selected image for libc=glibc: amd64/ubuntu:24.04
[CgroupManager] Added cgroup 33968 via bpftool
[CgroupManager] Added cgroup 34140 via bpftool
[CgroupManager] Added cgroup 34226 via bpftool
[CgroupManager] Added cgroup 34054 via bpftool
[EventRouter] DEBUG: EXEC #33 filename='/bin/true', triggers=['0089171bca81d4c72450b9750b52eaeb6bb8bae9b43b03541e2098b825b40bea.elf', '/tmp/0089171bca81d4c72450b9750b52eaeb6bb8bae9b43b03541e2098b825b40bea.elf']
[EventRouter] DEBUG: EXEC #35 filename='/bin/true', triggers=['4fa196473264ee2e9ff58bc43e711336a1b42bff458ed98e335079b40e0a7ed7.elf', '/tmp/4fa196473264ee2e9ff58bc43e711336a1b42bff458ed98e335079b40e0a7ed7.elf']
[POOL] Collected 8 events for analysis (read from log file)
[POOL] Running analyzers on 8 events for bfaf17e7cae1c3bcc608677f65bc19a7e8fd1cb6f40d5de63244c86da6b4c480.elf
[POOL] Analysis completed: 0 findings in 0.00s (7725 events/s)
[EventRouter] DEBUG: EXEC #33 filename='/bin/true', triggers=['e52766f7e6d3b23a8ca76c014afe88bd594d679bcb01ace48664ee2d5a49314e.elf', '/tmp/e52766f7e6d3b23a8ca76c014afe88bd594d679bcb01ace48664ee2d5a49314e.elf']
[AI-Integration] Submitted task: 6d0eae15
[AI] 6d0eae15 queued for DeepSeek analysis
[EventRouter] DEBUG: EXEC #34 filename='/bin/true', triggers=['51808f4f1bee27694b7fcdd8d9d890fea405477e2842f8273c6c4dbab36e2d24.elf', '/tmp/51808f4f1bee27694b7fcdd8d9d890fea405477e2842f8273c6c4dbab36e2d24.elf']
[CgroupManager] Removed cgroup 33882 via bpftool
[POOL] Cleanup scheduled for 2e57dd57b0d3
[DockerWorker-1] ✓ Completed: bfaf17e7cae1c3bcc608677f65bc19a7e8fd1cb6f40d5de63244c86da6b4c480.elf (8 events) (1.00s)
[DockerWorker-1] Starting: f40a8c4e28ea58f5364d66ce0215b7d998e545bbe7abfd9067027e4fdfd3f466.elf (62_64bit)
[ANALYSISLOG] f40a8c4e28ea58f5364d66ce0215b7d998e545bbe7abfd9067027e4fdfd3f466.elf -> ../ELF_samples/benign_report/x86_64_add/raw/f40a8c4e28ea58f5364d66ce0215b7d998e545bbe7abfd9067027e4fdfd3f466.elf_2026-01-29_21-31-27_7ad214e3.jsonl
[DOCKER] Selected image for libc=glibc: amd64/ubuntu:24.04
[EventRouter] ARM detected at event 89 for cgroup 33968
[EventRouter] Discarded 88 pre-ARM events for cgroup 33968
[EventRouter] ARM detected at event 90 for cgroup 34140
[EventRouter] Discarded 89 pre-ARM events for cgroup 34140
[DOCKER] Container exit code: 127
[DOCKER][STDOUT] BEGIN
/tmp/4fa196473264ee2e9ff58bc43e711336a1b42bff458ed98e335079b40e0a7ed7.elf: error while loading shared libraries: libfdisk.so.1: cannot open shared object file: No such file or directory
[DOCKER][STDOUT] END
[DOCKER] Raw stdout saved: ../ELF_samples/benign_report/x86_64_add/raw/4fa196473264ee2e9ff58bc43e711336a1b42bff458ed98e335079b40e0a7ed7.elf_2026-01-29_21-31-27_5346c6ab_container_stdout.txt
[DOCKER] Container exit code: 1
[DOCKER][STDOUT] BEGIN
0089171bca81d4c72450b9750b52eaeb6bb8bae9b43b03541e2098b825b40bea.elf: must provide wake time (see --seconds, --time and --date options)
0089171bca81d4c72450b9750b52eaeb6bb8bae9b43b03541e2098b825b40bea.elf: assuming RTC uses UTC ...
[DOCKER][STDOUT] END
[DOCKER] Raw stdout saved: ../ELF_samples/benign_report/x86_64_add/raw/0089171bca81d4c72450b9750b52eaeb6bb8bae9b43b03541e2098b825b40bea.elf_2026-01-29_21-31-27_6da25827_container_stdout.txt
[EventRouter] ARM detected at event 93 for cgroup 34226
[EventRouter] Discarded 92 pre-ARM events for cgroup 34226
[DOCKER] Container exit code: 1
[DOCKER][STDOUT] BEGIN
e52766f7e6d3b23a8ca76c014afe88bd594d679bcb01ace48664ee2d5a49314e.elf: wrong number of arguments
Try 'e52766f7e6d3b23a8ca76c014afe88bd594d679bcb01ace48664ee2d5a49314e.elf --help' for more information.
[DOCKER][STDOUT] END
[DOCKER] Raw stdout saved: ../ELF_samples/benign_report/x86_64_add/raw/e52766f7e6d3b23a8ca76c014afe88bd594d679bcb01ace48664ee2d5a49314e.elf_2026-01-29_21-31-27_bb484314_container_stdout.txt
[EventRouter] ARM detected at event 90 for cgroup 34054
[EventRouter] Discarded 89 pre-ARM events for cgroup 34054
[DOCKER] Container exit code: 1
[DOCKER][STDOUT] BEGIN
/tmp/51808f4f1bee27694b7fcdd8d9d890fea405477e2842f8273c6c4dbab36e2d24.elf: you must specify either '--size' or '--reference'
Try '/tmp/51808f4f1bee27694b7fcdd8d9d890fea405477e2842f8273c6c4dbab36e2d24.elf --help' for more information.
[DOCKER][STDOUT] END
[DOCKER] Raw stdout saved: ../ELF_samples/benign_report/x86_64_add/raw/51808f4f1bee27694b7fcdd8d9d890fea405477e2842f8273c6c4dbab36e2d24.elf_2026-01-29_21-31-27_7c8138fa_container_stdout.txt
[CgroupManager] Added cgroup 34312 via bpftool
[EventRouter] DEBUG: EXEC #33 filename='/bin/true', triggers=['c6689e35b9c43d21238ff56453f0a1caf114d2e3fc3c8caf78d658279f354897.elf', '/tmp/c6689e35b9c43d21238ff56453f0a1caf114d2e3fc3c8caf78d658279f354897.elf']
[CgroupManager] Added cgroup 34398 via bpftool
[EventRouter] DEBUG: EXEC #33 filename='/bin/true', triggers=['f40a8c4e28ea58f5364d66ce0215b7d998e545bbe7abfd9067027e4fdfd3f466.elf', '/tmp/f40a8c4e28ea58f5364d66ce0215b7d998e545bbe7abfd9067027e4fdfd3f466.elf']
[EventRouter] ARM detected at event 89 for cgroup 34312
[EventRouter] Discarded 88 pre-ARM events for cgroup 34312
[DOCKER] Container exit code: 0
[DOCKER][STDOUT] BEGIN
/tmp/tmp.9SNKa68quS
[DOCKER][STDOUT] END
[DOCKER] Raw stdout saved: ../ELF_samples/benign_report/x86_64_add/raw/c6689e35b9c43d21238ff56453f0a1caf114d2e3fc3c8caf78d658279f354897.elf_2026-01-29_21-31-27_34bf2bf7_container_stdout.txt
[EventRouter] ARM detected at event 88 for cgroup 34398
[EventRouter] Discarded 87 pre-ARM events for cgroup 34398
[DOCKER] Container exit code: 1
[DOCKER][STDOUT] BEGIN
/tmp/f40a8c4e28ea58f5364d66ce0215b7d998e545bbe7abfd9067027e4fdfd3f466.elf: missing operand
Try '/tmp/f40a8c4e28ea58f5364d66ce0215b7d998e545bbe7abfd9067027e4fdfd3f466.elf --help' for more information.
[DOCKER][STDOUT] END
[DOCKER] Raw stdout saved: ../ELF_samples/benign_report/x86_64_add/raw/f40a8c4e28ea58f5364d66ce0215b7d998e545bbe7abfd9067027e4fdfd3f466.elf_2026-01-29_21-31-27_7ad214e3_container_stdout.txt
[POOL] Collected 11 events for analysis (read from log file)
[POOL] Running analyzers on 11 events for 0089171bca81d4c72450b9750b52eaeb6bb8bae9b43b03541e2098b825b40bea.elf
[POOL] Analysis completed: 0 findings in 0.00s (10540 events/s)
[POOL] Collected 8 events for analysis (read from log file)
[POOL] Running analyzers on 8 events for 4fa196473264ee2e9ff58bc43e711336a1b42bff458ed98e335079b40e0a7ed7.elf
[POOL] Analysis completed: 0 findings in 0.00s (7870 events/s)
[AI-Integration] Submitted task: 5346c6ab
[AI] 5346c6ab queued for DeepSeek analysis
[AI-Integration] Submitted task: 6da25827
[AI] 6da25827 queued for DeepSeek analysis
[CgroupManager] Removed cgroup 34140 via bpftool
[POOL] Cleanup scheduled for 18157c23d96d
[DockerWorker-0] ✓ Completed: 4fa196473264ee2e9ff58bc43e711336a1b42bff458ed98e335079b40e0a7ed7.elf (8 events) (1.09s)
[DockerWorker-0] Starting: 2167946612dece0aa669741396e5360d97a4722a48d9fe9f62b7c75d114abfb9.elf (62_64bit)
[ANALYSISLOG] 2167946612dece0aa669741396e5360d97a4722a48d9fe9f62b7c75d114abfb9.elf -> ../ELF_samples/benign_report/x86_64_add/raw/2167946612dece0aa669741396e5360d97a4722a48d9fe9f62b7c75d114abfb9.elf_2026-01-29_21-31-28_c31289b3.jsonl
[DOCKER] Selected image for libc=glibc: amd64/ubuntu:24.04
[CgroupManager] Removed cgroup 33968 via bpftool
[POOL] Cleanup scheduled for 9b70f0737d00
[DockerWorker-3] ✓ Completed: 0089171bca81d4c72450b9750b52eaeb6bb8bae9b43b03541e2098b825b40bea.elf (11 events) (1.12s)
[DockerWorker-3] Starting: dfd179dce20ffb5643f26ac163c9f6813c6132cfad28ddd0e2d45961b2e9dcce.elf (62_64bit)
[ANALYSISLOG] dfd179dce20ffb5643f26ac163c9f6813c6132cfad28ddd0e2d45961b2e9dcce.elf -> ../ELF_samples/benign_report/x86_64_add/raw/dfd179dce20ffb5643f26ac163c9f6813c6132cfad28ddd0e2d45961b2e9dcce.elf_2026-01-29_21-31-28_8ba04e9c.jsonl
[DOCKER] Selected image for libc=glibc: amd64/ubuntu:24.04
[POOL] Collected 9 events for analysis (read from log file)
[POOL] Running analyzers on 9 events for e52766f7e6d3b23a8ca76c014afe88bd594d679bcb01ace48664ee2d5a49314e.elf
[POOL] Analysis completed: 0 findings in 0.00s (8495 events/s)
[AI-Integration] Submitted task: bb484314
[AI] bb484314 queued for DeepSeek analysis
[POOL] Collected 11 events for analysis (read from log file)
[POOL] Running analyzers on 11 events for 51808f4f1bee27694b7fcdd8d9d890fea405477e2842f8273c6c4dbab36e2d24.elf
[POOL] Analysis completed: 0 findings in 0.00s (10544 events/s)
[AI-Integration] Submitted task: 7c8138fa
[AI] 7c8138fa queued for DeepSeek analysis
[CgroupManager] Removed cgroup 34054 via bpftool
[CgroupManager] Removed cgroup 34226 via bpftool
[POOL] Cleanup scheduled for 6265f3fdfdff
[DockerWorker-5] ✓ Completed: 51808f4f1bee27694b7fcdd8d9d890fea405477e2842f8273c6c4dbab36e2d24.elf (11 events) (1.12s)
[DockerWorker-5] Starting: 28e7cbfd9bac85dcbd625283f614eebd0b80601c99b48c27837fb5f4c8b5bc06.elf (62_64bit)
[ANALYSISLOG] 28e7cbfd9bac85dcbd625283f614eebd0b80601c99b48c27837fb5f4c8b5bc06.elf -> ../ELF_samples/benign_report/x86_64_add/raw/28e7cbfd9bac85dcbd625283f614eebd0b80601c99b48c27837fb5f4c8b5bc06.elf_2026-01-29_21-31-28_bb0071e9.jsonl
[DOCKER] Selected image for libc=glibc: amd64/ubuntu:24.04
[POOL] Cleanup scheduled for 1c46bd96740d
[DockerWorker-4] ✓ Completed: e52766f7e6d3b23a8ca76c014afe88bd594d679bcb01ace48664ee2d5a49314e.elf (9 events) (1.09s)
[DockerWorker-4] Starting: 0afa4de172f221a87bbbae41302969dbf09e5daa18c45791a72814747513bc11.elf (62_64bit)
[ANALYSISLOG] 0afa4de172f221a87bbbae41302969dbf09e5daa18c45791a72814747513bc11.elf -> ../ELF_samples/benign_report/x86_64_add/raw/0afa4de172f221a87bbbae41302969dbf09e5daa18c45791a72814747513bc11.elf_2026-01-29_21-31-28_11a4e355.jsonl
[DOCKER] Selected image for libc=glibc: amd64/ubuntu:24.04
[POOL] Collected 10 events for analysis (read from log file)
[POOL] Running analyzers on 10 events for c6689e35b9c43d21238ff56453f0a1caf114d2e3fc3c8caf78d658279f354897.elf
[POOL] Analysis completed: 0 findings in 0.00s (9619 events/s)
[AI-Integration] Submitted task: 34bf2bf7
[AI] 34bf2bf7 queued for DeepSeek analysis
[CgroupManager] Removed cgroup 34312 via bpftool
[POOL] Cleanup scheduled for 0e85843daf32
[DockerWorker-2] ✓ Completed: c6689e35b9c43d21238ff56453f0a1caf114d2e3fc3c8caf78d658279f354897.elf (10 events) (1.02s)
[DockerWorker-2] Starting: 78f0f1af4175ce04473ae8df90e45f91ccc1aed89fbd298d2bfadb54eb52335a.elf (62_64bit)
[ANALYSISLOG] 78f0f1af4175ce04473ae8df90e45f91ccc1aed89fbd298d2bfadb54eb52335a.elf -> ../ELF_samples/benign_report/x86_64_add/raw/78f0f1af4175ce04473ae8df90e45f91ccc1aed89fbd298d2bfadb54eb52335a.elf_2026-01-29_21-31-28_624361c5.jsonl
[DOCKER] Selected image for libc=glibc: amd64/ubuntu:24.04
[POOL] Collected 11 events for analysis (read from log file)
[POOL] Running analyzers on 11 events for f40a8c4e28ea58f5364d66ce0215b7d998e545bbe7abfd9067027e4fdfd3f466.elf
[POOL] Analysis completed: 0 findings in 0.00s (10304 events/s)
[AI-Integration] Submitted task: 7ad214e3
[AI] 7ad214e3 queued for DeepSeek analysis
[CgroupManager] Removed cgroup 34398 via bpftool
[POOL] Cleanup scheduled for 149e4e73aecf
[DockerWorker-1] ✓ Completed: f40a8c4e28ea58f5364d66ce0215b7d998e545bbe7abfd9067027e4fdfd3f466.elf (11 events) (1.00s)
[DockerWorker-1] Starting: 5858e4cf6ae870b5880036ea672f807f3110ecb43ece6496b6aec7b503ce9765.elf (62_64bit)
[ANALYSISLOG] 5858e4cf6ae870b5880036ea672f807f3110ecb43ece6496b6aec7b503ce9765.elf -> ../ELF_samples/benign_report/x86_64_add/raw/5858e4cf6ae870b5880036ea672f807f3110ecb43ece6496b6aec7b503ce9765.elf_2026-01-29_21-31-28_276123f9.jsonl
[DOCKER] Selected image for libc=glibc: amd64/ubuntu:24.04
[AI-Integration] Job 67641cc7 analyzed via deepseek
[CgroupManager] Added cgroup 34570 via bpftool
[CgroupManager] Added cgroup 34484 via bpftool
[CgroupManager] Added cgroup 34656 via bpftool
[CgroupManager] Added cgroup 34742 via bpftool
[EventRouter] DEBUG: EXEC #32 filename='/bin/true', triggers=['2167946612dece0aa669741396e5360d97a4722a48d9fe9f62b7c75d114abfb9.elf', '/tmp/2167946612dece0aa669741396e5360d97a4722a48d9fe9f62b7c75d114abfb9.elf']
[EventRouter] DEBUG: EXEC #49 filename='/bin/true', triggers=['0afa4de172f221a87bbbae41302969dbf09e5daa18c45791a72814747513bc11.elf', '/tmp/0afa4de172f221a87bbbae41302969dbf09e5daa18c45791a72814747513bc11.elf']
[EventRouter] DEBUG: EXEC #49 filename='/bin/true', triggers=['28e7cbfd9bac85dcbd625283f614eebd0b80601c99b48c27837fb5f4c8b5bc06.elf', '/tmp/28e7cbfd9bac85dcbd625283f614eebd0b80601c99b48c27837fb5f4c8b5bc06.elf']
[EventRouter] DEBUG: EXEC #50 filename='/bin/true', triggers=['dfd179dce20ffb5643f26ac163c9f6813c6132cfad28ddd0e2d45961b2e9dcce.elf', '/tmp/dfd179dce20ffb5643f26ac163c9f6813c6132cfad28ddd0e2d45961b2e9dcce.elf']
[CgroupManager] Added cgroup 34828 via bpftool
[EventRouter] DEBUG: EXEC #34 filename='/bin/true', triggers=['78f0f1af4175ce04473ae8df90e45f91ccc1aed89fbd298d2bfadb54eb52335a.elf', '/tmp/78f0f1af4175ce04473ae8df90e45f91ccc1aed89fbd298d2bfadb54eb52335a.elf']
[EventRouter] ARM detected at event 88 for cgroup 34570
[EventRouter] Discarded 87 pre-ARM events for cgroup 34570
[DOCKER] Container exit code: 1
[DOCKER][STDOUT] BEGIN
2167946612dece0aa669741396e5360d97a4722a48d9fe9f62b7c75d114abfb9.elf: neither --freeze or --unfreeze specified
[DOCKER][STDOUT] END
[DOCKER] Raw stdout saved: ../ELF_samples/benign_report/x86_64_add/raw/2167946612dece0aa669741396e5360d97a4722a48d9fe9f62b7c75d114abfb9.elf_2026-01-29_21-31-28_c31289b3_container_stdout.txt
[EventRouter] ARM detected at event 121 for cgroup 34484
[EventRouter] Discarded 120 pre-ARM events for cgroup 34484
[EventRouter] ARM detected at event 121 for cgroup 34656
[EventRouter] Discarded 120 pre-ARM events for cgroup 34656
[DOCKER] Container exit code: 1
[DOCKER][STDOUT] BEGIN
dfd179dce20ffb5643f26ac163c9f6813c6132cfad28ddd0e2d45961b2e9dcce.elf: not enough arguments
[DOCKER][STDOUT] END
[DOCKER] Raw stdout saved: ../ELF_samples/benign_report/x86_64_add/raw/dfd179dce20ffb5643f26ac163c9f6813c6132cfad28ddd0e2d45961b2e9dcce.elf_2026-01-29_21-31-28_8ba04e9c_container_stdout.txt
[DOCKER] Container exit code: 2
[DOCKER][STDOUT] BEGIN
/tmp/28e7cbfd9bac85dcbd625283f614eebd0b80601c99b48c27837fb5f4c8b5bc06.elf: missing operand
Try '/tmp/28e7cbfd9bac85dcbd625283f614eebd0b80601c99b48c27837fb5f4c8b5bc06.elf --help' for more information.
[DOCKER][STDOUT] END
[DOCKER] Raw stdout saved: ../ELF_samples/benign_report/x86_64_add/raw/28e7cbfd9bac85dcbd625283f614eebd0b80601c99b48c27837fb5f4c8b5bc06.elf_2026-01-29_21-31-28_bb0071e9_container_stdout.txt
[EventRouter] ARM detected at event 142 for cgroup 34742
[EventRouter] Discarded 141 pre-ARM events for cgroup 34742
[DOCKER] Container exit code: 0
[CgroupManager] Added cgroup 34914 via bpftool
[EventRouter] DEBUG: EXEC #32 filename='/bin/true', triggers=['5858e4cf6ae870b5880036ea672f807f3110ecb43ece6496b6aec7b503ce9765.elf', '/tmp/5858e4cf6ae870b5880036ea672f807f3110ecb43ece6496b6aec7b503ce9765.elf']
[EventRouter] ARM detected at event 89 for cgroup 34828
[EventRouter] Discarded 88 pre-ARM events for cgroup 34828
[DOCKER] Container exit code: 125
[DOCKER][STDOUT] BEGIN
/tmp/78f0f1af4175ce04473ae8df90e45f91ccc1aed89fbd298d2bfadb54eb52335a.elf: missing operand
Try '/tmp/78f0f1af4175ce04473ae8df90e45f91ccc1aed89fbd298d2bfadb54eb52335a.elf --help' for more information.
[DOCKER][STDOUT] END
[DOCKER] Raw stdout saved: ../ELF_samples/benign_report/x86_64_add/raw/78f0f1af4175ce04473ae8df90e45f91ccc1aed89fbd298d2bfadb54eb52335a.elf_2026-01-29_21-31-28_624361c5_container_stdout.txt
[EventRouter] ARM detected at event 87 for cgroup 34914
[EventRouter] Discarded 86 pre-ARM events for cgroup 34914
[DOCKER] Container exit code: 2
[DOCKER][STDOUT] BEGIN
5858e4cf6ae870b5880036ea672f807f3110ecb43ece6496b6aec7b503ce9765.elf: bad usage
Try '5858e4cf6ae870b5880036ea672f807f3110ecb43ece6496b6aec7b503ce9765.elf --help' for more information.
[DOCKER][STDOUT] END
[DOCKER] Raw stdout saved: ../ELF_samples/benign_report/x86_64_add/raw/5858e4cf6ae870b5880036ea672f807f3110ecb43ece6496b6aec7b503ce9765.elf_2026-01-29_21-31-28_276123f9_container_stdout.txt
[AI-Integration] Job 780f022d analyzed via deepseek
[POOL] Collected 10 events for analysis (read from log file)
[POOL] Running analyzers on 10 events for 2167946612dece0aa669741396e5360d97a4722a48d9fe9f62b7c75d114abfb9.elf
[POOL] Analysis completed: 0 findings in 0.00s (9393 events/s)
[AI-Integration] Submitted task: c31289b3
[AI] c31289b3 queued for DeepSeek analysis
[POOL] Collected 12 events for analysis (read from log file)
[POOL] Running analyzers on 12 events for dfd179dce20ffb5643f26ac163c9f6813c6132cfad28ddd0e2d45961b2e9dcce.elf
[POOL] Analysis completed: 0 findings in 0.00s (11485 events/s)
[AI-Integration] Submitted task: 8ba04e9c
[AI] 8ba04e9c queued for DeepSeek analysis
[POOL] Collected 11 events for analysis (read from log file)
[POOL] Running analyzers on 11 events for 28e7cbfd9bac85dcbd625283f614eebd0b80601c99b48c27837fb5f4c8b5bc06.elf
[POOL] Analysis completed: 0 findings in 0.00s (10607 events/s)
[AI-Integration] Submitted task: bb0071e9
[AI] bb0071e9 queued for DeepSeek analysis
[POOL] Collected 7 events for analysis (read from log file)
[POOL] Running analyzers on 7 events for 0afa4de172f221a87bbbae41302969dbf09e5daa18c45791a72814747513bc11.elf
[POOL] Analysis completed: 0 findings in 0.00s (6849 events/s)
[AI-Integration] Submitted task: 11a4e355
[AI] 11a4e355 queued for DeepSeek analysis
[CgroupManager] Removed cgroup 34570 via bpftool
[POOL] Cleanup scheduled for cb91c3c4f6f5
[DockerWorker-0] ✓ Completed: 2167946612dece0aa669741396e5360d97a4722a48d9fe9f62b7c75d114abfb9.elf (10 events) (1.14s)
[DockerWorker-0] Starting: 0e77a66bfd0eabe5d1d5172d661c98ab375f90c1a94d2be751ee2bbca1369565.elf (62_64bit)
[ANALYSISLOG] 0e77a66bfd0eabe5d1d5172d661c98ab375f90c1a94d2be751ee2bbca1369565.elf -> ../ELF_samples/benign_report/x86_64_add/raw/0e77a66bfd0eabe5d1d5172d661c98ab375f90c1a94d2be751ee2bbca1369565.elf_2026-01-29_21-31-29_9a00571a.jsonl
[DOCKER] Selected image for libc=glibc: amd64/ubuntu:24.04
[CgroupManager] Removed cgroup 34656 via bpftool
[POOL] Cleanup scheduled for 89865e5b70bb
[DockerWorker-5] ✓ Completed: 28e7cbfd9bac85dcbd625283f614eebd0b80601c99b48c27837fb5f4c8b5bc06.elf (11 events) (1.11s)
[DockerWorker-5] Starting: d13446593d7ddd2e82be955b6c386399385ccd4fb6c87922673e74821d2bc539.elf (62_64bit)
[ANALYSISLOG] d13446593d7ddd2e82be955b6c386399385ccd4fb6c87922673e74821d2bc539.elf -> ../ELF_samples/benign_report/x86_64_add/raw/d13446593d7ddd2e82be955b6c386399385ccd4fb6c87922673e74821d2bc539.elf_2026-01-29_21-31-29_0f1f5ab3.jsonl
[DOCKER] Selected image for libc=glibc: amd64/ubuntu:24.04
[CgroupManager] Removed cgroup 34742 via bpftool
[POOL] Cleanup scheduled for f4b1e7565a54
[DockerWorker-4] ✓ Completed: 0afa4de172f221a87bbbae41302969dbf09e5daa18c45791a72814747513bc11.elf (7 events) (1.11s)
[DockerWorker-4] Starting: 49d0a2735e8d2d1a8bbad42c60feb9b45aba868eb97b310eda385a5eb047cc51.elf (62_64bit)
[ANALYSISLOG] 49d0a2735e8d2d1a8bbad42c60feb9b45aba868eb97b310eda385a5eb047cc51.elf -> ../ELF_samples/benign_report/x86_64_add/raw/49d0a2735e8d2d1a8bbad42c60feb9b45aba868eb97b310eda385a5eb047cc51.elf_2026-01-29_21-31-29_bf72c536.jsonl
[DOCKER] Selected image for libc=glibc: amd64/ubuntu:24.04
[CgroupManager] Removed cgroup 34484 via bpftool
[POOL] Cleanup scheduled for 5e6b83678bd8
[DockerWorker-3] ✓ Completed: dfd179dce20ffb5643f26ac163c9f6813c6132cfad28ddd0e2d45961b2e9dcce.elf (12 events) (1.14s)
[DockerWorker-3] Starting: 59dc1758836fff2f7f2cbdaa6d30d517a9a68158350fa93f9531510a126abdc1.elf (62_64bit)
[ANALYSISLOG] 59dc1758836fff2f7f2cbdaa6d30d517a9a68158350fa93f9531510a126abdc1.elf -> ../ELF_samples/benign_report/x86_64_add/raw/59dc1758836fff2f7f2cbdaa6d30d517a9a68158350fa93f9531510a126abdc1.elf_2026-01-29_21-31-29_344d4b4e.jsonl
[DOCKER] Selected image for libc=glibc: amd64/ubuntu:24.04
[POOL] Collected 11 events for analysis (read from log file)
[POOL] Running analyzers on 11 events for 78f0f1af4175ce04473ae8df90e45f91ccc1aed89fbd298d2bfadb54eb52335a.elf
[POOL] Analysis completed: 0 findings in 0.00s (10350 events/s)
[AI-Integration] Submitted task: 624361c5
[AI] 624361c5 queued for DeepSeek analysis
[CgroupManager] Removed cgroup 34828 via bpftool
[POOL] Cleanup scheduled for f0591c292547
[DockerWorker-2] ✓ Completed: 78f0f1af4175ce04473ae8df90e45f91ccc1aed89fbd298d2bfadb54eb52335a.elf (11 events) (1.00s)
[DockerWorker-2] Starting: dc560eef7cba46ec9a5c16a31ef9974baa3c0e0db05138ed0db7a4276d43f919.elf (62_64bit)
[ANALYSISLOG] dc560eef7cba46ec9a5c16a31ef9974baa3c0e0db05138ed0db7a4276d43f919.elf -> ../ELF_samples/benign_report/x86_64_add/raw/dc560eef7cba46ec9a5c16a31ef9974baa3c0e0db05138ed0db7a4276d43f919.elf_2026-01-29_21-31-29_f5c220a4.jsonl
[DOCKER] Selected image for libc=glibc: amd64/ubuntu:24.04
[POOL] Collected 12 events for analysis (read from log file)
[POOL] Running analyzers on 12 events for 5858e4cf6ae870b5880036ea672f807f3110ecb43ece6496b6aec7b503ce9765.elf
[POOL] Analysis completed: 0 findings in 0.00s (11297 events/s)
[AI-Integration] Submitted task: 276123f9
[AI] 276123f9 queued for DeepSeek analysis
[CgroupManager] Removed cgroup 34914 via bpftool
[POOL] Cleanup scheduled for 27542aead728
[DockerWorker-1] ✓ Completed: 5858e4cf6ae870b5880036ea672f807f3110ecb43ece6496b6aec7b503ce9765.elf (12 events) (0.99s)
[DockerWorker-1] Starting: 3bfe21fc8a0c0de7fb85e498d77cfe516e57817e224558953cf98fb7eb92977c.elf (62_64bit)
[ANALYSISLOG] 3bfe21fc8a0c0de7fb85e498d77cfe516e57817e224558953cf98fb7eb92977c.elf -> ../ELF_samples/benign_report/x86_64_add/raw/3bfe21fc8a0c0de7fb85e498d77cfe516e57817e224558953cf98fb7eb92977c.elf_2026-01-29_21-31-29_f7ace45b.jsonl
[DOCKER] Selected image for libc=glibc: amd64/ubuntu:24.04
[CgroupManager] Added cgroup 35086 via bpftool
[CgroupManager] Added cgroup 35000 via bpftool
[CgroupManager] Added cgroup 35172 via bpftool
[EventRouter] DEBUG: EXEC #34 filename='/bin/true', triggers=['0e77a66bfd0eabe5d1d5172d661c98ab375f90c1a94d2be751ee2bbca1369565.elf', '/tmp/0e77a66bfd0eabe5d1d5172d661c98ab375f90c1a94d2be751ee2bbca1369565.elf']
[EventRouter] DEBUG: EXEC #33 filename='/bin/true', triggers=['59dc1758836fff2f7f2cbdaa6d30d517a9a68158350fa93f9531510a126abdc1.elf', '/tmp/59dc1758836fff2f7f2cbdaa6d30d517a9a68158350fa93f9531510a126abdc1.elf']
[CgroupManager] Added cgroup 35258 via bpftool
[EventRouter] DEBUG: EXEC #49 filename='/bin/true', triggers=['49d0a2735e8d2d1a8bbad42c60feb9b45aba868eb97b310eda385a5eb047cc51.elf', '/tmp/49d0a2735e8d2d1a8bbad42c60feb9b45aba868eb97b310eda385a5eb047cc51.elf']
[CgroupManager] Added cgroup 35344 via bpftool
[EventRouter] DEBUG: EXEC #33 filename='/bin/true', triggers=['d13446593d7ddd2e82be955b6c386399385ccd4fb6c87922673e74821d2bc539.elf', '/tmp/d13446593d7ddd2e82be955b6c386399385ccd4fb6c87922673e74821d2bc539.elf']
[CgroupManager] Added cgroup 35430 via bpftool
[EventRouter] DEBUG: EXEC #33 filename='/bin/true', triggers=['dc560eef7cba46ec9a5c16a31ef9974baa3c0e0db05138ed0db7a4276d43f919.elf', '/tmp/dc560eef7cba46ec9a5c16a31ef9974baa3c0e0db05138ed0db7a4276d43f919.elf']
[EventRouter] DEBUG: EXEC #33 filename='/bin/true', triggers=['3bfe21fc8a0c0de7fb85e498d77cfe516e57817e224558953cf98fb7eb92977c.elf', '/tmp/3bfe21fc8a0c0de7fb85e498d77cfe516e57817e224558953cf98fb7eb92977c.elf']
[EventRouter] ARM detected at event 88 for cgroup 35086
[EventRouter] Discarded 87 pre-ARM events for cgroup 35086
[EventRouter] ARM detected at event 105 for cgroup 35172
[EventRouter] Discarded 104 pre-ARM events for cgroup 35172
[DOCKER] Container exit code: 1
[DOCKER][STDOUT] BEGIN
/tmp/59dc1758836fff2f7f2cbdaa6d30d517a9a68158350fa93f9531510a126abdc1.elf: missing operand
Try '/tmp/59dc1758836fff2f7f2cbdaa6d30d517a9a68158350fa93f9531510a126abdc1.elf --help' for more information.
[DOCKER][STDOUT] END
[DOCKER] Raw stdout saved: ../ELF_samples/benign_report/x86_64_add/raw/59dc1758836fff2f7f2cbdaa6d30d517a9a68158350fa93f9531510a126abdc1.elf_2026-01-29_21-31-29_344d4b4e_container_stdout.txt
[EventRouter] ARM detected at event 89 for cgroup 35000
[EventRouter] Discarded 88 pre-ARM events for cgroup 35000
[DOCKER] Container exit code: 0
[DOCKER][STDOUT] BEGIN
e3b0c44298fc1c149afbf4c8996fb92427ae41e4649b934ca495991b7852b855  -
[DOCKER][STDOUT] END
[DOCKER] Raw stdout saved: ../ELF_samples/benign_report/x86_64_add/raw/0e77a66bfd0eabe5d1d5172d661c98ab375f90c1a94d2be751ee2bbca1369565.elf_2026-01-29_21-31-29_9a00571a_container_stdout.txt
[EventRouter] ARM detected at event 89 for cgroup 35258
[EventRouter] Discarded 88 pre-ARM events for cgroup 35258
[DOCKER] Container exit code: 1
[DOCKER][STDOUT] BEGIN
/tmp/d13446593d7ddd2e82be955b6c386399385ccd4fb6c87922673e74821d2bc539.elf: missing operand
Try '/tmp/d13446593d7ddd2e82be955b6c386399385ccd4fb6c87922673e74821d2bc539.elf --help' for more information.
[DOCKER][STDOUT] END
[DOCKER] Raw stdout saved: ../ELF_samples/benign_report/x86_64_add/raw/d13446593d7ddd2e82be955b6c386399385ccd4fb6c87922673e74821d2bc539.elf_2026-01-29_21-31-29_0f1f5ab3_container_stdout.txt
[EventRouter] ARM detected at event 88 for cgroup 35344
[EventRouter] Discarded 87 pre-ARM events for cgroup 35344
[DOCKER] Container exit code: 1
[DOCKER][STDOUT] BEGIN
/tmp/dc560eef7cba46ec9a5c16a31ef9974baa3c0e0db05138ed0db7a4276d43f919.elf: missing operand
Try '/tmp/dc560eef7cba46ec9a5c16a31ef9974baa3c0e0db05138ed0db7a4276d43f919.elf --help' for more information.
[DOCKER][STDOUT] END
[DOCKER] Raw stdout saved: ../ELF_samples/benign_report/x86_64_add/raw/dc560eef7cba46ec9a5c16a31ef9974baa3c0e0db05138ed0db7a4276d43f919.elf_2026-01-29_21-31-29_f5c220a4_container_stdout.txt
[EventRouter] ARM detected at event 126 for cgroup 35430
[EventRouter] Discarded 125 pre-ARM events for cgroup 35430
[DOCKER] Container exit code: 1
[DOCKER][STDOUT] BEGIN
/tmp/3bfe21fc8a0c0de7fb85e498d77cfe516e57817e224558953cf98fb7eb92977c.elf: missing operand
Try '/tmp/3bfe21fc8a0c0de7fb85e498d77cfe516e57817e224558953cf98fb7eb92977c.elf --help' for more information.
[DOCKER][STDOUT] END
[DOCKER] Raw stdout saved: ../ELF_samples/benign_report/x86_64_add/raw/3bfe21fc8a0c0de7fb85e498d77cfe516e57817e224558953cf98fb7eb92977c.elf_2026-01-29_21-31-29_f7ace45b_container_stdout.txt
[POOL] Collected 11 events for analysis (read from log file)
[POOL] Running analyzers on 11 events for 59dc1758836fff2f7f2cbdaa6d30d517a9a68158350fa93f9531510a126abdc1.elf
[POOL] Analysis completed: 0 findings in 0.00s (10119 events/s)
[AI-Integration] Submitted task: 344d4b4e
[AI] 344d4b4e queued for DeepSeek analysis
[POOL] Collected 8 events for analysis (read from log file)
[POOL] Running analyzers on 8 events for 0e77a66bfd0eabe5d1d5172d661c98ab375f90c1a94d2be751ee2bbca1369565.elf
[POOL] Analysis completed: 0 findings in 0.00s (7670 events/s)
[AI-Integration] Submitted task: 9a00571a
[AI] 9a00571a queued for DeepSeek analysis
[CgroupManager] Removed cgroup 35086 via bpftool
[POOL] Cleanup scheduled for 91fdbf9b678b
[DockerWorker-3] ✓ Completed: 59dc1758836fff2f7f2cbdaa6d30d517a9a68158350fa93f9531510a126abdc1.elf (11 events) (1.20s)
[DockerWorker-3] Starting: c89c394f979b7322a02df7285c2f85fb29db0b9c31b660e396751dc0c174a932.elf (62_64bit)
[ANALYSISLOG] c89c394f979b7322a02df7285c2f85fb29db0b9c31b660e396751dc0c174a932.elf -> ../ELF_samples/benign_report/x86_64_add/raw/c89c394f979b7322a02df7285c2f85fb29db0b9c31b660e396751dc0c174a932.elf_2026-01-29_21-31-30_eee8c631.jsonl
[DOCKER] Selected image for libc=glibc: amd64/ubuntu:24.04
[POOL] Collected 11 events for analysis (read from log file)
[POOL] Running analyzers on 11 events for d13446593d7ddd2e82be955b6c386399385ccd4fb6c87922673e74821d2bc539.elf
[POOL] Analysis completed: 0 findings in 0.00s (10252 events/s)
[AI-Integration] Submitted task: 0f1f5ab3
[AI] 0f1f5ab3 queued for DeepSeek analysis
[CgroupManager] Removed cgroup 35000 via bpftool
[POOL] Cleanup scheduled for 1e644800d250
[DockerWorker-0] ✓ Completed: 0e77a66bfd0eabe5d1d5172d661c98ab375f90c1a94d2be751ee2bbca1369565.elf (8 events) (1.21s)
[DockerWorker-0] Starting: acf6a40f1faa1503b9594e2bbe6ae8998389c540cc5c614f23b3d4526dadbffe.elf (62_64bit)
[ANALYSISLOG] acf6a40f1faa1503b9594e2bbe6ae8998389c540cc5c614f23b3d4526dadbffe.elf -> ../ELF_samples/benign_report/x86_64_add/raw/acf6a40f1faa1503b9594e2bbe6ae8998389c540cc5c614f23b3d4526dadbffe.elf_2026-01-29_21-31-30_6e41247b.jsonl
[DOCKER] Selected image for libc=glibc: amd64/ubuntu:24.04
[CgroupManager] Removed cgroup 35258 via bpftool
[POOL] Cleanup scheduled for 014fd358bcb3
[DockerWorker-5] ✓ Completed: d13446593d7ddd2e82be955b6c386399385ccd4fb6c87922673e74821d2bc539.elf (11 events) (1.22s)
[DockerWorker-5] Starting: 2eab3a88d8a31c09dd75d75cbe2f6abffc7c0b9a8d4410dc90de9007ee832181.elf (62_64bit)
[ANALYSISLOG] 2eab3a88d8a31c09dd75d75cbe2f6abffc7c0b9a8d4410dc90de9007ee832181.elf -> ../ELF_samples/benign_report/x86_64_add/raw/2eab3a88d8a31c09dd75d75cbe2f6abffc7c0b9a8d4410dc90de9007ee832181.elf_2026-01-29_21-31-30_26989aab.jsonl
[DOCKER] Selected image for libc=glibc: amd64/ubuntu:24.04
[POOL] Collected 11 events for analysis (read from log file)
[POOL] Running analyzers on 11 events for dc560eef7cba46ec9a5c16a31ef9974baa3c0e0db05138ed0db7a4276d43f919.elf
[POOL] Analysis completed: 0 findings in 0.00s (10508 events/s)
[AI-Integration] Submitted task: f5c220a4
[AI] f5c220a4 queued for DeepSeek analysis
[POOL] Collected 11 events for analysis (read from log file)
[POOL] Running analyzers on 11 events for 3bfe21fc8a0c0de7fb85e498d77cfe516e57817e224558953cf98fb7eb92977c.elf
[POOL] Analysis completed: 0 findings in 0.00s (10516 events/s)
[AI-Integration] Submitted task: f7ace45b
[AI] f7ace45b queued for DeepSeek analysis
[CgroupManager] Removed cgroup 35344 via bpftool
[POOL] Cleanup scheduled for a3b171d455bc
[DockerWorker-2] ✓ Completed: dc560eef7cba46ec9a5c16a31ef9974baa3c0e0db05138ed0db7a4276d43f919.elf (11 events) (1.18s)
[DockerWorker-2] Starting: 1dcbc8c254bbe7de0b9d16fcdbd308647b3454b51aa9026d2d009ae6f234fbe1.elf (62_64bit)
[ANALYSISLOG] 1dcbc8c254bbe7de0b9d16fcdbd308647b3454b51aa9026d2d009ae6f234fbe1.elf -> ../ELF_samples/benign_report/x86_64_add/raw/1dcbc8c254bbe7de0b9d16fcdbd308647b3454b51aa9026d2d009ae6f234fbe1.elf_2026-01-29_21-31-30_21c638ca.jsonl
[DOCKER] Selected image for libc=glibc: amd64/ubuntu:24.04
[CgroupManager] Removed cgroup 35430 via bpftool
[POOL] Cleanup scheduled for 3a2d79b07c84
[DockerWorker-1] ✓ Completed: 3bfe21fc8a0c0de7fb85e498d77cfe516e57817e224558953cf98fb7eb92977c.elf (11 events) (1.06s)
[DockerWorker-1] Starting: bf4cdd0d1340ed3022a2b9414ccf4404bfb3dcee0af10aa78c62d639a356102a.elf (62_64bit)
[ANALYSISLOG] bf4cdd0d1340ed3022a2b9414ccf4404bfb3dcee0af10aa78c62d639a356102a.elf -> ../ELF_samples/benign_report/x86_64_add/raw/bf4cdd0d1340ed3022a2b9414ccf4404bfb3dcee0af10aa78c62d639a356102a.elf_2026-01-29_21-31-30_62699275.jsonl
[DOCKER] Selected image for libc=glibc: amd64/ubuntu:24.04
[CgroupManager] Added cgroup 35602 via bpftool
[CgroupManager] Added cgroup 35688 via bpftool
[EventRouter] DEBUG: EXEC #33 filename='/bin/true', triggers=['2eab3a88d8a31c09dd75d75cbe2f6abffc7c0b9a8d4410dc90de9007ee832181.elf', '/tmp/2eab3a88d8a31c09dd75d75cbe2f6abffc7c0b9a8d4410dc90de9007ee832181.elf']
[CgroupManager] Added cgroup 35516 via bpftool
[CgroupManager] Added cgroup 35774 via bpftool
[CgroupManager] Added cgroup 35860 via bpftool
[EventRouter] DEBUG: EXEC #33 filename='/bin/true', triggers=['1dcbc8c254bbe7de0b9d16fcdbd308647b3454b51aa9026d2d009ae6f234fbe1.elf', '/tmp/1dcbc8c254bbe7de0b9d16fcdbd308647b3454b51aa9026d2d009ae6f234fbe1.elf']
[EventRouter] DEBUG: EXEC #49 filename='/bin/true', triggers=['bf4cdd0d1340ed3022a2b9414ccf4404bfb3dcee0af10aa78c62d639a356102a.elf', '/tmp/bf4cdd0d1340ed3022a2b9414ccf4404bfb3dcee0af10aa78c62d639a356102a.elf']
[EventRouter] DEBUG: EXEC #33 filename='/bin/true', triggers=['c89c394f979b7322a02df7285c2f85fb29db0b9c31b660e396751dc0c174a932.elf', '/tmp/c89c394f979b7322a02df7285c2f85fb29db0b9c31b660e396751dc0c174a932.elf']
[EventRouter] ARM detected at event 89 for cgroup 35602
[EventRouter] Discarded 88 pre-ARM events for cgroup 35602
[DOCKER] Container exit code: 2
[DOCKER][STDOUT] BEGIN
/tmp/2eab3a88d8a31c09dd75d75cbe2f6abffc7c0b9a8d4410dc90de9007ee832181.elf: missing ']'
[DOCKER][STDOUT] END
[DOCKER] Raw stdout saved: ../ELF_samples/benign_report/x86_64_add/raw/2eab3a88d8a31c09dd75d75cbe2f6abffc7c0b9a8d4410dc90de9007ee832181.elf_2026-01-29_21-31-30_26989aab_container_stdout.txt
[EventRouter] ARM detected at event 122 for cgroup 35688
[EventRouter] Discarded 121 pre-ARM events for cgroup 35688
[DOCKER] Container exit code: 0
[EventRouter] ARM detected at event 88 for cgroup 35774
[EventRouter] Discarded 87 pre-ARM events for cgroup 35774
[DOCKER] Container exit code: 0
[DOCKER][STDOUT] BEGIN
soft
[DOCKER][STDOUT] END
[DOCKER] Raw stdout saved: ../ELF_samples/benign_report/x86_64_add/raw/1dcbc8c254bbe7de0b9d16fcdbd308647b3454b51aa9026d2d009ae6f234fbe1.elf_2026-01-29_21-31-30_21c638ca_container_stdout.txt
[EventRouter] ARM detected at event 88 for cgroup 35516
[EventRouter] Discarded 87 pre-ARM events for cgroup 35516
[EventRouter] ARM detected at event 104 for cgroup 35860
[EventRouter] Discarded 103 pre-ARM events for cgroup 35860
[DOCKER] Container exit code: 1
[DOCKER][STDOUT] BEGIN
/tmp/c89c394f979b7322a02df7285c2f85fb29db0b9c31b660e396751dc0c174a932.elf: missing operand
Try '/tmp/c89c394f979b7322a02df7285c2f85fb29db0b9c31b660e396751dc0c174a932.elf --help' for more information.
[DOCKER][STDOUT] END
[DOCKER] Raw stdout saved: ../ELF_samples/benign_report/x86_64_add/raw/c89c394f979b7322a02df7285c2f85fb29db0b9c31b660e396751dc0c174a932.elf_2026-01-29_21-31-30_eee8c631_container_stdout.txt
[DOCKER] Container exit code: 1
[POOL] Collected 10 events for analysis (read from log file)
[POOL] Running analyzers on 10 events for 2eab3a88d8a31c09dd75d75cbe2f6abffc7c0b9a8d4410dc90de9007ee832181.elf
[POOL] Analysis completed: 0 findings in 0.00s (9623 events/s)
[AI-Integration] Submitted task: 26989aab
[AI] 26989aab queued for DeepSeek analysis
[POOL] Collected 8 events for analysis (read from log file)
[POOL] Running analyzers on 8 events for acf6a40f1faa1503b9594e2bbe6ae8998389c540cc5c614f23b3d4526dadbffe.elf
[POOL] Analysis completed: 0 findings in 0.00s (7764 events/s)
[AI-Integration] Submitted task: 6e41247b
[AI] 6e41247b queued for DeepSeek analysis
[CgroupManager] Removed cgroup 35602 via bpftool
[POOL] Cleanup scheduled for fa24a815180d
[DockerWorker-5] ✓ Completed: 2eab3a88d8a31c09dd75d75cbe2f6abffc7c0b9a8d4410dc90de9007ee832181.elf (10 events) (1.13s)
[DockerWorker-5] Starting: 828fed13d01b292315db6c341a3e202a99733a80bbfef5f6baa9b85cbb308d65.elf (62_64bit)
[ANALYSISLOG] 828fed13d01b292315db6c341a3e202a99733a80bbfef5f6baa9b85cbb308d65.elf -> ../ELF_samples/benign_report/x86_64_add/raw/828fed13d01b292315db6c341a3e202a99733a80bbfef5f6baa9b85cbb308d65.elf_2026-01-29_21-31-31_b9db7557.jsonl
[DOCKER] Selected image for libc=glibc: amd64/ubuntu:24.04
[CgroupManager] Removed cgroup 35688 via bpftool
[POOL] Cleanup scheduled for 19317acdd04c
[DockerWorker-0] ✓ Completed: acf6a40f1faa1503b9594e2bbe6ae8998389c540cc5c614f23b3d4526dadbffe.elf (8 events) (1.16s)
[DockerWorker-0] Starting: 761722fd7d3715a449c4515526c2f0d1e8c10b06a2788f7145ca905096c8c3db.elf (62_64bit)
[ANALYSISLOG] 761722fd7d3715a449c4515526c2f0d1e8c10b06a2788f7145ca905096c8c3db.elf -> ../ELF_samples/benign_report/x86_64_add/raw/761722fd7d3715a449c4515526c2f0d1e8c10b06a2788f7145ca905096c8c3db.elf_2026-01-29_21-31-31_31713716.jsonl
[DOCKER] Selected image for libc=glibc: amd64/ubuntu:24.04
[POOL] Collected 8 events for analysis (read from log file)
[POOL] Running analyzers on 8 events for 1dcbc8c254bbe7de0b9d16fcdbd308647b3454b51aa9026d2d009ae6f234fbe1.elf
[POOL] Analysis completed: 0 findings in 0.00s (7669 events/s)
[AI-Integration] Submitted task: 21c638ca
[AI] 21c638ca queued for DeepSeek analysis
[POOL] Collected 11 events for analysis (read from log file)
[POOL] Running analyzers on 11 events for c89c394f979b7322a02df7285c2f85fb29db0b9c31b660e396751dc0c174a932.elf
[POOL] Analysis completed: 0 findings in 0.00s (10523 events/s)
[AI-Integration] Submitted task: eee8c631
[AI] eee8c631 queued for DeepSeek analysis
[POOL] Collected 7 events for analysis (read from log file)
[POOL] Running analyzers on 7 events for bf4cdd0d1340ed3022a2b9414ccf4404bfb3dcee0af10aa78c62d639a356102a.elf
[POOL] Analysis completed: 0 findings in 0.00s (6827 events/s)
[AI-Integration] Submitted task: 62699275
[AI] 62699275 queued for DeepSeek analysis
[CgroupManager] Removed cgroup 35774 via bpftool
[POOL] Cleanup scheduled for 42e487f59484
[DockerWorker-2] ✓ Completed: 1dcbc8c254bbe7de0b9d16fcdbd308647b3454b51aa9026d2d009ae6f234fbe1.elf (8 events) (1.13s)
[DockerWorker-2] Starting: dae78cf3aacb93132b6f080546b4028b72bab6c5e74307501ce1201348cf4ae0.elf (62_64bit)
[ANALYSISLOG] dae78cf3aacb93132b6f080546b4028b72bab6c5e74307501ce1201348cf4ae0.elf -> ../ELF_samples/benign_report/x86_64_add/raw/dae78cf3aacb93132b6f080546b4028b72bab6c5e74307501ce1201348cf4ae0.elf_2026-01-29_21-31-32_063751aa.jsonl
[DOCKER] Selected image for libc=glibc: amd64/ubuntu:24.04
[CgroupManager] Removed cgroup 35516 via bpftool
[POOL] Cleanup scheduled for 9a12130ca9b6
[DockerWorker-3] ✓ Completed: c89c394f979b7322a02df7285c2f85fb29db0b9c31b660e396751dc0c174a932.elf (11 events) (1.21s)
[DockerWorker-3] Starting: 43206368983f1096a96b0404d7e02f871e53ed332b5cee64b4e0aa6d5b085c5b.elf (62_64bit)
[ANALYSISLOG] 43206368983f1096a96b0404d7e02f871e53ed332b5cee64b4e0aa6d5b085c5b.elf -> ../ELF_samples/benign_report/x86_64_add/raw/43206368983f1096a96b0404d7e02f871e53ed332b5cee64b4e0aa6d5b085c5b.elf_2026-01-29_21-31-32_0b215c59.jsonl
[DOCKER] Selected image for libc=glibc: amd64/ubuntu:24.04
[CgroupManager] Removed cgroup 35860 via bpftool
[POOL] Cleanup scheduled for 3bf73d3eea73
[DockerWorker-1] ✓ Completed: bf4cdd0d1340ed3022a2b9414ccf4404bfb3dcee0af10aa78c62d639a356102a.elf (7 events) (1.14s)
[DockerWorker-1] Starting: 444a301dedf198e641eef3eaba94a88cca74aadb3ada3cef0f5252f73ef2ac50.elf (62_64bit)
[ANALYSISLOG] 444a301dedf198e641eef3eaba94a88cca74aadb3ada3cef0f5252f73ef2ac50.elf -> ../ELF_samples/benign_report/x86_64_add/raw/444a301dedf198e641eef3eaba94a88cca74aadb3ada3cef0f5252f73ef2ac50.elf_2026-01-29_21-31-32_c011441e.jsonl
[DOCKER] Selected image for libc=glibc: amd64/ubuntu:24.04
[AI-Integration] Job 13a3aa0e analyzed via deepseek
[CgroupManager] Added cgroup 35946 via bpftool
[EventRouter] DEBUG: EXEC #35 filename='/bin/true', triggers=['828fed13d01b292315db6c341a3e202a99733a80bbfef5f6baa9b85cbb308d65.elf', '/tmp/828fed13d01b292315db6c341a3e202a99733a80bbfef5f6baa9b85cbb308d65.elf']
[CgroupManager] Added cgroup 36032 via bpftool
[CgroupManager] Added cgroup 36204 via bpftool
[CgroupManager] Added cgroup 36290 via bpftool
[CgroupManager] Added cgroup 36118 via bpftool
[EventRouter] DEBUG: EXEC #34 filename='/bin/true', triggers=['761722fd7d3715a449c4515526c2f0d1e8c10b06a2788f7145ca905096c8c3db.elf', '/tmp/761722fd7d3715a449c4515526c2f0d1e8c10b06a2788f7145ca905096c8c3db.elf']
[EventRouter] DEBUG: EXEC #49 filename='/bin/true', triggers=['43206368983f1096a96b0404d7e02f871e53ed332b5cee64b4e0aa6d5b085c5b.elf', '/tmp/43206368983f1096a96b0404d7e02f871e53ed332b5cee64b4e0aa6d5b085c5b.elf']
[EventRouter] DEBUG: EXEC #49 filename='/bin/true', triggers=['444a301dedf198e641eef3eaba94a88cca74aadb3ada3cef0f5252f73ef2ac50.elf', '/tmp/444a301dedf198e641eef3eaba94a88cca74aadb3ada3cef0f5252f73ef2ac50.elf']
[EventRouter] DEBUG: EXEC #49 filename='/bin/true', triggers=['dae78cf3aacb93132b6f080546b4028b72bab6c5e74307501ce1201348cf4ae0.elf', '/tmp/dae78cf3aacb93132b6f080546b4028b72bab6c5e74307501ce1201348cf4ae0.elf']
[EventRouter] ARM detected at event 90 for cgroup 35946
[EventRouter] Discarded 89 pre-ARM events for cgroup 35946
[DOCKER] Container exit code: 1
[DOCKER][STDOUT] BEGIN
828fed13d01b292315db6c341a3e202a99733a80bbfef5f6baa9b85cbb308d65.elf: bad usage
Try '828fed13d01b292315db6c341a3e202a99733a80bbfef5f6baa9b85cbb308d65.elf --help' for more information.
[DOCKER][STDOUT] END
[DOCKER] Raw stdout saved: ../ELF_samples/benign_report/x86_64_add/raw/828fed13d01b292315db6c341a3e202a99733a80bbfef5f6baa9b85cbb308d65.elf_2026-01-29_21-31-31_b9db7557_container_stdout.txt
[EventRouter] ARM detected at event 104 for cgroup 36290
[EventRouter] Discarded 103 pre-ARM events for cgroup 36290
[DOCKER] Container exit code: 0
[EventRouter] ARM detected at event 120 for cgroup 36118
[EventRouter] Discarded 119 pre-ARM events for cgroup 36118
[DOCKER] Container exit code: 1
[DOCKER][STDOUT] BEGIN
dae78cf3aacb93132b6f080546b4028b72bab6c5e74307501ce1201348cf4ae0.elf: Cannot access the Hardware Clock via any known method.
dae78cf3aacb93132b6f080546b4028b72bab6c5e74307501ce1201348cf4ae0.elf: Use the --verbose option to see the details of our search for an access method.
[DOCKER][STDOUT] END
[DOCKER] Raw stdout saved: ../ELF_samples/benign_report/x86_64_add/raw/dae78cf3aacb93132b6f080546b4028b72bab6c5e74307501ce1201348cf4ae0.elf_2026-01-29_21-31-32_063751aa_container_stdout.txt
[EventRouter] ARM detected at event 90 for cgroup 36032
[EventRouter] Discarded 89 pre-ARM events for cgroup 36032
[EventRouter] ARM detected at event 105 for cgroup 36204
[EventRouter] Discarded 104 pre-ARM events for cgroup 36204
[DOCKER] Container exit code: 1
[DOCKER][STDOUT] BEGIN
43206368983f1096a96b0404d7e02f871e53ed332b5cee64b4e0aa6d5b085c5b.elf: not enough arguments
Try '43206368983f1096a96b0404d7e02f871e53ed332b5cee64b4e0aa6d5b085c5b.elf --help' for more information.
[DOCKER][STDOUT] END
[DOCKER] Raw stdout saved: ../ELF_samples/benign_report/x86_64_add/raw/43206368983f1096a96b0404d7e02f871e53ed332b5cee64b4e0aa6d5b085c5b.elf_2026-01-29_21-31-32_0b215c59_container_stdout.txt
[DOCKER] Container exit code: 0
[DOCKER][STDOUT] BEGIN
Script started, file is typescript
# 
Script done, file is typescript
[DOCKER][STDOUT] END
[DOCKER] Raw stdout saved: ../ELF_samples/benign_report/x86_64_add/raw/761722fd7d3715a449c4515526c2f0d1e8c10b06a2788f7145ca905096c8c3db.elf_2026-01-29_21-31-31_31713716_container_stdout.txt
[POOL] Collected 11 events for analysis (read from log file)
[POOL] Running analyzers on 11 events for 828fed13d01b292315db6c341a3e202a99733a80bbfef5f6baa9b85cbb308d65.elf
[POOL] Analysis completed: 0 findings in 0.00s (10499 events/s)
[AI-Integration] Submitted task: b9db7557
[AI] b9db7557 queued for DeepSeek analysis
[POOL] Collected 7 events for analysis (read from log file)
[POOL] Running analyzers on 7 events for 444a301dedf198e641eef3eaba94a88cca74aadb3ada3cef0f5252f73ef2ac50.elf
[POOL] Analysis completed: 0 findings in 0.00s (6787 events/s)
[AI-Integration] Submitted task: c011441e
[AI] c011441e queued for DeepSeek analysis
[CgroupManager] Removed cgroup 35946 via bpftool
[POOL] Cleanup scheduled for a186f394baae
[DockerWorker-5] ✓ Completed: 828fed13d01b292315db6c341a3e202a99733a80bbfef5f6baa9b85cbb308d65.elf (11 events) (1.18s)
[DockerWorker-5] Starting: 831cbe1e74a56c22d58313e5d69ff05c8bfcce70e54b127bca5186b3cd053a08.elf (62_64bit)
[ANALYSISLOG] 831cbe1e74a56c22d58313e5d69ff05c8bfcce70e54b127bca5186b3cd053a08.elf -> ../ELF_samples/benign_report/x86_64_add/raw/831cbe1e74a56c22d58313e5d69ff05c8bfcce70e54b127bca5186b3cd053a08.elf_2026-01-29_21-31-33_9e524109.jsonl
[DOCKER] Selected image for libc=glibc: amd64/ubuntu:24.04
[POOL] Collected 14 events for analysis (read from log file)
[POOL] Running analyzers on 14 events for dae78cf3aacb93132b6f080546b4028b72bab6c5e74307501ce1201348cf4ae0.elf
[POOL] Analysis completed: 0 findings in 0.00s (13384 events/s)
[AI-Integration] Submitted task: 063751aa
[AI] 063751aa queued for DeepSeek analysis
[POOL] Collected 11 events for analysis (read from log file)
[POOL] Running analyzers on 11 events for 43206368983f1096a96b0404d7e02f871e53ed332b5cee64b4e0aa6d5b085c5b.elf
[POOL] Analysis completed: 0 findings in 0.00s (10544 events/s)
[AI-Integration] Submitted task: 0b215c59
[AI] 0b215c59 queued for DeepSeek analysis
[CgroupManager] Removed cgroup 36290 via bpftool
[POOL] Cleanup scheduled for cb787fcc3cfb
[DockerWorker-1] ✓ Completed: 444a301dedf198e641eef3eaba94a88cca74aadb3ada3cef0f5252f73ef2ac50.elf (7 events) (1.14s)
[DockerWorker-1] Starting: de6a1bcd8b358f640cee3bd994fc40e06fbc4513f160b2a5099eb184a6eab41b.elf (62_64bit)
[CgroupManager] Removed cgroup 36118 via bpftool
[POOL] Cleanup scheduled for b64ffcfcf344
[DockerWorker-2] ✓ Completed: dae78cf3aacb93132b6f080546b4028b72bab6c5e74307501ce1201348cf4ae0.elf (14 events) (1.16s)
[DockerWorker-2] Starting: 29c0a206eef3c3842b61f046ab35ccdb4e7c413ca7ddf3901a85821ed2ff7a65.elf (62_64bit)
[ANALYSISLOG] 29c0a206eef3c3842b61f046ab35ccdb4e7c413ca7ddf3901a85821ed2ff7a65.elf -> ../ELF_samples/benign_report/x86_64_add/raw/29c0a206eef3c3842b61f046ab35ccdb4e7c413ca7ddf3901a85821ed2ff7a65.elf_2026-01-29_21-31-33_8276971b.jsonl
[DOCKER] Selected image for libc=glibc: amd64/ubuntu:24.04
[ANALYSISLOG] de6a1bcd8b358f640cee3bd994fc40e06fbc4513f160b2a5099eb184a6eab41b.elf -> ../ELF_samples/benign_report/x86_64_add/raw/de6a1bcd8b358f640cee3bd994fc40e06fbc4513f160b2a5099eb184a6eab41b.elf_2026-01-29_21-31-33_ae948fed.jsonl
[DOCKER] Selected image for libc=glibc: amd64/ubuntu:24.04
[POOL] Collected 30 events for analysis (read from log file)
[POOL] Running analyzers on 30 events for 761722fd7d3715a449c4515526c2f0d1e8c10b06a2788f7145ca905096c8c3db.elf
[POOL] Analysis completed: 1 findings in 0.00s (26816 events/s)
[AI-Integration] Submitted task: 31713716
[AI] 31713716 queued for DeepSeek analysis
[CgroupManager] Removed cgroup 36204 via bpftool
[POOL] Cleanup scheduled for c77c40174967
[DockerWorker-3] ✓ Completed: 43206368983f1096a96b0404d7e02f871e53ed332b5cee64b4e0aa6d5b085c5b.elf (11 events) (1.17s)
[DockerWorker-3] Starting: a3887101e8d5c671c0158ea63a76aaa2b3111d4307e63404dd535f302fc7b746.elf (62_64bit)
[ANALYSISLOG] a3887101e8d5c671c0158ea63a76aaa2b3111d4307e63404dd535f302fc7b746.elf -> ../ELF_samples/benign_report/x86_64_add/raw/a3887101e8d5c671c0158ea63a76aaa2b3111d4307e63404dd535f302fc7b746.elf_2026-01-29_21-31-33_06f4633a.jsonl
[DOCKER] Selected image for libc=glibc: amd64/ubuntu:24.04
[CgroupManager] Removed cgroup 36032 via bpftool
[POOL] Cleanup scheduled for 1bcc8e114f03
[DockerWorker-0] ✓ Completed: 761722fd7d3715a449c4515526c2f0d1e8c10b06a2788f7145ca905096c8c3db.elf (30 events) (1.24s)
[DockerWorker-0] Starting: 8356a6eaaa7c0c0f06e7bdcfd93bfed7e820ac25575bb510962a83dcb95d435a.elf (62_64bit)
[ANALYSISLOG] 8356a6eaaa7c0c0f06e7bdcfd93bfed7e820ac25575bb510962a83dcb95d435a.elf -> ../ELF_samples/benign_report/x86_64_add/raw/8356a6eaaa7c0c0f06e7bdcfd93bfed7e820ac25575bb510962a83dcb95d435a.elf_2026-01-29_21-31-33_2d00c8e5.jsonl
[DOCKER] Selected image for libc=glibc: amd64/ubuntu:24.04
[CgroupManager] Added cgroup 36548 via bpftool
[CgroupManager] Added cgroup 36376 via bpftool
[EventRouter] DEBUG: EXEC #33 filename='/bin/true', triggers=['a3887101e8d5c671c0158ea63a76aaa2b3111d4307e63404dd535f302fc7b746.elf', '/tmp/a3887101e8d5c671c0158ea63a76aaa2b3111d4307e63404dd535f302fc7b746.elf']
[CgroupManager] Added cgroup 36462 via bpftool
[CgroupManager] Added cgroup 36634 via bpftool
[CgroupManager] Added cgroup 36720 via bpftool
[EventRouter] DEBUG: EXEC #33 filename='/bin/true', triggers=['29c0a206eef3c3842b61f046ab35ccdb4e7c413ca7ddf3901a85821ed2ff7a65.elf', '/tmp/29c0a206eef3c3842b61f046ab35ccdb4e7c413ca7ddf3901a85821ed2ff7a65.elf']
[EventRouter] DEBUG: EXEC #49 filename='/bin/true', triggers=['831cbe1e74a56c22d58313e5d69ff05c8bfcce70e54b127bca5186b3cd053a08.elf', '/tmp/831cbe1e74a56c22d58313e5d69ff05c8bfcce70e54b127bca5186b3cd053a08.elf']
[EventRouter] DEBUG: EXEC #33 filename='/bin/true', triggers=['de6a1bcd8b358f640cee3bd994fc40e06fbc4513f160b2a5099eb184a6eab41b.elf', '/tmp/de6a1bcd8b358f640cee3bd994fc40e06fbc4513f160b2a5099eb184a6eab41b.elf']
[EventRouter] DEBUG: EXEC #33 filename='/bin/true', triggers=['8356a6eaaa7c0c0f06e7bdcfd93bfed7e820ac25575bb510962a83dcb95d435a.elf', '/tmp/8356a6eaaa7c0c0f06e7bdcfd93bfed7e820ac25575bb510962a83dcb95d435a.elf']
[AI-Integration] Job 3bf18fce analyzed via deepseek
[EventRouter] ARM detected at event 88 for cgroup 36548
[EventRouter] Discarded 87 pre-ARM events for cgroup 36548
[DOCKER] Container exit code: 0
[DOCKER][STDOUT] BEGIN
a3887101e8d5c671c0158ea63a76aaa2b3111d4307e63404dd535f302fc7b746.elf
[DOCKER][STDOUT] END
[DOCKER] Raw stdout saved: ../ELF_samples/benign_report/x86_64_add/raw/a3887101e8d5c671c0158ea63a76aaa2b3111d4307e63404dd535f302fc7b746.elf_2026-01-29_21-31-33_06f4633a_container_stdout.txt
[EventRouter] ARM detected at event 104 for cgroup 36376
[EventRouter] Discarded 103 pre-ARM events for cgroup 36376
[DOCKER] Container exit code: 0
[DOCKER][STDOUT] BEGIN
/tmp
[DOCKER][STDOUT] END
[DOCKER] Raw stdout saved: ../ELF_samples/benign_report/x86_64_add/raw/29c0a206eef3c3842b61f046ab35ccdb4e7c413ca7ddf3901a85821ed2ff7a65.elf_2026-01-29_21-31-33_8276971b_container_stdout.txt
[EventRouter] ARM detected at event 126 for cgroup 36720
[EventRouter] Discarded 125 pre-ARM events for cgroup 36720
[EventRouter] ARM detected at event 119 for cgroup 36462
[EventRouter] Discarded 118 pre-ARM events for cgroup 36462
[DOCKER] Container exit code: 0
[DOCKER] Container exit code: 0
[DOCKER][STDOUT] BEGIN
786a02f742015903c6c6fd852552d272912f4740e15847618a86e217f71f5419d25e1031afee585313896444934eb04b903a685b1448b755d56f701afe9be2ce  -
[DOCKER][STDOUT] END
[DOCKER] Raw stdout saved: ../ELF_samples/benign_report/x86_64_add/raw/831cbe1e74a56c22d58313e5d69ff05c8bfcce70e54b127bca5186b3cd053a08.elf_2026-01-29_21-31-33_9e524109_container_stdout.txt
[EventRouter] ARM detected at event 104 for cgroup 36634
[EventRouter] Discarded 103 pre-ARM events for cgroup 36634
[DOCKER] Container exit code: 0
[POOL] Collected 10 events for analysis (read from log file)
[POOL] Running analyzers on 10 events for a3887101e8d5c671c0158ea63a76aaa2b3111d4307e63404dd535f302fc7b746.elf
[POOL] Analysis completed: 0 findings in 0.00s (9670 events/s)
[AI-Integration] Submitted task: 06f4633a
[AI] 06f4633a queued for DeepSeek analysis
[POOL] Collected 8 events for analysis (read from log file)
[POOL] Running analyzers on 8 events for 29c0a206eef3c3842b61f046ab35ccdb4e7c413ca7ddf3901a85821ed2ff7a65.elf
[POOL] Analysis completed: 0 findings in 0.00s (7743 events/s)
[AI-Integration] Submitted task: 8276971b
[AI] 8276971b queued for DeepSeek analysis
[CgroupManager] Removed cgroup 36548 via bpftool
[POOL] Cleanup scheduled for 24515d774f34
[DockerWorker-3] ✓ Completed: a3887101e8d5c671c0158ea63a76aaa2b3111d4307e63404dd535f302fc7b746.elf (10 events) (1.12s)
[DockerWorker-3] Starting: c56e9340c36b40db35584caa1db4accc2026afd6c5a051997a28eff0b8f90aae.elf (62_64bit)
[ANALYSISLOG] c56e9340c36b40db35584caa1db4accc2026afd6c5a051997a28eff0b8f90aae.elf -> ../ELF_samples/benign_report/x86_64_add/raw/c56e9340c36b40db35584caa1db4accc2026afd6c5a051997a28eff0b8f90aae.elf_2026-01-29_21-31-34_86bd0f1d.jsonl
[DOCKER] Selected image for libc=glibc: amd64/ubuntu:24.04
[CgroupManager] Removed cgroup 36376 via bpftool
[POOL] Cleanup scheduled for 68b3d3f364b0
[DockerWorker-2] ✓ Completed: 29c0a206eef3c3842b61f046ab35ccdb4e7c413ca7ddf3901a85821ed2ff7a65.elf (8 events) (1.14s)
[DockerWorker-2] Starting: 9a791a0ca956b65551260be7b5838571f4e6413b55dbc74b5b2f9fec2fc5c479.elf (62_64bit)
[POOL] Collected 8 events for analysis (read from log file)
[POOL] Running analyzers on 8 events for 8356a6eaaa7c0c0f06e7bdcfd93bfed7e820ac25575bb510962a83dcb95d435a.elf
[POOL] Analysis completed: 0 findings in 0.00s (7784 events/s)
[AI-Integration] Submitted task: 2d00c8e5
[AI] 2d00c8e5 queued for DeepSeek analysis
[ANALYSISLOG] 9a791a0ca956b65551260be7b5838571f4e6413b55dbc74b5b2f9fec2fc5c479.elf -> ../ELF_samples/benign_report/x86_64_add/raw/9a791a0ca956b65551260be7b5838571f4e6413b55dbc74b5b2f9fec2fc5c479.elf_2026-01-29_21-31-34_4045ce14.jsonl
[DOCKER] Selected image for libc=glibc: amd64/ubuntu:24.04
[POOL] Collected 8 events for analysis (read from log file)
[POOL] Running analyzers on 8 events for 831cbe1e74a56c22d58313e5d69ff05c8bfcce70e54b127bca5186b3cd053a08.elf
[POOL] Analysis completed: 0 findings in 0.00s (7567 events/s)
[AI-Integration] Submitted task: 9e524109
[AI] 9e524109 queued for DeepSeek analysis
[POOL] Collected 7 events for analysis (read from log file)
[POOL] Running analyzers on 7 events for de6a1bcd8b358f640cee3bd994fc40e06fbc4513f160b2a5099eb184a6eab41b.elf
[POOL] Analysis completed: 0 findings in 0.00s (6693 events/s)
[AI-Integration] Submitted task: ae948fed
[AI] ae948fed queued for DeepSeek analysis
[CgroupManager] Removed cgroup 36462 via bpftool
[CgroupManager] Removed cgroup 36720 via bpftool
[POOL] Cleanup scheduled for 2d23052fa73f
[DockerWorker-5] ✓ Completed: 831cbe1e74a56c22d58313e5d69ff05c8bfcce70e54b127bca5186b3cd053a08.elf (8 events) (1.19s)
[DockerWorker-5] Starting: 59ccf89e8b1eae84c00c5dcd88d8a1a0dcd20752b5b9c320e633fc48595fa6ae.elf (62_64bit)
[POOL] Cleanup scheduled for fc09150d33d7
[DockerWorker-0] ✓ Completed: 8356a6eaaa7c0c0f06e7bdcfd93bfed7e820ac25575bb510962a83dcb95d435a.elf (8 events) (1.13s)
[DockerWorker-0] Starting: 1229b392a955165a8bc93eaae87e7cc2c38846e25aabf41a89f418093d460297.elf (62_64bit)
[ANALYSISLOG] 59ccf89e8b1eae84c00c5dcd88d8a1a0dcd20752b5b9c320e633fc48595fa6ae.elf -> ../ELF_samples/benign_report/x86_64_add/raw/59ccf89e8b1eae84c00c5dcd88d8a1a0dcd20752b5b9c320e633fc48595fa6ae.elf_2026-01-29_21-31-34_b3146e3b.jsonl
[DOCKER] Selected image for libc=glibc: amd64/ubuntu:24.04
[ANALYSISLOG] 1229b392a955165a8bc93eaae87e7cc2c38846e25aabf41a89f418093d460297.elf -> ../ELF_samples/benign_report/x86_64_add/raw/1229b392a955165a8bc93eaae87e7cc2c38846e25aabf41a89f418093d460297.elf_2026-01-29_21-31-34_27dc1d94.jsonl
[DOCKER] Selected image for libc=glibc: amd64/ubuntu:24.04
[CgroupManager] Removed cgroup 36634 via bpftool
[POOL] Cleanup scheduled for 25ba990cd8be
[DockerWorker-1] ✓ Completed: de6a1bcd8b358f640cee3bd994fc40e06fbc4513f160b2a5099eb184a6eab41b.elf (7 events) (1.19s)
[DockerWorker-1] Starting: 7e765ce67012646f0bfec7b029c304515aa9c85d434031c557166cbe1489f6ab.elf (62_64bit)
[ANALYSISLOG] 7e765ce67012646f0bfec7b029c304515aa9c85d434031c557166cbe1489f6ab.elf -> ../ELF_samples/benign_report/x86_64_add/raw/7e765ce67012646f0bfec7b029c304515aa9c85d434031c557166cbe1489f6ab.elf_2026-01-29_21-31-34_b406b105.jsonl
[DOCKER] Selected image for libc=glibc: amd64/ubuntu:24.04
[AI-Integration] Job 358288ad analyzed via deepseek
[AI-Integration] Job da6d0e1e analyzed via deepseek
[CgroupManager] Added cgroup 36806 via bpftool
[CgroupManager] Added cgroup 36892 via bpftool
[EventRouter] DEBUG: EXEC #34 filename='/bin/true', triggers=['c56e9340c36b40db35584caa1db4accc2026afd6c5a051997a28eff0b8f90aae.elf', '/tmp/c56e9340c36b40db35584caa1db4accc2026afd6c5a051997a28eff0b8f90aae.elf']
[CgroupManager] Added cgroup 36978 via bpftool
[EventRouter] DEBUG: EXEC #33 filename='/bin/true', triggers=['9a791a0ca956b65551260be7b5838571f4e6413b55dbc74b5b2f9fec2fc5c479.elf', '/tmp/9a791a0ca956b65551260be7b5838571f4e6413b55dbc74b5b2f9fec2fc5c479.elf']
[CgroupManager] Added cgroup 37150 via bpftool
[CgroupManager] Added cgroup 37064 via bpftool
[EventRouter] DEBUG: EXEC #32 filename='/bin/true', triggers=['1229b392a955165a8bc93eaae87e7cc2c38846e25aabf41a89f418093d460297.elf', '/tmp/1229b392a955165a8bc93eaae87e7cc2c38846e25aabf41a89f418093d460297.elf']
[EventRouter] DEBUG: EXEC #49 filename='/bin/true', triggers=['59ccf89e8b1eae84c00c5dcd88d8a1a0dcd20752b5b9c320e633fc48595fa6ae.elf', '/tmp/59ccf89e8b1eae84c00c5dcd88d8a1a0dcd20752b5b9c320e633fc48595fa6ae.elf']
[EventRouter] DEBUG: EXEC #49 filename='/bin/true', triggers=['7e765ce67012646f0bfec7b029c304515aa9c85d434031c557166cbe1489f6ab.elf', '/tmp/7e765ce67012646f0bfec7b029c304515aa9c85d434031c557166cbe1489f6ab.elf']
[EventRouter] ARM detected at event 89 for cgroup 36892
[EventRouter] Discarded 88 pre-ARM events for cgroup 36892
[DOCKER] Container exit code: 1
[DOCKER][STDOUT] BEGIN
/tmp/9a791a0ca956b65551260be7b5838571f4e6413b55dbc74b5b2f9fec2fc5c479.elf: no SHELL environment variable, and no shell type option given
[DOCKER][STDOUT] END
[DOCKER] Raw stdout saved: ../ELF_samples/benign_report/x86_64_add/raw/9a791a0ca956b65551260be7b5838571f4e6413b55dbc74b5b2f9fec2fc5c479.elf_2026-01-29_21-31-34_4045ce14_container_stdout.txt
[EventRouter] ARM detected at event 89 for cgroup 36806
[EventRouter] Discarded 88 pre-ARM events for cgroup 36806
[EventRouter] ARM detected at event 87 for cgroup 36978
[EventRouter] Discarded 86 pre-ARM events for cgroup 36978
[DOCKER] Container exit code: 1
[DOCKER][STDOUT] BEGIN
1229b392a955165a8bc93eaae87e7cc2c38846e25aabf41a89f418093d460297.elf: no device specified
Try '1229b392a955165a8bc93eaae87e7cc2c38846e25aabf41a89f418093d460297.elf --help' for more information.
[DOCKER][STDOUT] END
[DOCKER] Raw stdout saved: ../ELF_samples/benign_report/x86_64_add/raw/1229b392a955165a8bc93eaae87e7cc2c38846e25aabf41a89f418093d460297.elf_2026-01-29_21-31-34_27dc1d94_container_stdout.txt
[EventRouter] ARM detected at event 143 for cgroup 37064
[EventRouter] Discarded 142 pre-ARM events for cgroup 37064
[DOCKER] Container exit code: 0
[DOCKER][STDOUT] BEGIN
e3b0c44298fc1c149afbf4c8996fb92427ae41e4649b934ca495991b7852b855  -
[DOCKER][STDOUT] END
[DOCKER] Raw stdout saved: ../ELF_samples/benign_report/x86_64_add/raw/59ccf89e8b1eae84c00c5dcd88d8a1a0dcd20752b5b9c320e633fc48595fa6ae.elf_2026-01-29_21-31-34_b3146e3b_container_stdout.txt
[EventRouter] ARM detected at event 121 for cgroup 37150
[EventRouter] Discarded 120 pre-ARM events for cgroup 37150
[DOCKER] Container exit code: 1
[DOCKER][STDOUT] BEGIN
7e765ce67012646f0bfec7b029c304515aa9c85d434031c557166cbe1489f6ab.elf: must provide wake time (see --seconds, --time and --date options)
7e765ce67012646f0bfec7b029c304515aa9c85d434031c557166cbe1489f6ab.elf: assuming RTC uses UTC ...
[DOCKER][STDOUT] END
[DOCKER] Raw stdout saved: ../ELF_samples/benign_report/x86_64_add/raw/7e765ce67012646f0bfec7b029c304515aa9c85d434031c557166cbe1489f6ab.elf_2026-01-29_21-31-34_b406b105_container_stdout.txt
[DOCKER] Container exit code: 139
[DOCKER][STDOUT] BEGIN
Segmentation fault (core dumped)
[DOCKER][STDOUT] END
[DOCKER] Raw stdout saved: ../ELF_samples/benign_report/x86_64_add/raw/c56e9340c36b40db35584caa1db4accc2026afd6c5a051997a28eff0b8f90aae.elf_2026-01-29_21-31-34_86bd0f1d_container_stdout.txt
[POOL] Fatal crash detected (exit=139) - using fast drain mode
[CgroupManager] Removed cgroup 36806 via bpftool
[POOL] Stopped BPF monitoring for cgroup 36806
[POOL] Collected 9 events for analysis (read from log file)
[POOL] Running analyzers on 9 events for c56e9340c36b40db35584caa1db4accc2026afd6c5a051997a28eff0b8f90aae.elf
[POOL] Analysis completed: 1 findings in 0.00s (8107 events/s)
[AI-Integration] Submitted task: 86bd0f1d
[AI] 86bd0f1d queued for DeepSeek analysis
[CgroupManager] bpftool delete failed: Command '['sudo', '/usr/sbin/bpftool', 'map', 'delete', 'id', '30', 'key', 'hex', 'c6', '8f', '00', '00', '00', '00', '00', '00']' returned non-zero exit status 254.
[POOL] Cleanup scheduled for 9859be7a9253
[DockerWorker-3] CRASHED (Exploit/Bug): c56e9340c36b40db35584caa1db4accc2026afd6c5a051997a28eff0b8f90aae.elf - Crashed: Segmentation Fault (SIGSEGV) (1.07s)
[DockerWorker-3] Starting: 9d43be803a6a226ff5aa5d6b259b77eb71541205965e429e0d3571beb34d3031.elf (62_64bit)
[ANALYSISLOG] 9d43be803a6a226ff5aa5d6b259b77eb71541205965e429e0d3571beb34d3031.elf -> ../ELF_samples/benign_report/x86_64_add/raw/9d43be803a6a226ff5aa5d6b259b77eb71541205965e429e0d3571beb34d3031.elf_2026-01-29_21-31-35_ddd8e0c8.jsonl
[DOCKER] Selected image for libc=glibc: amd64/ubuntu:24.04
[POOL] Collected 10 events for analysis (read from log file)
[POOL] Running analyzers on 10 events for 9a791a0ca956b65551260be7b5838571f4e6413b55dbc74b5b2f9fec2fc5c479.elf
[POOL] Analysis completed: 0 findings in 0.00s (9529 events/s)
[AI-Integration] Submitted task: 4045ce14
[AI] 4045ce14 queued for DeepSeek analysis
[POOL] Collected 12 events for analysis (read from log file)
[POOL] Running analyzers on 12 events for 1229b392a955165a8bc93eaae87e7cc2c38846e25aabf41a89f418093d460297.elf
[POOL] Analysis completed: 0 findings in 0.00s (11317 events/s)
[AI-Integration] Submitted task: 27dc1d94
[AI] 27dc1d94 queued for DeepSeek analysis
[POOL] Collected 8 events for analysis (read from log file)
[POOL] Running analyzers on 8 events for 59ccf89e8b1eae84c00c5dcd88d8a1a0dcd20752b5b9c320e633fc48595fa6ae.elf
[POOL] Analysis completed: 0 findings in 0.00s (7686 events/s)
[AI-Integration] Submitted task: b3146e3b
[AI] b3146e3b queued for DeepSeek analysis
[CgroupManager] Removed cgroup 36892 via bpftool
[POOL] Cleanup scheduled for 766b47058a7b
[DockerWorker-2] ✓ Completed: 9a791a0ca956b65551260be7b5838571f4e6413b55dbc74b5b2f9fec2fc5c479.elf (10 events) (1.18s)
[DockerWorker-2] Starting: 4668e6c37aebc34daff50a200495643df2b1187096e53cdb2433818fb7d2cb62.elf (62_64bit)
[ANALYSISLOG] 4668e6c37aebc34daff50a200495643df2b1187096e53cdb2433818fb7d2cb62.elf -> ../ELF_samples/benign_report/x86_64_add/raw/4668e6c37aebc34daff50a200495643df2b1187096e53cdb2433818fb7d2cb62.elf_2026-01-29_21-31-35_91bcac2c.jsonl
[DOCKER] Selected image for libc=glibc: amd64/ubuntu:24.04
[CgroupManager] Removed cgroup 36978 via bpftool
[POOL] Cleanup scheduled for 02c115a2cf70
[DockerWorker-0] ✓ Completed: 1229b392a955165a8bc93eaae87e7cc2c38846e25aabf41a89f418093d460297.elf (12 events) (1.15s)
[DockerWorker-0] Starting: c54bc591dd3507ef3f8ebf5a451c287277b8b75fc5a577eb0220b7042fc157fc.elf (62_64bit)
[ANALYSISLOG] c54bc591dd3507ef3f8ebf5a451c287277b8b75fc5a577eb0220b7042fc157fc.elf -> ../ELF_samples/benign_report/x86_64_add/raw/c54bc591dd3507ef3f8ebf5a451c287277b8b75fc5a577eb0220b7042fc157fc.elf_2026-01-29_21-31-35_f545182a.jsonl
[DOCKER] Selected image for libc=glibc: amd64/ubuntu:24.04
[POOL] Collected 11 events for analysis (read from log file)
[POOL] Running analyzers on 11 events for 7e765ce67012646f0bfec7b029c304515aa9c85d434031c557166cbe1489f6ab.elf
[POOL] Analysis completed: 0 findings in 0.00s (10337 events/s)
[CgroupManager] Removed cgroup 37064 via bpftool
[POOL] Cleanup scheduled for 6c06f5d7b7a9
[DockerWorker-5] ✓ Completed: 59ccf89e8b1eae84c00c5dcd88d8a1a0dcd20752b5b9c320e633fc48595fa6ae.elf (8 events) (1.15s)
[DockerWorker-5] Starting: 61bcb1f44f575ad18244c9d2ced6d454f5d05af1431a1b3e6645adcb398b5233.elf (62_64bit)
[ANALYSISLOG] 61bcb1f44f575ad18244c9d2ced6d454f5d05af1431a1b3e6645adcb398b5233.elf -> ../ELF_samples/benign_report/x86_64_add/raw/61bcb1f44f575ad18244c9d2ced6d454f5d05af1431a1b3e6645adcb398b5233.elf_2026-01-29_21-31-35_c991653c.jsonl
[DOCKER] Selected image for libc=glibc: amd64/ubuntu:24.04
[AI-Integration] Submitted task: b406b105
[AI] b406b105 queued for DeepSeek analysis
[CgroupManager] Removed cgroup 37150 via bpftool
[POOL] Cleanup scheduled for 4d97f6fe1d2e
[DockerWorker-1] ✓ Completed: 7e765ce67012646f0bfec7b029c304515aa9c85d434031c557166cbe1489f6ab.elf (11 events) (1.17s)
[DockerWorker-1] Starting: 98cccb935c560f8ea197020264a6054ff7ffedd2b46929342f5bae51e895b67a.elf (62_64bit)
[ANALYSISLOG] 98cccb935c560f8ea197020264a6054ff7ffedd2b46929342f5bae51e895b67a.elf -> ../ELF_samples/benign_report/x86_64_add/raw/98cccb935c560f8ea197020264a6054ff7ffedd2b46929342f5bae51e895b67a.elf_2026-01-29_21-31-35_d0809786.jsonl
[DOCKER] Selected image for libc=glibc: amd64/ubuntu:24.04
[AI-Integration] Job cbfbefd5 analyzed via deepseek
[CgroupManager] Added cgroup 37236 via bpftool
[EventRouter] DEBUG: EXEC #34 filename='/bin/true', triggers=['9d43be803a6a226ff5aa5d6b259b77eb71541205965e429e0d3571beb34d3031.elf', '/tmp/9d43be803a6a226ff5aa5d6b259b77eb71541205965e429e0d3571beb34d3031.elf']
[CgroupManager] Added cgroup 37322 via bpftool
[CgroupManager] Added cgroup 37408 via bpftool
[CgroupManager] Added cgroup 37494 via bpftool
[EventRouter] ARM detected at event 89 for cgroup 37236
[EventRouter] Discarded 88 pre-ARM events for cgroup 37236
[EventRouter] DEBUG: EXEC #33 filename='/bin/true', triggers=['4668e6c37aebc34daff50a200495643df2b1187096e53cdb2433818fb7d2cb62.elf', '/tmp/4668e6c37aebc34daff50a200495643df2b1187096e53cdb2433818fb7d2cb62.elf']
[CgroupManager] Added cgroup 37580 via bpftool
[DOCKER] Container exit code: 1
[DOCKER][STDOUT] BEGIN
9d43be803a6a226ff5aa5d6b259b77eb71541205965e429e0d3571beb34d3031.elf: bad usage
Try '9d43be803a6a226ff5aa5d6b259b77eb71541205965e429e0d3571beb34d3031.elf --help' for more information.
[DOCKER][STDOUT] END
[DOCKER] Raw stdout saved: ../ELF_samples/benign_report/x86_64_add/raw/9d43be803a6a226ff5aa5d6b259b77eb71541205965e429e0d3571beb34d3031.elf_2026-01-29_21-31-35_ddd8e0c8_container_stdout.txt
[EventRouter] DEBUG: EXEC #33 filename='/bin/true', triggers=['98cccb935c560f8ea197020264a6054ff7ffedd2b46929342f5bae51e895b67a.elf', '/tmp/98cccb935c560f8ea197020264a6054ff7ffedd2b46929342f5bae51e895b67a.elf']
[EventRouter] DEBUG: EXEC #33 filename='/bin/true', triggers=['c54bc591dd3507ef3f8ebf5a451c287277b8b75fc5a577eb0220b7042fc157fc.elf', '/tmp/c54bc591dd3507ef3f8ebf5a451c287277b8b75fc5a577eb0220b7042fc157fc.elf']
[EventRouter] DEBUG: EXEC #35 filename='/bin/true', triggers=['61bcb1f44f575ad18244c9d2ced6d454f5d05af1431a1b3e6645adcb398b5233.elf', '/tmp/61bcb1f44f575ad18244c9d2ced6d454f5d05af1431a1b3e6645adcb398b5233.elf']
[EventRouter] ARM detected at event 88 for cgroup 37580
[EventRouter] Discarded 87 pre-ARM events for cgroup 37580
[EventRouter] ARM detected at event 88 for cgroup 37322
[EventRouter] Discarded 87 pre-ARM events for cgroup 37322
[DOCKER] Container exit code: 1
[DOCKER][STDOUT] BEGIN
98cccb935c560f8ea197020264a6054ff7ffedd2b46929342f5bae51e895b67a.elf: no device specified
Try '98cccb935c560f8ea197020264a6054ff7ffedd2b46929342f5bae51e895b67a.elf --help' for more information.
[DOCKER][STDOUT] END
[DOCKER] Raw stdout saved: ../ELF_samples/benign_report/x86_64_add/raw/98cccb935c560f8ea197020264a6054ff7ffedd2b46929342f5bae51e895b67a.elf_2026-01-29_21-31-35_d0809786_container_stdout.txt
[DOCKER] Container exit code: 0
[EventRouter] ARM detected at event 88 for cgroup 37408
[EventRouter] Discarded 87 pre-ARM events for cgroup 37408
[DOCKER] Container exit code: 0
[DOCKER][STDOUT] BEGIN
8
[DOCKER][STDOUT] END
[DOCKER] Raw stdout saved: ../ELF_samples/benign_report/x86_64_add/raw/c54bc591dd3507ef3f8ebf5a451c287277b8b75fc5a577eb0220b7042fc157fc.elf_2026-01-29_21-31-35_f545182a_container_stdout.txt
[EventRouter] ARM detected at event 106 for cgroup 37494
[EventRouter] Discarded 105 pre-ARM events for cgroup 37494
[DOCKER] Container exit code: 139
[DOCKER][STDOUT] BEGIN
Segmentation fault (core dumped)
[DOCKER][STDOUT] END
[DOCKER] Raw stdout saved: ../ELF_samples/benign_report/x86_64_add/raw/61bcb1f44f575ad18244c9d2ced6d454f5d05af1431a1b3e6645adcb398b5233.elf_2026-01-29_21-31-35_c991653c_container_stdout.txt
[POOL] Fatal crash detected (exit=139) - using fast drain mode
[CgroupManager] Removed cgroup 37494 via bpftool
[POOL] Stopped BPF monitoring for cgroup 37494
[POOL] Collected 11 events for analysis (read from log file)
[POOL] Running analyzers on 11 events for 9d43be803a6a226ff5aa5d6b259b77eb71541205965e429e0d3571beb34d3031.elf
[POOL] Analysis completed: 0 findings in 0.00s (10411 events/s)
[AI-Integration] Submitted task: ddd8e0c8
[AI] ddd8e0c8 queued for DeepSeek analysis
[CgroupManager] Removed cgroup 37236 via bpftool
[POOL] Cleanup scheduled for 698e88236bad
[DockerWorker-3] ✓ Completed: 9d43be803a6a226ff5aa5d6b259b77eb71541205965e429e0d3571beb34d3031.elf (11 events) (1.05s)
[DockerWorker-3] Starting: e6ed3fc398fb9aa1815e404f3a8ad6fdc68255fa2442effad191985d9abdb6a7.elf (62_64bit)
[ANALYSISLOG] e6ed3fc398fb9aa1815e404f3a8ad6fdc68255fa2442effad191985d9abdb6a7.elf -> ../ELF_samples/benign_report/x86_64_add/raw/e6ed3fc398fb9aa1815e404f3a8ad6fdc68255fa2442effad191985d9abdb6a7.elf_2026-01-29_21-31-36_54dcc9d0.jsonl
[DOCKER] Selected image for libc=glibc: amd64/ubuntu:24.04
[POOL] Collected 9 events for analysis (read from log file)
[POOL] Running analyzers on 9 events for 61bcb1f44f575ad18244c9d2ced6d454f5d05af1431a1b3e6645adcb398b5233.elf
[POOL] Analysis completed: 1 findings in 0.00s (7953 events/s)
[AI-Integration] Submitted task: c991653c
[AI] c991653c queued for DeepSeek analysis
[CgroupManager] bpftool delete failed: Command '['sudo', '/usr/sbin/bpftool', 'map', 'delete', 'id', '30', 'key', 'hex', '76', '92', '00', '00', '00', '00', '00', '00']' returned non-zero exit status 254.
[POOL] Cleanup scheduled for b7891409c50a
[DockerWorker-5] CRASHED (Exploit/Bug): 61bcb1f44f575ad18244c9d2ced6d454f5d05af1431a1b3e6645adcb398b5233.elf - Crashed: Segmentation Fault (SIGSEGV) (0.98s)
[DockerWorker-5] Starting: ab9046c8e0155bf266ccae59b4d759198a14aa4642130f7d63dc51f29b3c0f08.elf (62_64bit)
[ANALYSISLOG] ab9046c8e0155bf266ccae59b4d759198a14aa4642130f7d63dc51f29b3c0f08.elf -> ../ELF_samples/benign_report/x86_64_add/raw/ab9046c8e0155bf266ccae59b4d759198a14aa4642130f7d63dc51f29b3c0f08.elf_2026-01-29_21-31-36_4e783030.jsonl
[DOCKER] Selected image for libc=glibc: amd64/ubuntu:24.04
[POOL] Collected 11 events for analysis (read from log file)
[POOL] Running analyzers on 11 events for 98cccb935c560f8ea197020264a6054ff7ffedd2b46929342f5bae51e895b67a.elf
[POOL] Analysis completed: 0 findings in 0.00s (10367 events/s)
[AI-Integration] Submitted task: d0809786
[AI] d0809786 queued for DeepSeek analysis
[POOL] Collected 7 events for analysis (read from log file)
[POOL] Running analyzers on 7 events for 4668e6c37aebc34daff50a200495643df2b1187096e53cdb2433818fb7d2cb62.elf
[POOL] Analysis completed: 0 findings in 0.00s (6689 events/s)
[AI-Integration] Submitted task: 91bcac2c
[AI] 91bcac2c queued for DeepSeek analysis
[POOL] Collected 8 events for analysis (read from log file)
[POOL] Running analyzers on 8 events for c54bc591dd3507ef3f8ebf5a451c287277b8b75fc5a577eb0220b7042fc157fc.elf
[POOL] Analysis completed: 0 findings in 0.00s (7604 events/s)
[AI-Integration] Submitted task: f545182a
[AI] f545182a queued for DeepSeek analysis
[CgroupManager] Removed cgroup 37580 via bpftool
[POOL] Cleanup scheduled for 1523b85d8581
[DockerWorker-1] ✓ Completed: 98cccb935c560f8ea197020264a6054ff7ffedd2b46929342f5bae51e895b67a.elf (11 events) (1.07s)
[DockerWorker-1] Starting: bda405af3f70b6a0aea2682399edf7731adc8494e1c0329d852475e2c5669ce5.elf (62_64bit)
[CgroupManager] Removed cgroup 37322 via bpftool
[ANALYSISLOG] bda405af3f70b6a0aea2682399edf7731adc8494e1c0329d852475e2c5669ce5.elf -> ../ELF_samples/benign_report/x86_64_add/raw/bda405af3f70b6a0aea2682399edf7731adc8494e1c0329d852475e2c5669ce5.elf_2026-01-29_21-31-36_1cc12dd7.jsonl
[DOCKER] Selected image for libc=glibc: amd64/ubuntu:24.04
[POOL] Cleanup scheduled for cd0cfae2596f
[DockerWorker-2] ✓ Completed: 4668e6c37aebc34daff50a200495643df2b1187096e53cdb2433818fb7d2cb62.elf (7 events) (1.11s)
[DockerWorker-2] Starting: 58dd0733c84402e92e72e8bdc88ef53bfff4029923e148eacfbe01f0bd9a8d99.elf (62_64bit)
[ANALYSISLOG] 58dd0733c84402e92e72e8bdc88ef53bfff4029923e148eacfbe01f0bd9a8d99.elf -> ../ELF_samples/benign_report/x86_64_add/raw/58dd0733c84402e92e72e8bdc88ef53bfff4029923e148eacfbe01f0bd9a8d99.elf_2026-01-29_21-31-36_3edecf99.jsonl
[DOCKER] Selected image for libc=glibc: amd64/ubuntu:24.04
[CgroupManager] Removed cgroup 37408 via bpftool
[POOL] Cleanup scheduled for 866afb7b00b3
[DockerWorker-0] ✓ Completed: c54bc591dd3507ef3f8ebf5a451c287277b8b75fc5a577eb0220b7042fc157fc.elf (8 events) (1.11s)
[DockerWorker-0] Starting: 852013c472e998a464a93223593f3be167dc28fcac6add522fa796c80216c3df.elf (62_64bit)
[ANALYSISLOG] 852013c472e998a464a93223593f3be167dc28fcac6add522fa796c80216c3df.elf -> ../ELF_samples/benign_report/x86_64_add/raw/852013c472e998a464a93223593f3be167dc28fcac6add522fa796c80216c3df.elf_2026-01-29_21-31-36_18bfca57.jsonl
[DOCKER] Selected image for libc=glibc: amd64/ubuntu:24.04
[CgroupManager] Added cgroup 37666 via bpftool
[EventRouter] DEBUG: EXEC #34 filename='/bin/true', triggers=['e6ed3fc398fb9aa1815e404f3a8ad6fdc68255fa2442effad191985d9abdb6a7.elf', '/tmp/e6ed3fc398fb9aa1815e404f3a8ad6fdc68255fa2442effad191985d9abdb6a7.elf']
[CgroupManager] Added cgroup 37752 via bpftool
[EventRouter] DEBUG: EXEC #34 filename='/bin/true', triggers=['ab9046c8e0155bf266ccae59b4d759198a14aa4642130f7d63dc51f29b3c0f08.elf', '/tmp/ab9046c8e0155bf266ccae59b4d759198a14aa4642130f7d63dc51f29b3c0f08.elf']
[EventRouter] ARM detected at event 89 for cgroup 37666
[EventRouter] Discarded 88 pre-ARM events for cgroup 37666
[CgroupManager] Added cgroup 37838 via bpftool
[DOCKER] Container exit code: 0
[CgroupManager] Added cgroup 37924 via bpftool
[CgroupManager] Added cgroup 38010 via bpftool
[EventRouter] DEBUG: EXEC #48 filename='/bin/true', triggers=['bda405af3f70b6a0aea2682399edf7731adc8494e1c0329d852475e2c5669ce5.elf', '/tmp/bda405af3f70b6a0aea2682399edf7731adc8494e1c0329d852475e2c5669ce5.elf']
[EventRouter] ARM detected at event 89 for cgroup 37752
[EventRouter] Discarded 88 pre-ARM events for cgroup 37752
[DOCKER] Container exit code: 16
[DOCKER][STDOUT] BEGIN
ab9046c8e0155bf266ccae59b4d759198a14aa4642130f7d63dc51f29b3c0f08.elf: no device specified
Try 'ab9046c8e0155bf266ccae59b4d759198a14aa4642130f7d63dc51f29b3c0f08.elf --help' for more information.
[DOCKER][STDOUT] END
[DOCKER] Raw stdout saved: ../ELF_samples/benign_report/x86_64_add/raw/ab9046c8e0155bf266ccae59b4d759198a14aa4642130f7d63dc51f29b3c0f08.elf_2026-01-29_21-31-36_4e783030_container_stdout.txt
[EventRouter] DEBUG: EXEC #33 filename='/bin/true', triggers=['58dd0733c84402e92e72e8bdc88ef53bfff4029923e148eacfbe01f0bd9a8d99.elf', '/tmp/58dd0733c84402e92e72e8bdc88ef53bfff4029923e148eacfbe01f0bd9a8d99.elf']
[EventRouter] ARM detected at event 127 for cgroup 37924
[EventRouter] Discarded 126 pre-ARM events for cgroup 37924
[EventRouter] ARM detected at event 104 for cgroup 38010
[EventRouter] Discarded 103 pre-ARM events for cgroup 38010
[DOCKER] Container exit code: 1
[DOCKER][STDOUT] BEGIN
/tmp/852013c472e998a464a93223593f3be167dc28fcac6add522fa796c80216c3df.elf: missing operand
Try '/tmp/852013c472e998a464a93223593f3be167dc28fcac6add522fa796c80216c3df.elf --help' for more information.
[DOCKER][STDOUT] END
[DOCKER] Container exit code: 126
[DOCKER][STDOUT] BEGIN
/bin/sh: 1: /tmp/58dd0733c84402e92e72e8bdc88ef53bfff4029923e148eacfbe01f0bd9a8d99.elf: Exec format error
[DOCKER][STDOUT] END
[DOCKER] Raw stdout saved: ../ELF_samples/benign_report/x86_64_add/raw/852013c472e998a464a93223593f3be167dc28fcac6add522fa796c80216c3df.elf_2026-01-29_21-31-36_18bfca57_container_stdout.txt
[DOCKER] Raw stdout saved: ../ELF_samples/benign_report/x86_64_add/raw/58dd0733c84402e92e72e8bdc88ef53bfff4029923e148eacfbe01f0bd9a8d99.elf_2026-01-29_21-31-36_3edecf99_container_stdout.txt
[EventRouter] ARM detected at event 102 for cgroup 37838
[EventRouter] Discarded 101 pre-ARM events for cgroup 37838
[DOCKER] Container exit code: 1
[DOCKER][STDOUT] BEGIN
/tmp/bda405af3f70b6a0aea2682399edf7731adc8494e1c0329d852475e2c5669ce5.elf: missing operand
Try '/tmp/bda405af3f70b6a0aea2682399edf7731adc8494e1c0329d852475e2c5669ce5.elf --help' for more information.
[DOCKER][STDOUT] END
[DOCKER] Raw stdout saved: ../ELF_samples/benign_report/x86_64_add/raw/bda405af3f70b6a0aea2682399edf7731adc8494e1c0329d852475e2c5669ce5.elf_2026-01-29_21-31-36_1cc12dd7_container_stdout.txt
[POOL] Collected 8 events for analysis (read from log file)
[POOL] Running analyzers on 8 events for e6ed3fc398fb9aa1815e404f3a8ad6fdc68255fa2442effad191985d9abdb6a7.elf
[POOL] Analysis completed: 0 findings in 0.00s (7627 events/s)
[AI-Integration] Submitted task: 54dcc9d0
[AI] 54dcc9d0 queued for DeepSeek analysis
[CgroupManager] Removed cgroup 37666 via bpftool
[POOL] Cleanup scheduled for 8a3750682e1a
[DockerWorker-3] ✓ Completed: e6ed3fc398fb9aa1815e404f3a8ad6fdc68255fa2442effad191985d9abdb6a7.elf (8 events) (1.06s)
[DockerWorker-3] Starting: c39b8f465b961744d1679e756e12ec004b52bd24c9ce3dd5504091ce95a1bb78.elf (62_64bit)
[ANALYSISLOG] c39b8f465b961744d1679e756e12ec004b52bd24c9ce3dd5504091ce95a1bb78.elf -> ../ELF_samples/benign_report/x86_64_add/raw/c39b8f465b961744d1679e756e12ec004b52bd24c9ce3dd5504091ce95a1bb78.elf_2026-01-29_21-31-37_ebbebd84.jsonl
[DOCKER] Selected image for libc=glibc: amd64/ubuntu:24.04
[POOL] Collected 11 events for analysis (read from log file)
[POOL] Running analyzers on 11 events for ab9046c8e0155bf266ccae59b4d759198a14aa4642130f7d63dc51f29b3c0f08.elf
[POOL] Analysis completed: 0 findings in 0.00s (10463 events/s)
[AI-Integration] Submitted task: 4e783030
[AI] 4e783030 queued for DeepSeek analysis
[CgroupManager] Removed cgroup 37752 via bpftool
[POOL] Cleanup scheduled for 49c8487efac2
[DockerWorker-5] ✓ Completed: ab9046c8e0155bf266ccae59b4d759198a14aa4642130f7d63dc51f29b3c0f08.elf (11 events) (1.02s)
[DockerWorker-5] Starting: 3e32b287154b14cb013a148bce38c402247cc3460cd958c26a9c1177f1aba386.elf (62_64bit)
[ANALYSISLOG] 3e32b287154b14cb013a148bce38c402247cc3460cd958c26a9c1177f1aba386.elf -> ../ELF_samples/benign_report/x86_64_add/raw/3e32b287154b14cb013a148bce38c402247cc3460cd958c26a9c1177f1aba386.elf_2026-01-29_21-31-37_079a2203.jsonl
[DOCKER] Selected image for libc=glibc: amd64/ubuntu:24.04
[POOL] Collected 10 events for analysis (read from log file)
[POOL] Running analyzers on 10 events for 58dd0733c84402e92e72e8bdc88ef53bfff4029923e148eacfbe01f0bd9a8d99.elf
[POOL] Analysis completed: 0 findings in 0.00s (9623 events/s)
[POOL] Collected 11 events for analysis (read from log file)
[POOL] Running analyzers on 11 events for 852013c472e998a464a93223593f3be167dc28fcac6add522fa796c80216c3df.elf
[POOL] Analysis completed: 0 findings in 0.00s (10656 events/s)
[AI-Integration] Submitted task: 18bfca57
[AI] 18bfca57 queued for DeepSeek analysis
[AI-Integration] Submitted task: 3edecf99
[AI] 3edecf99 queued for DeepSeek analysis
[POOL] Collected 11 events for analysis (read from log file)
[POOL] Running analyzers on 11 events for bda405af3f70b6a0aea2682399edf7731adc8494e1c0329d852475e2c5669ce5.elf
[POOL] Analysis completed: 0 findings in 0.00s (10341 events/s)
[AI-Integration] Submitted task: 1cc12dd7
[AI] 1cc12dd7 queued for DeepSeek analysis
[CgroupManager] Removed cgroup 38010 via bpftool
[POOL] Cleanup scheduled for cf8f7f63b005
[DockerWorker-2] ✓ Completed: 58dd0733c84402e92e72e8bdc88ef53bfff4029923e148eacfbe01f0bd9a8d99.elf (10 events) (1.07s)
[DockerWorker-2] Starting: 5be4b36ae429fe0f715e961acf884726d123dbcb643758d93ee132b725c0325b.elf (62_64bit)
[ANALYSISLOG] 5be4b36ae429fe0f715e961acf884726d123dbcb643758d93ee132b725c0325b.elf -> ../ELF_samples/benign_report/x86_64_add/raw/5be4b36ae429fe0f715e961acf884726d123dbcb643758d93ee132b725c0325b.elf_2026-01-29_21-31-37_d0434d59.jsonl
[DOCKER] Selected image for libc=glibc: amd64/ubuntu:24.04
[CgroupManager] Removed cgroup 37924 via bpftool
[POOL] Cleanup scheduled for 5fa908c97b49
[DockerWorker-0] ✓ Completed: 852013c472e998a464a93223593f3be167dc28fcac6add522fa796c80216c3df.elf (11 events) (1.06s)
[DockerWorker-0] Starting: ffdc07f0d5fcdc1e9ac2ba8ec611fc1acbd6f427f544d7108ff25e1203414da9.elf (62_64bit)
[ANALYSISLOG] ffdc07f0d5fcdc1e9ac2ba8ec611fc1acbd6f427f544d7108ff25e1203414da9.elf -> ../ELF_samples/benign_report/x86_64_add/raw/ffdc07f0d5fcdc1e9ac2ba8ec611fc1acbd6f427f544d7108ff25e1203414da9.elf_2026-01-29_21-31-37_6db58de2.jsonl
[DOCKER] Selected image for libc=glibc: amd64/ubuntu:24.04
[CgroupManager] Removed cgroup 37838 via bpftool
[POOL] Cleanup scheduled for 0d510b020ae7
[DockerWorker-1] ✓ Completed: bda405af3f70b6a0aea2682399edf7731adc8494e1c0329d852475e2c5669ce5.elf (11 events) (1.07s)
[DockerWorker-1] Starting: f87e3ccdff698db9822263e4b1e21866c6c432aca42a08991e2b4edceb14d00c.elf (62_64bit)
[ANALYSISLOG] f87e3ccdff698db9822263e4b1e21866c6c432aca42a08991e2b4edceb14d00c.elf -> ../ELF_samples/benign_report/x86_64_add/raw/f87e3ccdff698db9822263e4b1e21866c6c432aca42a08991e2b4edceb14d00c.elf_2026-01-29_21-31-37_e2449de2.jsonl
[DOCKER] Selected image for libc=glibc: amd64/ubuntu:24.04
[CgroupManager] Added cgroup 38096 via bpftool
[CgroupManager] Added cgroup 38182 via bpftool
[EventRouter] DEBUG: EXEC #33 filename='/bin/true', triggers=['c39b8f465b961744d1679e756e12ec004b52bd24c9ce3dd5504091ce95a1bb78.elf', '/tmp/c39b8f465b961744d1679e756e12ec004b52bd24c9ce3dd5504091ce95a1bb78.elf']
[EventRouter] DEBUG: EXEC #33 filename='/bin/true', triggers=['3e32b287154b14cb013a148bce38c402247cc3460cd958c26a9c1177f1aba386.elf', '/tmp/3e32b287154b14cb013a148bce38c402247cc3460cd958c26a9c1177f1aba386.elf']
[EventRouter] ARM detected at event 88 for cgroup 38096
[EventRouter] Discarded 87 pre-ARM events for cgroup 38096
[EventRouter] ARM detected at event 88 for cgroup 38182
[EventRouter] Discarded 87 pre-ARM events for cgroup 38182
[DOCKER] Container exit code: 0
[DOCKER] Container exit code: 0
[DOCKER][STDOUT] BEGIN
Utmp dump of /dev/stdin
[DOCKER][STDOUT] END
[DOCKER] Raw stdout saved: ../ELF_samples/benign_report/x86_64_add/raw/3e32b287154b14cb013a148bce38c402247cc3460cd958c26a9c1177f1aba386.elf_2026-01-29_21-31-37_079a2203_container_stdout.txt
[CgroupManager] Added cgroup 38440 via bpftool
[CgroupManager] Added cgroup 38268 via bpftool
[CgroupManager] Added cgroup 38354 via bpftool
[EventRouter] DEBUG: EXEC #35 filename='/bin/true', triggers=['ffdc07f0d5fcdc1e9ac2ba8ec611fc1acbd6f427f544d7108ff25e1203414da9.elf', '/tmp/ffdc07f0d5fcdc1e9ac2ba8ec611fc1acbd6f427f544d7108ff25e1203414da9.elf']
[EventRouter] DEBUG: EXEC #34 filename='/bin/true', triggers=['5be4b36ae429fe0f715e961acf884726d123dbcb643758d93ee132b725c0325b.elf', '/tmp/5be4b36ae429fe0f715e961acf884726d123dbcb643758d93ee132b725c0325b.elf']
[EventRouter] DEBUG: EXEC #49 filename='/bin/true', triggers=['f87e3ccdff698db9822263e4b1e21866c6c432aca42a08991e2b4edceb14d00c.elf', '/tmp/f87e3ccdff698db9822263e4b1e21866c6c432aca42a08991e2b4edceb14d00c.elf']
[EventRouter] ARM detected at event 104 for cgroup 38354
[EventRouter] Discarded 103 pre-ARM events for cgroup 38354
[EventRouter] ARM detected at event 90 for cgroup 38440
[EventRouter] Discarded 89 pre-ARM events for cgroup 38440
[DOCKER] Container exit code: 1
[DOCKER][STDOUT] BEGIN
/tmp/ffdc07f0d5fcdc1e9ac2ba8ec611fc1acbd6f427f544d7108ff25e1203414da9.elf: missing operand
Try '/tmp/ffdc07f0d5fcdc1e9ac2ba8ec611fc1acbd6f427f544d7108ff25e1203414da9.elf --help' for more information.
[DOCKER][STDOUT] END
[DOCKER] Raw stdout saved: ../ELF_samples/benign_report/x86_64_add/raw/ffdc07f0d5fcdc1e9ac2ba8ec611fc1acbd6f427f544d7108ff25e1203414da9.elf_2026-01-29_21-31-37_6db58de2_container_stdout.txt
[DOCKER] Container exit code: 0
[EventRouter] ARM detected at event 89 for cgroup 38268
[EventRouter] Discarded 88 pre-ARM events for cgroup 38268
[DOCKER] Container exit code: 0
[AI-Integration] Job 8d2d0b6f analyzed via deepseek
[POOL] Collected 10 events for analysis (read from log file)
[POOL] Running analyzers on 10 events for c39b8f465b961744d1679e756e12ec004b52bd24c9ce3dd5504091ce95a1bb78.elf
[POOL] Analysis completed: 0 findings in 0.00s (9157 events/s)
[POOL] Collected 8 events for analysis (read from log file)
[POOL] Running analyzers on 8 events for 3e32b287154b14cb013a148bce38c402247cc3460cd958c26a9c1177f1aba386.elf
[POOL] Analysis completed: 0 findings in 0.00s (7431 events/s)
[AI-Integration] Submitted task: ebbebd84
[AI] ebbebd84 queued for DeepSeek analysis
[AI-Integration] Submitted task: 079a2203
[AI] 079a2203 queued for DeepSeek analysis
[CgroupManager] Removed cgroup 38096 via bpftool
[POOL] Cleanup scheduled for 486a9c067e8c
[DockerWorker-3] ✓ Completed: c39b8f465b961744d1679e756e12ec004b52bd24c9ce3dd5504091ce95a1bb78.elf (10 events) (1.03s)
[DockerWorker-3] Starting: 335a1ae7ce70e9f9c358862ca54895fc9942f8bc469fd9a36e894d1e98a3db35.elf (62_64bit)
[ANALYSISLOG] 335a1ae7ce70e9f9c358862ca54895fc9942f8bc469fd9a36e894d1e98a3db35.elf -> ../ELF_samples/benign_report/x86_64_add/raw/335a1ae7ce70e9f9c358862ca54895fc9942f8bc469fd9a36e894d1e98a3db35.elf_2026-01-29_21-31-38_fb80b948.jsonl
[DOCKER] Selected image for libc=glibc: amd64/ubuntu:24.04
[CgroupManager] Removed cgroup 38182 via bpftool
[POOL] Cleanup scheduled for 826d7402b30b
[DockerWorker-5] ✓ Completed: 3e32b287154b14cb013a148bce38c402247cc3460cd958c26a9c1177f1aba386.elf (8 events) (1.00s)
[POOL] Collected 11 events for analysis (read from log file)
[POOL] Running analyzers on 11 events for ffdc07f0d5fcdc1e9ac2ba8ec611fc1acbd6f427f544d7108ff25e1203414da9.elf
[POOL] Analysis completed: 0 findings in 0.00s (10537 events/s)
[POOL] Collected 7 events for analysis (read from log file)
[POOL] Running analyzers on 7 events for f87e3ccdff698db9822263e4b1e21866c6c432aca42a08991e2b4edceb14d00c.elf
[POOL] Analysis completed: 0 findings in 0.00s (6878 events/s)
[AI-Integration] Submitted task: e2449de2
[AI] e2449de2 queued for DeepSeek analysis
[AI-Integration] Submitted task: 6db58de2
[AI] 6db58de2 queued for DeepSeek analysis
[CgroupManager] Removed cgroup 38440 via bpftool
[POOL] Cleanup scheduled for 8414ffcc6f32
[DockerWorker-0] ✓ Completed: ffdc07f0d5fcdc1e9ac2ba8ec611fc1acbd6f427f544d7108ff25e1203414da9.elf (11 events) (1.07s)
[POOL] Collected 9 events for analysis (read from log file)
[POOL] Running analyzers on 9 events for 5be4b36ae429fe0f715e961acf884726d123dbcb643758d93ee132b725c0325b.elf
[POOL] Analysis completed: 0 findings in 0.00s (8749 events/s)
[AI-Integration] Submitted task: d0434d59
[AI] d0434d59 queued for DeepSeek analysis
[CgroupManager] Removed cgroup 38354 via bpftool
[POOL] Cleanup scheduled for 5a5e396feb12
[DockerWorker-1] ✓ Completed: f87e3ccdff698db9822263e4b1e21866c6c432aca42a08991e2b4edceb14d00c.elf (7 events) (1.07s)
[CgroupManager] Removed cgroup 38268 via bpftool
[POOL] Cleanup scheduled for 0c7ab39307e1
[DockerWorker-2] ✓ Completed: 5be4b36ae429fe0f715e961acf884726d123dbcb643758d93ee132b725c0325b.elf (9 events) (1.09s)
[CgroupManager] Added cgroup 38526 via bpftool
[AI-Integration] Job bb860b28 analyzed via deepseek
[EventRouter] DEBUG: EXEC #34 filename='/bin/true', triggers=['335a1ae7ce70e9f9c358862ca54895fc9942f8bc469fd9a36e894d1e98a3db35.elf', '/tmp/335a1ae7ce70e9f9c358862ca54895fc9942f8bc469fd9a36e894d1e98a3db35.elf']
[EventRouter] ARM detected at event 90 for cgroup 38526
[EventRouter] Discarded 89 pre-ARM events for cgroup 38526
[DOCKER] Container exit code: 0
[DOCKER][STDOUT] BEGIN
      0       0       0
[DOCKER][STDOUT] END
[DOCKER] Raw stdout saved: ../ELF_samples/benign_report/x86_64_add/raw/335a1ae7ce70e9f9c358862ca54895fc9942f8bc469fd9a36e894d1e98a3db35.elf_2026-01-29_21-31-38_fb80b948_container_stdout.txt
[POOL] Collected 8 events for analysis (read from log file)
[POOL] Running analyzers on 8 events for 335a1ae7ce70e9f9c358862ca54895fc9942f8bc469fd9a36e894d1e98a3db35.elf
[POOL] Analysis completed: 0 findings in 0.00s (7489 events/s)
[AI-Integration] Submitted task: fb80b948
[AI] fb80b948 queued for DeepSeek analysis
[CgroupManager] Removed cgroup 38526 via bpftool
[POOL] Cleanup scheduled for 5af8bcb0f454
[DockerWorker-3] ✓ Completed: 335a1ae7ce70e9f9c358862ca54895fc9942f8bc469fd9a36e894d1e98a3db35.elf (8 events) (1.06s)
[AI-Integration] Job 23eaf59a analyzed via deepseek
[AI-Integration] Job 5575ebf2 analyzed via deepseek
[AI-Integration] Job e11135cc analyzed via deepseek
[AI-Integration] Job eb7b9c8f analyzed via deepseek
[AI-Integration] Job 2bc7bb67 analyzed via deepseek
[POOL] Execution timed out for 49d0a2735e8d2d1a8bbad42c60feb9b45aba868eb97b310eda385a5eb047cc51.elf after 15s
[POOL] Killing container fdd2c6f5e3a3...
[POOL] Container killed successfully
[DOCKER] Container exit code: -1
[POOL] Execution timed out - stopping BPF monitoring for cgroup 35172
[CgroupManager] Removed cgroup 35172 via bpftool
[AI-Integration] Job 01797bf1 analyzed via deepseek
[POOL] Collected 11 events for analysis (read from log file)
[POOL] Running analyzers on 11 events for 49d0a2735e8d2d1a8bbad42c60feb9b45aba868eb97b310eda385a5eb047cc51.elf
[POOL] Analysis completed: 0 findings in 0.00s (10362 events/s)
[AI-Integration] Submitted task: bf72c536
[AI] bf72c536 queued for DeepSeek analysis
[CgroupManager] bpftool delete failed: Command '['sudo', '/usr/sbin/bpftool', 'map', 'delete', 'id', '30', 'key', 'hex', '64', '89', '00', '00', '00', '00', '00', '00']' returned non-zero exit status 254.
[POOL] Cleanup scheduled for fdd2c6f5e3a3
[DockerWorker-4] ✓ Completed: 49d0a2735e8d2d1a8bbad42c60feb9b45aba868eb97b310eda385a5eb047cc51.elf (11 events) (16.23s)
[DOCKER_POOL] All tasks completed, stopping workers...
[POOL] Failed to kill container fdd2c6f5e3a3: 409 Client Error for http+docker://localhost/v1.50/containers/fdd2c6f5e3a3f19f16b98a49f57f8c2789211097143a0f1861424690c2435d52/kill: Conflict ("cannot kill container: fdd2c6f5e3a3f19f16b98a49f57f8c2789211097143a0f1861424690c2435d52: container fdd2c6f5e3a3f19f16b98a49f57f8c2789211097143a0f1861424690c2435d52 is not running")
[MPK] Stats integrity verified: Python stats match MPK-anchored stats.
[DOCKER_POOL] All workers stopped

================================================================================
[DOCKER_POOL] Execution Summary
================================================================================
Total tasks:     200
Successful:      195  (97.5%) - Normal execution
Crashes/Exploits:5    (2.5%) - SEGFAULT/BUS/ILL (Potential Vulnerabilities)
System Failed:   0    (0.0%) - Docker/Infrastructure errors

Performance:
  Total time:    284.62s
  Average time:  1.42s per task
  Throughput:    0.70 tasks/s

By Architecture:
  62_64bit    : 195 OK, 5 Crash, 0 Fail / 200 Total

--------------------------------------------------------------------------------
[ATTENTION] DETECTED 5 CRASHES / EXPLOIT ATTEMPTS:
(These binaries triggered segmentation faults or illegal instructions)
--------------------------------------------------------------------------------
  - 142d5ac3536a4a27e525e3f804ea38ea9433f48dacebe60691f9dde088843b4e.elf (62_64bit)
    Reason: Crashed: Segmentation Fault (SIGSEGV)
    Captured: 9 events before crash

  - 93016c23bc80a5c7adfe24fc8cc80919224ef4b1e09285a61edf30e78e9e1096.elf (62_64bit)
    Reason: Crashed: Segmentation Fault (SIGSEGV)
    Captured: 9 events before crash

  - 912b47828e50c077f7a1eacd4098c13cc5005fe9f45af8450baa1cfa9a2540fd.elf (62_64bit)
    Reason: Crashed: Segmentation Fault (SIGSEGV)
    Captured: 9 events before crash

  - c56e9340c36b40db35584caa1db4accc2026afd6c5a051997a28eff0b8f90aae.elf (62_64bit)
    Reason: Crashed: Segmentation Fault (SIGSEGV)
    Captured: 9 events before crash

  - 61bcb1f44f575ad18244c9d2ced6d454f5d05af1431a1b3e6645adcb398b5233.elf (62_64bit)
    Reason: Crashed: Segmentation Fault (SIGSEGV)
    Captured: 9 events before crash

================================================================================

================================================================================



[EVENT ROUTER STATS]
  Total events routed: 4311
  Events compressed: 1034730
  Compression ratio: 99.6% (1039041 -> 4311)
  Events dropped: 0
  Unknown cgroups: 0
  Queue overflows: 0
  Active cgroups: 0

  Shard distribution (16 shards):
    Shard 0: 381 events, 0 overflows, 62 compressed
    Shard 2: 688 events, 0 overflows, 467 compressed
    Shard 4: 607 events, 0 overflows, 378 compressed
    Shard 6: 332 events, 0 overflows, 73 compressed
    Shard 8: 382 events, 0 overflows, 95 compressed
    Shard 10: 1326 events, 0 overflows, 69 compressed
    Shard 12: 281 events, 0 overflows, 1033549 compressed
    Shard 14: 314 events, 0 overflows, 37 compressed
[MONITOR_READER] Stopping...
[AI-Integration] Job b1784d18 analyzed via deepseek
[AI-Integration] Job 1495e1a8 analyzed via deepseek

[MONITOR] Stopping global monitor process...
[AI-Integration] Job 08ce2be7 analyzed via deepseek
[AI-Integration] Job 0b18a4d2 analyzed via deepseek
[MONITOR_READER] Monitor process terminated
[MONITOR_READER] Stopped
[MONITOR] ✓ Global monitor process terminated

[AI] Waiting for DeepSeek analysis to complete...
[DEEPSEEK] Waiting for 0 tasks to complete...
[AI-Integration] Job e0369e99 analyzed via deepseek
[AI-Integration] Job 4b89892f analyzed via deepseek
[AI-Integration] Job 4d14ab0f analyzed via deepseek
[AI-Integration] Job 4e795f97 analyzed via deepseek
[AI-Integration] Job 7e0350d0 analyzed via deepseek
[AI-Integration] Job de466096 analyzed via deepseek
[AI-Integration] Job 634afe66 analyzed via deepseek
[AI-Integration] Job b9b42a73 analyzed via deepseek
[AI-Integration] Job dba43dc5 analyzed via deepseek
[AI-Integration] Job 833cd8a1 analyzed via deepseek
[AI-Integration] Job 8af0fd05 analyzed via deepseek
[AI-Integration] Job b2b762b0 analyzed via deepseek
[AI-Integration] Job 24d55457 analyzed via deepseek
[AI-Integration] Job c60adcef analyzed via deepseek
[AI-Integration] Job 085f5e71 analyzed via deepseek
[AI-Integration] Job fc963687 analyzed via deepseek
[AI-Integration] Job 65c3e5ec analyzed via deepseek
[AI-Integration] Job 66064ac7 analyzed via deepseek
[AI-Integration] Job 7412a825 analyzed via deepseek
[AI-Integration] Job ba4d6537 analyzed via deepseek
[AI-Integration] Job 20335c7e analyzed via deepseek
[AI-Integration] Job b47834ef analyzed via deepseek
[AI-Integration] Job 862d61ed analyzed via deepseek
[AI-Integration] Job f85d7dff analyzed via deepseek
[AI-Integration] Job 56437b11 analyzed via deepseek
[AI-Integration] Job f3825026 analyzed via deepseek
[AI-Integration] Job c3a17794 analyzed via deepseek
[AI-Integration] Job 65caf478 analyzed via deepseek
[AI-Integration] Job 82f4238c analyzed via deepseek
[AI-Integration] Job 31e4e8c3 analyzed via deepseek
[AI-Integration] Job 78c61d35 analyzed via deepseek
[AI-Integration] Job f70fb227 analyzed via deepseek
[AI-Integration] Job 7ac2e73a analyzed via deepseek
[AI-Integration] Job 51d9e183 analyzed via deepseek
[AI-Integration] Job 4fbfee25 analyzed via deepseek
[AI-Integration] Job 4451a34c analyzed via deepseek
[AI-Integration] Job a0a1ada9 analyzed via deepseek
[AI-Integration] Job f98c6215 analyzed via deepseek
[AI-Integration] Job f1fdbfd4 analyzed via deepseek
[AI-Integration] Job 973bfa6b analyzed via deepseek
[AI-Integration] Job abbf3669 analyzed via deepseek
[AI-Integration] Job 6b0119be analyzed via deepseek
[AI-Integration] Job 7bd45000 analyzed via deepseek
[AI-Integration] Job 400d8393 analyzed via deepseek
[AI-Integration] Job fde599f2 analyzed via deepseek
[AI-Integration] Job 258e7435 analyzed via deepseek
[AI-Integration] Job b7bbe963 analyzed via deepseek
[AI-Integration] Job 04a6a3ee analyzed via deepseek
[AI-Integration] Job 35598fa8 analyzed via deepseek
[AI-Integration] Job 19f8f96b analyzed via deepseek
[AI-Integration] Job 4c30b750 analyzed via deepseek
[AI-Integration] Job 57a3b5f6 analyzed via deepseek
[AI-Integration] Job 56fa61aa analyzed via deepseek
[AI-Integration] Job 03e0d4be analyzed via deepseek
[AI-Integration] Job 976e1114 analyzed via deepseek
[AI-Integration] Job 58b3a96f analyzed via deepseek
[AI-Integration] Job 79a734e3 analyzed via deepseek
[AI-Integration] Job a083ae22 analyzed via deepseek
[AI-Integration] Job 5d3810b3 analyzed via deepseek
[AI-Integration] Job 9ec4e109 analyzed via deepseek
[AI-Integration] Job 32263de9 analyzed via deepseek
[AI-Integration] Job f9b5f23c analyzed via deepseek
[AI-Integration] Job dc8e5724 analyzed via deepseek
[AI-Integration] Job 49fbbed5 analyzed via deepseek
[AI-Integration] Job 535b9c8e analyzed via deepseek
[AI-Integration] Job 84ba77fe analyzed via deepseek
[AI-Integration] Job f98c6764 analyzed via deepseek
[AI-Integration] Job 0c574064 analyzed via deepseek
[AI-Integration] Job 08eb35c2 analyzed via deepseek
[AI-Integration] Job 7c59deb6 analyzed via deepseek
[AI-Integration] Job b435e9da analyzed via deepseek
[AI-Integration] Job 32fa348e analyzed via deepseek
[AI-Integration] Job ffa90516 analyzed via deepseek
[AI-Integration] Job 65cd776c analyzed via deepseek
[AI-Integration] Job 8d585158 analyzed via deepseek
[AI-Integration] Job 7dc132b1 analyzed via deepseek
[AI-Integration] Job 68fc1e17 analyzed via deepseek
[AI-Integration] Job 4c2342d7 analyzed via deepseek
[AI-Integration] Job 315743f9 analyzed via deepseek
[AI-Integration] Job f99221ca analyzed via deepseek
[AI-Integration] Job 8255dfb7 analyzed via deepseek
[AI-Integration] Job bc678ad7 analyzed via deepseek
[AI-Integration] Job abd76408 analyzed via deepseek
[AI-Integration] Job 0f21fbd7 analyzed via deepseek
[AI-Integration] Job 8fdc8fdc analyzed via deepseek
[AI-Integration] Job ddcc3787 analyzed via deepseek
[AI-Integration] Job 2c6a7465 analyzed via deepseek
[AI-Integration] Job bb0ca377 analyzed via deepseek
[AI-Integration] Job 7f598c48 analyzed via deepseek
[AI-Integration] Job 78242acd analyzed via deepseek
[AI-Integration] Job a714b888 analyzed via deepseek
[AI-Integration] Job c566c6ca analyzed via deepseek
[AI-Integration] Job 89eb70f6 analyzed via deepseek
[AI-Integration] Job 0eec5d2d analyzed via deepseek
[AI-Integration] Job 94f4ad85 analyzed via deepseek
[AI-Integration] Job 350ca784 analyzed via deepseek
[AI-Integration] Job c09ae596 analyzed via deepseek
[AI-Integration] Job a245ae57 analyzed via deepseek
[AI-Integration] Job ccec1f07 analyzed via deepseek
[AI-Integration] Job a40edd31 analyzed via deepseek
[AI-Integration] Job 6d0eae15 analyzed via deepseek
[AI-Integration] Job 6da25827 analyzed via deepseek
[AI-Integration] Job 5346c6ab analyzed via deepseek
[AI-Integration] Job bb484314 analyzed via deepseek
[AI-Integration] Job 7c8138fa analyzed via deepseek
[AI-Integration] Job 7ad214e3 analyzed via deepseek
[AI-Integration] Job 34bf2bf7 analyzed via deepseek
[AI-Integration] Job 8ba04e9c analyzed via deepseek
[AI-Integration] Job c31289b3 analyzed via deepseek
[AI-Integration] Job 11a4e355 analyzed via deepseek
[AI-Integration] Job bb0071e9 analyzed via deepseek
[AI-Integration] Job 624361c5 analyzed via deepseek
[AI-Integration] Job 276123f9 analyzed via deepseek
[AI-Integration] Job 344d4b4e analyzed via deepseek
[AI-Integration] Job 0f1f5ab3 analyzed via deepseek
[AI-Integration] Job f5c220a4 analyzed via deepseek
[AI-Integration] Job 9a00571a analyzed via deepseek
[AI-Integration] Job f7ace45b analyzed via deepseek
[AI-Integration] Job 26989aab analyzed via deepseek
[AI-Integration] Job 21c638ca analyzed via deepseek
[AI-Integration] Job eee8c631 analyzed via deepseek
[AI-Integration] Job 6e41247b analyzed via deepseek
[AI-Integration] Job 62699275 analyzed via deepseek
[AI-Integration] Job c011441e analyzed via deepseek
[AI-Integration] Job b9db7557 analyzed via deepseek
[AI-Integration] Job 063751aa analyzed via deepseek
[AI-Integration] Job 31713716 analyzed via deepseek
[AI-Integration] Job 0b215c59 analyzed via deepseek
[AI-Integration] Job 06f4633a analyzed via deepseek
[AI-Integration] Job 2d00c8e5 analyzed via deepseek
[AI-Integration] Job 8276971b analyzed via deepseek
[AI-Integration] Job 9e524109 analyzed via deepseek
[AI-Integration] Job ae948fed analyzed via deepseek
[AI-Integration] Job 4045ce14 analyzed via deepseek
[AI-Integration] Job 86bd0f1d analyzed via deepseek
[AI-Integration] Job 27dc1d94 analyzed via deepseek
[AI-Integration] Job b3146e3b analyzed via deepseek
[AI-Integration] Job b406b105 analyzed via deepseek
[AI-Integration] Job d0809786 analyzed via deepseek
[AI-Integration] Job ddd8e0c8 analyzed via deepseek
[AI-Integration] Job 91bcac2c analyzed via deepseek
[AI-Integration] Job c991653c analyzed via deepseek
[AI-Integration] Job f545182a analyzed via deepseek
[AI-Integration] Job 54dcc9d0 analyzed via deepseek
[AI-Integration] Job 4e783030 analyzed via deepseek
[AI-Integration] Job 18bfca57 analyzed via deepseek
[AI-Integration] Job 3edecf99 analyzed via deepseek
[AI-Integration] Job ebbebd84 analyzed via deepseek
[AI-Integration] Job 1cc12dd7 analyzed via deepseek
[AI-Integration] Job 079a2203 analyzed via deepseek
[AI-Integration] Job 6db58de2 analyzed via deepseek
[AI-Integration] Job d0434d59 analyzed via deepseek
[AI-Integration] Job e2449de2 analyzed via deepseek
[AI-Integration] Job bf72c536 analyzed via deepseek
[AI-Integration] Job fb80b948 analyzed via deepseek
[DEEPSEEK] All tasks completed
[AI] Analysis complete:
  Total analyzed: 200
  Successful: 200
  Failed: 0
  In progress: 0
  Queued: 0
[AI-Integration] Waiting for tasks to complete...
[AI-Integration] Stopped
[AI] ✓ DeepSeek integration stopped

[EVENT ROUTER] Statistics:
  Events routed: 4311
  Unknown cgroups: 0
  Queue overflows: 0

[MONITOR READER] Statistics:
  Lines read: 1065936
  Events parsed: 1065936
  Parse errors: 0

[WRAPPER] Total execution time: 246.86 seconds
Would you like to exit the wrapper? [y/N]: 
Monitor terminated.
[WRAPPER] Performing final docker cleanup (prune)...
[WRAPPER] ✓ Docker container prune completed
