[MPK] Protection Keys allocated: Config Key=1, FD Key=2
[CONFIG] Analysis logs will be written to: ../ELF_samples/benign_report/x86-i686/raw
[SCAN] Analyzing executables in: /home/zzh/Compass-Proj1/MirrorShield/ELF_samples/benign/x86-i686
[SCAN] Found 160 supported executable(s)
[INFO] Writing vulnerability reports to session file /home/zzh/Compass-Proj1/MirrorShield/Wrapper/report/report_session_2026-01-31_16-14-25_35a6089d.log

[POOL MODE] Using Docker pool with 6 concurrent workers
[POOL MODE] Queue strategy: grouped
[MONITOR] Starting global monitor process...
[MONITOR] Command: sudo /home/zzh/Compass-Proj1/MirrorShield/Wrapper/monitor
[CgroupManager] Warning: No BPF object and no pinned map found
[CgroupManager] Will use bpftool for map operations
[MONITOR] Global monitor started successfully (PID: 215210)
[MONITOR_READER] Started reading monitor output
[POOL MODE] Performing BPF health check and warm-up...
[POOL MODE] Step 1/3: Basic stabilization...
[POOL MODE] Step 2/3: Probe container test - warming up BPF...
[DOCKER] Selected image for libc=glibc: ubuntu:24.04
[POOL MODE] Probe: PID=215316, cgroup=74912
[CgroupManager] Added cgroup 74912 via bpftool
[CgroupManager] Removed cgroup 74912 via bpftool
[POOL MODE] ✓ Probe container completed - BPF warmed up
[POOL MODE] Step 3/3: Final stabilization (0.5s)...
[POOL MODE] ✓ BPF health check PASSED - ready for concurrent execution
Loaded Provider: deepseek | Model: deepseek-chat
[AI-Integration] Initialized with max_workers=6
[AI-Integration] Current Provider: deepseek
[AI-Integration] Started worker pool
[AI] ✓ DeepSeek AI analysis enabled (6 workers)
[DOCKER_POOL] Submitted 160 tasks to queue (queue size: 160)
[DOCKER_POOL] Starting 6 workers...
[DockerWorker-0] Starting: 930471f8a920fcb7db3051656eab004e4e9cd34276b10a14c4c7e4a143f64453 (3_32bit)
[DockerWorker-1] Starting: e1de67b3e91798433f0df76f45e52026953379795735359849664dd05ab24f5a (3_32bit)
[DockerWorker-2] Starting: 8ea0d447b0c9bd2f113f5e5e28698201fc1411f65151fb9119fc4782200c4d8a (3_32bit)
[DockerWorker-3] Starting: da0f85920062c2d4dafd74d77cd99c8b2ede3c4c31bb036f0b6bd310580a3b73 (3_32bit)
[DockerWorker-4] Starting: a0c0bfccb2b2ca667bbc7ec752cadb05671ce81855f41ad86227a4b50d128781 (3_32bit)
[DockerWorker-5] Starting: 70103bcdfebc68f2b2ae9833b0d63598be386eced43cb8fb4b66e774a4f7fe77 (3_32bit)
[ANALYSISLOG] da0f85920062c2d4dafd74d77cd99c8b2ede3c4c31bb036f0b6bd310580a3b73 -> ../ELF_samples/benign_report/x86-i686/raw/da0f85920062c2d4dafd74d77cd99c8b2ede3c4c31bb036f0b6bd310580a3b73_2026-01-31_16-14-32_db5d61a4.jsonl
[DOCKER] Selected image for libc=glibc: custom/i386-qemu
[ANALYSISLOG] 930471f8a920fcb7db3051656eab004e4e9cd34276b10a14c4c7e4a143f64453 -> ../ELF_samples/benign_report/x86-i686/raw/930471f8a920fcb7db3051656eab004e4e9cd34276b10a14c4c7e4a143f64453_2026-01-31_16-14-32_7b0f86aa.jsonl
[DOCKER] Selected image for libc=glibc: custom/i386-qemu
[ANALYSISLOG] 8ea0d447b0c9bd2f113f5e5e28698201fc1411f65151fb9119fc4782200c4d8a -> ../ELF_samples/benign_report/x86-i686/raw/8ea0d447b0c9bd2f113f5e5e28698201fc1411f65151fb9119fc4782200c4d8a_2026-01-31_16-14-32_b356788e.jsonl
[DOCKER] Selected image for libc=glibc: custom/i386-qemu
[DOCKER_POOL] 6 workers started
[DOCKER_POOL] Waiting for all tasks to complete...
[ANALYSISLOG] a0c0bfccb2b2ca667bbc7ec752cadb05671ce81855f41ad86227a4b50d128781 -> ../ELF_samples/benign_report/x86-i686/raw/a0c0bfccb2b2ca667bbc7ec752cadb05671ce81855f41ad86227a4b50d128781_2026-01-31_16-14-32_268ea48e.jsonl
[DOCKER] Selected image for libc=glibc: custom/i386-qemu
[ANALYSISLOG] e1de67b3e91798433f0df76f45e52026953379795735359849664dd05ab24f5a -> ../ELF_samples/benign_report/x86-i686/raw/e1de67b3e91798433f0df76f45e52026953379795735359849664dd05ab24f5a_2026-01-31_16-14-32_cd8cecc8.jsonl
[DOCKER] Selected image for libc=glibc: custom/i386-qemu
[ANALYSISLOG] 70103bcdfebc68f2b2ae9833b0d63598be386eced43cb8fb4b66e774a4f7fe77 -> ../ELF_samples/benign_report/x86-i686/raw/70103bcdfebc68f2b2ae9833b0d63598be386eced43cb8fb4b66e774a4f7fe77_2026-01-31_16-14-32_8e180d8f.jsonl
[DOCKER] Selected image for libc=glibc: custom/i386-qemu
[CgroupManager] Added cgroup 75084 via bpftool
[CgroupManager] Added cgroup 75428 via bpftool
[CgroupManager] Added cgroup 75342 via bpftool
[EventRouter] DEBUG: EXEC #33 filename='/bin/true', triggers=['930471f8a920fcb7db3051656eab004e4e9cd34276b10a14c4c7e4a143f64453', '/tmp/930471f8a920fcb7db3051656eab004e4e9cd34276b10a14c4c7e4a143f64453']
[EventRouter] DEBUG: EXEC #49 filename='/bin/true', triggers=['8ea0d447b0c9bd2f113f5e5e28698201fc1411f65151fb9119fc4782200c4d8a', '/tmp/8ea0d447b0c9bd2f113f5e5e28698201fc1411f65151fb9119fc4782200c4d8a']
[CgroupManager] Added cgroup 75256 via bpftool
[CgroupManager] Added cgroup 74998 via bpftool
[CgroupManager] Added cgroup 75170 via bpftool
[EventRouter] DEBUG: EXEC #34 filename='/bin/true', triggers=['a0c0bfccb2b2ca667bbc7ec752cadb05671ce81855f41ad86227a4b50d128781', '/tmp/a0c0bfccb2b2ca667bbc7ec752cadb05671ce81855f41ad86227a4b50d128781']
[EventRouter] DEBUG: EXEC #50 filename='/bin/true', triggers=['e1de67b3e91798433f0df76f45e52026953379795735359849664dd05ab24f5a', '/tmp/e1de67b3e91798433f0df76f45e52026953379795735359849664dd05ab24f5a']
[EventRouter] DEBUG: EXEC #50 filename='/bin/true', triggers=['da0f85920062c2d4dafd74d77cd99c8b2ede3c4c31bb036f0b6bd310580a3b73', '/tmp/da0f85920062c2d4dafd74d77cd99c8b2ede3c4c31bb036f0b6bd310580a3b73']
[EventRouter] ARM detected at event 132 for cgroup 75084
[EventRouter] Discarded 131 pre-ARM events for cgroup 75084
[EventRouter] ARM detected at event 131 for cgroup 75256
[EventRouter] Discarded 130 pre-ARM events for cgroup 75256
[EventRouter] ARM detected at event 147 for cgroup 75342
[EventRouter] Discarded 146 pre-ARM events for cgroup 75342
[DOCKER] Container exit code: 0
[DOCKER][STDOUT] BEGIN
Available commands:
  add_key              adds a key to the user's keyring
  get_policy           get the encryption for directories
  new_session          give the invoking process a new session keyring
  set_policy           sets a policy for directories

To get more information on a command, type 'e4crypt help cmd'
[DOCKER][STDOUT] END
[DOCKER] Raw stdout saved: ../ELF_samples/benign_report/x86-i686/raw/930471f8a920fcb7db3051656eab004e4e9cd34276b10a14c4c7e4a143f64453_2026-01-31_16-14-32_7b0f86aa_container_stdout.txt
[DOCKER] Container exit code: 1
[DOCKER][STDOUT] BEGIN
Please specify at least one package name on the command line.
[DOCKER][STDOUT] END
[DOCKER] Raw stdout saved: ../ELF_samples/benign_report/x86-i686/raw/8ea0d447b0c9bd2f113f5e5e28698201fc1411f65151fb9119fc4782200c4d8a_2026-01-31_16-14-32_b356788e_container_stdout.txt
[EventRouter] ARM detected at event 170 for cgroup 75428
[EventRouter] Discarded 169 pre-ARM events for cgroup 75428
[EventRouter] ARM detected at event 151 for cgroup 74998
[EventRouter] Discarded 150 pre-ARM events for cgroup 74998
[DOCKER] Container exit code: 0
[EventRouter] ARM detected at event 166 for cgroup 75170
[EventRouter] Discarded 165 pre-ARM events for cgroup 75170
[DOCKER] Container exit code: 0
[DOCKER] Container exit code: 0
[DOCKER][STDOUT] BEGIN
TARGET                                            SOURCE                                                                                                                  FSTYPE  OPTIONS
/                                                 overlay                                                                                                                 overlay rw,relatime,lowerdir=/var/lib/docker/overlay2/l/PFWZGYODMKVHVABILW27TOFWWQ:/var/lib/docker/overlay2/l/5QE3NEDNMLGPKJY4UTAX7X7KHR:/var/lib/docker/overlay2/l/2MINEIDYTVD7DTKSNST4WL774H:/var/lib/docker/overlay2/l/CONTOOYWUMWD35GYWGVXKHBNY6:/var/lib/docker/overlay2/l/BKIRNB2B7UI66HLUYZYBYKQ3F4:/var/lib/docker/overlay2/l/6OY5YBJU4COACYI4L6X6Z57BYP:/var/lib/docker/overlay2/l/DW6AFWBZLB7QAEY4CWLT6J7ZFT,upperdir=/var/lib/docker/overlay2/683d0b24d75fb16f1a03d21dbd78b4a0d11912f272950ac4110c6fbfe4cfa06f/diff,workdir=/var/lib/docker/overlay2/683d0b24d75fb16f1a03d21dbd78b4a0d11912f272950ac4110c6fbfe4cfa06f/work,nouserxattr
|-/usr/sbin/docker-init                           /dev/nvme0n1p9[/usr/bin/docker-init]                                                                                    ext4    ro,relatime
|-/etc/resolv.conf                                /dev/nvme0n1p9[/var/lib/docker/containers/bd5afa9793c20b232a2e03971e1cd52e33f8d9a184dbf66fc40023385599a68a/resolv.conf] ext4    rw,relatime
|-/etc/hostname                                   /dev/nvme0n1p9[/var/lib/docker/containers/bd5afa9793c20b232a2e03971e1cd52e33f8d9a184dbf66fc40023385599a68a/hostname]    ext4    rw,relatime
|-/etc/hosts                                      /dev/nvme0n1p9[/var/lib/docker/containers/bd5afa9793c20b232a2e03971e1cd52e33f8d9a184dbf66fc40023385599a68a/hosts]       ext4    rw,relatime
|-/proc                                           proc                                                                                                                    proc    rw,nosuid,nodev,noexec,relatime
| |-/proc/bus                                     proc[/bus]                                                                                                              proc    ro,nosuid,nodev,noexec,relatime
| |-/proc/fs                                      proc[/fs]                                                                                                               proc    ro,nosuid,nodev,noexec,relatime
| |-/proc/irq                                     proc[/irq]                                                                                                              proc    ro,nosuid,nodev,noexec,relatime
| |-/proc/sys                                     proc[/sys]                                                                                                              proc    ro,nosuid,nodev,noexec,relatime
| |-/proc/sysrq-trigger                           proc[/sysrq-trigger]                                                                                                    proc    ro,nosuid,nodev,noexec,relatime
| |-/proc/asound                                  tmpfs                                                                                                                   tmpfs   ro,relatime,inode64
| |-/proc/acpi                                    tmpfs                                                                                                                   tmpfs   ro,relatime,inode64
| |-/proc/interrupts                              tmpfs[/null]                                                                                                            tmpfs   rw,nosuid,size=65536k,mode=755,inode64
| |-/proc/kcore                                   tmpfs[/null]                                                                                                            tmpfs   rw,nosuid,size=65536k,mode=755,inode64
| |-/proc/keys                                    tmpfs[/null]                                                                                                            tmpfs   rw,nosuid,size=65536k,mode=755,inode64
| |-/proc/latency_stats                           tmpfs[/null]                                                                                                            tmpfs   rw,nosuid,size=65536k,mode=755,inode64
| |-/proc/timer_list                              tmpfs[/null]                                                                                                            tmpfs   rw,nosuid,size=65536k,mode=755,inode64
| `-/proc/scsi                                    tmpfs                                                                                                                   tmpfs   ro,relatime,inode64
|-/dev                                            tmpfs                                                                                                                   tmpfs   rw,nosuid,size=65536k,mode=755,inode64
| |-/dev/pts                                      devpts                                                                                                                  devpts  rw,nosuid,noexec,relatime,gid=5,mode=620,ptmxmode=666
| |-/dev/mqueue                                   mqueue                                                                                                                  mqueue  rw,nosuid,nodev,noexec,relatime
| `-/dev/shm                                      shm                                                                                                                     tmpfs   rw,nosuid,nodev,noexec,relatime,size=65536k,inode64
`-/sys                                            sysfs                                                                                                                   sysfs   ro,nosuid,nodev,noexec,relatime
  |-/sys/firmware                                 tmpfs                                                                                                                   tmpfs   ro,relatime,inode64
  |-/sys/devices/virtual/powercap                 tmpfs                                                                                                                   tmpfs   ro,relatime,inode64
  |-/sys/devices/system/cpu/cpu0/thermal_throttle tmpfs                                                                                                                   tmpfs   ro,relatime,inode64
  |-/sys/devices/system/cpu/cpu1/thermal_throttle tmpfs                                                                                                                   tmpfs   ro,relatime,inode64
  |-/sys/devices/system/cpu/cpu2/thermal_throttle tmpfs                                                                                                                   tmpfs   ro,relatime,inode64
  |-/sys/devices/system/cpu/cpu3/thermal_throttle tmpfs                                                                                                                   tmpfs   ro,relatime,inode64
  |-/sys/devices/system/cpu/cpu4/thermal_throttle tmpfs                                                                                                                   tmpfs   ro,relatime,inode64
  |-/sys/devices/system/cpu/cpu5/thermal_throttle tmpfs                                                                                                                   tmpfs   ro,relatime,inode64
  |-/sys/devices/system/cpu/cpu6/thermal_throttle tmpfs                                                                                                                   tmpfs   ro,relatime,inode64
  |-/sys/devices/system/cpu/cpu7/thermal_throttle tmpfs                                                                                                                   tmpfs   ro,relatime,inode64
  `-/sys/fs/cgroup                                cgroup                                                                                                                  cgroup2 ro,nosuid,nodev,noexec,relatime,nsdelegate,memory_recursiveprot
[DOCKER][STDOUT] END
[DOCKER] Raw stdout saved: ../ELF_samples/benign_report/x86-i686/raw/70103bcdfebc68f2b2ae9833b0d63598be386eced43cb8fb4b66e774a4f7fe77_2026-01-31_16-14-32_8e180d8f_container_stdout.txt
[DOCKER] Container exit code: 134
[DOCKER][STDOUT] BEGIN
whoami: canonical hostname is invalid.

Leafnode must have a fully-qualified domain name,
not just "7b86064316c6".
Edit your /etc/hosts file to add a fully qualified domain name.



Leafnode must have a fully-qualified domain name,
not just "7b86064316c6".
Edit your /etc/hosts file to add a fully qualified domain name.

qemu: uncaught target signal 6 (Aborted) - core dumped
Aborted (core dumped)
[DOCKER][STDOUT] END
[DOCKER] Raw stdout saved: ../ELF_samples/benign_report/x86-i686/raw/a0c0bfccb2b2ca667bbc7ec752cadb05671ce81855f41ad86227a4b50d128781_2026-01-31_16-14-32_268ea48e_container_stdout.txt
[POOL] Collected 7 events for analysis (read from log file)
[POOL] Running analyzers on 7 events for 930471f8a920fcb7db3051656eab004e4e9cd34276b10a14c4c7e4a143f64453
[POOL] Analysis completed: 0 findings in 0.00s (6386 events/s)
[AI-Integration] Submitted task: 7b0f86aa
[AI] 7b0f86aa queued for DeepSeek analysis
[POOL] Collected 9 events for analysis (read from log file)
[POOL] Running analyzers on 9 events for 8ea0d447b0c9bd2f113f5e5e28698201fc1411f65151fb9119fc4782200c4d8a
[POOL] Analysis completed: 0 findings in 0.00s (8416 events/s)
[AI-Integration] Submitted task: b356788e
[AI] b356788e queued for DeepSeek analysis
[CgroupManager] Removed cgroup 75084 via bpftool
[POOL] Cleanup scheduled for d9e220cd334a
[DockerWorker-0] ✓ Completed: 930471f8a920fcb7db3051656eab004e4e9cd34276b10a14c4c7e4a143f64453 (7 events) (1.10s)
[DockerWorker-0] Starting: 1864a0dba4000cbffbf77fd9151c2e7766e9dd8d5b92f2c87a0ce3777395dc07 (3_32bit)
[ANALYSISLOG] 1864a0dba4000cbffbf77fd9151c2e7766e9dd8d5b92f2c87a0ce3777395dc07 -> ../ELF_samples/benign_report/x86-i686/raw/1864a0dba4000cbffbf77fd9151c2e7766e9dd8d5b92f2c87a0ce3777395dc07_2026-01-31_16-14-33_6653b997.jsonl
[DOCKER] Selected image for libc=glibc: custom/i386-qemu
[CgroupManager] Removed cgroup 75342 via bpftool
[POOL] Cleanup scheduled for a974c9744b1b
[DockerWorker-2] ✓ Completed: 8ea0d447b0c9bd2f113f5e5e28698201fc1411f65151fb9119fc4782200c4d8a (9 events) (1.11s)
[DockerWorker-2] Starting: 3d609a2d99f87539362dbe445dbe8e3ebe5589063ce07792da0747c160139aeb (3_32bit)
[ANALYSISLOG] 3d609a2d99f87539362dbe445dbe8e3ebe5589063ce07792da0747c160139aeb -> ../ELF_samples/benign_report/x86-i686/raw/3d609a2d99f87539362dbe445dbe8e3ebe5589063ce07792da0747c160139aeb_2026-01-31_16-14-33_f1e3772a.jsonl
[DOCKER] Selected image for libc=glibc: custom/i386-qemu
[POOL] Collected 6 events for analysis (read from log file)
[POOL] Running analyzers on 6 events for e1de67b3e91798433f0df76f45e52026953379795735359849664dd05ab24f5a
[POOL] Analysis completed: 0 findings in 0.00s (5723 events/s)
[AI-Integration] Submitted task: cd8cecc8
[AI] cd8cecc8 queued for DeepSeek analysis
[CgroupManager] Removed cgroup 74998 via bpftool
[POOL] Cleanup scheduled for 9d8eeaa07e33
[DockerWorker-1] ✓ Completed: e1de67b3e91798433f0df76f45e52026953379795735359849664dd05ab24f5a (6 events) (1.17s)
[DockerWorker-1] Starting: eacdd633da4bd13a4f5ab3f8eac4e40e0a8b001b1a6dee84dc9fe08d8c3bdf2b (3_32bit)
[POOL] Collected 6 events for analysis (read from log file)
[POOL] Running analyzers on 6 events for da0f85920062c2d4dafd74d77cd99c8b2ede3c4c31bb036f0b6bd310580a3b73
[POOL] Analysis completed: 0 findings in 0.00s (5665 events/s)
[ANALYSISLOG] eacdd633da4bd13a4f5ab3f8eac4e40e0a8b001b1a6dee84dc9fe08d8c3bdf2b -> ../ELF_samples/benign_report/x86-i686/raw/eacdd633da4bd13a4f5ab3f8eac4e40e0a8b001b1a6dee84dc9fe08d8c3bdf2b_2026-01-31_16-14-33_8604d61b.jsonl
[DOCKER] Selected image for libc=glibc: custom/i386-qemu
[AI-Integration] Submitted task: db5d61a4
[AI] db5d61a4 queued for DeepSeek analysis
[POOL] Collected 12 events for analysis (read from log file)
[POOL] Running analyzers on 12 events for 70103bcdfebc68f2b2ae9833b0d63598be386eced43cb8fb4b66e774a4f7fe77
[POOL] Analysis completed: 0 findings in 0.00s (11114 events/s)
[AI-Integration] Submitted task: 8e180d8f
[AI] 8e180d8f queued for DeepSeek analysis
[CgroupManager] Removed cgroup 75170 via bpftool
[POOL] Cleanup scheduled for 28dbf3fc9f79
[DockerWorker-3] ✓ Completed: da0f85920062c2d4dafd74d77cd99c8b2ede3c4c31bb036f0b6bd310580a3b73 (6 events) (1.20s)
[DockerWorker-3] Starting: 828134e275ff73b34716893135c55f8f26327fe6a4f26fd2be4ebeab908549cf (3_32bit)
[ANALYSISLOG] 828134e275ff73b34716893135c55f8f26327fe6a4f26fd2be4ebeab908549cf -> ../ELF_samples/benign_report/x86-i686/raw/828134e275ff73b34716893135c55f8f26327fe6a4f26fd2be4ebeab908549cf_2026-01-31_16-14-34_8bcac88b.jsonl
[DOCKER] Selected image for libc=glibc: custom/i386-qemu
[POOL] Collected 24 events for analysis (read from log file)
[POOL] Running analyzers on 24 events for a0c0bfccb2b2ca667bbc7ec752cadb05671ce81855f41ad86227a4b50d128781
[POOL] Analysis completed: 0 findings in 0.00s (21155 events/s)
[AI-Integration] Submitted task: 268ea48e
[AI] 268ea48e queued for DeepSeek analysis
[CgroupManager] Removed cgroup 75428 via bpftool
[POOL] Cleanup scheduled for bd5afa9793c2
[DockerWorker-5] ✓ Completed: 70103bcdfebc68f2b2ae9833b0d63598be386eced43cb8fb4b66e774a4f7fe77 (12 events) (1.21s)
[DockerWorker-5] Starting: 51754feb84b4b39d8ef546669d6fc03674a9fcad9ad1ecd79135ed243a366e5f (3_32bit)
[ANALYSISLOG] 51754feb84b4b39d8ef546669d6fc03674a9fcad9ad1ecd79135ed243a366e5f -> ../ELF_samples/benign_report/x86-i686/raw/51754feb84b4b39d8ef546669d6fc03674a9fcad9ad1ecd79135ed243a366e5f_2026-01-31_16-14-34_38239200.jsonl
[DOCKER] Selected image for libc=glibc: custom/i386-qemu
[CgroupManager] Removed cgroup 75256 via bpftool
[POOL] Cleanup scheduled for 7b86064316c6
[DockerWorker-4] ✗ Failed: a0c0bfccb2b2ca667bbc7ec752cadb05671ce81855f41ad86227a4b50d128781 - Crashed: Signal 6 (Exit code 134) (1.24s)
[DockerWorker-4] Starting: 9208b73e0f648ebd9fd8adbe1ac3cbee937dc131e79b61cb2cccbb726f20eab5 (3_32bit)
[ANALYSISLOG] 9208b73e0f648ebd9fd8adbe1ac3cbee937dc131e79b61cb2cccbb726f20eab5 -> ../ELF_samples/benign_report/x86-i686/raw/9208b73e0f648ebd9fd8adbe1ac3cbee937dc131e79b61cb2cccbb726f20eab5_2026-01-31_16-14-34_ca318fb6.jsonl
[DOCKER] Selected image for libc=glibc: custom/i386-qemu
[CgroupManager] Added cgroup 75514 via bpftool
[CgroupManager] Added cgroup 75600 via bpftool
[EventRouter] DEBUG: EXEC #33 filename='/bin/true', triggers=['1864a0dba4000cbffbf77fd9151c2e7766e9dd8d5b92f2c87a0ce3777395dc07', '/tmp/1864a0dba4000cbffbf77fd9151c2e7766e9dd8d5b92f2c87a0ce3777395dc07']
[EventRouter] DEBUG: EXEC #49 filename='/bin/true', triggers=['3d609a2d99f87539362dbe445dbe8e3ebe5589063ce07792da0747c160139aeb', '/tmp/3d609a2d99f87539362dbe445dbe8e3ebe5589063ce07792da0747c160139aeb']
[CgroupManager] Added cgroup 75686 via bpftool
[CgroupManager] Added cgroup 75772 via bpftool
[CgroupManager] Added cgroup 75858 via bpftool
[CgroupManager] Added cgroup 75944 via bpftool
[EventRouter] DEBUG: EXEC #33 filename='/bin/true', triggers=['eacdd633da4bd13a4f5ab3f8eac4e40e0a8b001b1a6dee84dc9fe08d8c3bdf2b', '/tmp/eacdd633da4bd13a4f5ab3f8eac4e40e0a8b001b1a6dee84dc9fe08d8c3bdf2b']
[EventRouter] DEBUG: EXEC #49 filename='/bin/true', triggers=['828134e275ff73b34716893135c55f8f26327fe6a4f26fd2be4ebeab908549cf', '/tmp/828134e275ff73b34716893135c55f8f26327fe6a4f26fd2be4ebeab908549cf']
[EventRouter] DEBUG: EXEC #50 filename='/bin/true', triggers=['51754feb84b4b39d8ef546669d6fc03674a9fcad9ad1ecd79135ed243a366e5f', '/tmp/51754feb84b4b39d8ef546669d6fc03674a9fcad9ad1ecd79135ed243a366e5f']
[EventRouter] DEBUG: EXEC #49 filename='/bin/true', triggers=['9208b73e0f648ebd9fd8adbe1ac3cbee937dc131e79b61cb2cccbb726f20eab5', '/tmp/9208b73e0f648ebd9fd8adbe1ac3cbee937dc131e79b61cb2cccbb726f20eab5']
[EventRouter] ARM detected at event 131 for cgroup 75514
[EventRouter] Discarded 130 pre-ARM events for cgroup 75514
[EventRouter] ARM detected at event 147 for cgroup 75600
[EventRouter] Discarded 146 pre-ARM events for cgroup 75600
[DOCKER] Container exit code: 1
[DOCKER][STDOUT] BEGIN

Wireshark - 1864a0dba4000cbffbf77fd9151c2e7766e9dd8d5b92f2c87a0ce3777395dc07 v0.1.0

Usage:
 /tmp/1864a0dba4000cbffbf77fd9151c2e7766e9dd8d5b92f2c87a0ce3777395dc07 --extcap-interfaces
 /tmp/1864a0dba4000cbffbf77fd9151c2e7766e9dd8d5b92f2c87a0ce3777395dc07 --extcap-interface=randpkt --extcap-dlts
 /tmp/1864a0dba4000cbffbf77fd9151c2e7766e9dd8d5b92f2c87a0ce3777395dc07 --extcap-interface=randpkt --extcap-config
 /tmp/1864a0dba4000cbffbf77fd9151c2e7766e9dd8d5b92f2c87a0ce3777395dc07 --extcap-interface=randpkt --type dns --count 10 --fifo=FILENAME --capture

Options:
	--extcap-interfaces: list the extcap Interfaces
	--extcap-dlts: list the DLTs
	--extcap-interface <iface>: specify the extcap interface
	--extcap-config: list the additional configuration for an interface
	--capture: run the capture
	--extcap-capture-filter <filter>: the capture filter
	--fifo <file>: dump data to file or fifo
	--extcap-version: print tool version
	--debug: print additional messages
	--debug-file: print debug messages to file
	--help: print this help
	--version: print the version
	--maxbytes <bytes>: max bytes per pack
	--count <num>: number of packets to generate
	--random-type: one random type is chosen for all packets
	--all-random: a random type is chosen for each packet
	--type <type>: the packet type


Packet types:
	arp             Address Resolution Protocol
	bgp             Border Gateway Protocol
	bvlc            BACnet Virtual Link Control
	dns             Domain Name Service
	eth             Ethernet
	fddi            Fiber Distributed Data Interface
	giop            General Inter-ORB Protocol
	icmp            Internet Control Message Protocol
	ieee802.15.4    IEEE 802.15.4
	ip              Internet Protocol
	ipv6            Internet Protocol Version 6
	llc             Logical Link Control
	m2m             WiMAX M2M Encapsulation Protocol
	megaco          MEGACO
	nbns            NetBIOS-over-TCP Name Service
	ncp2222         NetWare Core Protocol
	sctp            Stream Control Transmission Protocol
	syslog          Syslog message
	tds             TDS NetLib
	tcp             Transmission Control Protocol
	tr              Token-Ring
	udp             User Datagram Protocol
	usb-linux       Universal Serial Bus with Linux specific header
[DOCKER][STDOUT] END
[DOCKER] Raw stdout saved: ../ELF_samples/benign_report/x86-i686/raw/1864a0dba4000cbffbf77fd9151c2e7766e9dd8d5b92f2c87a0ce3777395dc07_2026-01-31_16-14-33_6653b997_container_stdout.txt
[EventRouter] ARM detected at event 164 for cgroup 75944
[EventRouter] Discarded 163 pre-ARM events for cgroup 75944
[DOCKER] Container exit code: 100
[DOCKER][STDOUT] BEGIN
s6-dnsip6: usage: s6-dnsip6 [ -q ] [ -r ] [ -t timeout ] domain
[DOCKER][STDOUT] END
[DOCKER] Raw stdout saved: ../ELF_samples/benign_report/x86-i686/raw/9208b73e0f648ebd9fd8adbe1ac3cbee937dc131e79b61cb2cccbb726f20eab5_2026-01-31_16-14-34_ca318fb6_container_stdout.txt
[EventRouter] ARM detected at event 150 for cgroup 75772
[EventRouter] Discarded 149 pre-ARM events for cgroup 75772
[EventRouter] ARM detected at event 133 for cgroup 75686
[EventRouter] Discarded 132 pre-ARM events for cgroup 75686
[DOCKER] Container exit code: 1
[DOCKER][STDOUT] BEGIN
transmission-cli 2.94 (d8e60ee44f)
A fast and easy BitTorrent client

Usage: transmission-cli [options] <file|url|magnet>

Options:
 -h  --help                          Display this help page and exit
 -b  --blocklist                     Enable peer blocklists
 -B  --no-blocklist                  Disable peer blocklists
 -d  --downlimit            <speed>  Set max download speed in kB/s
 -D  --no-downlimit                  Don't limit the download speed
 -er --encryption-required           Encrypt all peer connections
 -ep --encryption-preferred          Prefer encrypted peer connections
 -et --encryption-tolerated          Prefer unencrypted peer connections
 -f  --finish               <script> Run a script when the torrent finishes
 -g  --config-dir           <path>   Where to find configuration files
 -m  --portmap                       Enable portmapping via NAT-PMP or UPnP
 -M  --no-portmap                    Disable portmapping
 -p  --port                 <port>   Port for incoming peers (Default: 51413)
 -t  --tos                  <tos>    Peer socket TOS (0 to 255,
                                     default=default)
 -u  --uplimit              <speed>  Set max upload speed in kB/s
 -U  --no-uplimit                    Don't limit the upload speed
 -v  --verify                        Verify the specified torrent
 -V  --version                       Show version number and exit
 -w  --download-dir         <path>   Where to save downloaded data
[DOCKER][STDOUT] END
[DOCKER] Raw stdout saved: ../ELF_samples/benign_report/x86-i686/raw/828134e275ff73b34716893135c55f8f26327fe6a4f26fd2be4ebeab908549cf_2026-01-31_16-14-34_8bcac88b_container_stdout.txt
[DOCKER] Container exit code: 134
[DOCKER][STDOUT] BEGIN
whoami: canonical hostname is invalid.

Leafnode must have a fully-qualified domain name,
not just "15aa5fda7641".
Edit your /etc/hosts file to add a fully qualified domain name.



Leafnode must have a fully-qualified domain name,
not just "15aa5fda7641".
Edit your /etc/hosts file to add a fully qualified domain name.

qemu: uncaught target signal 6 (Aborted) - core dumped
Aborted (core dumped)
[DOCKER][STDOUT] END
[DOCKER] Raw stdout saved: ../ELF_samples/benign_report/x86-i686/raw/3d609a2d99f87539362dbe445dbe8e3ebe5589063ce07792da0747c160139aeb_2026-01-31_16-14-33_f1e3772a_container_stdout.txt
[EventRouter] ARM detected at event 150 for cgroup 75858
[EventRouter] Discarded 149 pre-ARM events for cgroup 75858
[DOCKER] Container exit code: 2
[DOCKER][STDOUT] BEGIN
crontab 4.5
crontab file [-u user]  replace crontab from file
crontab -  [-u user]    replace crontab from stdin
crontab -l [-u user]    list crontab
crontab -e [-u user]    edit crontab
crontab -d [-u user]    delete crontab
crontab -c dir <opts>   specify crontab directory
[DOCKER][STDOUT] END
[DOCKER] Raw stdout saved: ../ELF_samples/benign_report/x86-i686/raw/51754feb84b4b39d8ef546669d6fc03674a9fcad9ad1ecd79135ed243a366e5f_2026-01-31_16-14-34_38239200_container_stdout.txt
[DOCKER] Container exit code: 0
[POOL] Collected 7 events for analysis (read from log file)
[POOL] Running analyzers on 7 events for 1864a0dba4000cbffbf77fd9151c2e7766e9dd8d5b92f2c87a0ce3777395dc07
[POOL] Analysis completed: 0 findings in 0.00s (6408 events/s)
[AI-Integration] Submitted task: 6653b997
[AI] 6653b997 queued for DeepSeek analysis
[CgroupManager] Removed cgroup 75514 via bpftool
[POOL] Cleanup scheduled for 516a6115e54e
[DockerWorker-0] ✓ Completed: 1864a0dba4000cbffbf77fd9151c2e7766e9dd8d5b92f2c87a0ce3777395dc07 (7 events) (1.18s)
[DockerWorker-0] Starting: 5e9c397a59709b27027bd3f93323060d3f42b915997029c921888d7b9591d14e (3_32bit)
[ANALYSISLOG] 5e9c397a59709b27027bd3f93323060d3f42b915997029c921888d7b9591d14e -> ../ELF_samples/benign_report/x86-i686/raw/5e9c397a59709b27027bd3f93323060d3f42b915997029c921888d7b9591d14e_2026-01-31_16-14-35_6608cda7.jsonl
[DOCKER] Selected image for libc=glibc: custom/i386-qemu
[POOL] Collected 7 events for analysis (read from log file)
[POOL] Running analyzers on 7 events for 9208b73e0f648ebd9fd8adbe1ac3cbee937dc131e79b61cb2cccbb726f20eab5
[POOL] Analysis completed: 0 findings in 0.00s (6564 events/s)
[AI-Integration] Submitted task: ca318fb6
[AI] ca318fb6 queued for DeepSeek analysis
[CgroupManager] Removed cgroup 75944 via bpftool
[POOL] Cleanup scheduled for cb271929ea97
[DockerWorker-4] ✓ Completed: 9208b73e0f648ebd9fd8adbe1ac3cbee937dc131e79b61cb2cccbb726f20eab5 (7 events) (1.12s)
[DockerWorker-4] Starting: 742128fdc0254170e3ebce63522c5913a944503691eeef6defd9a373ab459f03 (3_32bit)
[ANALYSISLOG] 742128fdc0254170e3ebce63522c5913a944503691eeef6defd9a373ab459f03 -> ../ELF_samples/benign_report/x86-i686/raw/742128fdc0254170e3ebce63522c5913a944503691eeef6defd9a373ab459f03_2026-01-31_16-14-35_522a93f2.jsonl
[DOCKER] Selected image for libc=glibc: custom/i386-qemu
[POOL] Collected 6 events for analysis (read from log file)
[POOL] Running analyzers on 6 events for 828134e275ff73b34716893135c55f8f26327fe6a4f26fd2be4ebeab908549cf
[POOL] Analysis completed: 0 findings in 0.00s (5754 events/s)
[AI-Integration] Submitted task: 8bcac88b
[AI] 8bcac88b queued for DeepSeek analysis
[POOL] Collected 26 events for analysis (read from log file)
[POOL] Running analyzers on 26 events for 3d609a2d99f87539362dbe445dbe8e3ebe5589063ce07792da0747c160139aeb
[POOL] Analysis completed: 0 findings in 0.00s (23191 events/s)
[AI-Integration] Submitted task: f1e3772a
[AI] f1e3772a queued for DeepSeek analysis
[CgroupManager] Removed cgroup 75772 via bpftool
[POOL] Cleanup scheduled for 2810787cdf3f
[DockerWorker-3] ✓ Completed: 828134e275ff73b34716893135c55f8f26327fe6a4f26fd2be4ebeab908549cf (6 events) (1.20s)
[DockerWorker-3] Starting: 2276fa7b353f9fcd45a638e6f747d722ffc43a8b11696168f47fd49f079b4966 (3_32bit)
[ANALYSISLOG] 2276fa7b353f9fcd45a638e6f747d722ffc43a8b11696168f47fd49f079b4966 -> ../ELF_samples/benign_report/x86-i686/raw/2276fa7b353f9fcd45a638e6f747d722ffc43a8b11696168f47fd49f079b4966_2026-01-31_16-14-35_424bf68e.jsonl
[DOCKER] Selected image for libc=glibc: custom/i386-qemu
[CgroupManager] Removed cgroup 75600 via bpftool
[POOL] Cleanup scheduled for 15aa5fda7641
[DockerWorker-2] ✗ Failed: 3d609a2d99f87539362dbe445dbe8e3ebe5589063ce07792da0747c160139aeb - Crashed: Signal 6 (Exit code 134) (1.29s)
[DockerWorker-2] Starting: 3b248ac038de6d1c39da8a1f4179ff5175805b674c8ebd9f25aef6f2a1aa2eab (3_32bit)
[ANALYSISLOG] 3b248ac038de6d1c39da8a1f4179ff5175805b674c8ebd9f25aef6f2a1aa2eab -> ../ELF_samples/benign_report/x86-i686/raw/3b248ac038de6d1c39da8a1f4179ff5175805b674c8ebd9f25aef6f2a1aa2eab_2026-01-31_16-14-35_34b2aae6.jsonl
[DOCKER] Selected image for libc=glibc: custom/i386-qemu
[POOL] Collected 7 events for analysis (read from log file)
[POOL] Running analyzers on 7 events for 51754feb84b4b39d8ef546669d6fc03674a9fcad9ad1ecd79135ed243a366e5f
[POOL] Analysis completed: 0 findings in 0.00s (6654 events/s)
[AI-Integration] Submitted task: 38239200
[AI] 38239200 queued for DeepSeek analysis
[CgroupManager] Removed cgroup 75858 via bpftool
[POOL] Cleanup scheduled for f44bb9f3267a
[DockerWorker-5] ✓ Completed: 51754feb84b4b39d8ef546669d6fc03674a9fcad9ad1ecd79135ed243a366e5f (7 events) (1.25s)
[DockerWorker-5] Starting: 367101afbe6e6e0038a4196f3f7396d0c0d7630383cd95d26c5a0beb49f7019f (3_32bit)
[ANALYSISLOG] 367101afbe6e6e0038a4196f3f7396d0c0d7630383cd95d26c5a0beb49f7019f -> ../ELF_samples/benign_report/x86-i686/raw/367101afbe6e6e0038a4196f3f7396d0c0d7630383cd95d26c5a0beb49f7019f_2026-01-31_16-14-35_fbf5aaad.jsonl
[DOCKER] Selected image for libc=glibc: custom/i386-qemu
[POOL] Collected 38 events for analysis (read from log file)
[POOL] Running analyzers on 38 events for eacdd633da4bd13a4f5ab3f8eac4e40e0a8b001b1a6dee84dc9fe08d8c3bdf2b
[POOL] Analysis completed: 2 findings in 0.00s (20493 events/s)
[AI-Integration] Submitted task: 8604d61b
[AI] 8604d61b queued for DeepSeek analysis
[CgroupManager] Removed cgroup 75686 via bpftool
[POOL] Cleanup scheduled for 0b6229f14b53
[DockerWorker-1] ✓ Completed: eacdd633da4bd13a4f5ab3f8eac4e40e0a8b001b1a6dee84dc9fe08d8c3bdf2b (38 events) (1.36s)
[DockerWorker-1] Starting: 7a168510e49093b83a442bd0c30d60fb5551483c8a0c5a483d9487bbe72d4329 (3_32bit)
[ANALYSISLOG] 7a168510e49093b83a442bd0c30d60fb5551483c8a0c5a483d9487bbe72d4329 -> ../ELF_samples/benign_report/x86-i686/raw/7a168510e49093b83a442bd0c30d60fb5551483c8a0c5a483d9487bbe72d4329_2026-01-31_16-14-35_716af14e.jsonl
[DOCKER] Selected image for libc=glibc: custom/i386-qemu
[CgroupManager] Added cgroup 76030 via bpftool
[EventRouter] DEBUG: EXEC #33 filename='/bin/true', triggers=['5e9c397a59709b27027bd3f93323060d3f42b915997029c921888d7b9591d14e', '/tmp/5e9c397a59709b27027bd3f93323060d3f42b915997029c921888d7b9591d14e']
[CgroupManager] Added cgroup 76116 via bpftool
[EventRouter] DEBUG: EXEC #33 filename='/bin/true', triggers=['742128fdc0254170e3ebce63522c5913a944503691eeef6defd9a373ab459f03', '/tmp/742128fdc0254170e3ebce63522c5913a944503691eeef6defd9a373ab459f03']
[CgroupManager] Added cgroup 76202 via bpftool
[CgroupManager] Added cgroup 76288 via bpftool
[EventRouter] DEBUG: EXEC #33 filename='/bin/true', triggers=['2276fa7b353f9fcd45a638e6f747d722ffc43a8b11696168f47fd49f079b4966', '/tmp/2276fa7b353f9fcd45a638e6f747d722ffc43a8b11696168f47fd49f079b4966']
[EventRouter] DEBUG: EXEC #33 filename='/bin/true', triggers=['3b248ac038de6d1c39da8a1f4179ff5175805b674c8ebd9f25aef6f2a1aa2eab', '/tmp/3b248ac038de6d1c39da8a1f4179ff5175805b674c8ebd9f25aef6f2a1aa2eab']
[CgroupManager] Added cgroup 76374 via bpftool
[CgroupManager] Added cgroup 76460 via bpftool
[EventRouter] ARM detected at event 149 for cgroup 76030
[EventRouter] Discarded 148 pre-ARM events for cgroup 76030
[DOCKER] Container exit code: 1
[DOCKER][STDOUT] BEGIN
5e9c397a59709b27027bd3f93323060d3f42b915997029c921888d7b9591d14e: bad usage
Try '5e9c397a59709b27027bd3f93323060d3f42b915997029c921888d7b9591d14e --help' for more information.
[DOCKER][STDOUT] END
[DOCKER] Raw stdout saved: ../ELF_samples/benign_report/x86-i686/raw/5e9c397a59709b27027bd3f93323060d3f42b915997029c921888d7b9591d14e_2026-01-31_16-14-35_6608cda7_container_stdout.txt
[EventRouter] DEBUG: EXEC #34 filename='/bin/true', triggers=['367101afbe6e6e0038a4196f3f7396d0c0d7630383cd95d26c5a0beb49f7019f', '/tmp/367101afbe6e6e0038a4196f3f7396d0c0d7630383cd95d26c5a0beb49f7019f']
[EventRouter] DEBUG: EXEC #34 filename='/bin/true', triggers=['7a168510e49093b83a442bd0c30d60fb5551483c8a0c5a483d9487bbe72d4329', '/tmp/7a168510e49093b83a442bd0c30d60fb5551483c8a0c5a483d9487bbe72d4329']
[EventRouter] ARM detected at event 131 for cgroup 76116
[EventRouter] Discarded 130 pre-ARM events for cgroup 76116
[DOCKER] Container exit code: 2
[DOCKER][STDOUT] BEGIN
/tmp/742128fdc0254170e3ebce63522c5913a944503691eeef6defd9a373ab459f03: You must specify one of -oipt options.
Try `/tmp/742128fdc0254170e3ebce63522c5913a944503691eeef6defd9a373ab459f03 --help' or `/tmp/742128fdc0254170e3ebce63522c5913a944503691eeef6defd9a373ab459f03 --usage' for more information.

Try '/tmp/742128fdc0254170e3ebce63522c5913a944503691eeef6defd9a373ab459f03
--help' or
'/tmp/742128fdc0254170e3ebce63522c5913a944503691eeef6defd9a373ab459f03 --usage'
for more information.
[DOCKER][STDOUT] END
[DOCKER] Raw stdout saved: ../ELF_samples/benign_report/x86-i686/raw/742128fdc0254170e3ebce63522c5913a944503691eeef6defd9a373ab459f03_2026-01-31_16-14-35_522a93f2_container_stdout.txt
[EventRouter] ARM detected at event 131 for cgroup 76288
[EventRouter] Discarded 130 pre-ARM events for cgroup 76288
[DOCKER] Container exit code: 0
[DOCKER][STDOUT] BEGIN
Unable to get capabilities of /usr/local/sbin/unminimize: No data available
Unable to get capabilities of /usr/sbin/pivot_root: No data available
Unable to get capabilities of /usr/sbin/chmem: No data available
Unable to get capabilities of /usr/sbin/chpasswd: No data available
Unable to get capabilities of /usr/sbin/vipw: No data available
Unable to get capabilities of /usr/sbin/pam-auth-update: No data available
Unable to get capabilities of /usr/sbin/service: No data available
Unable to get capabilities of /usr/sbin/switch_root: No data available
Unable to get capabilities of /usr/sbin/pwunconv: No data available
Unable to get capabilities of /usr/sbin/groupmems: No data available
Unable to get capabilities of /usr/sbin/swaplabel: No data available
Unable to get capabilities of /usr/sbin/swapon: No data available
Unable to get capabilities of /usr/sbin/mke2fs: No data available
Unable to get capabilities of /usr/sbin/e2freefrag: No data available
Unable to get capabilities of /usr/sbin/ctrlaltdel: No data available
Unable to get capabilities of /usr/sbin/grpunconv: No data available
Unable to get capabilities of /usr/sbin/installkernel: No data available
Unable to get capabilities of /usr/sbin/sulogin: No data available
Unable to get capabilities of /usr/sbin/logsave: No data available
Unable to get capabilities of /usr/sbin/isosize: No data available
Unable to get capabilities of /usr/sbin/mkfs: No data available
Unable to get capabilities of /usr/sbin/unix_update: No data available
Unable to get capabilities of /usr/sbin/chroot: No data available
Unable to get capabilities of /usr/sbin/zic: No data available
Unable to get capabilities of /usr/sbin/remove-shell: No data available
Unable to get capabilities of /usr/sbin/zramctl: No data available
Unable to get capabilities of /usr/sbin/grpconv: No data available
Unable to get capabilities of /usr/sbin/fdisk: No data available
Unable to get capabilities of /usr/sbin/useradd: No data available
Unable to get capabilities of /usr/sbin/pam_tally2: No data available
Unable to get capabilities of /usr/sbin/chgpasswd: No data available
Unable to get capabilities of /usr/sbin/e2scrub_all: No data available
Unable to get capabilities of /usr/sbin/blkid: No data available
Unable to get capabilities of /usr/sbin/ldconfig.real: No data available
Unable to get capabilities of /usr/sbin/groupadd: No data available
Unable to get capabilities of /usr/sbin/userdel: No data available
Unable to get capabilities of /usr/sbin/mkfs.bfs: No data available
Unable to get capabilities of /usr/sbin/pam_timestamp_check: No data available
Unable to get capabilities of /usr/sbin/unix_chkpwd: No data available
Unable to get capabilities of /usr/sbin/mkhomedir_helper: No data available
Unable to get capabilities of /usr/sbin/groupmod: No data available
Unable to get capabilities of /usr/sbin/mkfs.cramfs: No data available
Unable to get capabilities of /usr/sbin/blkdiscard: No data available
Unable to get capabilities of /usr/sbin/usermod: No data available
Unable to get capabilities of /usr/sbin/grpck: No data available
Unable to get capabilities of /usr/sbin/pam_getenv: No data available
Unable to get capabilities of /usr/sbin/runuser: No data available
Unable to get capabilities of /usr/sbin/fsck: No data available
Unable to get capabilities of /usr/sbin/fstab-decode: No data available
Unable to get capabilities of /usr/sbin/pwconv: No data available
Unable to get capabilities of /usr/sbin/filefrag: No data available
Unable to get capabilities of /usr/sbin/e4crypt: No data available
Unable to get capabilities of /usr/sbin/blkzone: No data available
Unable to get capabilities of /usr/sbin/chcpu: No data available
Unable to get capabilities of /usr/sbin/update-rc.d: No data available
Unable to get capabilities of /usr/sbin/tarcat: No data available
Unable to get capabilities of /usr/sbin/dpkg-reconfigure: No data available
Unable to get capabilities of /usr/sbin/pam_tally: No data available
Unable to get capabilities of /usr/sbin/rmt-tar: No data available
Unable to get capabilities of /usr/sbin/fstrim: No data available
Unable to get capabilities of /usr/sbin/pwck: No data available
Unable to get capabilities of /usr/sbin/cfdisk: No data available
Unable to get capabilities of /usr/sbin/adduser: No data available
Unable to get capabilities of /usr/sbin/add-shell: No data available
Unable to get capabilities of /usr/sbin/shadowconfig: No data available
Unable to get capabilities of /usr/sbin/pam_extrausers_update: No data available
Unable to get capabilities of /usr/sbin/findfs: No data available
Unable to get capabilities of /usr/sbin/killall5: No data available
Unable to get capabilities of /usr/sbin/deluser: No data available
Unable to get capabilities of /usr/sbin/e2scrub: No data available
Unable to get capabilities of /usr/sbin/e2image: No data available
Unable to get capabilities of /usr/sbin/pam_extrausers_chkpwd: No data available
Unable to get capabilities of /usr/sbin/rtcwake: No data available
Unable to get capabilities of /usr/sbin/debugfs: No data available
Unable to get capabilities of /usr/sbin/update-passwd: No data available
Unable to get capabilities of /usr/sbin/invoke-rc.d: No data available
Unable to get capabilities of /usr/sbin/iconvconfig: No data available
Unable to get capabilities of /usr/sbin/e2fsck: No data available
Unable to get capabilities of /usr/sbin/fdformat: No data available
Unable to get capabilities of /usr/sbin/newusers: No data available
Unable to get capabilities of /usr/sbin/e4defrag: No data available
Unable to get capabilities of /usr/sbin/losetup: No data available
Unable to get capabilities of /usr/sbin/swapoff: No data available
Unable to get capabilities of /usr/sbin/sfdisk: No data available
Unable to get capabilities of /usr/sbin/dpkg-preconfigure: No data available
Unable to get capabilities of /usr/sbin/wipefs: No data available
Unable to get capabilities of /usr/sbin/cppw: No data available
Unable to get capabilities of /usr/sbin/nologin: No data available
Unable to get capabilities of /usr/sbin/mkswap: No data available
Unable to get capabilities of /usr/sbin/agetty: No data available
Unable to get capabilities of /usr/sbin/resize2fs: No data available
Unable to get capabilities of /usr/sbin/start-stop-daemon: No data available
Unable to get capabilities of /usr/sbin/blockdev: No data available
Unable to get capabilities of /usr/sbin/fsfreeze: No data available
Unable to get capabilities of /usr/sbin/badblocks: No data available
Unable to get capabilities of /usr/sbin/ldattach: No data available
Unable to get capabilities of /usr/sbin/e2undo: No data available
Unable to get capabilities of /usr/sbin/fsck.minix: No data available
Unable to get capabilities of /usr/sbin/raw: No data available
Unable to get capabilities of /usr/sbin/tune2fs: No data available
Unable to get capabilities of /usr/sbin/ldconfig: No data available
Unable to get capabilities of /usr/sbin/mkfs.minix: No data available
Unable to get capabilities of /usr/sbin/readprofile: No data available
Unable to get capabilities of /usr/sbin/hwclock: No data available
Unable to get capabilities of /usr/sbin/fsck.cramfs: No data available
Unable to get capabilities of /usr/sbin/groupdel: No data available
Unable to get capabilities of /usr/sbin/sysctl: No data available
Unable to get capabilities of /usr/sbin/dumpe2fs: No data available
Unable to get capabilities of /usr/sbin/mklost+found: No data available
Unable to get capabilities of /usr/sbin/docker-init: No data available
Unable to get capabilities of /usr/sbin/update-ca-certificates: No data available
Unable to get capabilities of /usr/sbin/initctl: No data available
Unable to get capabilities of /usr/sbin/policy-rc.d: No data available
Unable to get capabilities of /usr/bin/pinky: No data available
Unable to get capabilities of /usr/bin/vmstat: No data available
Unable to get capabilities of /usr/bin/zegrep: No data available
Unable to get capabilities of /usr/bin/zfgrep: No data available
Unable to get capabilities of /usr/bin/dircolors: No data available
Unable to get capabilities of /usr/bin/ps: No data available
Unable to get capabilities of /usr/bin/scriptreplay: No data available
Unable to get capabilities of /usr/bin/mawk: No data available
Unable to get capabilities of /usr/bin/apt-config: No data available
Unable to get capabilities of /usr/bin/findmnt: No data available
Unable to get capabilities of /usr/bin/more: No data available
Unable to get capabilities of /usr/bin/head: No data available
Unable to get capabilities of /usr/bin/tempfile: No data available
Unable to get capabilities of /usr/bin/mountpoint: No data available
Unable to get capabilities of /usr/bin/ipcmk: No data available
Unable to get capabilities of /usr/bin/deb-systemd-invoke: No data available
Unable to get capabilities of /usr/bin/chgrp: No data available
Unable to get capabilities of /usr/bin/tabs: No data available
Unable to get capabilities of /usr/bin/nohup: No data available
Unable to get capabilities of /usr/bin/dpkg-maintscript-helper: No data available
Unable to get capabilities of /usr/bin/chattr: No data available
Unable to get capabilities of /usr/bin/zforce: No data available
Unable to get capabilities of /usr/bin/chcon: No data available
Unable to get capabilities of /usr/bin/join: No data available
Unable to get capabilities of /usr/bin/test: No data available
Unable to get capabilities of /usr/bin/rename.ul: No data available
Unable to get capabilities of /usr/bin/passwd: No data available
Unable to get capabilities of /usr/bin/znew: No data available
Unable to get capabilities of /usr/bin/cp: No data available
Unable to get capabilities of /usr/bin/lsblk: No data available
Unable to get capabilities of /usr/bin/iconv: No data available
Unable to get capabilities of /usr/bin/hostid: No data available
Unable to get capabilities of /usr/bin/pmap: No data available
Unable to get capabilities of /usr/bin/mesg: No data available
Unable to get capabilities of /usr/bin/infocmp: No data available
Unable to get capabilities of /usr/bin/resizepart: No data available
Unable to get capabilities of /usr/bin/touch: No data available
Unable to get capabilities of /usr/bin/addpart: No data available
Unable to get capabilities of /usr/bin/nsenter: No data available
Unable to get capabilities of /usr/bin/chrt: No data available
Unable to get capabilities of /usr/bin/lsns: No data available
Unable to get capabilities of /usr/bin/localedef: No data available
Unable to get capabilities of /usr/bin/sed: No data available
Unable to get capabilities of /usr/bin/catchsegv: No data available
Unable to get capabilities of /usr/bin/partx: No data available
Unable to get capabilities of /usr/bin/dd: No data available
Unable to get capabilities of /usr/bin/dmesg: No data available
Unable to get capabilities of /usr/bin/sync: No data available
Unable to get capabilities of /usr/bin/man: No data available
Unable to get capabilities of /usr/bin/select-editor: No data available
Unable to get capabilities of /usr/bin/toe: No data available
Unable to get capabilities of /usr/bin/lslocks: No data available
Unable to get capabilities of /usr/bin/mkdir: No data available
Unable to get capabilities of /usr/bin/delpart: No data available
Unable to get capabilities of /usr/bin/chsh: No data available
Unable to get capabilities of /usr/bin/mktemp: No data available
Unable to get capabilities of /usr/bin/mcookie: No data available
Unable to get capabilities of /usr/bin/apt-cdrom: No data available
Unable to get capabilities of /usr/bin/uncompress: No data available
Unable to get capabilities of /usr/bin/locale: No data available
Unable to get capabilities of /usr/bin/base32: No data available
Unable to get capabilities of /usr/bin/rm: No data available
Unable to get capabilities of /usr/bin/who: No data available
Unable to get capabilities of /usr/bin/dpkg-split: No data available
Unable to get capabilities of /usr/bin/shred: No data available
Unable to get capabilities of /usr/bin/grep: No data available
Unable to get capabilities of /usr/bin/b2sum: No data available
Unable to get capabilities of /usr/bin/watch: No data available
Unable to get capabilities of /usr/bin/timeout: No data available
Unable to get capabilities of /usr/bin/ln: No data available
Unable to get capabilities of /usr/bin/chmod: No data available
Unable to get capabilities of /usr/bin/setarch: No data available
Unable to get capabilities of /usr/bin/link: No data available
Unable to get capabilities of /usr/bin/readlink: No data available
Unable to get capabilities of /usr/bin/debconf-set-selections: No data available
Unable to get capabilities of /usr/bin/apt-mark: No data available
Unable to get capabilities of /usr/bin/clear_console: No data available
Unable to get capabilities of /usr/bin/df: No data available
Unable to get capabilities of /usr/bin/zcmp: No data available
Unable to get capabilities of /usr/bin/pldd: No data available
Unable to get capabilities of /usr/bin/sha256sum: No data available
Unable to get capabilities of /usr/bin/tail: No data available
Unable to get capabilities of /usr/bin/dpkg-divert: No data available
Unable to get capabilities of /usr/bin/install: No data available
Unable to get capabilities of /usr/bin/free: No data available
Unable to get capabilities of /usr/bin/utmpdump: No data available
Unable to get capabilities of /usr/bin/sha384sum: No data available
Unable to get capabilities of /usr/bin/setterm: No data available
Unable to get capabilities of /usr/bin/factor: No data available
Unable to get capabilities of /usr/bin/shuf: No data available
Unable to get capabilities of /usr/bin/zgrep: No data available
Unable to get capabilities of /usr/bin/tac: No data available
Unable to get capabilities of /usr/bin/su: No data available
Unable to get capabilities of /usr/bin/pathchk: No data available
Unable to get capabilities of /usr/bin/login: No data available
Unable to get capabilities of /usr/bin/getopt: No data available
Unable to get capabilities of /usr/bin/chown: No data available
Unable to get capabilities of /usr/bin/stat: No data available
Unable to get capabilities of /usr/bin/diff: No data available
Unable to get capabilities of /usr/bin/umount: No data available
Unable to get capabilities of /usr/bin/debconf-escape: No data available
Unable to get capabilities of /usr/bin/bzexe: No data available
Unable to get capabilities of /usr/bin/sort: No data available
Unable to get capabilities of /usr/bin/gpasswd: No data available
Unable to get capabilities of /usr/bin/clear: No data available
Unable to get capabilities of /usr/bin/printf: No data available
Unable to get capabilities of /usr/bin/sleep: No data available
Unable to get capabilities of /usr/bin/gzexe: No data available
Unable to get capabilities of /usr/bin/ls: No data available
Unable to get capabilities of /usr/bin/nice: No data available
Unable to get capabilities of /usr/bin/pwdx: No data available
Unable to get capabilities of /usr/bin/gunzip: No data available
Unable to get capabilities of /usr/bin/sensible-pager: No data available
Unable to get capabilities of /usr/bin/fgrep: No data available
Unable to get capabilities of /usr/bin/numfmt: No data available
Unable to get capabilities of /usr/bin/base64: No data available
Unable to get capabilities of /usr/bin/gzip: No data available
Unable to get capabilities of /usr/bin/[: No data available
Unable to get capabilities of /usr/bin/wall: No data available
Unable to get capabilities of /usr/bin/yes: No data available
Unable to get capabilities of /usr/bin/tzselect: No data available
Unable to get capabilities of /usr/bin/dir: No data available
Unable to get capabilities of /usr/bin/locale-check: No data available
Unable to get capabilities of /usr/bin/whereis: No data available
Unable to get capabilities of /usr/bin/getconf: No data available
Unable to get capabilities of /usr/bin/comm: No data available
Unable to get capabilities of /usr/bin/vdir: No data available
Unable to get capabilities of /usr/bin/stdbuf: No data available
Unable to get capabilities of /usr/bin/ipcrm: No data available
Unable to get capabilities of /usr/bin/stty: No data available
Unable to get capabilities of /usr/bin/getent: No data available
Unable to get capabilities of /usr/bin/printenv: No data available
Unable to get capabilities of /usr/bin/choom: No data available
Unable to get capabilities of /usr/bin/dash: No data available
Unable to get capabilities of /usr/bin/users: No data available
Unable to get capabilities of /usr/bin/fallocate: No data available
Unable to get capabilities of /usr/bin/lastlog: No data available
Unable to get capabilities of /usr/bin/bzip2recover: No data available
Unable to get capabilities of /usr/bin/debconf-apt-progress: No data available
Unable to get capabilities of /usr/bin/namei: No data available
Unable to get capabilities of /usr/bin/apt: No data available
Unable to get capabilities of /usr/bin/mkfifo: No data available
Unable to get capabilities of /usr/bin/flock: No data available
Unable to get capabilities of /usr/bin/id: No data available
Unable to get capabilities of /usr/bin/fincore: No data available
Unable to get capabilities of /usr/bin/dpkg-statoverride: No data available
Unable to get capabilities of /usr/bin/nproc: No data available
Unable to get capabilities of /usr/bin/setpriv: No data available
Unable to get capabilities of /usr/bin/bashbug: No data available
Unable to get capabilities of /usr/bin/groups: No data available
Unable to get capabilities of /usr/bin/chage: No data available
Unable to get capabilities of /usr/bin/cat: No data available
Unable to get capabilities of /usr/bin/tic: No data available
Unable to get capabilities of /usr/bin/dirname: No data available
Unable to get capabilities of /usr/bin/cmp: No data available
Unable to get capabilities of /usr/bin/runcon: No data available
Unable to get capabilities of /usr/bin/pwd: No data available
Unable to get capabilities of /usr/bin/logname: No data available
Unable to get capabilities of /usr/bin/kill: No data available
Unable to get capabilities of /usr/bin/diff3: No data available
Unable to get capabilities of /usr/bin/tload: No data available
Unable to get capabilities of /usr/bin/chfn: No data available
Unable to get capabilities of /usr/bin/run-parts: No data available
Unable to get capabilities of /usr/bin/basename: No data available
Unable to get capabilities of /usr/bin/mknod: No data available
Unable to get capabilities of /usr/bin/cut: No data available
Unable to get capabilities of /usr/bin/pgrep: No data available
Unable to get capabilities of /usr/bin/bzmore: No data available
Unable to get capabilities of /usr/bin/echo: No data available
Unable to get capabilities of /usr/bin/mount: No data available
Unable to get capabilities of /usr/bin/split: No data available
Unable to get capabilities of /usr/bin/nl: No data available
Unable to get capabilities of /usr/bin/false: No data available
Unable to get capabilities of /usr/bin/csplit: No data available
Unable to get capabilities of /usr/bin/unlink: No data available
Unable to get capabilities of /usr/bin/lsmem: No data available
Unable to get capabilities of /usr/bin/rgrep: No data available
Unable to get capabilities of /usr/bin/tar: No data available
Unable to get capabilities of /usr/bin/expiry: No data available
Unable to get capabilities of /usr/bin/expand: No data available
Unable to get capabilities of /usr/bin/rmdir: No data available
Unable to get capabilities of /usr/bin/debconf-show: No data available
Unable to get capabilities of /usr/bin/perl5.30.0: No data available
Unable to get capabilities of /usr/bin/sha224sum: No data available
Unable to get capabilities of /usr/bin/script: No data available
Unable to get capabilities of /usr/bin/egrep: No data available
Unable to get capabilities of /usr/bin/which: No data available
Unable to get capabilities of /usr/bin/zless: No data available
Unable to get capabilities of /usr/bin/w.procps: No data available
Unable to get capabilities of /usr/bin/ischroot: No data available
Unable to get capabilities of /usr/bin/tset: No data available
Unable to get capabilities of /usr/bin/perl: No data available
Unable to get capabilities of /usr/bin/rev: No data available
Unable to get capabilities of /usr/bin/lslogins: No data available
Unable to get capabilities of /usr/bin/ldd: No data available
Unable to get capabilities of /usr/bin/true: No data available
Unable to get capabilities of /usr/bin/debconf-communicate: No data available
Unable to get capabilities of /usr/bin/gpgv: No data available
Unable to get capabilities of /usr/bin/unexpand: No data available
Unable to get capabilities of /usr/bin/unshare: No data available
Unable to get capabilities of /usr/bin/bzgrep: No data available
Unable to get capabilities of /usr/bin/debconf-copydb: No data available
Unable to get capabilities of /usr/bin/fmt: No data available
Unable to get capabilities of /usr/bin/sdiff: No data available
Unable to get capabilities of /usr/bin/top: No data available
Unable to get capabilities of /usr/bin/realpath: No data available
Unable to get capabilities of /usr/bin/last: No data available
Unable to get capabilities of /usr/bin/update-alternatives: No data available
Unable to get capabilities of /usr/bin/skill: No data available
Unable to get capabilities of /usr/bin/taskset: No data available
Unable to get capabilities of /usr/bin/debconf: No data available
Unable to get capabilities of /usr/bin/dpkg-deb: No data available
Unable to get capabilities of /usr/bin/setsid: No data available
Unable to get capabilities of /usr/bin/newgrp: No data available
Unable to get capabilities of /usr/bin/dpkg: No data available
Unable to get capabilities of /usr/bin/md5sum: No data available
Unable to get capabilities of /usr/bin/dpkg-query: No data available
Unable to get capabilities of /usr/bin/lsattr: No data available
Unable to get capabilities of /usr/bin/prlimit: No data available
Unable to get capabilities of /usr/bin/bzdiff: No data available
Unable to get capabilities of /usr/bin/xargs: No data available
Unable to get capabilities of /usr/bin/find: No data available
Unable to get capabilities of /usr/bin/apt-cache: No data available
Unable to get capabilities of /usr/bin/wc: No data available
Unable to get capabilities of /usr/bin/ipcs: No data available
Unable to get capabilities of /usr/bin/arch: No data available
Unable to get capabilities of /usr/bin/sha512sum: No data available
Unable to get capabilities of /usr/bin/apt-get: No data available
Unable to get capabilities of /usr/bin/uniq: No data available
Unable to get capabilities of /usr/bin/truncate: No data available
Unable to get capabilities of /usr/bin/tsort: No data available
Unable to get capabilities of /usr/bin/bzip2: No data available
Unable to get capabilities of /usr/bin/pr: No data available
Unable to get capabilities of /usr/bin/uptime: No data available
Unable to get capabilities of /usr/bin/savelog: No data available
Unable to get capabilities of /usr/bin/slabtop: No data available
Unable to get capabilities of /usr/bin/logger: No data available
Unable to get capabilities of /usr/bin/deb-systemd-helper: No data available
Unable to get capabilities of /usr/bin/tr: No data available
Unable to get capabilities of /usr/bin/sum: No data available
Unable to get capabilities of /usr/bin/faillog: No data available
Unable to get capabilities of /usr/bin/dpkg-trigger: No data available
Unable to get capabilities of /usr/bin/du: No data available
Unable to get capabilities of /usr/bin/sensible-browser: No data available
Unable to get capabilities of /usr/bin/zdiff: No data available
Unable to get capabilities of /usr/bin/bzcat: No data available
Unable to get capabilities of /usr/bin/seq: No data available
Unable to get capabilities of /usr/bin/lsipc: No data available
Unable to get capabilities of /usr/bin/bunzip2: No data available
Unable to get capabilities of /usr/bin/tee: No data available
Unable to get capabilities of /usr/bin/uname: No data available
Unable to get capabilities of /usr/bin/lscpu: No data available
Unable to get capabilities of /usr/bin/sensible-editor: No data available
Unable to get capabilities of /usr/bin/tty: No data available
Unable to get capabilities of /usr/bin/wdctl: No data available
Unable to get capabilities of /usr/bin/env: No data available
Unable to get capabilities of /usr/bin/cksum: No data available
Unable to get capabilities of /usr/bin/tput: No data available
Unable to get capabilities of /usr/bin/renice: No data available
Unable to get capabilities of /usr/bin/date: No data available
Unable to get capabilities of /usr/bin/paste: No data available
Unable to get capabilities of /usr/bin/hostname: No data available
Unable to get capabilities of /usr/bin/zdump: No data available
Unable to get capabilities of /usr/bin/ptx: No data available
Unable to get capabilities of /usr/bin/expr: No data available
Unable to get capabilities of /usr/bin/od: No data available
Unable to get capabilities of /usr/bin/bash: No data available
Unable to get capabilities of /usr/bin/fold: No data available
Unable to get capabilities of /usr/bin/sha1sum: No data available
Unable to get capabilities of /usr/bin/mv: No data available
Unable to get capabilities of /usr/bin/zmore: No data available
Unable to get capabilities of /usr/bin/zcat: No data available
Unable to get capabilities of /usr/bin/whoami: No data available
Unable to get capabilities of /usr/bin/apt-key: No data available
Unable to get capabilities of /usr/bin/ionice: No data available
Unable to get capabilities of /usr/bin/openssl: No data available
Unable to get capabilities of /usr/bin/c_rehash: No data available
[DOCKER][STDOUT] END
[DOCKER] Raw stdout saved: ../ELF_samples/benign_report/x86-i686/raw/3b248ac038de6d1c39da8a1f4179ff5175805b674c8ebd9f25aef6f2a1aa2eab_2026-01-31_16-14-35_34b2aae6_container_stdout.txt
[EventRouter] ARM detected at event 131 for cgroup 76202
[EventRouter] Discarded 130 pre-ARM events for cgroup 76202
[DOCKER] Container exit code: 1
[DOCKER][STDOUT] BEGIN
2276fa7b353f9fcd45a638e6f747d722ffc43a8b11696168f47fd49f079b4966: Missing CID: Operation canceled
[DOCKER][STDOUT] END
[DOCKER] Raw stdout saved: ../ELF_samples/benign_report/x86-i686/raw/2276fa7b353f9fcd45a638e6f747d722ffc43a8b11696168f47fd49f079b4966_2026-01-31_16-14-35_424bf68e_container_stdout.txt
[EventRouter] ARM detected at event 133 for cgroup 76374
[EventRouter] Discarded 132 pre-ARM events for cgroup 76374
[DOCKER] Container exit code: 0
[DOCKER][STDOUT] BEGIN
  FD  type	device	inode	mode	links	uid	gid	rdev	size	blksize	blocks	atime				mtime				ctime				cloexec	flags	sigown	sigio
   0: chrdev	0,6		Sat Jan 31 10:35:19 2026	Sat Jan 31 10:35:19 2026	Sat Jan 31 10:35:19 2026	0	x008000	0	0	(no STREAMS modules)poll: IN,OUT,
   1: pipe	0,15		Sat Jan 31 08:14:35 2026	Sat Jan 31 08:14:35 2026	Sat Jan 31 08:14:35 2026	0	x008001	0	0	(no STREAMS modules)poll: OUT,
   2: pipe	0,15		Sat Jan 31 08:14:35 2026	Sat Jan 31 08:14:35 2026	Sat Jan 31 08:14:35 2026	0	x008001	0	0	(no STREAMS modules)poll: OUT,
   3: socket	0,9		Thu Jan  1 00:00:00 1970	Thu Jan  1 00:00:00 1970	Thu Jan  1 00:00:00 1970	0	x008002	0	0	(no STREAMS modules)DEBUG=0	REUSEADDR=0	TYPE=2	ERROR=0	DONTROUTE=0	BROADCAST=0	SNDBUF=212992	RCVBUF=212992	KEEPALIVE=0	OOBINLINE=0	NO_CHECK=0	PRIORITY=0	LINGER={0,0}	BSDCOMPAT=0	REUSEPORT=0	PASSCRED=0	PEERCRED={25,0}	RCVLOWAT=1	SNDLOWAT=1	RCVTIMEO={0,0}	SNDTIMEO={0,0}				BINDTODEVICE={0,0}	ATTACH_FILTER={0,0}			AF=1 "<anon>" <-> AF=1 "<anon>"	poll: OUT,
   4: socket	0,9		Thu Jan  1 00:00:00 1970	Thu Jan  1 00:00:00 1970	Thu Jan  1 00:00:00 1970	0	x008002	0	0	(no STREAMS modules)DEBUG=0	REUSEADDR=0	TYPE=2	ERROR=0	DONTROUTE=0	BROADCAST=0	SNDBUF=212992	RCVBUF=212992	KEEPALIVE=0	OOBINLINE=0	NO_CHECK=0	PRIORITY=0	LINGER={0,0}	BSDCOMPAT=0	REUSEPORT=0	PASSCRED=0	PEERCRED={25,0}	RCVLOWAT=1	SNDLOWAT=1	RCVTIMEO={0,0}	SNDTIMEO={0,0}				BINDTODEVICE={0,0}	ATTACH_FILTER={0,0}			AF=1 "<anon>" <-> AF=1 "<anon>"	poll: OUT,
[DOCKER][STDOUT] END
[DOCKER] Raw stdout saved: ../ELF_samples/benign_report/x86-i686/raw/367101afbe6e6e0038a4196f3f7396d0c0d7630383cd95d26c5a0beb49f7019f_2026-01-31_16-14-35_fbf5aaad_container_stdout.txt
[EventRouter] ARM detected at event 150 for cgroup 76460
[EventRouter] Discarded 149 pre-ARM events for cgroup 76460
[DOCKER] Container exit code: 0
[DOCKER][STDOUT] BEGIN
iwmulticall : you are not supposed to call me this way...
[DOCKER][STDOUT] END
[DOCKER] Raw stdout saved: ../ELF_samples/benign_report/x86-i686/raw/7a168510e49093b83a442bd0c30d60fb5551483c8a0c5a483d9487bbe72d4329_2026-01-31_16-14-35_716af14e_container_stdout.txt
[POOL] Collected 6 events for analysis (read from log file)
[POOL] Running analyzers on 6 events for 5e9c397a59709b27027bd3f93323060d3f42b915997029c921888d7b9591d14e
[POOL] Analysis completed: 0 findings in 0.00s (5569 events/s)
[AI-Integration] Submitted task: 6608cda7
[AI] 6608cda7 queued for DeepSeek analysis
[CgroupManager] Removed cgroup 76030 via bpftool
[POOL] Cleanup scheduled for 50febbac06eb
[DockerWorker-0] ✓ Completed: 5e9c397a59709b27027bd3f93323060d3f42b915997029c921888d7b9591d14e (6 events) (1.11s)
[DockerWorker-0] Starting: 7080bc1748208527a2047fad79efe850c03256dfdfec71c5c9229ac06c73befa (3_32bit)
[ANALYSISLOG] 7080bc1748208527a2047fad79efe850c03256dfdfec71c5c9229ac06c73befa -> ../ELF_samples/benign_report/x86-i686/raw/7080bc1748208527a2047fad79efe850c03256dfdfec71c5c9229ac06c73befa_2026-01-31_16-14-36_90c1f387.jsonl
[DOCKER] Selected image for libc=glibc: custom/i386-qemu
[POOL] Collected 7 events for analysis (read from log file)
[POOL] Running analyzers on 7 events for 742128fdc0254170e3ebce63522c5913a944503691eeef6defd9a373ab459f03
[POOL] Analysis completed: 0 findings in 0.00s (6534 events/s)
[AI-Integration] Submitted task: 522a93f2
[AI] 522a93f2 queued for DeepSeek analysis
[CgroupManager] Removed cgroup 76116 via bpftool
[POOL] Cleanup scheduled for 3938240de347
[DockerWorker-4] ✓ Completed: 742128fdc0254170e3ebce63522c5913a944503691eeef6defd9a373ab459f03 (7 events) (1.15s)
[DockerWorker-4] Starting: f06682c526ef557d1239bec465ddabe27d6f92575339e1595063995de06a288a (3_32bit)
[ANALYSISLOG] f06682c526ef557d1239bec465ddabe27d6f92575339e1595063995de06a288a -> ../ELF_samples/benign_report/x86-i686/raw/f06682c526ef557d1239bec465ddabe27d6f92575339e1595063995de06a288a_2026-01-31_16-14-36_2a5529be.jsonl
[DOCKER] Selected image for libc=glibc: custom/i386-qemu
[POOL] Collected 39 events for analysis (read from log file)
[POOL] Running analyzers on 39 events for 3b248ac038de6d1c39da8a1f4179ff5175805b674c8ebd9f25aef6f2a1aa2eab
[POOL] Analysis completed: 0 findings in 0.00s (36131 events/s)
[AI-Integration] Submitted task: 34b2aae6
[AI] 34b2aae6 queued for DeepSeek analysis
[POOL] Collected 9 events for analysis (read from log file)
[POOL] Running analyzers on 9 events for 2276fa7b353f9fcd45a638e6f747d722ffc43a8b11696168f47fd49f079b4966
[POOL] Analysis completed: 0 findings in 0.00s (8397 events/s)
[AI-Integration] Submitted task: 424bf68e
[AI] 424bf68e queued for DeepSeek analysis
[CgroupManager] Removed cgroup 76288 via bpftool
[POOL] Cleanup scheduled for 5fae2dcfacc0
[DockerWorker-2] ✓ Completed: 3b248ac038de6d1c39da8a1f4179ff5175805b674c8ebd9f25aef6f2a1aa2eab (39 events) (1.16s)
[DockerWorker-2] Starting: c125e3b33ae0c9fac09fff00a64f9ad3371b795c50f9bf83ed16755523080983 (3_32bit)
[ANALYSISLOG] c125e3b33ae0c9fac09fff00a64f9ad3371b795c50f9bf83ed16755523080983 -> ../ELF_samples/benign_report/x86-i686/raw/c125e3b33ae0c9fac09fff00a64f9ad3371b795c50f9bf83ed16755523080983_2026-01-31_16-14-36_424535dd.jsonl
[DOCKER] Selected image for libc=glibc: custom/i386-qemu
[CgroupManager] Removed cgroup 76202 via bpftool
[POOL] Cleanup scheduled for 5ee5de7c167e
[DockerWorker-3] ✓ Completed: 2276fa7b353f9fcd45a638e6f747d722ffc43a8b11696168f47fd49f079b4966 (9 events) (1.18s)
[DockerWorker-3] Starting: e06b0a590b7dd634c202338c860726b74e8a9f88b86fcf19a7a2205f1f0c436b (3_32bit)
[ANALYSISLOG] e06b0a590b7dd634c202338c860726b74e8a9f88b86fcf19a7a2205f1f0c436b -> ../ELF_samples/benign_report/x86-i686/raw/e06b0a590b7dd634c202338c860726b74e8a9f88b86fcf19a7a2205f1f0c436b_2026-01-31_16-14-36_f8e72aca.jsonl
[DOCKER] Selected image for libc=glibc: custom/i386-qemu
[POOL] Collected 9 events for analysis (read from log file)
[POOL] Running analyzers on 9 events for 367101afbe6e6e0038a4196f3f7396d0c0d7630383cd95d26c5a0beb49f7019f
[POOL] Analysis completed: 0 findings in 0.00s (8444 events/s)
[AI-Integration] Submitted task: fbf5aaad
[AI] fbf5aaad queued for DeepSeek analysis
[POOL] Collected 7 events for analysis (read from log file)
[POOL] Running analyzers on 7 events for 7a168510e49093b83a442bd0c30d60fb5551483c8a0c5a483d9487bbe72d4329
[POOL] Analysis completed: 0 findings in 0.00s (6678 events/s)
[AI-Integration] Submitted task: 716af14e
[AI] 716af14e queued for DeepSeek analysis
[CgroupManager] Removed cgroup 76374 via bpftool
[POOL] Cleanup scheduled for e4c6f5194fa8
[DockerWorker-5] ✓ Completed: 367101afbe6e6e0038a4196f3f7396d0c0d7630383cd95d26c5a0beb49f7019f (9 events) (1.17s)
[DockerWorker-5] Starting: eac42caa4522c5e65724b3e1c2b2f5c038e2be7a88a02a4cda68e9ecc8566194 (3_32bit)
[ANALYSISLOG] eac42caa4522c5e65724b3e1c2b2f5c038e2be7a88a02a4cda68e9ecc8566194 -> ../ELF_samples/benign_report/x86-i686/raw/eac42caa4522c5e65724b3e1c2b2f5c038e2be7a88a02a4cda68e9ecc8566194_2026-01-31_16-14-36_f7c84fd8.jsonl
[DOCKER] Selected image for libc=glibc: custom/i386-qemu
[CgroupManager] Removed cgroup 76460 via bpftool
[POOL] Cleanup scheduled for a4a33dc07875
[DockerWorker-1] ✓ Completed: 7a168510e49093b83a442bd0c30d60fb5551483c8a0c5a483d9487bbe72d4329 (7 events) (1.11s)
[DockerWorker-1] Starting: 51b1da6bbdbe0b7fb2d42e58edb1ab474df13c510bfa9f615ee8a06600ceba4a (3_32bit)
[ANALYSISLOG] 51b1da6bbdbe0b7fb2d42e58edb1ab474df13c510bfa9f615ee8a06600ceba4a -> ../ELF_samples/benign_report/x86-i686/raw/51b1da6bbdbe0b7fb2d42e58edb1ab474df13c510bfa9f615ee8a06600ceba4a_2026-01-31_16-14-36_3d471558.jsonl
[DOCKER] Selected image for libc=glibc: custom/i386-qemu
[CgroupManager] Added cgroup 76546 via bpftool
[EventRouter] DEBUG: EXEC #33 filename='/bin/true', triggers=['7080bc1748208527a2047fad79efe850c03256dfdfec71c5c9229ac06c73befa', '/tmp/7080bc1748208527a2047fad79efe850c03256dfdfec71c5c9229ac06c73befa']
[CgroupManager] Added cgroup 76632 via bpftool
[EventRouter] DEBUG: EXEC #33 filename='/bin/true', triggers=['f06682c526ef557d1239bec465ddabe27d6f92575339e1595063995de06a288a', '/tmp/f06682c526ef557d1239bec465ddabe27d6f92575339e1595063995de06a288a']
[CgroupManager] Added cgroup 76718 via bpftool
[EventRouter] ARM detected at event 131 for cgroup 76546
[EventRouter] Discarded 130 pre-ARM events for cgroup 76546
[EventRouter] DEBUG: EXEC #33 filename='/bin/true', triggers=['c125e3b33ae0c9fac09fff00a64f9ad3371b795c50f9bf83ed16755523080983', '/tmp/c125e3b33ae0c9fac09fff00a64f9ad3371b795c50f9bf83ed16755523080983']
[CgroupManager] Added cgroup 76804 via bpftool
[DOCKER] Container exit code: 1
[DOCKER][STDOUT] BEGIN
missing device name!
Usage: sg_write_buffer [--bpw=CS] [--dry-run] [--help] [--id=ID] [--in=FILE]
                       [--length=LEN] [--mode=MO] [--offset=OFF]
                       [--read-stdin] [--skip=SKIP] [--specific=MS]
                       [--timeout=TO] [--verbose] [--version] DEVICE
  where:
    --bpw=CS|-b CS         CS is chunk size: bytes per write buffer
                           command (def: 0 -> as many as possible)
    --dry-run|-d           skip WRITE BUFFER commands, do everything else
    --help|-h              print out usage message then exit
    --id=ID|-i ID          buffer identifier (0 (default) to 255)
    --in=FILE|-I FILE      read from FILE ('-I -' read from stdin)
    --length=LEN|-l LEN    length in bytes to write; may be deduced from
                           FILE
    --mode=MO|-m MO        write buffer mode, MO is number or acronym
                           (def: 0 -> 'combined header and data' (obs))
    --offset=OFF|-o OFF    buffer offset (unit: bytes, def: 0)
    --read-stdin|-r        read from stdin (same as '-I -')
    --skip=SKIP|-s SKIP    bytes in file FILE to skip before reading
    --specific=MS|-S MS    mode specific value; 3 bit field (0 to 7)
    --timeout=TO|-t TO     command timeout in seconds (def: 300)
    --verbose|-v           increase verbosity
    --version|-V           print version string and exit

Performs one or more SCSI WRITE BUFFER commands. Use '-m xxx' to list
available modes. A chunk size of 4 KB ('--bpw=4k') seems to work well.
Example: sg_write_buffer -b 4k -I xxx.lod -m 7 /dev/sg3
[DOCKER][STDOUT] END
[CgroupManager] Added cgroup 76890 via bpftool
[CgroupManager] Added cgroup 76976 via bpftool
[DOCKER] Raw stdout saved: ../ELF_samples/benign_report/x86-i686/raw/7080bc1748208527a2047fad79efe850c03256dfdfec71c5c9229ac06c73befa_2026-01-31_16-14-36_90c1f387_container_stdout.txt
[EventRouter] DEBUG: EXEC #34 filename='/bin/true', triggers=['e06b0a590b7dd634c202338c860726b74e8a9f88b86fcf19a7a2205f1f0c436b', '/tmp/e06b0a590b7dd634c202338c860726b74e8a9f88b86fcf19a7a2205f1f0c436b']
[EventRouter] DEBUG: EXEC #33 filename='/bin/true', triggers=['eac42caa4522c5e65724b3e1c2b2f5c038e2be7a88a02a4cda68e9ecc8566194', '/tmp/eac42caa4522c5e65724b3e1c2b2f5c038e2be7a88a02a4cda68e9ecc8566194']
[EventRouter] DEBUG: EXEC #49 filename='/bin/true', triggers=['51b1da6bbdbe0b7fb2d42e58edb1ab474df13c510bfa9f615ee8a06600ceba4a', '/tmp/51b1da6bbdbe0b7fb2d42e58edb1ab474df13c510bfa9f615ee8a06600ceba4a']
[EventRouter] ARM detected at event 147 for cgroup 76632
[EventRouter] Discarded 146 pre-ARM events for cgroup 76632
[EventRouter] ARM detected at event 131 for cgroup 76718
[EventRouter] Discarded 130 pre-ARM events for cgroup 76718
[DOCKER] Container exit code: 0
[EventRouter] ARM detected at event 131 for cgroup 76804
[EventRouter] Discarded 130 pre-ARM events for cgroup 76804
[DOCKER] Container exit code: 1
[DOCKER][STDOUT] BEGIN
opening configuration file /etc/mactab: No such file or directory
[DOCKER][STDOUT] END
[DOCKER] Raw stdout saved: ../ELF_samples/benign_report/x86-i686/raw/e06b0a590b7dd634c202338c860726b74e8a9f88b86fcf19a7a2205f1f0c436b_2026-01-31_16-14-36_f8e72aca_container_stdout.txt
[EventRouter] ARM detected at event 130 for cgroup 76890
[EventRouter] Discarded 129 pre-ARM events for cgroup 76890
[DOCKER] Container exit code: 2
[DOCKER][STDOUT] BEGIN
eac42caa4522c5e65724b3e1c2b2f5c038e2be7a88a02a4cda68e9ecc8566194: *** No targets specified and no makefile found.  Stop.
[DOCKER][STDOUT] END
[DOCKER] Raw stdout saved: ../ELF_samples/benign_report/x86-i686/raw/eac42caa4522c5e65724b3e1c2b2f5c038e2be7a88a02a4cda68e9ecc8566194_2026-01-31_16-14-36_f7c84fd8_container_stdout.txt
[DOCKER] Container exit code: 1
[DOCKER][STDOUT] BEGIN
Created directory: /var/lib/snmp
Created directory: /var/lib/snmp/cert_indexes
Created directory: /var/lib/snmp/mib_indexes
MIB search path: /root/.snmp/mibs:/usr/share/snmp/mibs
Cannot find module (SNMPv2-MIB): At line 0 in (none)
Cannot find module (IF-MIB): At line 0 in (none)
Cannot find module (IP-MIB): At line 0 in (none)
Cannot find module (TCP-MIB): At line 0 in (none)
Cannot find module (UDP-MIB): At line 0 in (none)
Cannot find module (HOST-RESOURCES-MIB): At line 0 in (none)
Cannot find module (HOST-RESOURCES-TYPES): At line 0 in (none)
Cannot find module (SNMP-VIEW-BASED-ACM-MIB): At line 0 in (none)
Cannot find module (SNMP-COMMUNITY-MIB): At line 0 in (none)
Cannot find module (SNMP-FRAMEWORK-MIB): At line 0 in (none)
Cannot find module (SNMP-MPD-MIB): At line 0 in (none)
Cannot find module (SNMP-USER-BASED-SM-MIB): At line 0 in (none)
No hostname specified.
USAGE: snmpbulkwalk [OPTIONS] AGENT [OID]

  Version:  5.8
  Web:      http://www.net-snmp.org/
  Email:    net-snmp-coders@lists.sourceforge.net

OPTIONS:
  -h, --help		display this help message
  -H			display configuration file directives understood
  -v 1|2c|3		specifies SNMP version to use
  -V, --version		display package version number
SNMP Version 1 or 2c specific
  -c COMMUNITY		set the community string
SNMP Version 3 specific
  -a PROTOCOL		set authentication protocol (MD5|SHA|SHA-224|SHA-256|SHA-384|SHA-512)
  -A PASSPHRASE		set authentication protocol pass phrase
  -e ENGINE-ID		set security engine ID (e.g. 800000020109840301)
  -E ENGINE-ID		set context engine ID (e.g. 800000020109840301)
  -l LEVEL		set security level (noAuthNoPriv|authNoPriv|authPriv)
  -n CONTEXT		set context name (e.g. bridge1)
  -u USER-NAME		set security name (e.g. bert)
  -x PROTOCOL		set privacy protocol (DES|AES)
  -X PASSPHRASE		set privacy protocol pass phrase
  -Z BOOTS,TIME		set destination engine boots/time
General communication options
  -r RETRIES		set the number of retries
  -t TIMEOUT		set the request timeout (in seconds)
Debugging
  -d			dump input/output packets in hexadecimal
  -D[TOKEN[,...]]	turn on debugging output for the specified TOKENs
			   (ALL gives extremely verbose debugging output)
General options
  -m MIB[:...]		load given list of MIBs (ALL loads everything)
  -M DIR[:...]		look in given list of directories for MIBs
    (default: /root/.snmp/mibs:/usr/share/snmp/mibs)
  -P MIBOPTS		Toggle various defaults controlling MIB parsing:
			  u:  allow the use of underlines in MIB symbols
			  c:  disallow the use of "--" to terminate comments
			  d:  save the DESCRIPTIONs of the MIB objects
			  e:  disable errors when MIB symbols conflict
			  w:  enable warnings when MIB symbols conflict
			  W:  enable detailed warnings when MIB symbols conflict
			  R:  replace MIB symbols from latest module
  -O OUTOPTS		Toggle various defaults controlling output display:
			  0:  print leading 0 for single-digit hex characters
			  a:  print all strings in ascii format
			  b:  do not break OID indexes down
			  e:  print enums numerically
			  E:  escape quotes in string indices
			  f:  print full OIDs on output
			  n:  print OIDs numerically
			  p PRECISION:  display floating point values with specified PRECISION (printf format string)
			  q:  quick print for easier parsing
			  Q:  quick print with equal-signs
			  s:  print only last symbolic element of OID
			  S:  print MIB module-id plus last element
			  t:  print timeticks unparsed as numeric integers
			  T:  print human-readable text along with hex strings
			  u:  print OIDs using UCD-style prefix suppression
			  U:  don't print units
			  v:  print values only (not OID = value)
			  x:  print all strings in hex format
			  X:  extended index format
  -I INOPTS		Toggle various defaults controlling input parsing:
			  b:  do best/regex matching to find a MIB node
			  h:  don't apply DISPLAY-HINTs
			  r:  do not check values for range/type legality
			  R:  do random access to OID labels
			  u:  top-level OIDs must have '.' prefix (UCD-style)
			  s SUFFIX:  Append all textual OIDs with SUFFIX before parsing
			  S PREFIX:  Prepend all textual OIDs with PREFIX before parsing
  -L LOGOPTS		Toggle various defaults controlling logging:
			  e:           log to standard error
			  o:           log to standard output
			  n:           don't log at all
			  f file:      log to the specified file
			  s facility:  log to syslog (via the specified facility)

			  (variants)
			  [EON] pri:   log to standard error, output or /dev/null for level 'pri' and above
			  [EON] p1-p2: log to standard error, output or /dev/null for levels 'p1' to 'p2'
			  [FS] pri token:    log to file/syslog for level 'pri' and above
			  [FS] p1-p2 token:  log to file/syslog for levels 'p1' to 'p2'
  -C APPOPTS		Set various application specific behaviours:
			  c:       do not check returned OIDs are increasing
			  i:       include given OIDs in the search range
			  n<NUM>:  set non-repeaters to <NUM>
			  p:       print the number of variables found
			  r<NUM>:  set max-repeaters to <NUM>
[DOCKER][STDOUT] END
[DOCKER] Raw stdout saved: ../ELF_samples/benign_report/x86-i686/raw/f06682c526ef557d1239bec465ddabe27d6f92575339e1595063995de06a288a_2026-01-31_16-14-36_2a5529be_container_stdout.txt
[EventRouter] ARM detected at event 166 for cgroup 76976
[EventRouter] Discarded 165 pre-ARM events for cgroup 76976
[DOCKER] Container exit code: 1
[DOCKER][STDOUT] BEGIN
51b1da6bbdbe0b7fb2d42e58edb1ab474df13c510bfa9f615ee8a06600ceba4a: eth1: No such device
[DOCKER][STDOUT] END
[DOCKER] Raw stdout saved: ../ELF_samples/benign_report/x86-i686/raw/51b1da6bbdbe0b7fb2d42e58edb1ab474df13c510bfa9f615ee8a06600ceba4a_2026-01-31_16-14-36_3d471558_container_stdout.txt
[POOL] Collected 7 events for analysis (read from log file)
[POOL] Running analyzers on 7 events for 7080bc1748208527a2047fad79efe850c03256dfdfec71c5c9229ac06c73befa
[POOL] Analysis completed: 0 findings in 0.00s (6670 events/s)
[AI-Integration] Submitted task: 90c1f387
[AI] 90c1f387 queued for DeepSeek analysis
[CgroupManager] Removed cgroup 76546 via bpftool
[POOL] Cleanup scheduled for c036f5fad743
[DockerWorker-0] ✓ Completed: 7080bc1748208527a2047fad79efe850c03256dfdfec71c5c9229ac06c73befa (7 events) (1.12s)
[DockerWorker-0] Starting: 89ebc0b29ac21b47bc8471ae12512dbb13239b429b196c3d60a97561be107bd4 (3_32bit)
[ANALYSISLOG] 89ebc0b29ac21b47bc8471ae12512dbb13239b429b196c3d60a97561be107bd4 -> ../ELF_samples/benign_report/x86-i686/raw/89ebc0b29ac21b47bc8471ae12512dbb13239b429b196c3d60a97561be107bd4_2026-01-31_16-14-37_6220f2fd.jsonl
[DOCKER] Selected image for libc=glibc: custom/i386-qemu
[POOL] Collected 7 events for analysis (read from log file)
[POOL] Running analyzers on 7 events for c125e3b33ae0c9fac09fff00a64f9ad3371b795c50f9bf83ed16755523080983
[POOL] Analysis completed: 0 findings in 0.00s (6108 events/s)
[AI-Integration] Submitted task: 424535dd
[AI] 424535dd queued for DeepSeek analysis
[CgroupManager] Removed cgroup 76718 via bpftool
[POOL] Cleanup scheduled for f6794a75ad12
[DockerWorker-2] ✓ Completed: c125e3b33ae0c9fac09fff00a64f9ad3371b795c50f9bf83ed16755523080983 (7 events) (1.11s)
[DockerWorker-2] Starting: 7d1a7d68403732ce9714bbcd5ee3b58503a9d4abcdf4561d974d8f55e04b999c (3_32bit)
[ANALYSISLOG] 7d1a7d68403732ce9714bbcd5ee3b58503a9d4abcdf4561d974d8f55e04b999c -> ../ELF_samples/benign_report/x86-i686/raw/7d1a7d68403732ce9714bbcd5ee3b58503a9d4abcdf4561d974d8f55e04b999c_2026-01-31_16-14-37_a428a978.jsonl
[DOCKER] Selected image for libc=glibc: custom/i386-qemu
[POOL] Collected 8 events for analysis (read from log file)
[POOL] Running analyzers on 8 events for e06b0a590b7dd634c202338c860726b74e8a9f88b86fcf19a7a2205f1f0c436b
[POOL] Analysis completed: 0 findings in 0.00s (7524 events/s)
[AI-Integration] Submitted task: f8e72aca
[AI] f8e72aca queued for DeepSeek analysis
[CgroupManager] Removed cgroup 76804 via bpftool
[POOL] Cleanup scheduled for 68a522bc908c
[DockerWorker-3] ✓ Completed: e06b0a590b7dd634c202338c860726b74e8a9f88b86fcf19a7a2205f1f0c436b (8 events) (1.12s)
[DockerWorker-3] Starting: 3004d7c9c46c9ecda6ecc58e189131847478c301ead19326f3deddb0b6bd86ff (3_32bit)
[ANALYSISLOG] 3004d7c9c46c9ecda6ecc58e189131847478c301ead19326f3deddb0b6bd86ff -> ../ELF_samples/benign_report/x86-i686/raw/3004d7c9c46c9ecda6ecc58e189131847478c301ead19326f3deddb0b6bd86ff_2026-01-31_16-14-37_91eb4bfa.jsonl
[DOCKER] Selected image for libc=glibc: custom/i386-qemu
[POOL] Collected 12 events for analysis (read from log file)
[POOL] Running analyzers on 12 events for eac42caa4522c5e65724b3e1c2b2f5c038e2be7a88a02a4cda68e9ecc8566194
[POOL] Analysis completed: 0 findings in 0.00s (11141 events/s)
[AI-Integration] Submitted task: f7c84fd8
[AI] f7c84fd8 queued for DeepSeek analysis
[POOL] Collected 10 events for analysis (read from log file)
[POOL] Running analyzers on 10 events for f06682c526ef557d1239bec465ddabe27d6f92575339e1595063995de06a288a
[POOL] Analysis completed: 1 findings in 0.00s (9097 events/s)
[AI-Integration] Submitted task: 2a5529be
[AI] 2a5529be queued for DeepSeek analysis
[CgroupManager] Removed cgroup 76890 via bpftool
[POOL] Cleanup scheduled for 20c7b79a3445
[DockerWorker-5] ✓ Completed: eac42caa4522c5e65724b3e1c2b2f5c038e2be7a88a02a4cda68e9ecc8566194 (12 events) (1.11s)
[DockerWorker-5] Starting: a0b8a8f55f61dcbd2b94acb637929b447f172041710d92a42a18503a3b13cd2a (3_32bit)
[ANALYSISLOG] a0b8a8f55f61dcbd2b94acb637929b447f172041710d92a42a18503a3b13cd2a -> ../ELF_samples/benign_report/x86-i686/raw/a0b8a8f55f61dcbd2b94acb637929b447f172041710d92a42a18503a3b13cd2a_2026-01-31_16-14-37_1391f9cb.jsonl
[DOCKER] Selected image for libc=glibc: custom/i386-qemu
[CgroupManager] Removed cgroup 76632 via bpftool
[POOL] Cleanup scheduled for 2df831a399d2
[DockerWorker-4] ✓ Completed: f06682c526ef557d1239bec465ddabe27d6f92575339e1595063995de06a288a (10 events) (1.24s)
[DockerWorker-4] Starting: d6fad43278282118e8d0b8828a08db3a240ef7ef18c93807a89d47f257880b14 (3_32bit)
[ANALYSISLOG] d6fad43278282118e8d0b8828a08db3a240ef7ef18c93807a89d47f257880b14 -> ../ELF_samples/benign_report/x86-i686/raw/d6fad43278282118e8d0b8828a08db3a240ef7ef18c93807a89d47f257880b14_2026-01-31_16-14-37_103ede4d.jsonl
[DOCKER] Selected image for libc=glibc: custom/i386-qemu
[POOL] Collected 7 events for analysis (read from log file)
[POOL] Running analyzers on 7 events for 51b1da6bbdbe0b7fb2d42e58edb1ab474df13c510bfa9f615ee8a06600ceba4a
[POOL] Analysis completed: 0 findings in 0.00s (6649 events/s)
[AI-Integration] Submitted task: 3d471558
[AI] 3d471558 queued for DeepSeek analysis
[CgroupManager] Removed cgroup 76976 via bpftool
[POOL] Cleanup scheduled for 83ea868180e7
[DockerWorker-1] ✓ Completed: 51b1da6bbdbe0b7fb2d42e58edb1ab474df13c510bfa9f615ee8a06600ceba4a (7 events) (1.16s)
[DockerWorker-1] Starting: 91bf294835ad1d934cb5b30e633aa3861213086a6d2dc10724fbc1a051ab3ea9 (3_32bit)
[ANALYSISLOG] 91bf294835ad1d934cb5b30e633aa3861213086a6d2dc10724fbc1a051ab3ea9 -> ../ELF_samples/benign_report/x86-i686/raw/91bf294835ad1d934cb5b30e633aa3861213086a6d2dc10724fbc1a051ab3ea9_2026-01-31_16-14-37_a7f73b1e.jsonl
[DOCKER] Selected image for libc=glibc: custom/i386-qemu
[CgroupManager] Added cgroup 77062 via bpftool
[EventRouter] DEBUG: EXEC #35 filename='/bin/true', triggers=['89ebc0b29ac21b47bc8471ae12512dbb13239b429b196c3d60a97561be107bd4', '/tmp/89ebc0b29ac21b47bc8471ae12512dbb13239b429b196c3d60a97561be107bd4']
[CgroupManager] Added cgroup 77234 via bpftool
[CgroupManager] Added cgroup 77148 via bpftool
[EventRouter] DEBUG: EXEC #33 filename='/bin/true', triggers=['3004d7c9c46c9ecda6ecc58e189131847478c301ead19326f3deddb0b6bd86ff', '/tmp/3004d7c9c46c9ecda6ecc58e189131847478c301ead19326f3deddb0b6bd86ff']
[EventRouter] ARM detected at event 132 for cgroup 77062
[EventRouter] Discarded 131 pre-ARM events for cgroup 77062
[EventRouter] DEBUG: EXEC #49 filename='/bin/true', triggers=['7d1a7d68403732ce9714bbcd5ee3b58503a9d4abcdf4561d974d8f55e04b999c', '/tmp/7d1a7d68403732ce9714bbcd5ee3b58503a9d4abcdf4561d974d8f55e04b999c']
[CgroupManager] Added cgroup 77406 via bpftool
[CgroupManager] Added cgroup 77320 via bpftool
[CgroupManager] Added cgroup 77492 via bpftool
[EventRouter] DEBUG: EXEC #33 filename='/bin/true', triggers=['d6fad43278282118e8d0b8828a08db3a240ef7ef18c93807a89d47f257880b14', '/tmp/d6fad43278282118e8d0b8828a08db3a240ef7ef18c93807a89d47f257880b14']
[EventRouter] DEBUG: EXEC #33 filename='/bin/true', triggers=['a0b8a8f55f61dcbd2b94acb637929b447f172041710d92a42a18503a3b13cd2a', '/tmp/a0b8a8f55f61dcbd2b94acb637929b447f172041710d92a42a18503a3b13cd2a']
[EventRouter] DEBUG: EXEC #50 filename='/bin/true', triggers=['91bf294835ad1d934cb5b30e633aa3861213086a6d2dc10724fbc1a051ab3ea9', '/tmp/91bf294835ad1d934cb5b30e633aa3861213086a6d2dc10724fbc1a051ab3ea9']
[DOCKER] Container exit code: 1
[DOCKER][STDOUT] BEGIN
Created directory: /var/lib/snmp
Created directory: /var/lib/snmp/cert_indexes
Created directory: /var/lib/snmp/mib_indexes
MIB search path: /root/.snmp/mibs:/usr/share/snmp/mibs
Cannot find module (SNMPv2-MIB): At line 0 in (none)
Cannot find module (IF-MIB): At line 0 in (none)
Cannot find module (IP-MIB): At line 0 in (none)
Cannot find module (TCP-MIB): At line 0 in (none)
Cannot find module (UDP-MIB): At line 0 in (none)
Cannot find module (HOST-RESOURCES-MIB): At line 0 in (none)
Cannot find module (HOST-RESOURCES-TYPES): At line 0 in (none)
Cannot find module (SNMP-VIEW-BASED-ACM-MIB): At line 0 in (none)
Cannot find module (SNMP-COMMUNITY-MIB): At line 0 in (none)
Cannot find module (SNMP-FRAMEWORK-MIB): At line 0 in (none)
Cannot find module (SNMP-MPD-MIB): At line 0 in (none)
Cannot find module (SNMP-USER-BASED-SM-MIB): At line 0 in (none)
No hostname specified.
USAGE: snmptrap [OPTIONS] AGENT TRAP-PARAMETERS

  Version:  5.8
  Web:      http://www.net-snmp.org/
  Email:    net-snmp-coders@lists.sourceforge.net

OPTIONS:
  -h, --help		display this help message
  -H			display configuration file directives understood
  -v 1|2c|3		specifies SNMP version to use
  -V, --version		display package version number
SNMP Version 1 or 2c specific
  -c COMMUNITY		set the community string
SNMP Version 3 specific
  -a PROTOCOL		set authentication protocol (MD5|SHA|SHA-224|SHA-256|SHA-384|SHA-512)
  -A PASSPHRASE		set authentication protocol pass phrase
  -e ENGINE-ID		set security engine ID (e.g. 800000020109840301)
  -E ENGINE-ID		set context engine ID (e.g. 800000020109840301)
  -l LEVEL		set security level (noAuthNoPriv|authNoPriv|authPriv)
  -n CONTEXT		set context name (e.g. bridge1)
  -u USER-NAME		set security name (e.g. bert)
  -x PROTOCOL		set privacy protocol (DES|AES)
  -X PASSPHRASE		set privacy protocol pass phrase
  -Z BOOTS,TIME		set destination engine boots/time
General communication options
  -r RETRIES		set the number of retries
  -t TIMEOUT		set the request timeout (in seconds)
Debugging
  -d			dump input/output packets in hexadecimal
  -D[TOKEN[,...]]	turn on debugging output for the specified TOKENs
			   (ALL gives extremely verbose debugging output)
General options
  -m MIB[:...]		load given list of MIBs (ALL loads everything)
  -M DIR[:...]		look in given list of directories for MIBs
    (default: /root/.snmp/mibs:/usr/share/snmp/mibs)
  -P MIBOPTS		Toggle various defaults controlling MIB parsing:
			  u:  allow the use of underlines in MIB symbols
			  c:  disallow the use of "--" to terminate comments
			  d:  save the DESCRIPTIONs of the MIB objects
			  e:  disable errors when MIB symbols conflict
			  w:  enable warnings when MIB symbols conflict
			  W:  enable detailed warnings when MIB symbols conflict
			  R:  replace MIB symbols from latest module
  -O OUTOPTS		Toggle various defaults controlling output display:
			  0:  print leading 0 for single-digit hex characters
			  a:  print all strings in ascii format
			  b:  do not break OID indexes down
			  e:  print enums numerically
			  E:  escape quotes in string indices
			  f:  print full OIDs on output
			  n:  print OIDs numerically
			  p PRECISION:  display floating point values with specified PRECISION (printf format string)
			  q:  quick print for easier parsing
			  Q:  quick print with equal-signs
			  s:  print only last symbolic element of OID
			  S:  print MIB module-id plus last element
			  t:  print timeticks unparsed as numeric integers
			  T:  print human-readable text along with hex strings
			  u:  print OIDs using UCD-style prefix suppression
			  U:  don't print units
			  v:  print values only (not OID = value)
			  x:  print all strings in hex format
			  X:  extended index format
  -I INOPTS		Toggle various defaults controlling input parsing:
			  b:  do best/regex matching to find a MIB node
			  h:  don't apply DISPLAY-HINTs
			  r:  do not check values for range/type legality
			  R:  do random access to OID labels
			  u:  top-level OIDs must have '.' prefix (UCD-style)
			  s SUFFIX:  Append all textual OIDs with SUFFIX before parsing
			  S PREFIX:  Prepend all textual OIDs with PREFIX before parsing
  -L LOGOPTS		Toggle various defaults controlling logging:
			  e:           log to standard error
			  o:           log to standard output
			  n:           don't log at all
			  f file:      log to the specified file
			  s facility:  log to syslog (via the specified facility)

			  (variants)
			  [EON] pri:   log to standard error, output or /dev/null for level 'pri' and above
			  [EON] p1-p2: log to standard error, output or /dev/null for levels 'p1' to 'p2'
			  [FS] pri token:    log to file/syslog for level 'pri' and above
			  [FS] p1-p2 token:  log to file/syslog for levels 'p1' to 'p2'
  -C APPOPTS		Set various application specific behaviour:
			  i:  send an INFORM instead of a TRAP

  -v 1 TRAP-PARAMETERS:
	 enterprise-oid agent trap-type specific-type uptime [OID TYPE VALUE]...
  or
  -v 2 TRAP-PARAMETERS:
	 uptime trapoid [OID TYPE VALUE] ...
[DOCKER][STDOUT] END
[DOCKER] Raw stdout saved: ../ELF_samples/benign_report/x86-i686/raw/89ebc0b29ac21b47bc8471ae12512dbb13239b429b196c3d60a97561be107bd4_2026-01-31_16-14-37_6220f2fd_container_stdout.txt
[EventRouter] ARM detected at event 149 for cgroup 77148
[EventRouter] Discarded 148 pre-ARM events for cgroup 77148
[DOCKER] Container exit code: 0
[EventRouter] ARM detected at event 133 for cgroup 77234
[EventRouter] Discarded 132 pre-ARM events for cgroup 77234
[EventRouter] ARM detected at event 149 for cgroup 77320
[EventRouter] Discarded 148 pre-ARM events for cgroup 77320
[DOCKER] Container exit code: 0
[DOCKER][STDOUT] BEGIN
 2 3A:77:6E:11:01:24 172.017.000.005 eth0 eth0
[DOCKER][STDOUT] END
[DOCKER] Raw stdout saved: ../ELF_samples/benign_report/x86-i686/raw/a0b8a8f55f61dcbd2b94acb637929b447f172041710d92a42a18503a3b13cd2a_2026-01-31_16-14-37_1391f9cb_container_stdout.txt
[EventRouter] ARM detected at event 147 for cgroup 77492
[EventRouter] Discarded 146 pre-ARM events for cgroup 77492
[EventRouter] ARM detected at event 133 for cgroup 77406
[EventRouter] Discarded 132 pre-ARM events for cgroup 77406
[DOCKER] Container exit code: 0
[DOCKER] Container exit code: 1
[DOCKER][STDOUT] BEGIN
d6fad43278282118e8d0b8828a08db3a240ef7ef18c93807a89d47f257880b14: failed to execute /usr/bin/vi: No such file or directory
d6fad43278282118e8d0b8828a08db3a240ef7ef18c93807a89d47f257880b14: /usr/bin/vi: : No error information
d6fad43278282118e8d0b8828a08db3a240ef7ef18c93807a89d47f257880b14: /etc/passwd unchanged
[DOCKER][STDOUT] END
[DOCKER] Raw stdout saved: ../ELF_samples/benign_report/x86-i686/raw/d6fad43278282118e8d0b8828a08db3a240ef7ef18c93807a89d47f257880b14_2026-01-31_16-14-37_103ede4d_container_stdout.txt
[POOL] Collected 10 events for analysis (read from log file)
[POOL] Running analyzers on 10 events for 89ebc0b29ac21b47bc8471ae12512dbb13239b429b196c3d60a97561be107bd4
[POOL] Analysis completed: 0 findings in 0.00s (8502 events/s)
[AI-Integration] Submitted task: 6220f2fd
[AI] 6220f2fd queued for DeepSeek analysis
[CgroupManager] Removed cgroup 77062 via bpftool
[POOL] Cleanup scheduled for bd0304cbe3df
[DockerWorker-0] ✓ Completed: 89ebc0b29ac21b47bc8471ae12512dbb13239b429b196c3d60a97561be107bd4 (10 events) (1.20s)
[DockerWorker-0] Starting: 34542f92536458c0542928cd4116db155a5dc5d0e479033ae4c9e997b4c92001 (3_32bit)
[ANALYSISLOG] 34542f92536458c0542928cd4116db155a5dc5d0e479033ae4c9e997b4c92001 -> ../ELF_samples/benign_report/x86-i686/raw/34542f92536458c0542928cd4116db155a5dc5d0e479033ae4c9e997b4c92001_2026-01-31_16-14-38_6f194a22.jsonl
[DOCKER] Selected image for libc=glibc: custom/i386-qemu
[POOL] Collected 6 events for analysis (read from log file)
[POOL] Running analyzers on 6 events for 7d1a7d68403732ce9714bbcd5ee3b58503a9d4abcdf4561d974d8f55e04b999c
[POOL] Analysis completed: 0 findings in 0.00s (5728 events/s)
[AI-Integration] Submitted task: a428a978
[AI] a428a978 queued for DeepSeek analysis
[CgroupManager] Removed cgroup 77148 via bpftool
[POOL] Cleanup scheduled for 62e44be7c767
[DockerWorker-2] ✓ Completed: 7d1a7d68403732ce9714bbcd5ee3b58503a9d4abcdf4561d974d8f55e04b999c (6 events) (1.13s)
[DockerWorker-2] Starting: 0d8e6bc0252c4228e9fc592a5b5c45e9f073e932db1c8c26c03ec5d10cee18e8 (3_32bit)
[ANALYSISLOG] 0d8e6bc0252c4228e9fc592a5b5c45e9f073e932db1c8c26c03ec5d10cee18e8 -> ../ELF_samples/benign_report/x86-i686/raw/0d8e6bc0252c4228e9fc592a5b5c45e9f073e932db1c8c26c03ec5d10cee18e8_2026-01-31_16-14-38_bbde1a4b.jsonl
[DOCKER] Selected image for libc=glibc: custom/i386-qemu
[POOL] Collected 7 events for analysis (read from log file)
[POOL] Running analyzers on 7 events for a0b8a8f55f61dcbd2b94acb637929b447f172041710d92a42a18503a3b13cd2a
[POOL] Analysis completed: 0 findings in 0.00s (6631 events/s)
[AI-Integration] Submitted task: 1391f9cb
[AI] 1391f9cb queued for DeepSeek analysis
[CgroupManager] Removed cgroup 77320 via bpftool
[POOL] Cleanup scheduled for 47aa2f385c1b
[DockerWorker-5] ✓ Completed: a0b8a8f55f61dcbd2b94acb637929b447f172041710d92a42a18503a3b13cd2a (7 events) (1.13s)
[DockerWorker-5] Starting: cddf9234ad07827b8d8dfe958ae530c78fde47733510b36ca6cb636b98227213 (3_32bit)
[ANALYSISLOG] cddf9234ad07827b8d8dfe958ae530c78fde47733510b36ca6cb636b98227213 -> ../ELF_samples/benign_report/x86-i686/raw/cddf9234ad07827b8d8dfe958ae530c78fde47733510b36ca6cb636b98227213_2026-01-31_16-14-38_216663be.jsonl
[DOCKER] Selected image for libc=glibc: custom/i386-qemu
[POOL] Collected 20 events for analysis (read from log file)
[POOL] Running analyzers on 20 events for 91bf294835ad1d934cb5b30e633aa3861213086a6d2dc10724fbc1a051ab3ea9
[POOL] Analysis completed: 0 findings in 0.00s (18619 events/s)
[AI-Integration] Submitted task: a7f73b1e
[AI] a7f73b1e queued for DeepSeek analysis
[POOL] Collected 15 events for analysis (read from log file)
[POOL] Running analyzers on 15 events for d6fad43278282118e8d0b8828a08db3a240ef7ef18c93807a89d47f257880b14
[POOL] Analysis completed: 0 findings in 0.00s (13628 events/s)
[AI-Integration] Submitted task: 103ede4d
[AI] 103ede4d queued for DeepSeek analysis
[CgroupManager] Removed cgroup 77492 via bpftool
[POOL] Cleanup scheduled for a9b38b5d75b0
[DockerWorker-1] ✓ Completed: 91bf294835ad1d934cb5b30e633aa3861213086a6d2dc10724fbc1a051ab3ea9 (20 events) (1.09s)
[DockerWorker-1] Starting: 673a97d8d1eaebbe31e2a794e4cb9ee5d5a9d22f3c87a67e8e532881093cad84 (3_32bit)
[ANALYSISLOG] 673a97d8d1eaebbe31e2a794e4cb9ee5d5a9d22f3c87a67e8e532881093cad84 -> ../ELF_samples/benign_report/x86-i686/raw/673a97d8d1eaebbe31e2a794e4cb9ee5d5a9d22f3c87a67e8e532881093cad84_2026-01-31_16-14-38_7c4f463b.jsonl
[DOCKER] Selected image for libc=glibc: custom/i386-qemu
[CgroupManager] Removed cgroup 77406 via bpftool
[POOL] Cleanup scheduled for 39e608620fa8
[DockerWorker-4] ✓ Completed: d6fad43278282118e8d0b8828a08db3a240ef7ef18c93807a89d47f257880b14 (15 events) (1.16s)
[DockerWorker-4] Starting: e14c87872dbf68aaab36456550562d2fcd12c672b8b63b146cd99b3ef1ee3aae (3_32bit)
[ANALYSISLOG] e14c87872dbf68aaab36456550562d2fcd12c672b8b63b146cd99b3ef1ee3aae -> ../ELF_samples/benign_report/x86-i686/raw/e14c87872dbf68aaab36456550562d2fcd12c672b8b63b146cd99b3ef1ee3aae_2026-01-31_16-14-38_a2316c20.jsonl
[DOCKER] Selected image for libc=glibc: custom/i386-qemu
[CgroupManager] Added cgroup 77578 via bpftool
[EventRouter] DEBUG: EXEC #33 filename='/bin/true', triggers=['34542f92536458c0542928cd4116db155a5dc5d0e479033ae4c9e997b4c92001', '/tmp/34542f92536458c0542928cd4116db155a5dc5d0e479033ae4c9e997b4c92001']
[CgroupManager] Added cgroup 77664 via bpftool
[EventRouter] DEBUG: EXEC #34 filename='/bin/true', triggers=['0d8e6bc0252c4228e9fc592a5b5c45e9f073e932db1c8c26c03ec5d10cee18e8', '/tmp/0d8e6bc0252c4228e9fc592a5b5c45e9f073e932db1c8c26c03ec5d10cee18e8']
[CgroupManager] Added cgroup 77750 via bpftool
[CgroupManager] Added cgroup 77922 via bpftool
[CgroupManager] Added cgroup 77836 via bpftool
[EventRouter] DEBUG: EXEC #49 filename='/bin/true', triggers=['e14c87872dbf68aaab36456550562d2fcd12c672b8b63b146cd99b3ef1ee3aae', '/tmp/e14c87872dbf68aaab36456550562d2fcd12c672b8b63b146cd99b3ef1ee3aae']
[EventRouter] DEBUG: EXEC #35 filename='/bin/true', triggers=['cddf9234ad07827b8d8dfe958ae530c78fde47733510b36ca6cb636b98227213', '/tmp/cddf9234ad07827b8d8dfe958ae530c78fde47733510b36ca6cb636b98227213']
[EventRouter] ARM detected at event 134 for cgroup 77578
[EventRouter] Discarded 133 pre-ARM events for cgroup 77578
[DOCKER] Container exit code: 1
[DOCKER][STDOUT] BEGIN
34542f92536458c0542928cd4116db155a5dc5d0e479033ae4c9e997b4c92001: /proc/profile: No such file or directory
[DOCKER][STDOUT] END
[DOCKER] Raw stdout saved: ../ELF_samples/benign_report/x86-i686/raw/34542f92536458c0542928cd4116db155a5dc5d0e479033ae4c9e997b4c92001_2026-01-31_16-14-38_6f194a22_container_stdout.txt
[EventRouter] ARM detected at event 150 for cgroup 77664
[EventRouter] Discarded 149 pre-ARM events for cgroup 77664
[DOCKER] Container exit code: 0
[EventRouter] ARM detected at event 148 for cgroup 77836
[EventRouter] Discarded 147 pre-ARM events for cgroup 77836
[DOCKER] Container exit code: 255
[DOCKER][STDOUT] BEGIN
-- Alert: SoftEther VPN Kernel --
Fatal Error: The file "hamcore.se2" is missing or broken.
Please check hamcore.se2.

(First, reboot the computer. If this problem occurs again, please reinstall VPN software files.)
[DOCKER][STDOUT] END
[DOCKER] Raw stdout saved: ../ELF_samples/benign_report/x86-i686/raw/3004d7c9c46c9ecda6ecc58e189131847478c301ead19326f3deddb0b6bd86ff_2026-01-31_16-14-37_91eb4bfa_container_stdout.txt
[EventRouter] ARM detected at event 135 for cgroup 77750
[EventRouter] Discarded 134 pre-ARM events for cgroup 77750
[DOCKER] Container exit code: 0
[DOCKER][STDOUT] BEGIN
6550313ab077
[DOCKER][STDOUT] END
[DOCKER] Raw stdout saved: ../ELF_samples/benign_report/x86-i686/raw/cddf9234ad07827b8d8dfe958ae530c78fde47733510b36ca6cb636b98227213_2026-01-31_16-14-38_216663be_container_stdout.txt
[DOCKER] Container exit code: 0
[DOCKER][STDOUT] BEGIN
Usage: /tmp/673a97d8d1eaebbe31e2a794e4cb9ee5d5a9d22f3c87a67e8e532881093cad84 PANid sourceAddr destAddr
  or:  /tmp/673a97d8d1eaebbe31e2a794e4cb9ee5d5a9d22f3c87a67e8e532881093cad84 --help
  or:  /tmp/673a97d8d1eaebbe31e2a794e4cb9ee5d5a9d22f3c87a67e8e532881093cad84 --version


Starts chat session on net PANid, using addr sourceAddr talking with destAddr.

Currently all addresses should be short (16-bit) and specified in hex form.
Report bugs to linux-zigbee-devel@lists.sourceforge.net

Userspace tools for Linux IEEE 802.15.4 stack homepage <http://linux-zigbee.sourceforge.net/>
[DOCKER][STDOUT] END
[DOCKER] Raw stdout saved: ../ELF_samples/benign_report/x86-i686/raw/673a97d8d1eaebbe31e2a794e4cb9ee5d5a9d22f3c87a67e8e532881093cad84_2026-01-31_16-14-38_7c4f463b_container_stdout.txt
[EventRouter] ARM detected at event 149 for cgroup 77922
[EventRouter] Discarded 148 pre-ARM events for cgroup 77922
[DOCKER] Container exit code: 0
[DOCKER][STDOUT] BEGIN
Usage:
  /tmp/e14c87872dbf68aaab36456550562d2fcd12c672b8b63b146cd99b3ef1ee3aae [ -46dFITnreAUDV ] [ -f first_ttl ] [ -g gate,... ] [ -i device ] [ -m max_ttl ] [ -N squeries ] [ -p port ] [ -t tos ] [ -l flow_label ] [ -w MAX,HERE,NEAR ] [ -q nqueries ] [ -s src_addr ] [ -z sendwait ] [ --fwmark=num ] host [ packetlen ]
Options:
  -4                          Use IPv4
  -6                          Use IPv6
  -d  --debug                 Enable socket level debugging
  -F  --dont-fragment         Do not fragment packets
  -f first_ttl  --first=first_ttl
                              Start from the first_ttl hop (instead from 1)
  -g gate,...  --gateway=gate,...
                              Route packets through the specified gateway
                              (maximum 8 for IPv4 and 127 for IPv6)
  -I  --icmp                  Use ICMP ECHO for tracerouting
  -T  --tcp                   Use TCP SYN for tracerouting (default port is 80)
  -i device  --interface=device
                              Specify a network interface to operate with
  -m max_ttl  --max-hops=max_ttl
                              Set the max number of hops (max TTL to be
                              reached). Default is 30
  -N squeries  --sim-queries=squeries
                              Set the number of probes to be tried
                              simultaneously (default is 16)
  -n                          Do not resolve IP addresses to their domain names
  -p port  --port=port        Set the destination port to use. It is either
                              initial udp port value for "default" method
                              (incremented by each probe, default is 33434), or
                              initial seq for "icmp" (incremented as well,
                              default from 1), or some constant destination
                              port for other methods (with default of 80 for
                              "tcp", 53 for "udp", etc.)
  -t tos  --tos=tos           Set the TOS (IPv4 type of service) or TC (IPv6
                              traffic class) value for outgoing packets
  -l flow_label  --flowlabel=flow_label
                              Use specified flow_label for IPv6 packets
  -w MAX,HERE,NEAR  --wait=MAX,HERE,NEAR
                              Wait for a probe no more than HERE (default 3)
                              times longer than a response from the same hop,
                              or no more than NEAR (default 10) times than some
                              next hop, or MAX (default 5.0) seconds (float
                              point values allowed too)
  -q nqueries  --queries=nqueries
                              Set the number of probes per each hop. Default is
                              3
  -r                          Bypass the normal routing and send directly to a
                              host on an attached network
  -s src_addr  --source=src_addr
                              Use source src_addr for outgoing packets
  -z sendwait  --sendwait=sendwait
                              Minimal time interval between probes (default 0).
                              If the value is more than 10, then it specifies a
                              number in milliseconds, else it is a number of
                              seconds (float point values allowed too)
  -e  --extensions            Show ICMP extensions (if present), including MPLS
  -A  --as-path-lookups       Perform AS path lookups in routing registries and
                              print results directly after the corresponding
                              addresses
  -M name  --module=name      Use specified module (either builtin or external)
                              for traceroute operations. Most methods have
                              their shortcuts (`-I' means `-M icmp' etc.)
  -O OPTS,...  --options=OPTS,...
                              Use module-specific option OPTS for the
                              traceroute module. Several OPTS allowed,
                              separated by comma. If OPTS is "help", print info
                              about available options
  --sport=num                 Use source port num for outgoing packets. Implies
                              `-N 1'
  --fwmark=num                Set firewall mark for outgoing packets
  -U  --udp                   Use UDP to particular port for tracerouting
                              (instead of increasing the port per each probe),
                              default port is 53
  -UL                         Use UDPLITE for tracerouting (default dest port
                              is 53)
  -D  --dccp                  Use DCCP Request for tracerouting (default port
                              is 33434)
  -P prot  --protocol=prot    Use raw packet of protocol prot for tracerouting
  --mtu                       Discover MTU along the path being traced. Implies
                              `-F -N 1'
  --back                      Guess the number of hops in the backward path and
                              print if it differs
  -V  --version               Print version info and exit
  --help                      Read this help and exit

Arguments:
+     host          The host to traceroute to
      packetlen     The full packet length (default is the length of an IP
                    header plus 40). Can be ignored or increased to a minimal
                    allowed value
[DOCKER][STDOUT] END
[DOCKER] Raw stdout saved: ../ELF_samples/benign_report/x86-i686/raw/e14c87872dbf68aaab36456550562d2fcd12c672b8b63b146cd99b3ef1ee3aae_2026-01-31_16-14-38_a2316c20_container_stdout.txt
[POOL] Collected 7 events for analysis (read from log file)
[POOL] Running analyzers on 7 events for 34542f92536458c0542928cd4116db155a5dc5d0e479033ae4c9e997b4c92001
[POOL] Analysis completed: 0 findings in 0.00s (6029 events/s)
[AI-Integration] Submitted task: 6f194a22
[AI] 6f194a22 queued for DeepSeek analysis
[CgroupManager] Removed cgroup 77578 via bpftool
[POOL] Cleanup scheduled for 14dc5277ec58
[DockerWorker-0] ✓ Completed: 34542f92536458c0542928cd4116db155a5dc5d0e479033ae4c9e997b4c92001 (7 events) (1.15s)
[DockerWorker-0] Starting: 66d8d3bc6fd70288be86a2d0c33157ad4a617000ea2ca29160b684f9385a776d (3_32bit)
[ANALYSISLOG] 66d8d3bc6fd70288be86a2d0c33157ad4a617000ea2ca29160b684f9385a776d -> ../ELF_samples/benign_report/x86-i686/raw/66d8d3bc6fd70288be86a2d0c33157ad4a617000ea2ca29160b684f9385a776d_2026-01-31_16-14-39_c5f110ee.jsonl
[DOCKER] Selected image for libc=glibc: custom/i386-qemu
[POOL] Collected 7 events for analysis (read from log file)
[POOL] Running analyzers on 7 events for 0d8e6bc0252c4228e9fc592a5b5c45e9f073e932db1c8c26c03ec5d10cee18e8
[POOL] Analysis completed: 0 findings in 0.00s (6521 events/s)
[AI-Integration] Submitted task: bbde1a4b
[AI] bbde1a4b queued for DeepSeek analysis
[CgroupManager] Removed cgroup 77664 via bpftool
[POOL] Cleanup scheduled for 4414ce54f67c
[DockerWorker-2] ✓ Completed: 0d8e6bc0252c4228e9fc592a5b5c45e9f073e932db1c8c26c03ec5d10cee18e8 (7 events) (1.12s)
[DockerWorker-2] Starting: 9a25943b7ad52b518f75495bc9bd77de6b0f4f62e40348832e7db90d714e396c.static (3_32bit)
[ANALYSISLOG] 9a25943b7ad52b518f75495bc9bd77de6b0f4f62e40348832e7db90d714e396c.static -> ../ELF_samples/benign_report/x86-i686/raw/9a25943b7ad52b518f75495bc9bd77de6b0f4f62e40348832e7db90d714e396c.static_2026-01-31_16-14-39_3d025f2e.jsonl
[DOCKER] Selected image for libc=glibc: custom/i386-qemu
[POOL] Collected 24 events for analysis (read from log file)
[POOL] Running analyzers on 24 events for 3004d7c9c46c9ecda6ecc58e189131847478c301ead19326f3deddb0b6bd86ff
[POOL] Analysis completed: 0 findings in 0.00s (21595 events/s)
[AI-Integration] Submitted task: 91eb4bfa
[AI] 91eb4bfa queued for DeepSeek analysis
[CgroupManager] Removed cgroup 77234 via bpftool
[POOL] Cleanup scheduled for ef74f34099d9
[DockerWorker-3] ✗ Failed: 3004d7c9c46c9ecda6ecc58e189131847478c301ead19326f3deddb0b6bd86ff - Crashed: Signal 127 (Exit code 255) (2.35s)
[DockerWorker-3] Starting: 792e7f8b0990fd5f3ce8a6d00dff8b7b4aaf44cce4df774d1079d6ff520b75c9 (3_32bit)
[ANALYSISLOG] 792e7f8b0990fd5f3ce8a6d00dff8b7b4aaf44cce4df774d1079d6ff520b75c9 -> ../ELF_samples/benign_report/x86-i686/raw/792e7f8b0990fd5f3ce8a6d00dff8b7b4aaf44cce4df774d1079d6ff520b75c9_2026-01-31_16-14-39_c2d96dab.jsonl
[DOCKER] Selected image for libc=glibc: custom/i386-qemu
[POOL] Collected 6 events for analysis (read from log file)
[POOL] Running analyzers on 6 events for cddf9234ad07827b8d8dfe958ae530c78fde47733510b36ca6cb636b98227213
[POOL] Analysis completed: 0 findings in 0.00s (5642 events/s)
[AI-Integration] Submitted task: 216663be
[AI] 216663be queued for DeepSeek analysis
[CgroupManager] Removed cgroup 77750 via bpftool
[POOL] Cleanup scheduled for 6550313ab077
[DockerWorker-5] ✓ Completed: cddf9234ad07827b8d8dfe958ae530c78fde47733510b36ca6cb636b98227213 (6 events) (1.19s)
[DockerWorker-5] Starting: 63680a33b53a11f67ad90a44f71a4f057500433f0c126f85e7f59aabaa086c72 (3_32bit)
[ANALYSISLOG] 63680a33b53a11f67ad90a44f71a4f057500433f0c126f85e7f59aabaa086c72 -> ../ELF_samples/benign_report/x86-i686/raw/63680a33b53a11f67ad90a44f71a4f057500433f0c126f85e7f59aabaa086c72_2026-01-31_16-14-39_84605e55.jsonl
[DOCKER] Selected image for libc=glibc: custom/i386-qemu
[POOL] Collected 7 events for analysis (read from log file)
[POOL] Running analyzers on 7 events for 673a97d8d1eaebbe31e2a794e4cb9ee5d5a9d22f3c87a67e8e532881093cad84
[POOL] Analysis completed: 0 findings in 0.00s (6636 events/s)
[AI-Integration] Submitted task: 7c4f463b
[AI] 7c4f463b queued for DeepSeek analysis
[POOL] Collected 6 events for analysis (read from log file)
[POOL] Running analyzers on 6 events for e14c87872dbf68aaab36456550562d2fcd12c672b8b63b146cd99b3ef1ee3aae
[POOL] Analysis completed: 0 findings in 0.00s (4147 events/s)
[AI-Integration] Submitted task: a2316c20
[AI] a2316c20 queued for DeepSeek analysis
[CgroupManager] Removed cgroup 77836 via bpftool
[POOL] Cleanup scheduled for 20755c4eb36a
[DockerWorker-1] ✓ Completed: 673a97d8d1eaebbe31e2a794e4cb9ee5d5a9d22f3c87a67e8e532881093cad84 (7 events) (1.19s)
[DockerWorker-1] Starting: b956eeab87269ba13785231212e06fb5a48b97ce7387ef9f0b824675e261d42e.bfs (3_32bit)
[ANALYSISLOG] b956eeab87269ba13785231212e06fb5a48b97ce7387ef9f0b824675e261d42e.bfs -> ../ELF_samples/benign_report/x86-i686/raw/b956eeab87269ba13785231212e06fb5a48b97ce7387ef9f0b824675e261d42e.bfs_2026-01-31_16-14-39_eb7e5658.jsonl
[DOCKER] Selected image for libc=glibc: custom/i386-qemu
[CgroupManager] Removed cgroup 77922 via bpftool
[POOL] Cleanup scheduled for 2f4a917cb727
[DockerWorker-4] ✓ Completed: e14c87872dbf68aaab36456550562d2fcd12c672b8b63b146cd99b3ef1ee3aae (6 events) (1.19s)
[DockerWorker-4] Starting: 515e93a494f593021fc01e64e25e6494f4e5bce2e12abec413e12920f1aca08f (3_32bit)
[ANALYSISLOG] 515e93a494f593021fc01e64e25e6494f4e5bce2e12abec413e12920f1aca08f -> ../ELF_samples/benign_report/x86-i686/raw/515e93a494f593021fc01e64e25e6494f4e5bce2e12abec413e12920f1aca08f_2026-01-31_16-14-39_fd64d7ec.jsonl
[DOCKER] Selected image for libc=glibc: custom/i386-qemu
[CgroupManager] Added cgroup 78008 via bpftool
[CgroupManager] Added cgroup 78094 via bpftool
[EventRouter] DEBUG: EXEC #33 filename='/bin/true', triggers=['66d8d3bc6fd70288be86a2d0c33157ad4a617000ea2ca29160b684f9385a776d', '/tmp/66d8d3bc6fd70288be86a2d0c33157ad4a617000ea2ca29160b684f9385a776d']
[EventRouter] DEBUG: EXEC #34 filename='/bin/true', triggers=['9a25943b7ad52b518f75495bc9bd77de6b0f4f62e40348832e7db90d714e396c.static', '/tmp/9a25943b7ad52b518f75495bc9bd77de6b0f4f62e40348832e7db90d714e396c.static']
[CgroupManager] Added cgroup 78180 via bpftool
[EventRouter] DEBUG: EXEC #33 filename='/bin/true', triggers=['792e7f8b0990fd5f3ce8a6d00dff8b7b4aaf44cce4df774d1079d6ff520b75c9', '/tmp/792e7f8b0990fd5f3ce8a6d00dff8b7b4aaf44cce4df774d1079d6ff520b75c9']
[CgroupManager] Added cgroup 78266 via bpftool
[CgroupManager] Added cgroup 78438 via bpftool
[EventRouter] ARM detected at event 147 for cgroup 78008
[EventRouter] Discarded 146 pre-ARM events for cgroup 78008
[CgroupManager] Added cgroup 78352 via bpftool
[EventRouter] ARM detected at event 133 for cgroup 78094
[EventRouter] Discarded 132 pre-ARM events for cgroup 78094
[EventRouter] DEBUG: EXEC #33 filename='/bin/true', triggers=['b956eeab87269ba13785231212e06fb5a48b97ce7387ef9f0b824675e261d42e.bfs', '/tmp/b956eeab87269ba13785231212e06fb5a48b97ce7387ef9f0b824675e261d42e.bfs']
[DOCKER] Container exit code: 1
[DOCKER][STDOUT] BEGIN
btrfs-progs v4.17.1 
See http://btrfs.wiki.kernel.org for more information.

Usage: mkfs.btrfs [options] dev [ dev ... ]
Options:
  allocation profiles:
	-d|--data PROFILE       data profile, raid0, raid1, raid5, raid6, raid10, dup or single
	-m|--metadata PROFILE   metadata profile, values like for data profile
	-M|--mixed              mix metadata and data together
  features:
	-n|--nodesize SIZE      size of btree nodes
	-s|--sectorsize SIZE    data block size (may not be mountable by current kernel)
	-O|--features LIST      comma separated list of filesystem features (use '-O list-all' to list features)
	-L|--label LABEL        set the filesystem label
	-U|--uuid UUID          specify the filesystem UUID (must be unique)
  creation:
	-b|--byte-count SIZE    set filesystem size to SIZE (on the first device)
	-r|--rootdir DIR        copy files from DIR to the image root directory
	--shrink                (with --rootdir) shrink the filled filesystem to minimal size
	-K|--nodiscard          do not perform whole device TRIM
	-f|--force              force overwrite of existing filesystem
  general:
	-q|--quiet              no messages except errors
	-V|--version            print the mkfs.btrfs version and exit
	--help                  print this help and exit
  deprecated:
	-A|--alloc-start START  the offset to start the filesystem
	-l|--leafsize SIZE      deprecated, alias for nodesize
[DOCKER][STDOUT] END
[DOCKER] Raw stdout saved: ../ELF_samples/benign_report/x86-i686/raw/9a25943b7ad52b518f75495bc9bd77de6b0f4f62e40348832e7db90d714e396c.static_2026-01-31_16-14-39_3d025f2e_container_stdout.txt
[EventRouter] DEBUG: EXEC #33 filename='/bin/true', triggers=['63680a33b53a11f67ad90a44f71a4f057500433f0c126f85e7f59aabaa086c72', '/tmp/63680a33b53a11f67ad90a44f71a4f057500433f0c126f85e7f59aabaa086c72']
[EventRouter] DEBUG: EXEC #33 filename='/bin/true', triggers=['515e93a494f593021fc01e64e25e6494f4e5bce2e12abec413e12920f1aca08f', '/tmp/515e93a494f593021fc01e64e25e6494f4e5bce2e12abec413e12920f1aca08f']
[DOCKER] Container exit code: 1
[DOCKER][STDOUT] BEGIN

Reaver v1.6.4 WiFi Protected Setup Attack Tool
Copyright (c) 2011, Tactical Network Solutions, Craig Heffner <cheffner@tacnetsol.com>

Required Arguments:
	-i, --interface=<wlan>          Name of the monitor-mode interface to use
	-b, --bssid=<mac>               BSSID of the target AP

Optional Arguments:
	-m, --mac=<mac>                 MAC of the host system
	-e, --essid=<ssid>              ESSID of the target AP
	-c, --channel=<channel>         Set the 802.11 channel for the interface (implies -f)
	-s, --session=<file>            Restore a previous session file
	-C, --exec=<command>            Execute the supplied command upon successful pin recovery
	-f, --fixed                     Disable channel hopping
	-5, --5ghz                      Use 5GHz 802.11 channels
	-v, --verbose                   Display non-critical warnings (-vv or -vvv for more)
	-q, --quiet                     Only display critical messages
	-h, --help                      Show help

Advanced Options:
	-p, --pin=<wps pin>             Use the specified pin (may be arbitrary string or 4/8 digit WPS pin)
	-d, --delay=<seconds>           Set the delay between pin attempts [1]
	-l, --lock-delay=<seconds>      Set the time to wait if the AP locks WPS pin attempts [60]
	-g, --max-attempts=<num>        Quit after num pin attempts
	-x, --fail-wait=<seconds>       Set the time to sleep after 10 unexpected failures [0]
	-r, --recurring-delay=<x:y>     Sleep for y seconds every x pin attempts
	-t, --timeout=<seconds>         Set the receive timeout period [10]
	-T, --m57-timeout=<seconds>     Set the M5/M7 timeout period [0.40]
	-A, --no-associate              Do not associate with the AP (association must be done by another application)
	-N, --no-nacks                  Do not send NACK messages when out of order packets are received
	-S, --dh-small                  Use small DH keys to improve crack speed
	-L, --ignore-locks              Ignore locked state reported by the target AP
	-E, --eap-terminate             Terminate each WPS session with an EAP FAIL packet
	-J, --timeout-is-nack           Treat timeout as NACK (DIR-300/320)
	-F, --ignore-fcs                Ignore frame checksum errors
	-w, --win7                      Mimic a Windows 7 registrar [False]
	-K, --pixie-dust                Run pixiedust attack
	-Z                              Run pixiedust attack

Example:
	/tmp/66d8d3bc6fd70288be86a2d0c33157ad4a617000ea2ca29160b684f9385a776d -i wlan0mon -b 00:90:4C:C1:AC:21 -vv
[DOCKER][STDOUT] END
[DOCKER] Raw stdout saved: ../ELF_samples/benign_report/x86-i686/raw/66d8d3bc6fd70288be86a2d0c33157ad4a617000ea2ca29160b684f9385a776d_2026-01-31_16-14-39_c5f110ee_container_stdout.txt
[EventRouter] ARM detected at event 130 for cgroup 78438
[EventRouter] Discarded 129 pre-ARM events for cgroup 78438
[EventRouter] ARM detected at event 131 for cgroup 78180
[EventRouter] Discarded 130 pre-ARM events for cgroup 78180
[DOCKER] Container exit code: 1
[DOCKER][STDOUT] BEGIN
792e7f8b0990fd5f3ce8a6d00dff8b7b4aaf44cce4df774d1079d6ff520b75c9: Not supported: Want action 'CAP0','CAP1','CAP2','CAP3','Boost','Drop','DropTX','DropRX','AutoConnect','StripTX','StripRX','TagTX','TagRX'.
[DOCKER][STDOUT] END
[DOCKER] Raw stdout saved: ../ELF_samples/benign_report/x86-i686/raw/792e7f8b0990fd5f3ce8a6d00dff8b7b4aaf44cce4df774d1079d6ff520b75c9_2026-01-31_16-14-39_c2d96dab_container_stdout.txt
[EventRouter] ARM detected at event 147 for cgroup 78352
[EventRouter] Discarded 146 pre-ARM events for cgroup 78352
[DOCKER] Container exit code: 1
[DOCKER][STDOUT] BEGIN
mkudffs from udftools 2.0
Usage:
	mkudffs [options] device [blocks-count]
Options:
	--help, -h         Display this help
	--label=, -l       UDF label, synonym for both --lvid and --vid (default: LinuxUDF)
	--uuid=, -u        UDF uuid, first 16 characters of Volume set identifier (default: random)
	--blocksize=, -b   Size of blocks in bytes (512, 1024, 2048, 4096, 8192, 16384, 32768; default: detect)
	--media-type=, -m  Media type (hd, dvd, dvdram, dvdrw, dvdr, worm, mo, cdrw, cdr, cd, bdr; default: hd)
	--udfrev=, -r      UDF revision (1.02, 1.50, 2.00, 2.01, 2.50, 2.60; default: 2.01)
	--no-write, -n     Not really, do not write to device, just simulate
	--new-file         Create new image file, fail if already exists
	--lvid=            Logical Volume Identifier (default: LinuxUDF)
	--vid=             Volume Identifier (default: LinuxUDF)
	--vsid=            17.-127. character of Volume Set Identifier (default: LinuxUDF)
	--fsid=            File Set Identifier (default: LinuxUDF)
	--fullvsid=        Full Volume Set Identifier, overwrite --uuid and --vsid
	--uid=             Uid of the root directory (default: 0)
	--gid=             Gid of the root directory (default: 0)
	--mode=            Permissions (octal mode bits) of the root directory (default: 0755)
	--bootarea=        UDF boot area (preserve, erase, mbr; default: based on media type)
	--strategy=        Allocation strategy to use (4, 4096; default: based on media type)
	--spartable        Use Sparing Table (default: based on media type) and set its count (1 - 4; default: 2)
	--sparspace=       Number of entries in Sparing Table (default: 1024, but based on media type)
	--packetlen=       Packet length in number of blocks for Sparing Table (default: based on media type)
	--vat              Use Virtual Allocation Table (default: based on media type)
	--closed           Close disc with Virtual Allocation Table (default: do not close)
	--space=           Space (freedbitmap, freedtable, unallocbitmap, unalloctable; default: unallocbitmap)
	--ad=              Allocation descriptor (inicb, short, long; default: inicb)
	--noefe            Don't Use Extended File Entries (default: use for UDF revision >= 2.00)
	--locale           String options are encoded according to current locale (default)
	--u8               String options are encoded in 8-bit OSTA Compressed Unicode format
	--u16              String options are encoded in 16-bit OSTA Compressed Unicode format
	--utf8             String options are encoded in UTF-8
[DOCKER][STDOUT] END
[DOCKER] Raw stdout saved: ../ELF_samples/benign_report/x86-i686/raw/515e93a494f593021fc01e64e25e6494f4e5bce2e12abec413e12920f1aca08f_2026-01-31_16-14-39_fd64d7ec_container_stdout.txt
[EventRouter] ARM detected at event 148 for cgroup 78266
[EventRouter] Discarded 147 pre-ARM events for cgroup 78266
[DOCKER] Container exit code: 1
[DOCKER][STDOUT] BEGIN
b956eeab87269ba13785231212e06fb5a48b97ce7387ef9f0b824675e261d42e.bfs: not enough arguments
Try 'b956eeab87269ba13785231212e06fb5a48b97ce7387ef9f0b824675e261d42e.bfs --help' for more information.
[DOCKER][STDOUT] END
[DOCKER] Raw stdout saved: ../ELF_samples/benign_report/x86-i686/raw/b956eeab87269ba13785231212e06fb5a48b97ce7387ef9f0b824675e261d42e.bfs_2026-01-31_16-14-39_eb7e5658_container_stdout.txt
[AI-Integration] Job cd8cecc8 analyzed via deepseek
[AI-Integration] Job 7b0f86aa analyzed via deepseek
[DOCKER] Container exit code: 2
[DOCKER][STDOUT] BEGIN
curl: try 'curl --help' for more information
[DOCKER][STDOUT] END
[DOCKER] Raw stdout saved: ../ELF_samples/benign_report/x86-i686/raw/63680a33b53a11f67ad90a44f71a4f057500433f0c126f85e7f59aabaa086c72_2026-01-31_16-14-39_84605e55_container_stdout.txt
[AI-Integration] Job 268ea48e analyzed via deepseek
[POOL] Collected 7 events for analysis (read from log file)
[POOL] Running analyzers on 7 events for 9a25943b7ad52b518f75495bc9bd77de6b0f4f62e40348832e7db90d714e396c.static
[POOL] Analysis completed: 0 findings in 0.00s (6685 events/s)
[AI-Integration] Submitted task: 3d025f2e
[AI] 3d025f2e queued for DeepSeek analysis
[POOL] Collected 7 events for analysis (read from log file)
[POOL] Running analyzers on 7 events for 66d8d3bc6fd70288be86a2d0c33157ad4a617000ea2ca29160b684f9385a776d
[POOL] Analysis completed: 0 findings in 0.00s (6576 events/s)
[AI-Integration] Submitted task: c5f110ee
[AI] c5f110ee queued for DeepSeek analysis
[CgroupManager] Removed cgroup 78094 via bpftool
[POOL] Cleanup scheduled for 4cf2ab09b4f8
[DockerWorker-2] ✓ Completed: 9a25943b7ad52b518f75495bc9bd77de6b0f4f62e40348832e7db90d714e396c.static (7 events) (1.11s)
[DockerWorker-2] Starting: 5ee38578eac139f62fbb9b1f226af1bc56f66522844fce4200a927304a7694c7 (3_32bit)
[ANALYSISLOG] 5ee38578eac139f62fbb9b1f226af1bc56f66522844fce4200a927304a7694c7 -> ../ELF_samples/benign_report/x86-i686/raw/5ee38578eac139f62fbb9b1f226af1bc56f66522844fce4200a927304a7694c7_2026-01-31_16-14-40_166026b6.jsonl
[DOCKER] Selected image for libc=glibc: custom/i386-qemu
[CgroupManager] Removed cgroup 78008 via bpftool
[POOL] Cleanup scheduled for 2645ada972d6
[DockerWorker-0] ✓ Completed: 66d8d3bc6fd70288be86a2d0c33157ad4a617000ea2ca29160b684f9385a776d (7 events) (1.20s)
[DockerWorker-0] Starting: 6d4d07b9b8cedc40e20f4139bc2b3864b3dfa8ed6c1cbda156ee15d0b4f1a48b (3_32bit)
[ANALYSISLOG] 6d4d07b9b8cedc40e20f4139bc2b3864b3dfa8ed6c1cbda156ee15d0b4f1a48b -> ../ELF_samples/benign_report/x86-i686/raw/6d4d07b9b8cedc40e20f4139bc2b3864b3dfa8ed6c1cbda156ee15d0b4f1a48b_2026-01-31_16-14-40_cb5a46fb.jsonl
[DOCKER] Selected image for libc=glibc: custom/i386-qemu
[AI-Integration] Job b356788e analyzed via deepseek
[AI-Integration] Job db5d61a4 analyzed via deepseek
[POOL] Collected 7 events for analysis (read from log file)
[POOL] Running analyzers on 7 events for 792e7f8b0990fd5f3ce8a6d00dff8b7b4aaf44cce4df774d1079d6ff520b75c9
[POOL] Analysis completed: 0 findings in 0.00s (6687 events/s)
[AI-Integration] Submitted task: c2d96dab
[AI] c2d96dab queued for DeepSeek analysis
[POOL] Collected 9 events for analysis (read from log file)
[POOL] Running analyzers on 9 events for 515e93a494f593021fc01e64e25e6494f4e5bce2e12abec413e12920f1aca08f
[POOL] Analysis completed: 0 findings in 0.00s (8451 events/s)
[AI-Integration] Submitted task: fd64d7ec
[AI] fd64d7ec queued for DeepSeek analysis
[CgroupManager] Removed cgroup 78180 via bpftool
[POOL] Cleanup scheduled for 1001a7ff58eb
[DockerWorker-3] ✓ Completed: 792e7f8b0990fd5f3ce8a6d00dff8b7b4aaf44cce4df774d1079d6ff520b75c9 (7 events) (1.19s)
[DockerWorker-3] Starting: f58dbb187342e33019331c76cbd338723de5c2e921659a82dcbf3a1414a29ed5 (3_32bit)
[ANALYSISLOG] f58dbb187342e33019331c76cbd338723de5c2e921659a82dcbf3a1414a29ed5 -> ../ELF_samples/benign_report/x86-i686/raw/f58dbb187342e33019331c76cbd338723de5c2e921659a82dcbf3a1414a29ed5_2026-01-31_16-14-41_b6a1ec4a.jsonl
[DOCKER] Selected image for libc=glibc: custom/i386-qemu
[POOL] Collected 7 events for analysis (read from log file)
[POOL] Running analyzers on 7 events for b956eeab87269ba13785231212e06fb5a48b97ce7387ef9f0b824675e261d42e.bfs
[POOL] Analysis completed: 0 findings in 0.00s (6679 events/s)
[AI-Integration] Submitted task: eb7e5658
[AI] eb7e5658 queued for DeepSeek analysis
[CgroupManager] Removed cgroup 78352 via bpftool
[POOL] Cleanup scheduled for 6fb14f65c03a
[DockerWorker-4] ✓ Completed: 515e93a494f593021fc01e64e25e6494f4e5bce2e12abec413e12920f1aca08f (9 events) (1.15s)
[DockerWorker-4] Starting: c09ab8700df63f974b42e69a935916f2d9d860c9a812a220d8319cfc15787565 (3_32bit)
[ANALYSISLOG] c09ab8700df63f974b42e69a935916f2d9d860c9a812a220d8319cfc15787565 -> ../ELF_samples/benign_report/x86-i686/raw/c09ab8700df63f974b42e69a935916f2d9d860c9a812a220d8319cfc15787565_2026-01-31_16-14-41_6f5f2e5a.jsonl
[DOCKER] Selected image for libc=glibc: custom/i386-qemu
[CgroupManager] Removed cgroup 78438 via bpftool
[POOL] Cleanup scheduled for daf72ed5a78e
[DockerWorker-1] ✓ Completed: b956eeab87269ba13785231212e06fb5a48b97ce7387ef9f0b824675e261d42e.bfs (7 events) (1.17s)
[DockerWorker-1] Starting: 12d8ae2d8bc959333370ce94295112cc8b5c837a2af063539169a0872d4c8176 (3_32bit)
[ANALYSISLOG] 12d8ae2d8bc959333370ce94295112cc8b5c837a2af063539169a0872d4c8176 -> ../ELF_samples/benign_report/x86-i686/raw/12d8ae2d8bc959333370ce94295112cc8b5c837a2af063539169a0872d4c8176_2026-01-31_16-14-41_0bd0b703.jsonl
[DOCKER] Selected image for libc=glibc: custom/i386-qemu
[POOL] Collected 17 events for analysis (read from log file)
[POOL] Running analyzers on 17 events for 63680a33b53a11f67ad90a44f71a4f057500433f0c126f85e7f59aabaa086c72
[POOL] Analysis completed: 0 findings in 0.00s (15432 events/s)
[AI-Integration] Submitted task: 84605e55
[AI] 84605e55 queued for DeepSeek analysis
[CgroupManager] Removed cgroup 78266 via bpftool
[POOL] Cleanup scheduled for a9da485d3464
[DockerWorker-5] ✓ Completed: 63680a33b53a11f67ad90a44f71a4f057500433f0c126f85e7f59aabaa086c72 (17 events) (1.28s)
[DockerWorker-5] Starting: b98ab00e9e6effa7bd5eed1d3699dc94063798a4ec4143e7f20d4f4ea635d44b (3_32bit)
[ANALYSISLOG] b98ab00e9e6effa7bd5eed1d3699dc94063798a4ec4143e7f20d4f4ea635d44b -> ../ELF_samples/benign_report/x86-i686/raw/b98ab00e9e6effa7bd5eed1d3699dc94063798a4ec4143e7f20d4f4ea635d44b_2026-01-31_16-14-41_b960806c.jsonl
[DOCKER] Selected image for libc=glibc: custom/i386-qemu
[CgroupManager] Added cgroup 78610 via bpftool
[CgroupManager] Added cgroup 78524 via bpftool
[EventRouter] DEBUG: EXEC #35 filename='/bin/true', triggers=['6d4d07b9b8cedc40e20f4139bc2b3864b3dfa8ed6c1cbda156ee15d0b4f1a48b', '/tmp/6d4d07b9b8cedc40e20f4139bc2b3864b3dfa8ed6c1cbda156ee15d0b4f1a48b']
[EventRouter] ARM detected at event 184 for cgroup 78524
[EventRouter] Discarded 183 pre-ARM events for cgroup 78524
[DOCKER] Container exit code: 1
[DOCKER][STDOUT] BEGIN
5ee38578eac139f62fbb9b1f226af1bc56f66522844fce4200a927304a7694c7: No secret file given: Operation canceled
[DOCKER][STDOUT] END
[DOCKER] Raw stdout saved: ../ELF_samples/benign_report/x86-i686/raw/5ee38578eac139f62fbb9b1f226af1bc56f66522844fce4200a927304a7694c7_2026-01-31_16-14-40_166026b6_container_stdout.txt
[CgroupManager] Added cgroup 78696 via bpftool
[CgroupManager] Added cgroup 78868 via bpftool
[EventRouter] DEBUG: EXEC #34 filename='/bin/true', triggers=['f58dbb187342e33019331c76cbd338723de5c2e921659a82dcbf3a1414a29ed5', '/tmp/f58dbb187342e33019331c76cbd338723de5c2e921659a82dcbf3a1414a29ed5']
[CgroupManager] Added cgroup 78782 via bpftool
[EventRouter] DEBUG: EXEC #33 filename='/bin/true', triggers=['12d8ae2d8bc959333370ce94295112cc8b5c837a2af063539169a0872d4c8176', '/tmp/12d8ae2d8bc959333370ce94295112cc8b5c837a2af063539169a0872d4c8176']
[EventRouter] ARM detected at event 135 for cgroup 78610
[EventRouter] Discarded 134 pre-ARM events for cgroup 78610
[DOCKER] Container exit code: 2
[DOCKER][STDOUT] BEGIN
Usage: 6d4d07b9b8cedc40e20f4139bc2b3864b3dfa8ed6c1cbda156ee15d0b4f1a48b [-v] [-h] [-c] [-s] [-f] [-D] [-u user] [-t chrootdir] [-d device] [-m mtu] [-z context] [-l ip address to listen on] [-p port] [-n external ip] [-b dnsport] [-P password] [-F pidfile] [-i max idle time] tunnel_ip[/netmask] topdomain
[DOCKER][STDOUT] END
[DOCKER] Raw stdout saved: ../ELF_samples/benign_report/x86-i686/raw/6d4d07b9b8cedc40e20f4139bc2b3864b3dfa8ed6c1cbda156ee15d0b4f1a48b_2026-01-31_16-14-40_cb5a46fb_container_stdout.txt
[EventRouter] DEBUG: EXEC #33 filename='/bin/true', triggers=['c09ab8700df63f974b42e69a935916f2d9d860c9a812a220d8319cfc15787565', '/tmp/c09ab8700df63f974b42e69a935916f2d9d860c9a812a220d8319cfc15787565']
[CgroupManager] Added cgroup 78954 via bpftool
[EventRouter] DEBUG: EXEC #34 filename='/bin/true', triggers=['b98ab00e9e6effa7bd5eed1d3699dc94063798a4ec4143e7f20d4f4ea635d44b', '/tmp/b98ab00e9e6effa7bd5eed1d3699dc94063798a4ec4143e7f20d4f4ea635d44b']
[EventRouter] ARM detected at event 130 for cgroup 78868
[EventRouter] Discarded 129 pre-ARM events for cgroup 78868
[DOCKER] Container exit code: 0
[DOCKER][STDOUT] BEGIN
?
[DOCKER][STDOUT] END
[DOCKER] Raw stdout saved: ../ELF_samples/benign_report/x86-i686/raw/12d8ae2d8bc959333370ce94295112cc8b5c837a2af063539169a0872d4c8176_2026-01-31_16-14-41_0bd0b703_container_stdout.txt
[EventRouter] ARM detected at event 131 for cgroup 78696
[EventRouter] Discarded 130 pre-ARM events for cgroup 78696
[EventRouter] ARM detected at event 134 for cgroup 78782
[EventRouter] Discarded 133 pre-ARM events for cgroup 78782
[DOCKER] Container exit code: 100
[DOCKER][STDOUT] BEGIN
s6-dnsqr: usage: s6-dnsqr [ -1 | -2 ] [ -t timeout ] [ -D debuglevel ] qtype query
[DOCKER][STDOUT] END
[DOCKER] Raw stdout saved: ../ELF_samples/benign_report/x86-i686/raw/c09ab8700df63f974b42e69a935916f2d9d860c9a812a220d8319cfc15787565_2026-01-31_16-14-41_6f5f2e5a_container_stdout.txt
[EventRouter] ARM detected at event 132 for cgroup 78954
[EventRouter] Discarded 131 pre-ARM events for cgroup 78954
[DOCKER] Container exit code: 1
[POOL] Collected 7 events for analysis (read from log file)
[POOL] Running analyzers on 7 events for 5ee38578eac139f62fbb9b1f226af1bc56f66522844fce4200a927304a7694c7
[POOL] Analysis completed: 0 findings in 0.00s (6159 events/s)
[AI-Integration] Submitted task: 166026b6
[AI] 166026b6 queued for DeepSeek analysis
[CgroupManager] Removed cgroup 78524 via bpftool
[POOL] Cleanup scheduled for 916bcf358de2
[DockerWorker-2] ✓ Completed: 5ee38578eac139f62fbb9b1f226af1bc56f66522844fce4200a927304a7694c7 (7 events) (1.10s)
[DockerWorker-2] Starting: 794d81ade9ba269f3830c1146f728bc971eaa207033c0f7de8e80fef52125a1c (3_32bit)
[ANALYSISLOG] 794d81ade9ba269f3830c1146f728bc971eaa207033c0f7de8e80fef52125a1c -> ../ELF_samples/benign_report/x86-i686/raw/794d81ade9ba269f3830c1146f728bc971eaa207033c0f7de8e80fef52125a1c_2026-01-31_16-14-41_b524d95c.jsonl
[DOCKER] Selected image for libc=glibc: custom/i386-qemu
[POOL] Collected 6 events for analysis (read from log file)
[POOL] Running analyzers on 6 events for 6d4d07b9b8cedc40e20f4139bc2b3864b3dfa8ed6c1cbda156ee15d0b4f1a48b
[POOL] Analysis completed: 0 findings in 0.00s (5168 events/s)
[AI-Integration] Submitted task: cb5a46fb
[AI] cb5a46fb queued for DeepSeek analysis
[CgroupManager] Removed cgroup 78610 via bpftool
[POOL] Cleanup scheduled for b8d28f9f6381
[DockerWorker-0] ✓ Completed: 6d4d07b9b8cedc40e20f4139bc2b3864b3dfa8ed6c1cbda156ee15d0b4f1a48b (6 events) (1.16s)
[DockerWorker-0] Starting: caaa1ec243bd8726422e9196b6bbf618ff7e6739bf939079eb5bd722abf27d27 (3_32bit)
[ANALYSISLOG] caaa1ec243bd8726422e9196b6bbf618ff7e6739bf939079eb5bd722abf27d27 -> ../ELF_samples/benign_report/x86-i686/raw/caaa1ec243bd8726422e9196b6bbf618ff7e6739bf939079eb5bd722abf27d27_2026-01-31_16-14-42_96d84a93.jsonl
[DOCKER] Selected image for libc=glibc: custom/i386-qemu
[POOL] Collected 7 events for analysis (read from log file)
[POOL] Running analyzers on 7 events for 12d8ae2d8bc959333370ce94295112cc8b5c837a2af063539169a0872d4c8176
[POOL] Analysis completed: 0 findings in 0.00s (6130 events/s)
[AI-Integration] Submitted task: 0bd0b703
[AI] 0bd0b703 queued for DeepSeek analysis
[CgroupManager] Removed cgroup 78868 via bpftool
[POOL] Cleanup scheduled for e6bf933bc766
[DockerWorker-1] ✓ Completed: 12d8ae2d8bc959333370ce94295112cc8b5c837a2af063539169a0872d4c8176 (7 events) (1.11s)
[DockerWorker-1] Starting: edd591518ab7f23ce931352f31ca6a86bc798d9a651cd2ea3dc6cf871644ed41 (3_32bit)
[ANALYSISLOG] edd591518ab7f23ce931352f31ca6a86bc798d9a651cd2ea3dc6cf871644ed41 -> ../ELF_samples/benign_report/x86-i686/raw/edd591518ab7f23ce931352f31ca6a86bc798d9a651cd2ea3dc6cf871644ed41_2026-01-31_16-14-42_c5a35c5d.jsonl
[DOCKER] Selected image for libc=glibc: custom/i386-qemu
[AI-Integration] Job 8e180d8f analyzed via deepseek
[POOL] Collected 6 events for analysis (read from log file)
[POOL] Running analyzers on 6 events for c09ab8700df63f974b42e69a935916f2d9d860c9a812a220d8319cfc15787565
[POOL] Analysis completed: 0 findings in 0.00s (5717 events/s)
[AI-Integration] Submitted task: 6f5f2e5a
[AI] 6f5f2e5a queued for DeepSeek analysis
[POOL] Collected 12 events for analysis (read from log file)
[POOL] Running analyzers on 12 events for b98ab00e9e6effa7bd5eed1d3699dc94063798a4ec4143e7f20d4f4ea635d44b
[POOL] Analysis completed: 0 findings in 0.00s (11307 events/s)
[AI-Integration] Submitted task: b960806c
[AI] b960806c queued for DeepSeek analysis
[CgroupManager] Removed cgroup 78782 via bpftool
[POOL] Cleanup scheduled for accb3cc25a76
[DockerWorker-4] ✓ Completed: c09ab8700df63f974b42e69a935916f2d9d860c9a812a220d8319cfc15787565 (6 events) (1.20s)
[DockerWorker-4] Starting: 57a3bec34427e6c106ae086addba45d5b977f7659df76eb32f727f677f15ab60 (3_32bit)
[ANALYSISLOG] 57a3bec34427e6c106ae086addba45d5b977f7659df76eb32f727f677f15ab60 -> ../ELF_samples/benign_report/x86-i686/raw/57a3bec34427e6c106ae086addba45d5b977f7659df76eb32f727f677f15ab60_2026-01-31_16-14-42_0deacca2.jsonl
[DOCKER] Selected image for libc=glibc: custom/i386-qemu
[CgroupManager] Removed cgroup 78954 via bpftool
[POOL] Cleanup scheduled for af71a4dc08ab
[DockerWorker-5] ✓ Completed: b98ab00e9e6effa7bd5eed1d3699dc94063798a4ec4143e7f20d4f4ea635d44b (12 events) (1.11s)
[DockerWorker-5] Starting: 13ced931396931bcaf2b941edd37c54523a12256abd3b7886aae682c05055bdd (3_32bit)
[ANALYSISLOG] 13ced931396931bcaf2b941edd37c54523a12256abd3b7886aae682c05055bdd -> ../ELF_samples/benign_report/x86-i686/raw/13ced931396931bcaf2b941edd37c54523a12256abd3b7886aae682c05055bdd_2026-01-31_16-14-42_eae0f75e.jsonl
[DOCKER] Selected image for libc=glibc: custom/i386-qemu
[CgroupManager] Added cgroup 79040 via bpftool
[CgroupManager] Added cgroup 79126 via bpftool
[EventRouter] DEBUG: EXEC #34 filename='/bin/true', triggers=['794d81ade9ba269f3830c1146f728bc971eaa207033c0f7de8e80fef52125a1c', '/tmp/794d81ade9ba269f3830c1146f728bc971eaa207033c0f7de8e80fef52125a1c']
[EventRouter] DEBUG: EXEC #34 filename='/bin/true', triggers=['caaa1ec243bd8726422e9196b6bbf618ff7e6739bf939079eb5bd722abf27d27', '/tmp/caaa1ec243bd8726422e9196b6bbf618ff7e6739bf939079eb5bd722abf27d27']
[CgroupManager] Added cgroup 79212 via bpftool
[EventRouter] DEBUG: EXEC #35 filename='/bin/true', triggers=['edd591518ab7f23ce931352f31ca6a86bc798d9a651cd2ea3dc6cf871644ed41', '/tmp/edd591518ab7f23ce931352f31ca6a86bc798d9a651cd2ea3dc6cf871644ed41']
[EventRouter] ARM detected at event 131 for cgroup 79040
[EventRouter] Discarded 130 pre-ARM events for cgroup 79040
[CgroupManager] Added cgroup 79298 via bpftool
[EventRouter] ARM detected at event 132 for cgroup 79126
[EventRouter] Discarded 131 pre-ARM events for cgroup 79126
[CgroupManager] Added cgroup 79384 via bpftool
[DOCKER] Container exit code: 1
[DOCKER][STDOUT] BEGIN
usage: mtd_debug info <device>
       mtd_debug read <device> <offset> <len> <dest-filename>
       mtd_debug write <device> <offset> <len> <source-filename>
       mtd_debug erase <device> <offset> <len>
[DOCKER][STDOUT] END
[DOCKER] Raw stdout saved: ../ELF_samples/benign_report/x86-i686/raw/caaa1ec243bd8726422e9196b6bbf618ff7e6739bf939079eb5bd722abf27d27_2026-01-31_16-14-42_96d84a93_container_stdout.txt
[DOCKER] Container exit code: 0
[DOCKER][STDOUT] BEGIN
LZIP \x83\xff\xfb\xff\xff\xc0               $       
[DOCKER][STDOUT] END
[DOCKER] Raw stdout saved: ../ELF_samples/benign_report/x86-i686/raw/794d81ade9ba269f3830c1146f728bc971eaa207033c0f7de8e80fef52125a1c_2026-01-31_16-14-41_b524d95c_container_stdout.txt
[EventRouter] DEBUG: EXEC #34 filename='/bin/true', triggers=['13ced931396931bcaf2b941edd37c54523a12256abd3b7886aae682c05055bdd', '/tmp/13ced931396931bcaf2b941edd37c54523a12256abd3b7886aae682c05055bdd']
[EventRouter] DEBUG: EXEC #34 filename='/bin/true', triggers=['57a3bec34427e6c106ae086addba45d5b977f7659df76eb32f727f677f15ab60', '/tmp/57a3bec34427e6c106ae086addba45d5b977f7659df76eb32f727f677f15ab60']
[EventRouter] ARM detected at event 132 for cgroup 79212
[EventRouter] Discarded 131 pre-ARM events for cgroup 79212
[DOCKER] Container exit code: 1
[DOCKER][STDOUT] BEGIN
Usage: nandwrite [OPTION] MTD_DEVICE [INPUTFILE|-]
Writes to the specified MTD device.

  -a, --autoplace         Use auto OOB layout
  -k, --skip-all-ffs      Skip pages that contain only 0xff bytes
  -m, --markbad           Mark blocks bad if write fails
  -n, --noecc             Write without ecc
  -N, --noskipbad         Write without bad block skipping
  -o, --oob               Input contains oob data
  -O, --onlyoob           Input contains oob data and only write the oob part
  -s addr, --start=addr   Set output start address (default is 0)
  --skip-bad-blocks-to-start                          Skip bad blocks when seeking to the start address
  -p, --pad               Pad writes to page size
  -b, --blockalign=1|2|4  Set multiple of eraseblocks to align to
      --input-skip=length Skip |length| bytes of the input file
      --input-size=length Only read |length| bytes of the input file
  -q, --quiet             Don't display progress messages
  -h, --help              Display this help and exit
  -V, --version           Output version information and exit
[DOCKER][STDOUT] END
[DOCKER] Raw stdout saved: ../ELF_samples/benign_report/x86-i686/raw/edd591518ab7f23ce931352f31ca6a86bc798d9a651cd2ea3dc6cf871644ed41_2026-01-31_16-14-42_c5a35c5d_container_stdout.txt
[EventRouter] ARM detected at event 131 for cgroup 79298
[EventRouter] Discarded 130 pre-ARM events for cgroup 79298
[DOCKER] Container exit code: 0
[EventRouter] ARM detected at event 134 for cgroup 79384
[EventRouter] Discarded 133 pre-ARM events for cgroup 79384
[DOCKER] Container exit code: 1
[DOCKER][STDOUT] BEGIN
run-parts: missing operand
Try `run-parts --help' for more information.
[DOCKER][STDOUT] END
[DOCKER] Raw stdout saved: ../ELF_samples/benign_report/x86-i686/raw/13ced931396931bcaf2b941edd37c54523a12256abd3b7886aae682c05055bdd_2026-01-31_16-14-42_eae0f75e_container_stdout.txt
[POOL] Collected 7 events for analysis (read from log file)
[POOL] Running analyzers on 7 events for caaa1ec243bd8726422e9196b6bbf618ff7e6739bf939079eb5bd722abf27d27
[POOL] Analysis completed: 0 findings in 0.00s (6172 events/s)
[AI-Integration] Submitted task: 96d84a93
[AI] 96d84a93 queued for DeepSeek analysis
[CgroupManager] Removed cgroup 79126 via bpftool
[POOL] Cleanup scheduled for 23e8edcf3f58
[DockerWorker-0] ✓ Completed: caaa1ec243bd8726422e9196b6bbf618ff7e6739bf939079eb5bd722abf27d27 (7 events) (1.10s)
[DockerWorker-0] Starting: 0ff4896bac99397e9e6360bbeaf79a31d9d833b7a03b1ace4702474c86e8c3b3 (3_32bit)
[ANALYSISLOG] 0ff4896bac99397e9e6360bbeaf79a31d9d833b7a03b1ace4702474c86e8c3b3 -> ../ELF_samples/benign_report/x86-i686/raw/0ff4896bac99397e9e6360bbeaf79a31d9d833b7a03b1ace4702474c86e8c3b3_2026-01-31_16-14-43_02a47e24.jsonl
[DOCKER] Selected image for libc=glibc: custom/i386-qemu
[POOL] Collected 10 events for analysis (read from log file)
[POOL] Running analyzers on 10 events for 794d81ade9ba269f3830c1146f728bc971eaa207033c0f7de8e80fef52125a1c
[POOL] Analysis completed: 1 findings in 0.00s (9077 events/s)
[AI-Integration] Submitted task: b524d95c
[AI] b524d95c queued for DeepSeek analysis
[CgroupManager] Removed cgroup 79040 via bpftool
[POOL] Cleanup scheduled for ceb6a81486f4
[DockerWorker-2] ✓ Completed: 794d81ade9ba269f3830c1146f728bc971eaa207033c0f7de8e80fef52125a1c (10 events) (1.19s)
[DockerWorker-2] Starting: fe0bb9ccb0a7163c1800aead68c6339dac16bb790f0c26d3380e469812df3444 (3_32bit)
[ANALYSISLOG] fe0bb9ccb0a7163c1800aead68c6339dac16bb790f0c26d3380e469812df3444 -> ../ELF_samples/benign_report/x86-i686/raw/fe0bb9ccb0a7163c1800aead68c6339dac16bb790f0c26d3380e469812df3444_2026-01-31_16-14-43_196d6c15.jsonl
[DOCKER] Selected image for libc=glibc: custom/i386-qemu
[POOL] Collected 7 events for analysis (read from log file)
[POOL] Running analyzers on 7 events for edd591518ab7f23ce931352f31ca6a86bc798d9a651cd2ea3dc6cf871644ed41
[POOL] Analysis completed: 0 findings in 0.00s (6672 events/s)
[AI-Integration] Submitted task: c5a35c5d
[AI] c5a35c5d queued for DeepSeek analysis
[CgroupManager] Removed cgroup 79212 via bpftool
[POOL] Cleanup scheduled for 16e7b51e924e
[DockerWorker-1] ✓ Completed: edd591518ab7f23ce931352f31ca6a86bc798d9a651cd2ea3dc6cf871644ed41 (7 events) (1.05s)
[DockerWorker-1] Starting: fc2050a0069bfc33df10f7f4b92b466045adb4bb4b0021c38240dc13056bd861 (3_32bit)
[ANALYSISLOG] fc2050a0069bfc33df10f7f4b92b466045adb4bb4b0021c38240dc13056bd861 -> ../ELF_samples/benign_report/x86-i686/raw/fc2050a0069bfc33df10f7f4b92b466045adb4bb4b0021c38240dc13056bd861_2026-01-31_16-14-43_8f69732e.jsonl
[DOCKER] Selected image for libc=glibc: custom/i386-qemu
[POOL] Collected 7 events for analysis (read from log file)
[POOL] Running analyzers on 7 events for 57a3bec34427e6c106ae086addba45d5b977f7659df76eb32f727f677f15ab60
[POOL] Analysis completed: 0 findings in 0.00s (6664 events/s)
[AI-Integration] Submitted task: 0deacca2
[AI] 0deacca2 queued for DeepSeek analysis
[CgroupManager] Removed cgroup 79298 via bpftool
[POOL] Cleanup scheduled for dbb9d7eb7542
[DockerWorker-4] ✓ Completed: 57a3bec34427e6c106ae086addba45d5b977f7659df76eb32f727f677f15ab60 (7 events) (1.08s)
[DockerWorker-4] Starting: f7d1677d464af6b77d00f665b7af07661e5cc1e80c23ea138caf1af8f300fbca (3_32bit)
[ANALYSISLOG] f7d1677d464af6b77d00f665b7af07661e5cc1e80c23ea138caf1af8f300fbca -> ../ELF_samples/benign_report/x86-i686/raw/f7d1677d464af6b77d00f665b7af07661e5cc1e80c23ea138caf1af8f300fbca_2026-01-31_16-14-43_453a0e8a.jsonl
[DOCKER] Selected image for libc=glibc: custom/i386-qemu
[POOL] Collected 6 events for analysis (read from log file)
[POOL] Running analyzers on 6 events for 13ced931396931bcaf2b941edd37c54523a12256abd3b7886aae682c05055bdd
[POOL] Analysis completed: 0 findings in 0.00s (5598 events/s)
[AI-Integration] Submitted task: eae0f75e
[AI] eae0f75e queued for DeepSeek analysis
[CgroupManager] Removed cgroup 79384 via bpftool
[POOL] Cleanup scheduled for ae81c2b70719
[DockerWorker-5] ✓ Completed: 13ced931396931bcaf2b941edd37c54523a12256abd3b7886aae682c05055bdd (6 events) (1.13s)
[DockerWorker-5] Starting: 5d2ff4564457159a9b6c415f09534259cf0376f8218fb92ce544063be1277186 (3_32bit)
[ANALYSISLOG] 5d2ff4564457159a9b6c415f09534259cf0376f8218fb92ce544063be1277186 -> ../ELF_samples/benign_report/x86-i686/raw/5d2ff4564457159a9b6c415f09534259cf0376f8218fb92ce544063be1277186_2026-01-31_16-14-43_5742a52d.jsonl
[DOCKER] Selected image for libc=glibc: custom/i386-qemu
[CgroupManager] Added cgroup 79556 via bpftool
[CgroupManager] Added cgroup 79470 via bpftool
[EventRouter] DEBUG: EXEC #49 filename='/bin/true', triggers=['0ff4896bac99397e9e6360bbeaf79a31d9d833b7a03b1ace4702474c86e8c3b3', '/tmp/0ff4896bac99397e9e6360bbeaf79a31d9d833b7a03b1ace4702474c86e8c3b3']
[EventRouter] DEBUG: EXEC #34 filename='/bin/true', triggers=['fe0bb9ccb0a7163c1800aead68c6339dac16bb790f0c26d3380e469812df3444', '/tmp/fe0bb9ccb0a7163c1800aead68c6339dac16bb790f0c26d3380e469812df3444']
[CgroupManager] Added cgroup 79642 via bpftool
[EventRouter] DEBUG: EXEC #33 filename='/bin/true', triggers=['fc2050a0069bfc33df10f7f4b92b466045adb4bb4b0021c38240dc13056bd861', '/tmp/fc2050a0069bfc33df10f7f4b92b466045adb4bb4b0021c38240dc13056bd861']
[CgroupManager] Added cgroup 79728 via bpftool
[EventRouter] DEBUG: EXEC #49 filename='/bin/true', triggers=['f7d1677d464af6b77d00f665b7af07661e5cc1e80c23ea138caf1af8f300fbca', '/tmp/f7d1677d464af6b77d00f665b7af07661e5cc1e80c23ea138caf1af8f300fbca']
[EventRouter] ARM detected at event 131 for cgroup 79556
[EventRouter] Discarded 130 pre-ARM events for cgroup 79556
[DOCKER] Container exit code: 1
[DOCKER][STDOUT] BEGIN
Usage: /tmp/fe0bb9ccb0a7163c1800aead68c6339dac16bb790f0c26d3380e469812df3444 [-d] [-6] [-s socket] [-p pidfile] [-t TTL] [-f device] -i <interface> [-i <interface2>] ...

  <interface> is either an IPv4 address with mask such as
  192.168.1.42/255.255.255.0, or an interface name such as eth0.

  By default, socket will be open as /var/run/minissdpd.sock
  and pid written to file /var/run/minissdpd.pid
[DOCKER][STDOUT] END
[CgroupManager] Added cgroup 79814 via bpftool
[DOCKER] Raw stdout saved: ../ELF_samples/benign_report/x86-i686/raw/fe0bb9ccb0a7163c1800aead68c6339dac16bb790f0c26d3380e469812df3444_2026-01-31_16-14-43_196d6c15_container_stdout.txt
[EventRouter] ARM detected at event 149 for cgroup 79470
[EventRouter] Discarded 148 pre-ARM events for cgroup 79470
[EventRouter] DEBUG: EXEC #33 filename='/bin/true', triggers=['5d2ff4564457159a9b6c415f09534259cf0376f8218fb92ce544063be1277186', '/tmp/5d2ff4564457159a9b6c415f09534259cf0376f8218fb92ce544063be1277186']
[DOCKER] Container exit code: 1
[DOCKER][STDOUT] BEGIN
0ff4896bac99397e9e6360bbeaf79a31d9d833b7a03b1ace4702474c86e8c3b3: eth1: No such device
[DOCKER][STDOUT] END
[DOCKER] Raw stdout saved: ../ELF_samples/benign_report/x86-i686/raw/0ff4896bac99397e9e6360bbeaf79a31d9d833b7a03b1ace4702474c86e8c3b3_2026-01-31_16-14-43_02a47e24_container_stdout.txt
[EventRouter] ARM detected at event 131 for cgroup 79642
[EventRouter] Discarded 130 pre-ARM events for cgroup 79642
[DOCKER] Container exit code: 1
[DOCKER][STDOUT] BEGIN
usage: fatlabel device [label]
[DOCKER][STDOUT] END
[DOCKER] Raw stdout saved: ../ELF_samples/benign_report/x86-i686/raw/fc2050a0069bfc33df10f7f4b92b466045adb4bb4b0021c38240dc13056bd861_2026-01-31_16-14-43_8f69732e_container_stdout.txt
[EventRouter] ARM detected at event 148 for cgroup 79728
[EventRouter] Discarded 147 pre-ARM events for cgroup 79728
[DOCKER] Container exit code: 1
[DOCKER][STDOUT] BEGIN
f7d1677d464af6b77d00f665b7af07661e5cc1e80c23ea138caf1af8f300fbca: not enough arguments
Try 'f7d1677d464af6b77d00f665b7af07661e5cc1e80c23ea138caf1af8f300fbca --help' for more information.
[DOCKER][STDOUT] END
[DOCKER] Raw stdout saved: ../ELF_samples/benign_report/x86-i686/raw/f7d1677d464af6b77d00f665b7af07661e5cc1e80c23ea138caf1af8f300fbca_2026-01-31_16-14-43_453a0e8a_container_stdout.txt
[EventRouter] ARM detected at event 134 for cgroup 79814
[EventRouter] Discarded 133 pre-ARM events for cgroup 79814
[DOCKER] Container exit code: 0
[DOCKER][STDOUT] BEGIN
5d2ff4564457159a9b6c415f09534259cf0376f8218fb92ce544063be1277186 from util-linux 2.33
[DOCKER][STDOUT] END
[DOCKER] Raw stdout saved: ../ELF_samples/benign_report/x86-i686/raw/5d2ff4564457159a9b6c415f09534259cf0376f8218fb92ce544063be1277186_2026-01-31_16-14-43_5742a52d_container_stdout.txt
[POOL] Collected 7 events for analysis (read from log file)
[POOL] Running analyzers on 7 events for fe0bb9ccb0a7163c1800aead68c6339dac16bb790f0c26d3380e469812df3444
[POOL] Analysis completed: 0 findings in 0.00s (6591 events/s)
[AI-Integration] Submitted task: 196d6c15
[AI] 196d6c15 queued for DeepSeek analysis
[CgroupManager] Removed cgroup 79556 via bpftool
[POOL] Cleanup scheduled for 08c339fb1783
[DockerWorker-2] ✓ Completed: fe0bb9ccb0a7163c1800aead68c6339dac16bb790f0c26d3380e469812df3444 (7 events) (1.08s)
[DockerWorker-2] Starting: 6b3ec1c240dc6d45a2df6ef17c5f172bb01270b8ac92d429b9986197709104f2 (3_32bit)
[ANALYSISLOG] 6b3ec1c240dc6d45a2df6ef17c5f172bb01270b8ac92d429b9986197709104f2 -> ../ELF_samples/benign_report/x86-i686/raw/6b3ec1c240dc6d45a2df6ef17c5f172bb01270b8ac92d429b9986197709104f2_2026-01-31_16-14-44_37627f37.jsonl
[DOCKER] Selected image for libc=glibc: custom/i386-qemu
[POOL] Collected 7 events for analysis (read from log file)
[POOL] Running analyzers on 7 events for 0ff4896bac99397e9e6360bbeaf79a31d9d833b7a03b1ace4702474c86e8c3b3
[POOL] Analysis completed: 0 findings in 0.00s (6452 events/s)
[AI-Integration] Submitted task: 02a47e24
[AI] 02a47e24 queued for DeepSeek analysis
[CgroupManager] Removed cgroup 79470 via bpftool
[POOL] Cleanup scheduled for 52eb3b65fe22
[DockerWorker-0] ✓ Completed: 0ff4896bac99397e9e6360bbeaf79a31d9d833b7a03b1ace4702474c86e8c3b3 (7 events) (1.12s)
[DockerWorker-0] Starting: 29411a2b8491fb20608476fd48e8df257052dd3e0aa7b0b80c8e39012cc1cdda (3_32bit)
[ANALYSISLOG] 29411a2b8491fb20608476fd48e8df257052dd3e0aa7b0b80c8e39012cc1cdda -> ../ELF_samples/benign_report/x86-i686/raw/29411a2b8491fb20608476fd48e8df257052dd3e0aa7b0b80c8e39012cc1cdda_2026-01-31_16-14-44_649356b0.jsonl
[DOCKER] Selected image for libc=glibc: custom/i386-qemu
[POOL] Collected 7 events for analysis (read from log file)
[POOL] Running analyzers on 7 events for fc2050a0069bfc33df10f7f4b92b466045adb4bb4b0021c38240dc13056bd861
[POOL] Analysis completed: 0 findings in 0.00s (6652 events/s)
[AI-Integration] Submitted task: 8f69732e
[AI] 8f69732e queued for DeepSeek analysis
[CgroupManager] Removed cgroup 79642 via bpftool
[POOL] Cleanup scheduled for cbb29537ddbb
[DockerWorker-1] ✓ Completed: fc2050a0069bfc33df10f7f4b92b466045adb4bb4b0021c38240dc13056bd861 (7 events) (1.05s)
[DockerWorker-1] Starting: ff2deb9aca833f72a194218feb300ccfe911acbd78f0acf82d4b110aef643242 (3_32bit)
[ANALYSISLOG] ff2deb9aca833f72a194218feb300ccfe911acbd78f0acf82d4b110aef643242 -> ../ELF_samples/benign_report/x86-i686/raw/ff2deb9aca833f72a194218feb300ccfe911acbd78f0acf82d4b110aef643242_2026-01-31_16-14-44_161ef9f5.jsonl
[DOCKER] Selected image for libc=glibc: custom/i386-qemu
[POOL] Collected 7 events for analysis (read from log file)
[POOL] Running analyzers on 7 events for f7d1677d464af6b77d00f665b7af07661e5cc1e80c23ea138caf1af8f300fbca
[POOL] Analysis completed: 0 findings in 0.00s (6646 events/s)
[AI-Integration] Submitted task: 453a0e8a
[AI] 453a0e8a queued for DeepSeek analysis
[CgroupManager] Removed cgroup 79728 via bpftool
[POOL] Cleanup scheduled for ad863d0cc168
[DockerWorker-4] ✓ Completed: f7d1677d464af6b77d00f665b7af07661e5cc1e80c23ea138caf1af8f300fbca (7 events) (1.06s)
[DockerWorker-4] Starting: a1d8b4f3e991dda95b12019c79395472284d6a28723a76ffdb5941328efde81a (3_32bit)
[ANALYSISLOG] a1d8b4f3e991dda95b12019c79395472284d6a28723a76ffdb5941328efde81a -> ../ELF_samples/benign_report/x86-i686/raw/a1d8b4f3e991dda95b12019c79395472284d6a28723a76ffdb5941328efde81a_2026-01-31_16-14-44_fcc0d442.jsonl
[DOCKER] Selected image for libc=glibc: custom/i386-qemu
[POOL] Collected 8 events for analysis (read from log file)
[POOL] Running analyzers on 8 events for 5d2ff4564457159a9b6c415f09534259cf0376f8218fb92ce544063be1277186
[POOL] Analysis completed: 0 findings in 0.00s (7622 events/s)
[AI-Integration] Submitted task: 5742a52d
[AI] 5742a52d queued for DeepSeek analysis
[CgroupManager] Removed cgroup 79814 via bpftool
[POOL] Cleanup scheduled for dc8f6e8e0111
[DockerWorker-5] ✓ Completed: 5d2ff4564457159a9b6c415f09534259cf0376f8218fb92ce544063be1277186 (8 events) (1.11s)
[DockerWorker-5] Starting: db2362f7281e7341c15d1bbf1bf2bc626fb970e2b91ebca89a8171e1e808e1b6 (3_32bit)
[ANALYSISLOG] db2362f7281e7341c15d1bbf1bf2bc626fb970e2b91ebca89a8171e1e808e1b6 -> ../ELF_samples/benign_report/x86-i686/raw/db2362f7281e7341c15d1bbf1bf2bc626fb970e2b91ebca89a8171e1e808e1b6_2026-01-31_16-14-44_5977f27b.jsonl
[DOCKER] Selected image for libc=glibc: custom/i386-qemu
[CgroupManager] Added cgroup 79900 via bpftool
[CgroupManager] Added cgroup 79986 via bpftool
[CgroupManager] Added cgroup 80072 via bpftool
[EventRouter] DEBUG: EXEC #34 filename='/bin/true', triggers=['6b3ec1c240dc6d45a2df6ef17c5f172bb01270b8ac92d429b9986197709104f2', '/tmp/6b3ec1c240dc6d45a2df6ef17c5f172bb01270b8ac92d429b9986197709104f2']
[EventRouter] DEBUG: EXEC #35 filename='/bin/true', triggers=['29411a2b8491fb20608476fd48e8df257052dd3e0aa7b0b80c8e39012cc1cdda', '/tmp/29411a2b8491fb20608476fd48e8df257052dd3e0aa7b0b80c8e39012cc1cdda']
[CgroupManager] Added cgroup 80158 via bpftool
[EventRouter] DEBUG: EXEC #34 filename='/bin/true', triggers=['a1d8b4f3e991dda95b12019c79395472284d6a28723a76ffdb5941328efde81a', '/tmp/a1d8b4f3e991dda95b12019c79395472284d6a28723a76ffdb5941328efde81a']
[CgroupManager] Added cgroup 80244 via bpftool
[EventRouter] ARM detected at event 132 for cgroup 79900
[EventRouter] Discarded 131 pre-ARM events for cgroup 79900
[EventRouter] ARM detected at event 131 for cgroup 79986
[EventRouter] Discarded 130 pre-ARM events for cgroup 79986
[DOCKER] Container exit code: 20
[DOCKER][STDOUT] BEGIN

USAGE: 6b3ec1c240dc6d45a2df6ef17c5f172bb01270b8ac92d429b9986197709104f2 device command arguments options

Device is usually /dev/drbdX or /dev/drbd/X.
General options: --create-device, --set-defaults

Commands are:
 primary [opts...]                       secondary                              
 disk [args...] [opts...]                detach [opts...]                       
 net [args...] [opts...]                 disconnect [opts...]                   
 resize [opts...]                        syncer [opts...]                       
 new-current-uuid [opts...]              invalidate                             
 invalidate-remote                       pause-sync                             
 resume-sync                             suspend-io                             
 resume-io                               outdate                                
 verify [opts...]                        down                                   
 state                                   role                                   
 status                                  sh-status                              
 cstate                                  dstate                                 
 show-gi                                 get-gi                                 
 show                                    check-resize                           
 events [opts...]                        wait-connect [opts...]                 
 wait-sync [opts...]                    

To get more details about a command issue 'drbdsetup help cmd'.
[DOCKER][STDOUT] END
[DOCKER] Raw stdout saved: ../ELF_samples/benign_report/x86-i686/raw/6b3ec1c240dc6d45a2df6ef17c5f172bb01270b8ac92d429b9986197709104f2_2026-01-31_16-14-44_37627f37_container_stdout.txt
[EventRouter] DEBUG: EXEC #35 filename='/bin/true', triggers=['db2362f7281e7341c15d1bbf1bf2bc626fb970e2b91ebca89a8171e1e808e1b6', '/tmp/db2362f7281e7341c15d1bbf1bf2bc626fb970e2b91ebca89a8171e1e808e1b6']
[EventRouter] ARM detected at event 151 for cgroup 80072
[EventRouter] Discarded 150 pre-ARM events for cgroup 80072
[DOCKER] Container exit code: 1
[DOCKER][STDOUT] BEGIN
Usage: ff2deb9aca833f72a194218feb300ccfe911acbd78f0acf82d4b110aef643242 [-V] [-g] [-i] source target
[DOCKER][STDOUT] END
[DOCKER] Raw stdout saved: ../ELF_samples/benign_report/x86-i686/raw/ff2deb9aca833f72a194218feb300ccfe911acbd78f0acf82d4b110aef643242_2026-01-31_16-14-44_161ef9f5_container_stdout.txt
[DOCKER] Container exit code: 0
[DOCKER][STDOUT] BEGIN
Usage: sshpass [-f|-d|-p|-e] [-hV] command parameters
   -f filename   Take password to use from file
   -d number     Use number as file descriptor for getting password
   -p password   Provide password as argument (security unwise)
   -e            Password is passed as env-var "SSHPASS"
   With no parameters - password will be taken from stdin

   -P prompt     Which string should sshpass search for to detect a password prompt
   -v            Be verbose about what you're doing
   -h            Show help (this screen)
   -V            Print version information
At most one of -f, -d, -p or -e should be used
[DOCKER][STDOUT] END
[DOCKER] Raw stdout saved: ../ELF_samples/benign_report/x86-i686/raw/29411a2b8491fb20608476fd48e8df257052dd3e0aa7b0b80c8e39012cc1cdda_2026-01-31_16-14-44_649356b0_container_stdout.txt
[EventRouter] ARM detected at event 135 for cgroup 80158
[EventRouter] Discarded 134 pre-ARM events for cgroup 80158
[DOCKER] Container exit code: 100
[DOCKER][STDOUT] BEGIN
s6-dnsq: usage: s6-dnsq [ -1 | -2 ] [ -t timeout ] [ -D debuglevel ] qtype query serverip...
[DOCKER][STDOUT] END
[DOCKER] Raw stdout saved: ../ELF_samples/benign_report/x86-i686/raw/a1d8b4f3e991dda95b12019c79395472284d6a28723a76ffdb5941328efde81a_2026-01-31_16-14-44_fcc0d442_container_stdout.txt
[EventRouter] ARM detected at event 135 for cgroup 80244
[EventRouter] Discarded 134 pre-ARM events for cgroup 80244
[DOCKER] Container exit code: 0
[POOL] Collected 7 events for analysis (read from log file)
[POOL] Running analyzers on 7 events for 6b3ec1c240dc6d45a2df6ef17c5f172bb01270b8ac92d429b9986197709104f2
[POOL] Analysis completed: 0 findings in 0.00s (6202 events/s)
[AI-Integration] Submitted task: 37627f37
[AI] 37627f37 queued for DeepSeek analysis
[POOL] Collected 6 events for analysis (read from log file)
[POOL] Running analyzers on 6 events for ff2deb9aca833f72a194218feb300ccfe911acbd78f0acf82d4b110aef643242
[POOL] Analysis completed: 0 findings in 0.00s (5648 events/s)
[AI-Integration] Submitted task: 161ef9f5
[AI] 161ef9f5 queued for DeepSeek analysis
[CgroupManager] Removed cgroup 79986 via bpftool
[POOL] Cleanup scheduled for c6b38a0119e7
[DockerWorker-2] ✓ Completed: 6b3ec1c240dc6d45a2df6ef17c5f172bb01270b8ac92d429b9986197709104f2 (7 events) (1.13s)
[DockerWorker-2] Starting: 784255b20a69ba5a61c4a44443a49e5f2f86b9e57a6f31a75f188449fc53c063 (3_32bit)
[ANALYSISLOG] 784255b20a69ba5a61c4a44443a49e5f2f86b9e57a6f31a75f188449fc53c063 -> ../ELF_samples/benign_report/x86-i686/raw/784255b20a69ba5a61c4a44443a49e5f2f86b9e57a6f31a75f188449fc53c063_2026-01-31_16-14-45_e1e5e197.jsonl
[DOCKER] Selected image for libc=glibc: custom/i386-qemu
[POOL] Collected 9 events for analysis (read from log file)
[POOL] Running analyzers on 9 events for 29411a2b8491fb20608476fd48e8df257052dd3e0aa7b0b80c8e39012cc1cdda
[POOL] Analysis completed: 0 findings in 0.00s (8221 events/s)
[AI-Integration] Submitted task: 649356b0
[AI] 649356b0 queued for DeepSeek analysis
[CgroupManager] Removed cgroup 80072 via bpftool
[POOL] Cleanup scheduled for 514ba7dbdaab
[DockerWorker-1] ✓ Completed: ff2deb9aca833f72a194218feb300ccfe911acbd78f0acf82d4b110aef643242 (6 events) (1.10s)
[DockerWorker-1] Starting: 66a530bbc061b170d007df2186523c9b62c4fa8df0874fff2d3079fa629ab826 (3_32bit)
[ANALYSISLOG] 66a530bbc061b170d007df2186523c9b62c4fa8df0874fff2d3079fa629ab826 -> ../ELF_samples/benign_report/x86-i686/raw/66a530bbc061b170d007df2186523c9b62c4fa8df0874fff2d3079fa629ab826_2026-01-31_16-14-45_545c2567.jsonl
[DOCKER] Selected image for libc=glibc: custom/i386-qemu
[CgroupManager] Removed cgroup 79900 via bpftool
[POOL] Cleanup scheduled for 74ad5a1f1620
[DockerWorker-0] ✓ Completed: 29411a2b8491fb20608476fd48e8df257052dd3e0aa7b0b80c8e39012cc1cdda (9 events) (1.13s)
[DockerWorker-0] Starting: a7a0049943e06caa3351ab03c5479f1b5fffb25fe80c31a45d5031f2aa6a43e5 (3_32bit)
[ANALYSISLOG] a7a0049943e06caa3351ab03c5479f1b5fffb25fe80c31a45d5031f2aa6a43e5 -> ../ELF_samples/benign_report/x86-i686/raw/a7a0049943e06caa3351ab03c5479f1b5fffb25fe80c31a45d5031f2aa6a43e5_2026-01-31_16-14-45_ad5aaa65.jsonl
[DOCKER] Selected image for libc=glibc: custom/i386-qemu
[POOL] Collected 6 events for analysis (read from log file)
[POOL] Running analyzers on 6 events for a1d8b4f3e991dda95b12019c79395472284d6a28723a76ffdb5941328efde81a
[POOL] Analysis completed: 0 findings in 0.00s (5717 events/s)
[AI-Integration] Submitted task: fcc0d442
[AI] fcc0d442 queued for DeepSeek analysis
[CgroupManager] Removed cgroup 80158 via bpftool
[POOL] Cleanup scheduled for 1dc141df55d0
[DockerWorker-4] ✓ Completed: a1d8b4f3e991dda95b12019c79395472284d6a28723a76ffdb5941328efde81a (6 events) (1.07s)
[DockerWorker-4] Starting: fc15d895149689f835f8312211a9c44c22cf6cf99d01fc7b00896bf86f34e012 (3_32bit)
[ANALYSISLOG] fc15d895149689f835f8312211a9c44c22cf6cf99d01fc7b00896bf86f34e012 -> ../ELF_samples/benign_report/x86-i686/raw/fc15d895149689f835f8312211a9c44c22cf6cf99d01fc7b00896bf86f34e012_2026-01-31_16-14-45_c9448f50.jsonl
[DOCKER] Selected image for libc=glibc: custom/i386-qemu
[POOL] Collected 7 events for analysis (read from log file)
[POOL] Running analyzers on 7 events for db2362f7281e7341c15d1bbf1bf2bc626fb970e2b91ebca89a8171e1e808e1b6
[POOL] Analysis completed: 0 findings in 0.00s (6544 events/s)
[AI-Integration] Submitted task: 5977f27b
[AI] 5977f27b queued for DeepSeek analysis
[CgroupManager] Removed cgroup 80244 via bpftool
[POOL] Cleanup scheduled for 339bdc063da7
[DockerWorker-5] ✓ Completed: db2362f7281e7341c15d1bbf1bf2bc626fb970e2b91ebca89a8171e1e808e1b6 (7 events) (1.11s)
[DockerWorker-5] Starting: 90f476c7e9abb618346c335fa66ced6e18692777a643e3e00b902c0f73ba7db8 (3_32bit)
[ANALYSISLOG] 90f476c7e9abb618346c335fa66ced6e18692777a643e3e00b902c0f73ba7db8 -> ../ELF_samples/benign_report/x86-i686/raw/90f476c7e9abb618346c335fa66ced6e18692777a643e3e00b902c0f73ba7db8_2026-01-31_16-14-45_d119912d.jsonl
[DOCKER] Selected image for libc=glibc: custom/i386-qemu
[CgroupManager] Added cgroup 80330 via bpftool
[CgroupManager] Added cgroup 80416 via bpftool
[EventRouter] DEBUG: EXEC #33 filename='/bin/true', triggers=['a7a0049943e06caa3351ab03c5479f1b5fffb25fe80c31a45d5031f2aa6a43e5', '/tmp/a7a0049943e06caa3351ab03c5479f1b5fffb25fe80c31a45d5031f2aa6a43e5']
[EventRouter] DEBUG: EXEC #33 filename='/bin/true', triggers=['66a530bbc061b170d007df2186523c9b62c4fa8df0874fff2d3079fa629ab826', '/tmp/66a530bbc061b170d007df2186523c9b62c4fa8df0874fff2d3079fa629ab826']
[CgroupManager] Added cgroup 80502 via bpftool
[CgroupManager] Added cgroup 80588 via bpftool
[EventRouter] DEBUG: EXEC #34 filename='/bin/true', triggers=['784255b20a69ba5a61c4a44443a49e5f2f86b9e57a6f31a75f188449fc53c063', '/tmp/784255b20a69ba5a61c4a44443a49e5f2f86b9e57a6f31a75f188449fc53c063']
[EventRouter] DEBUG: EXEC #33 filename='/bin/true', triggers=['fc15d895149689f835f8312211a9c44c22cf6cf99d01fc7b00896bf86f34e012', '/tmp/fc15d895149689f835f8312211a9c44c22cf6cf99d01fc7b00896bf86f34e012']
[CgroupManager] Added cgroup 80674 via bpftool
[EventRouter] DEBUG: EXEC #34 filename='/bin/true', triggers=['90f476c7e9abb618346c335fa66ced6e18692777a643e3e00b902c0f73ba7db8', '/tmp/90f476c7e9abb618346c335fa66ced6e18692777a643e3e00b902c0f73ba7db8']
[EventRouter] ARM detected at event 130 for cgroup 80416
[EventRouter] Discarded 129 pre-ARM events for cgroup 80416
[DOCKER] Container exit code: 0
[EventRouter] ARM detected at event 134 for cgroup 80330
[EventRouter] Discarded 133 pre-ARM events for cgroup 80330
[EventRouter] ARM detected at event 134 for cgroup 80502
[EventRouter] Discarded 133 pre-ARM events for cgroup 80502
[EventRouter] ARM detected at event 131 for cgroup 80588
[EventRouter] Discarded 130 pre-ARM events for cgroup 80588
[DOCKER] Container exit code: 0
[DOCKER] Container exit code: 2
[DOCKER][STDOUT] BEGIN
Usage: 784255b20a69ba5a61c4a44443a49e5f2f86b9e57a6f31a75f188449fc53c063 [options] mountpoint

Options:
	-d          grow data/metadata section
	-l          grow log section
	-r          grow realtime section
	-n          don't change anything, just show geometry
	-i          convert log from external to internal format
	-t          alternate location for mount table (/etc/mtab)
	-x          convert log from internal to external format
	-D size     grow data/metadata section to size blks
	-L size     grow/shrink log section to size blks
	-R size     grow realtime section to size blks
	-e size     set realtime extent size to size blks
	-m imaxpct  set inode max percent to imaxpct
	-V          print version information
[DOCKER][STDOUT] END
[DOCKER] Raw stdout saved: ../ELF_samples/benign_report/x86-i686/raw/784255b20a69ba5a61c4a44443a49e5f2f86b9e57a6f31a75f188449fc53c063_2026-01-31_16-14-45_e1e5e197_container_stdout.txt
[EventRouter] ARM detected at event 134 for cgroup 80674
[EventRouter] Discarded 133 pre-ARM events for cgroup 80674
[DOCKER] Container exit code: 0
[DOCKER][STDOUT] BEGIN
Active Internet connections (w/o servers)
Proto Recv-Q Send-Q Local Address           Foreign Address         State      
Active UNIX domain sockets (w/o servers)
Proto RefCnt Flags       Type       State         I-Node   Path
[DOCKER][STDOUT] END
[DOCKER] Raw stdout saved: ../ELF_samples/benign_report/x86-i686/raw/90f476c7e9abb618346c335fa66ced6e18692777a643e3e00b902c0f73ba7db8_2026-01-31_16-14-45_d119912d_container_stdout.txt
[POOL] Collected 23 events for analysis (read from log file)
[POOL] Running analyzers on 23 events for a7a0049943e06caa3351ab03c5479f1b5fffb25fe80c31a45d5031f2aa6a43e5
[POOL] Analysis completed: 0 findings in 0.00s (20629 events/s)
[AI-Integration] Submitted task: ad5aaa65
[AI] ad5aaa65 queued for DeepSeek analysis
[CgroupManager] Removed cgroup 80416 via bpftool
[POOL] Cleanup scheduled for 9138e2be324d
[DockerWorker-0] ✓ Completed: a7a0049943e06caa3351ab03c5479f1b5fffb25fe80c31a45d5031f2aa6a43e5 (23 events) (1.14s)
[DockerWorker-0] Starting: 71e73949dfebc1c1b82931628e7def78076da0c39c57106a74447b6e4a99b341 (3_32bit)
[ANALYSISLOG] 71e73949dfebc1c1b82931628e7def78076da0c39c57106a74447b6e4a99b341 -> ../ELF_samples/benign_report/x86-i686/raw/71e73949dfebc1c1b82931628e7def78076da0c39c57106a74447b6e4a99b341_2026-01-31_16-14-46_a9272cab.jsonl
[DOCKER] Selected image for libc=glibc: custom/i386-qemu
[POOL] Collected 7 events for analysis (read from log file)
[POOL] Running analyzers on 7 events for fc15d895149689f835f8312211a9c44c22cf6cf99d01fc7b00896bf86f34e012
[POOL] Analysis completed: 0 findings in 0.00s (6445 events/s)
[POOL] Collected 6 events for analysis (read from log file)
[POOL] Running analyzers on 6 events for 784255b20a69ba5a61c4a44443a49e5f2f86b9e57a6f31a75f188449fc53c063
[POOL] Analysis completed: 0 findings in 0.00s (5726 events/s)
[AI-Integration] Submitted task: c9448f50
[AI] c9448f50 queued for DeepSeek analysis
[AI-Integration] Submitted task: e1e5e197
[AI] e1e5e197 queued for DeepSeek analysis
[CgroupManager] Removed cgroup 80588 via bpftool
[POOL] Cleanup scheduled for 4faec371d94b
[DockerWorker-4] ✓ Completed: fc15d895149689f835f8312211a9c44c22cf6cf99d01fc7b00896bf86f34e012 (7 events) (1.12s)
[DockerWorker-4] Starting: 7fafc1567412be36a3a6fbbe412bea019dd63101a9b05531226debd113a80ea2 (3_32bit)
[ANALYSISLOG] 7fafc1567412be36a3a6fbbe412bea019dd63101a9b05531226debd113a80ea2 -> ../ELF_samples/benign_report/x86-i686/raw/7fafc1567412be36a3a6fbbe412bea019dd63101a9b05531226debd113a80ea2_2026-01-31_16-14-46_ee43e3ff.jsonl
[DOCKER] Selected image for libc=glibc: custom/i386-qemu
[CgroupManager] Removed cgroup 80502 via bpftool
[POOL] Cleanup scheduled for f6ba6b3f7bbe
[DockerWorker-2] ✓ Completed: 784255b20a69ba5a61c4a44443a49e5f2f86b9e57a6f31a75f188449fc53c063 (6 events) (1.23s)
[DockerWorker-2] Starting: 2c64b9bd3b613c0d4e3db0cf014a623023f8ce91ee9434e35f9da51d914aae3c.static (3_32bit)
[ANALYSISLOG] 2c64b9bd3b613c0d4e3db0cf014a623023f8ce91ee9434e35f9da51d914aae3c.static -> ../ELF_samples/benign_report/x86-i686/raw/2c64b9bd3b613c0d4e3db0cf014a623023f8ce91ee9434e35f9da51d914aae3c.static_2026-01-31_16-14-46_bb35f4a7.jsonl
[DOCKER] Selected image for libc=glibc: custom/i386-qemu
[POOL] Collected 24 events for analysis (read from log file)
[POOL] Running analyzers on 24 events for 90f476c7e9abb618346c335fa66ced6e18692777a643e3e00b902c0f73ba7db8
[POOL] Analysis completed: 0 findings in 0.00s (22655 events/s)
[AI-Integration] Submitted task: d119912d
[AI] d119912d queued for DeepSeek analysis
[CgroupManager] Removed cgroup 80674 via bpftool
[POOL] Cleanup scheduled for 7a466b283552
[DockerWorker-5] ✓ Completed: 90f476c7e9abb618346c335fa66ced6e18692777a643e3e00b902c0f73ba7db8 (24 events) (1.08s)
[DockerWorker-5] Starting: 4e2ef30aa3651d5ba12a65bd8290ca022cde979ba2a45132a2472a43f7ab8b4e (3_32bit)
[ANALYSISLOG] 4e2ef30aa3651d5ba12a65bd8290ca022cde979ba2a45132a2472a43f7ab8b4e -> ../ELF_samples/benign_report/x86-i686/raw/4e2ef30aa3651d5ba12a65bd8290ca022cde979ba2a45132a2472a43f7ab8b4e_2026-01-31_16-14-46_5223a060.jsonl
[DOCKER] Selected image for libc=glibc: custom/i386-qemu
[CgroupManager] Added cgroup 80760 via bpftool
[EventRouter] DEBUG: EXEC #33 filename='/bin/true', triggers=['71e73949dfebc1c1b82931628e7def78076da0c39c57106a74447b6e4a99b341', '/tmp/71e73949dfebc1c1b82931628e7def78076da0c39c57106a74447b6e4a99b341']
[AI-Integration] Job f1e3772a analyzed via deepseek
[CgroupManager] Added cgroup 80846 via bpftool
[CgroupManager] Added cgroup 80932 via bpftool
[EventRouter] DEBUG: EXEC #33 filename='/bin/true', triggers=['2c64b9bd3b613c0d4e3db0cf014a623023f8ce91ee9434e35f9da51d914aae3c.static', '/tmp/2c64b9bd3b613c0d4e3db0cf014a623023f8ce91ee9434e35f9da51d914aae3c.static']
[EventRouter] DEBUG: EXEC #33 filename='/bin/true', triggers=['7fafc1567412be36a3a6fbbe412bea019dd63101a9b05531226debd113a80ea2', '/tmp/7fafc1567412be36a3a6fbbe412bea019dd63101a9b05531226debd113a80ea2']
[CgroupManager] Added cgroup 81018 via bpftool
[EventRouter] DEBUG: EXEC #33 filename='/bin/true', triggers=['4e2ef30aa3651d5ba12a65bd8290ca022cde979ba2a45132a2472a43f7ab8b4e', '/tmp/4e2ef30aa3651d5ba12a65bd8290ca022cde979ba2a45132a2472a43f7ab8b4e']
[EventRouter] ARM detected at event 131 for cgroup 80760
[EventRouter] Discarded 130 pre-ARM events for cgroup 80760
[DOCKER] Container exit code: 1
[DOCKER][STDOUT] BEGIN
71e73949dfebc1c1b82931628e7def78076da0c39c57106a74447b6e4a99b341: not enough arguments
Try '71e73949dfebc1c1b82931628e7def78076da0c39c57106a74447b6e4a99b341 --help' for more information.
[DOCKER][STDOUT] END
[DOCKER] Raw stdout saved: ../ELF_samples/benign_report/x86-i686/raw/71e73949dfebc1c1b82931628e7def78076da0c39c57106a74447b6e4a99b341_2026-01-31_16-14-46_a9272cab_container_stdout.txt
[EventRouter] ARM detected at event 131 for cgroup 80932
[EventRouter] Discarded 130 pre-ARM events for cgroup 80932
[EventRouter] ARM detected at event 131 for cgroup 80846
[EventRouter] Discarded 130 pre-ARM events for cgroup 80846
[DOCKER] Container exit code: 1
[DOCKER][STDOUT] BEGIN
/tmp/2c64b9bd3b613c0d4e3db0cf014a623023f8ce91ee9434e35f9da51d914aae3c.static: too few arguments
usage: btrfstune [options] device
	-S value	positive value will enable seeding, zero to disable, negative is not allowed
	-r 		enable extended inode refs
	-x 		enable skinny metadata extent refs
	-n 		enable no-holes feature (more efficient sparse file representation)
	-f 		force to do dangerous operation, make sure that you are aware of the dangers
	-u 		change fsid, use a random one
	-U UUID		change fsid to UUID
[DOCKER][STDOUT] END
[DOCKER] Raw stdout saved: ../ELF_samples/benign_report/x86-i686/raw/2c64b9bd3b613c0d4e3db0cf014a623023f8ce91ee9434e35f9da51d914aae3c.static_2026-01-31_16-14-46_bb35f4a7_container_stdout.txt
[DOCKER] Container exit code: 0
[EventRouter] ARM detected at event 133 for cgroup 81018
[EventRouter] Discarded 132 pre-ARM events for cgroup 81018
[DOCKER] Container exit code: 0
[DOCKER][STDOUT] BEGIN
Usage: idl2wrs <interface>
[DOCKER][STDOUT] END
[DOCKER] Raw stdout saved: ../ELF_samples/benign_report/x86-i686/raw/4e2ef30aa3651d5ba12a65bd8290ca022cde979ba2a45132a2472a43f7ab8b4e_2026-01-31_16-14-46_5223a060_container_stdout.txt
[AI-Integration] Job ca318fb6 analyzed via deepseek
[AI-Integration] Job 38239200 analyzed via deepseek
[POOL] Collected 7 events for analysis (read from log file)
[POOL] Running analyzers on 7 events for 71e73949dfebc1c1b82931628e7def78076da0c39c57106a74447b6e4a99b341
[POOL] Analysis completed: 0 findings in 0.00s (6439 events/s)
[AI-Integration] Submitted task: a9272cab
[AI] a9272cab queued for DeepSeek analysis
[CgroupManager] Removed cgroup 80760 via bpftool
[POOL] Cleanup scheduled for 57f143cdce45
[DockerWorker-0] ✓ Completed: 71e73949dfebc1c1b82931628e7def78076da0c39c57106a74447b6e4a99b341 (7 events) (1.04s)
[DockerWorker-0] Starting: 72643928d276584c00aebf2b45ac61b55886661e39b153d7fc0d4d67725d6377 (3_32bit)
[ANALYSISLOG] 72643928d276584c00aebf2b45ac61b55886661e39b153d7fc0d4d67725d6377 -> ../ELF_samples/benign_report/x86-i686/raw/72643928d276584c00aebf2b45ac61b55886661e39b153d7fc0d4d67725d6377_2026-01-31_16-14-47_4d3cec1b.jsonl
[DOCKER] Selected image for libc=glibc: custom/i386-qemu
[AI-Integration] Job 8bcac88b analyzed via deepseek
[POOL] Collected 7 events for analysis (read from log file)
[POOL] Running analyzers on 7 events for 2c64b9bd3b613c0d4e3db0cf014a623023f8ce91ee9434e35f9da51d914aae3c.static
[POOL] Analysis completed: 0 findings in 0.00s (6524 events/s)
[AI-Integration] Submitted task: bb35f4a7
[AI] bb35f4a7 queued for DeepSeek analysis
[CgroupManager] Removed cgroup 80932 via bpftool
[POOL] Cleanup scheduled for 617bdca260ba
[DockerWorker-2] ✓ Completed: 2c64b9bd3b613c0d4e3db0cf014a623023f8ce91ee9434e35f9da51d914aae3c.static (7 events) (1.09s)
[DockerWorker-2] Starting: 8182b05c5452f3b106eb569376177caac8b777bbe45d6b0d5ead76761dbc5a73 (3_32bit)
[ANALYSISLOG] 8182b05c5452f3b106eb569376177caac8b777bbe45d6b0d5ead76761dbc5a73 -> ../ELF_samples/benign_report/x86-i686/raw/8182b05c5452f3b106eb569376177caac8b777bbe45d6b0d5ead76761dbc5a73_2026-01-31_16-14-47_e8696ae6.jsonl
[DOCKER] Selected image for libc=glibc: custom/i386-qemu
[POOL] Collected 35 events for analysis (read from log file)
[POOL] Running analyzers on 35 events for 7fafc1567412be36a3a6fbbe412bea019dd63101a9b05531226debd113a80ea2
[POOL] Analysis completed: 0 findings in 0.00s (32057 events/s)
[AI-Integration] Submitted task: ee43e3ff
[AI] ee43e3ff queued for DeepSeek analysis
[POOL] Collected 6 events for analysis (read from log file)
[POOL] Running analyzers on 6 events for 4e2ef30aa3651d5ba12a65bd8290ca022cde979ba2a45132a2472a43f7ab8b4e
[POOL] Analysis completed: 0 findings in 0.00s (5706 events/s)
[AI-Integration] Submitted task: 5223a060
[AI] 5223a060 queued for DeepSeek analysis
[CgroupManager] Removed cgroup 80846 via bpftool
[POOL] Cleanup scheduled for 6bc5016c3378
[DockerWorker-4] ✓ Completed: 7fafc1567412be36a3a6fbbe412bea019dd63101a9b05531226debd113a80ea2 (35 events) (1.19s)
[DockerWorker-4] Starting: 0975ad99dfaf5dc24ce2f336b87afb26defe575b8f1114ed7c6b25a4817f0c67 (3_32bit)
[ANALYSISLOG] 0975ad99dfaf5dc24ce2f336b87afb26defe575b8f1114ed7c6b25a4817f0c67 -> ../ELF_samples/benign_report/x86-i686/raw/0975ad99dfaf5dc24ce2f336b87afb26defe575b8f1114ed7c6b25a4817f0c67_2026-01-31_16-14-47_c4e4022b.jsonl
[DOCKER] Selected image for libc=glibc: custom/i386-qemu
[CgroupManager] Removed cgroup 81018 via bpftool
[POOL] Cleanup scheduled for 72a8951c0c30
[DockerWorker-5] ✓ Completed: 4e2ef30aa3651d5ba12a65bd8290ca022cde979ba2a45132a2472a43f7ab8b4e (6 events) (1.08s)
[DockerWorker-5] Starting: e3a057215062d3de7f9064b069c6f9d49fe260454c0544f1239db5b9f59c25d2 (3_32bit)
[ANALYSISLOG] e3a057215062d3de7f9064b069c6f9d49fe260454c0544f1239db5b9f59c25d2 -> ../ELF_samples/benign_report/x86-i686/raw/e3a057215062d3de7f9064b069c6f9d49fe260454c0544f1239db5b9f59c25d2_2026-01-31_16-14-47_9aae7b3b.jsonl
[DOCKER] Selected image for libc=glibc: custom/i386-qemu
[CgroupManager] Added cgroup 81104 via bpftool
[EventRouter] DEBUG: EXEC #33 filename='/bin/true', triggers=['72643928d276584c00aebf2b45ac61b55886661e39b153d7fc0d4d67725d6377', '/tmp/72643928d276584c00aebf2b45ac61b55886661e39b153d7fc0d4d67725d6377']
[CgroupManager] Added cgroup 81190 via bpftool
[EventRouter] DEBUG: EXEC #34 filename='/bin/true', triggers=['8182b05c5452f3b106eb569376177caac8b777bbe45d6b0d5ead76761dbc5a73', '/tmp/8182b05c5452f3b106eb569376177caac8b777bbe45d6b0d5ead76761dbc5a73']
[CgroupManager] Added cgroup 81276 via bpftool
[CgroupManager] Added cgroup 81362 via bpftool
[EventRouter] DEBUG: EXEC #33 filename='/bin/true', triggers=['0975ad99dfaf5dc24ce2f336b87afb26defe575b8f1114ed7c6b25a4817f0c67', '/tmp/0975ad99dfaf5dc24ce2f336b87afb26defe575b8f1114ed7c6b25a4817f0c67']
[EventRouter] ARM detected at event 131 for cgroup 81104
[EventRouter] Discarded 130 pre-ARM events for cgroup 81104
[DOCKER] Container exit code: 1
[DOCKER][STDOUT] BEGIN
Warning: Unable to allocate qdisc cache: Operation not supported
Disabling QoS statistics.
Error opening terminal: unknown.
[DOCKER][STDOUT] END
[DOCKER] Raw stdout saved: ../ELF_samples/benign_report/x86-i686/raw/72643928d276584c00aebf2b45ac61b55886661e39b153d7fc0d4d67725d6377_2026-01-31_16-14-47_4d3cec1b_container_stdout.txt
[EventRouter] ARM detected at event 134 for cgroup 81190
[EventRouter] Discarded 133 pre-ARM events for cgroup 81190
[AI-Integration] Job 6653b997 analyzed via deepseek
[EventRouter] ARM detected at event 130 for cgroup 81276
[EventRouter] Discarded 129 pre-ARM events for cgroup 81276
[DOCKER] Container exit code: 0
[DOCKER][STDOUT] BEGIN
NcFTP 3.2.6 (Dec 04, 2016) by Mike Gleason (http://www.NcFTP.com/contact/).

Copyright (c) 1992-2016 by Mike Gleason.
All rights reserved.
[DOCKER][STDOUT] END
[DOCKER] Raw stdout saved: ../ELF_samples/benign_report/x86-i686/raw/8182b05c5452f3b106eb569376177caac8b777bbe45d6b0d5ead76761dbc5a73_2026-01-31_16-14-47_e8696ae6_container_stdout.txt
[EventRouter] ARM detected at event 192 for cgroup 81362
[EventRouter] Discarded 191 pre-ARM events for cgroup 81362
[DOCKER] Container exit code: 2
[DOCKER][STDOUT] BEGIN
Line {} is invalid.
[DOCKER][STDOUT] END
[DOCKER] Raw stdout saved: ../ELF_samples/benign_report/x86-i686/raw/e3a057215062d3de7f9064b069c6f9d49fe260454c0544f1239db5b9f59c25d2_2026-01-31_16-14-47_9aae7b3b_container_stdout.txt
[DOCKER] Container exit code: 1
[DOCKER][STDOUT] BEGIN
0975ad99dfaf5dc24ce2f336b87afb26defe575b8f1114ed7c6b25a4817f0c67: eth1: No such device
[DOCKER][STDOUT] END
[DOCKER] Raw stdout saved: ../ELF_samples/benign_report/x86-i686/raw/0975ad99dfaf5dc24ce2f336b87afb26defe575b8f1114ed7c6b25a4817f0c67_2026-01-31_16-14-47_c4e4022b_container_stdout.txt
[POOL] Collected 14 events for analysis (read from log file)
[POOL] Running analyzers on 14 events for 72643928d276584c00aebf2b45ac61b55886661e39b153d7fc0d4d67725d6377
[POOL] Analysis completed: 0 findings in 0.00s (12227 events/s)
[AI-Integration] Submitted task: 4d3cec1b
[AI] 4d3cec1b queued for DeepSeek analysis
[CgroupManager] Removed cgroup 81104 via bpftool
[POOL] Cleanup scheduled for 588ae2b27a0a
[DockerWorker-0] ✓ Completed: 72643928d276584c00aebf2b45ac61b55886661e39b153d7fc0d4d67725d6377 (14 events) (1.13s)
[DockerWorker-0] Starting: b5c1a1fd6460a8484dcdc4280f562dbf6660d9e9526da88fd391eeb057a6b7de (3_32bit)
[ANALYSISLOG] b5c1a1fd6460a8484dcdc4280f562dbf6660d9e9526da88fd391eeb057a6b7de -> ../ELF_samples/benign_report/x86-i686/raw/b5c1a1fd6460a8484dcdc4280f562dbf6660d9e9526da88fd391eeb057a6b7de_2026-01-31_16-14-48_da4bb1b5.jsonl
[DOCKER] Selected image for libc=glibc: custom/i386-qemu
[POOL] Collected 12 events for analysis (read from log file)
[POOL] Running analyzers on 12 events for 8182b05c5452f3b106eb569376177caac8b777bbe45d6b0d5ead76761dbc5a73
[POOL] Analysis completed: 0 findings in 0.00s (11087 events/s)
[AI-Integration] Submitted task: e8696ae6
[AI] e8696ae6 queued for DeepSeek analysis
[CgroupManager] Removed cgroup 81190 via bpftool
[POOL] Cleanup scheduled for b015cdab830f
[DockerWorker-2] ✓ Completed: 8182b05c5452f3b106eb569376177caac8b777bbe45d6b0d5ead76761dbc5a73 (12 events) (1.13s)
[DockerWorker-2] Starting: 008d4e457f940b24d91987a3c8c47f219da5ff3c027c56c706b0130a613bf6eb (3_32bit)
[ANALYSISLOG] 008d4e457f940b24d91987a3c8c47f219da5ff3c027c56c706b0130a613bf6eb -> ../ELF_samples/benign_report/x86-i686/raw/008d4e457f940b24d91987a3c8c47f219da5ff3c027c56c706b0130a613bf6eb_2026-01-31_16-14-48_6177ee7c.jsonl
[DOCKER] Selected image for libc=glibc: custom/i386-qemu
[POOL] Collected 10 events for analysis (read from log file)
[POOL] Running analyzers on 10 events for e3a057215062d3de7f9064b069c6f9d49fe260454c0544f1239db5b9f59c25d2
[POOL] Analysis completed: 0 findings in 0.00s (9079 events/s)
[AI-Integration] Submitted task: 9aae7b3b
[AI] 9aae7b3b queued for DeepSeek analysis
[POOL] Collected 10 events for analysis (read from log file)
[POOL] Running analyzers on 10 events for 0975ad99dfaf5dc24ce2f336b87afb26defe575b8f1114ed7c6b25a4817f0c67
[POOL] Analysis completed: 0 findings in 0.00s (9278 events/s)
[AI-Integration] Submitted task: c4e4022b
[AI] c4e4022b queued for DeepSeek analysis
[CgroupManager] Removed cgroup 81276 via bpftool
[POOL] Cleanup scheduled for fee1bfc675f4
[DockerWorker-4] ✓ Completed: 0975ad99dfaf5dc24ce2f336b87afb26defe575b8f1114ed7c6b25a4817f0c67 (10 events) (1.09s)
[DockerWorker-4] Starting: e393b5488d5c863170a005a1bba1fa865eb215a1817aa51b6dc6ac8b1d8ffa0d (3_32bit)
[ANALYSISLOG] e393b5488d5c863170a005a1bba1fa865eb215a1817aa51b6dc6ac8b1d8ffa0d -> ../ELF_samples/benign_report/x86-i686/raw/e393b5488d5c863170a005a1bba1fa865eb215a1817aa51b6dc6ac8b1d8ffa0d_2026-01-31_16-14-48_6201b0d0.jsonl
[DOCKER] Selected image for libc=glibc: custom/i386-qemu
[CgroupManager] Removed cgroup 81362 via bpftool
[POOL] Cleanup scheduled for 05098d8870b6
[DockerWorker-5] ✓ Completed: e3a057215062d3de7f9064b069c6f9d49fe260454c0544f1239db5b9f59c25d2 (10 events) (1.08s)
[DockerWorker-5] Starting: 476da05cde3c109a7e6ab2c330baac91e9bba50ce90f34826d32e28c08e1439e (3_32bit)
[ANALYSISLOG] 476da05cde3c109a7e6ab2c330baac91e9bba50ce90f34826d32e28c08e1439e -> ../ELF_samples/benign_report/x86-i686/raw/476da05cde3c109a7e6ab2c330baac91e9bba50ce90f34826d32e28c08e1439e_2026-01-31_16-14-48_98270819.jsonl
[DOCKER] Selected image for libc=glibc: custom/i386-qemu
[CgroupManager] Added cgroup 81448 via bpftool
[EventRouter] DEBUG: EXEC #34 filename='/bin/true', triggers=['b5c1a1fd6460a8484dcdc4280f562dbf6660d9e9526da88fd391eeb057a6b7de', '/tmp/b5c1a1fd6460a8484dcdc4280f562dbf6660d9e9526da88fd391eeb057a6b7de']
[CgroupManager] Added cgroup 81534 via bpftool
[EventRouter] DEBUG: EXEC #34 filename='/bin/true', triggers=['008d4e457f940b24d91987a3c8c47f219da5ff3c027c56c706b0130a613bf6eb', '/tmp/008d4e457f940b24d91987a3c8c47f219da5ff3c027c56c706b0130a613bf6eb']
[CgroupManager] Added cgroup 81706 via bpftool
[CgroupManager] Added cgroup 81620 via bpftool
[EventRouter] ARM detected at event 131 for cgroup 81448
[EventRouter] Discarded 130 pre-ARM events for cgroup 81448
[EventRouter] DEBUG: EXEC #33 filename='/bin/true', triggers=['476da05cde3c109a7e6ab2c330baac91e9bba50ce90f34826d32e28c08e1439e', '/tmp/476da05cde3c109a7e6ab2c330baac91e9bba50ce90f34826d32e28c08e1439e']
[EventRouter] DEBUG: EXEC #50 filename='/bin/true', triggers=['e393b5488d5c863170a005a1bba1fa865eb215a1817aa51b6dc6ac8b1d8ffa0d', '/tmp/e393b5488d5c863170a005a1bba1fa865eb215a1817aa51b6dc6ac8b1d8ffa0d']
[DOCKER] Container exit code: 134
[DOCKER][STDOUT] BEGIN
whoami: canonical hostname is invalid.

Leafnode must have a fully-qualified domain name,
not just "14e54a072de2".
Edit your /etc/hosts file to add a fully qualified domain name.



Leafnode must have a fully-qualified domain name,
not just "14e54a072de2".
Edit your /etc/hosts file to add a fully qualified domain name.

qemu: uncaught target signal 6 (Aborted) - core dumped
Aborted (core dumped)
[DOCKER][STDOUT] END
[DOCKER] Raw stdout saved: ../ELF_samples/benign_report/x86-i686/raw/b5c1a1fd6460a8484dcdc4280f562dbf6660d9e9526da88fd391eeb057a6b7de_2026-01-31_16-14-48_da4bb1b5_container_stdout.txt
[EventRouter] ARM detected at event 135 for cgroup 81534
[EventRouter] Discarded 134 pre-ARM events for cgroup 81534
[EventRouter] ARM detected at event 150 for cgroup 81620
[EventRouter] Discarded 149 pre-ARM events for cgroup 81620
[DOCKER] Container exit code: 0
[DOCKER] Container exit code: 64
[DOCKER][STDOUT] BEGIN
sntp 4.2.8p13@1.3847-o Fri Jul 12 03:51:21 UTC 2019 (1)
008d4e457f940b24d91987a3c8c47f219da5ff3c027c56c706b0130a613bf6eb: Must supply at least one of -b hostname, -c hostname, or hostname.
[DOCKER][STDOUT] END
[DOCKER] Raw stdout saved: ../ELF_samples/benign_report/x86-i686/raw/008d4e457f940b24d91987a3c8c47f219da5ff3c027c56c706b0130a613bf6eb_2026-01-31_16-14-48_6177ee7c_container_stdout.txt
[EventRouter] ARM detected at event 133 for cgroup 81706
[EventRouter] Discarded 132 pre-ARM events for cgroup 81706
[DOCKER] Container exit code: 0
[DOCKER][STDOUT] BEGIN
a2ab1ca3475ffb08857aed2075453942
[DOCKER][STDOUT] END
[DOCKER] Raw stdout saved: ../ELF_samples/benign_report/x86-i686/raw/476da05cde3c109a7e6ab2c330baac91e9bba50ce90f34826d32e28c08e1439e_2026-01-31_16-14-48_98270819_container_stdout.txt
[POOL] Collected 23 events for analysis (read from log file)
[POOL] Running analyzers on 23 events for b5c1a1fd6460a8484dcdc4280f562dbf6660d9e9526da88fd391eeb057a6b7de
[POOL] Analysis completed: 0 findings in 0.00s (20480 events/s)
[AI-Integration] Submitted task: da4bb1b5
[AI] da4bb1b5 queued for DeepSeek analysis
[CgroupManager] Removed cgroup 81448 via bpftool
[POOL] Cleanup scheduled for 14e54a072de2
[DockerWorker-0] ✗ Failed: b5c1a1fd6460a8484dcdc4280f562dbf6660d9e9526da88fd391eeb057a6b7de - Crashed: Signal 6 (Exit code 134) (1.11s)
[DockerWorker-0] Starting: 8d56bf7775083122d5eb692e6f755b0bd8ab765831d2743f2b5a07feb35ad358 (3_32bit)
[ANALYSISLOG] 8d56bf7775083122d5eb692e6f755b0bd8ab765831d2743f2b5a07feb35ad358 -> ../ELF_samples/benign_report/x86-i686/raw/8d56bf7775083122d5eb692e6f755b0bd8ab765831d2743f2b5a07feb35ad358_2026-01-31_16-14-49_4a7f33d7.jsonl
[DOCKER] Selected image for libc=glibc: custom/i386-qemu
[POOL] Collected 7 events for analysis (read from log file)
[POOL] Running analyzers on 7 events for e393b5488d5c863170a005a1bba1fa865eb215a1817aa51b6dc6ac8b1d8ffa0d
[POOL] Analysis completed: 0 findings in 0.00s (6287 events/s)
[AI-Integration] Submitted task: 6201b0d0
[AI] 6201b0d0 queued for DeepSeek analysis
[POOL] Collected 25 events for analysis (read from log file)
[POOL] Running analyzers on 25 events for 008d4e457f940b24d91987a3c8c47f219da5ff3c027c56c706b0130a613bf6eb
[POOL] Analysis completed: 0 findings in 0.00s (23503 events/s)
[AI-Integration] Submitted task: 6177ee7c
[AI] 6177ee7c queued for DeepSeek analysis
[CgroupManager] Removed cgroup 81620 via bpftool
[POOL] Cleanup scheduled for 97995bd6e248
[DockerWorker-4] ✓ Completed: e393b5488d5c863170a005a1bba1fa865eb215a1817aa51b6dc6ac8b1d8ffa0d (7 events) (1.08s)
[DockerWorker-4] Starting: c8e4ccecc56be21f7d31c84e2ca619dd3c5e464e6142090a97797c1c6d898cee (3_32bit)
[ANALYSISLOG] c8e4ccecc56be21f7d31c84e2ca619dd3c5e464e6142090a97797c1c6d898cee -> ../ELF_samples/benign_report/x86-i686/raw/c8e4ccecc56be21f7d31c84e2ca619dd3c5e464e6142090a97797c1c6d898cee_2026-01-31_16-14-49_0c78417a.jsonl
[DOCKER] Selected image for libc=glibc: custom/i386-qemu
[CgroupManager] Removed cgroup 81534 via bpftool
[POOL] Cleanup scheduled for 8e48c187ef26
[DockerWorker-2] ✓ Completed: 008d4e457f940b24d91987a3c8c47f219da5ff3c027c56c706b0130a613bf6eb (25 events) (1.13s)
[DockerWorker-2] Starting: b321f8d304c01100e42f19a432751b3301f49d26cf7440d6cd5ea83aae149a58 (3_32bit)
[ANALYSISLOG] b321f8d304c01100e42f19a432751b3301f49d26cf7440d6cd5ea83aae149a58 -> ../ELF_samples/benign_report/x86-i686/raw/b321f8d304c01100e42f19a432751b3301f49d26cf7440d6cd5ea83aae149a58_2026-01-31_16-14-49_ea7af0f5.jsonl
[DOCKER] Selected image for libc=glibc: custom/i386-qemu
[POOL] Collected 6 events for analysis (read from log file)
[POOL] Running analyzers on 6 events for 476da05cde3c109a7e6ab2c330baac91e9bba50ce90f34826d32e28c08e1439e
[POOL] Analysis completed: 0 findings in 0.00s (5542 events/s)
[AI-Integration] Submitted task: 98270819
[AI] 98270819 queued for DeepSeek analysis
[CgroupManager] Removed cgroup 81706 via bpftool
[POOL] Cleanup scheduled for ae7593442597
[DockerWorker-5] ✓ Completed: 476da05cde3c109a7e6ab2c330baac91e9bba50ce90f34826d32e28c08e1439e (6 events) (1.14s)
[DockerWorker-5] Starting: 9f00d05e503c05434803b8ee40ef8bab63a3645c758adeab40e90ccd05bbc85f (3_32bit)
[ANALYSISLOG] 9f00d05e503c05434803b8ee40ef8bab63a3645c758adeab40e90ccd05bbc85f -> ../ELF_samples/benign_report/x86-i686/raw/9f00d05e503c05434803b8ee40ef8bab63a3645c758adeab40e90ccd05bbc85f_2026-01-31_16-14-50_241a7cef.jsonl
[DOCKER] Selected image for libc=glibc: custom/i386-qemu
[CgroupManager] Added cgroup 81792 via bpftool
[EventRouter] DEBUG: EXEC #33 filename='/bin/true', triggers=['8d56bf7775083122d5eb692e6f755b0bd8ab765831d2743f2b5a07feb35ad358', '/tmp/8d56bf7775083122d5eb692e6f755b0bd8ab765831d2743f2b5a07feb35ad358']
[CgroupManager] Added cgroup 81964 via bpftool
[EventRouter] DEBUG: EXEC #33 filename='/bin/true', triggers=['b321f8d304c01100e42f19a432751b3301f49d26cf7440d6cd5ea83aae149a58', '/tmp/b321f8d304c01100e42f19a432751b3301f49d26cf7440d6cd5ea83aae149a58']
[CgroupManager] Added cgroup 81878 via bpftool
[CgroupManager] Added cgroup 82050 via bpftool
[EventRouter] DEBUG: EXEC #33 filename='/bin/true', triggers=['c8e4ccecc56be21f7d31c84e2ca619dd3c5e464e6142090a97797c1c6d898cee', '/tmp/c8e4ccecc56be21f7d31c84e2ca619dd3c5e464e6142090a97797c1c6d898cee']
[EventRouter] DEBUG: EXEC #35 filename='/bin/true', triggers=['9f00d05e503c05434803b8ee40ef8bab63a3645c758adeab40e90ccd05bbc85f', '/tmp/9f00d05e503c05434803b8ee40ef8bab63a3645c758adeab40e90ccd05bbc85f']
[EventRouter] ARM detected at event 133 for cgroup 81792
[EventRouter] Discarded 132 pre-ARM events for cgroup 81792
[DOCKER] Container exit code: 1
[DOCKER][STDOUT] BEGIN
Usage: 8d56bf7775083122d5eb692e6f755b0bd8ab765831d2743f2b5a07feb35ad358 [cvs-options] command [command-options-and-arguments]
  where cvs-options are -q, -n, etc.
    (specify --help-options for a list of options)
  where command is add, admin, etc.
    (specify --help-commands for a list of commands
     or --help-synonyms for a list of command synonyms)
  where command-options-and-arguments depend on the specific command
    (specify -H followed by a command name for command-specific help)
  Specify --help to receive this message

The Concurrent Versions System (CVS) is a tool for version control.
For CVS updates and additional information, see
    the CVS home page at http://www.nongnu.org/cvs/ or
    the CVSNT home page at http://www.cvsnt.org/
[DOCKER][STDOUT] END
[DOCKER] Raw stdout saved: ../ELF_samples/benign_report/x86-i686/raw/8d56bf7775083122d5eb692e6f755b0bd8ab765831d2743f2b5a07feb35ad358_2026-01-31_16-14-49_4a7f33d7_container_stdout.txt
[EventRouter] ARM detected at event 130 for cgroup 81878
[EventRouter] Discarded 129 pre-ARM events for cgroup 81878
[DOCKER] Container exit code: 1
[DOCKER][STDOUT] BEGIN
c8e4ccecc56be21f7d31c84e2ca619dd3c5e464e6142090a97797c1c6d898cee: eth1: No such device
[DOCKER][STDOUT] END
[DOCKER] Raw stdout saved: ../ELF_samples/benign_report/x86-i686/raw/c8e4ccecc56be21f7d31c84e2ca619dd3c5e464e6142090a97797c1c6d898cee_2026-01-31_16-14-49_0c78417a_container_stdout.txt
[EventRouter] ARM detected at event 134 for cgroup 81964
[EventRouter] Discarded 133 pre-ARM events for cgroup 81964
[DOCKER] Container exit code: 1
[DOCKER][STDOUT] BEGIN
b321f8d304c01100e42f19a432751b3301f49d26cf7440d6cd5ea83aae149a58: No program specified
[DOCKER][STDOUT] END
[DOCKER] Raw stdout saved: ../ELF_samples/benign_report/x86-i686/raw/b321f8d304c01100e42f19a432751b3301f49d26cf7440d6cd5ea83aae149a58_2026-01-31_16-14-49_ea7af0f5_container_stdout.txt
[EventRouter] ARM detected at event 132 for cgroup 82050
[EventRouter] Discarded 131 pre-ARM events for cgroup 82050
[DOCKER] Container exit code: 0
[DOCKER][STDOUT] BEGIN
process id = 25
process parent id = 16
controlling terminal: -
process group id = 16
process session id = 16
process group id if fg process / stdin = -1
process group id if fg process / stdout = -1
process group id if fg process / stderr = -1
process does not have a controlling terminal
user id  = 0
effective user id  = 0
group id = 0
effective group id = 0

RESOURCE LIMITS
resource                                 current                 maximum

C TYPE SIZES
sizeof(char)      = 1
sizeof(short)     = 2
sizeof(int)       = 4
sizeof(long)      = 4
sizeof(long long) = 8
sizeof(size_t)    = 4
sizeof(struct timespec)      = 8
sizeof(struct diag_dgram)      = 504
((struct diag_dgram *)0)->op-((struct diag_dgram *)0)     = 0
((struct diag_dgram *)0)->now-((struct diag_dgram *)0)     = 4
((struct diag_dgram *)0)->exitcode-((struct diag_dgram *)0)     = 20
((struct diag_dgram *)0)->text-((struct diag_dgram *)0)     = 24

IP INTERFACES
 1: lo
 2: eth0
[DOCKER][STDOUT] END
[DOCKER] Raw stdout saved: ../ELF_samples/benign_report/x86-i686/raw/9f00d05e503c05434803b8ee40ef8bab63a3645c758adeab40e90ccd05bbc85f_2026-01-31_16-14-50_241a7cef_container_stdout.txt
[POOL] Collected 8 events for analysis (read from log file)
[POOL] Running analyzers on 8 events for 8d56bf7775083122d5eb692e6f755b0bd8ab765831d2743f2b5a07feb35ad358
[POOL] Analysis completed: 0 findings in 0.00s (6855 events/s)
[AI-Integration] Submitted task: 4a7f33d7
[AI] 4a7f33d7 queued for DeepSeek analysis
[CgroupManager] Removed cgroup 81792 via bpftool
[POOL] Cleanup scheduled for e433495f1f1a
[DockerWorker-0] ✓ Completed: 8d56bf7775083122d5eb692e6f755b0bd8ab765831d2743f2b5a07feb35ad358 (8 events) (1.12s)
[DockerWorker-0] Starting: e9013bfbf35ed449e10b678642e0105fce329e6c8296db986a2daef1071fcfe4 (3_32bit)
[ANALYSISLOG] e9013bfbf35ed449e10b678642e0105fce329e6c8296db986a2daef1071fcfe4 -> ../ELF_samples/benign_report/x86-i686/raw/e9013bfbf35ed449e10b678642e0105fce329e6c8296db986a2daef1071fcfe4_2026-01-31_16-14-50_b502cd34.jsonl
[DOCKER] Selected image for libc=glibc: custom/i386-qemu
[POOL] Collected 8 events for analysis (read from log file)
[POOL] Running analyzers on 8 events for c8e4ccecc56be21f7d31c84e2ca619dd3c5e464e6142090a97797c1c6d898cee
[POOL] Analysis completed: 0 findings in 0.00s (7630 events/s)
[AI-Integration] Submitted task: 0c78417a
[AI] 0c78417a queued for DeepSeek analysis
[CgroupManager] Removed cgroup 81878 via bpftool
[POOL] Cleanup scheduled for 36300075fe15
[DockerWorker-4] ✓ Completed: c8e4ccecc56be21f7d31c84e2ca619dd3c5e464e6142090a97797c1c6d898cee (8 events) (1.12s)
[DockerWorker-4] Starting: 7416ef818bf5b350c95c4a3000f08433690189a43dcfeeec0a52af5d47fffd4d (3_32bit)
[ANALYSISLOG] 7416ef818bf5b350c95c4a3000f08433690189a43dcfeeec0a52af5d47fffd4d -> ../ELF_samples/benign_report/x86-i686/raw/7416ef818bf5b350c95c4a3000f08433690189a43dcfeeec0a52af5d47fffd4d_2026-01-31_16-14-51_68996770.jsonl
[DOCKER] Selected image for libc=glibc: custom/i386-qemu
[POOL] Collected 6 events for analysis (read from log file)
[POOL] Running analyzers on 6 events for b321f8d304c01100e42f19a432751b3301f49d26cf7440d6cd5ea83aae149a58
[POOL] Analysis completed: 0 findings in 0.00s (5619 events/s)
[AI-Integration] Submitted task: ea7af0f5
[AI] ea7af0f5 queued for DeepSeek analysis
[CgroupManager] Removed cgroup 81964 via bpftool
[POOL] Cleanup scheduled for c481b6f0decc
[DockerWorker-2] ✓ Completed: b321f8d304c01100e42f19a432751b3301f49d26cf7440d6cd5ea83aae149a58 (6 events) (1.17s)
[DockerWorker-2] Starting: 16cc48d3456f2458fea63cf4c3b0fb4b2b00474cd7774299b13b361909c5b11c (3_32bit)
[ANALYSISLOG] 16cc48d3456f2458fea63cf4c3b0fb4b2b00474cd7774299b13b361909c5b11c -> ../ELF_samples/benign_report/x86-i686/raw/16cc48d3456f2458fea63cf4c3b0fb4b2b00474cd7774299b13b361909c5b11c_2026-01-31_16-14-51_1e6e75a9.jsonl
[DOCKER] Selected image for libc=glibc: custom/i386-qemu
[POOL] Collected 13 events for analysis (read from log file)
[POOL] Running analyzers on 13 events for 9f00d05e503c05434803b8ee40ef8bab63a3645c758adeab40e90ccd05bbc85f
[POOL] Analysis completed: 0 findings in 0.00s (11982 events/s)
[AI-Integration] Submitted task: 241a7cef
[AI] 241a7cef queued for DeepSeek analysis
[CgroupManager] Removed cgroup 82050 via bpftool
[POOL] Cleanup scheduled for 78efb2096f11
[DockerWorker-5] ✓ Completed: 9f00d05e503c05434803b8ee40ef8bab63a3645c758adeab40e90ccd05bbc85f (13 events) (1.18s)
[DockerWorker-5] Starting: 30b36fd654fc5e63b60ac8feda560ca9f4aa5156bdc0a23f379db5f515a2737d (3_32bit)
[ANALYSISLOG] 30b36fd654fc5e63b60ac8feda560ca9f4aa5156bdc0a23f379db5f515a2737d -> ../ELF_samples/benign_report/x86-i686/raw/30b36fd654fc5e63b60ac8feda560ca9f4aa5156bdc0a23f379db5f515a2737d_2026-01-31_16-14-51_1811b563.jsonl
[DOCKER] Selected image for libc=glibc: custom/i386-qemu
[CgroupManager] Added cgroup 82136 via bpftool
[EventRouter] DEBUG: EXEC #33 filename='/bin/true', triggers=['e9013bfbf35ed449e10b678642e0105fce329e6c8296db986a2daef1071fcfe4', '/tmp/e9013bfbf35ed449e10b678642e0105fce329e6c8296db986a2daef1071fcfe4']
[AI-Integration] Job 8604d61b analyzed via deepseek
[CgroupManager] Added cgroup 82222 via bpftool
[CgroupManager] Added cgroup 82308 via bpftool
[EventRouter] DEBUG: EXEC #33 filename='/bin/true', triggers=['7416ef818bf5b350c95c4a3000f08433690189a43dcfeeec0a52af5d47fffd4d', '/tmp/7416ef818bf5b350c95c4a3000f08433690189a43dcfeeec0a52af5d47fffd4d']
[EventRouter] DEBUG: EXEC #34 filename='/bin/true', triggers=['16cc48d3456f2458fea63cf4c3b0fb4b2b00474cd7774299b13b361909c5b11c', '/tmp/16cc48d3456f2458fea63cf4c3b0fb4b2b00474cd7774299b13b361909c5b11c']
[CgroupManager] Added cgroup 82394 via bpftool
[EventRouter] DEBUG: EXEC #34 filename='/bin/true', triggers=['30b36fd654fc5e63b60ac8feda560ca9f4aa5156bdc0a23f379db5f515a2737d', '/tmp/30b36fd654fc5e63b60ac8feda560ca9f4aa5156bdc0a23f379db5f515a2737d']
[EventRouter] ARM detected at event 131 for cgroup 82136
[EventRouter] Discarded 130 pre-ARM events for cgroup 82136
[DOCKER] Container exit code: 1
[DOCKER][STDOUT] BEGIN
sfs_init(): Warning: file /etc/mc/sfs.ini not found
Warning: cannot open /usr/libexec/mc/extfs.d directory
Warning: cannot load codepages list
The TERM environment variable is unset!
[DOCKER][STDOUT] END
[DOCKER] Raw stdout saved: ../ELF_samples/benign_report/x86-i686/raw/e9013bfbf35ed449e10b678642e0105fce329e6c8296db986a2daef1071fcfe4_2026-01-31_16-14-50_b502cd34_container_stdout.txt
[EventRouter] ARM detected at event 133 for cgroup 82222
[EventRouter] Discarded 132 pre-ARM events for cgroup 82222
[DOCKER] Container exit code: 1
[DOCKER][STDOUT] BEGIN
7416ef818bf5b350c95c4a3000f08433690189a43dcfeeec0a52af5d47fffd4d: No node address given: Operation canceled
[DOCKER][STDOUT] END
[DOCKER] Raw stdout saved: ../ELF_samples/benign_report/x86-i686/raw/7416ef818bf5b350c95c4a3000f08433690189a43dcfeeec0a52af5d47fffd4d_2026-01-31_16-14-51_68996770_container_stdout.txt
[EventRouter] ARM detected at event 135 for cgroup 82308
[EventRouter] Discarded 134 pre-ARM events for cgroup 82308
[DOCKER] Container exit code: 0
[DOCKER][STDOUT] BEGIN
OpenSSL>
[DOCKER][STDOUT] END
[DOCKER] Raw stdout saved: ../ELF_samples/benign_report/x86-i686/raw/16cc48d3456f2458fea63cf4c3b0fb4b2b00474cd7774299b13b361909c5b11c_2026-01-31_16-14-51_1e6e75a9_container_stdout.txt
[EventRouter] ARM detected at event 134 for cgroup 82394
[EventRouter] Discarded 133 pre-ARM events for cgroup 82394
[DOCKER] Container exit code: 1
[DOCKER][STDOUT] BEGIN
30b36fd654fc5e63b60ac8feda560ca9f4aa5156bdc0a23f379db5f515a2737d: no command specified
[DOCKER][STDOUT] END
[DOCKER] Raw stdout saved: ../ELF_samples/benign_report/x86-i686/raw/30b36fd654fc5e63b60ac8feda560ca9f4aa5156bdc0a23f379db5f515a2737d_2026-01-31_16-14-51_1811b563_container_stdout.txt
[POOL] Collected 23 events for analysis (read from log file)
[POOL] Running analyzers on 23 events for e9013bfbf35ed449e10b678642e0105fce329e6c8296db986a2daef1071fcfe4
[POOL] Analysis completed: 0 findings in 0.00s (21140 events/s)
[AI-Integration] Submitted task: b502cd34
[AI] b502cd34 queued for DeepSeek analysis
[CgroupManager] Removed cgroup 82136 via bpftool
[POOL] Cleanup scheduled for 830af76c58c2
[DockerWorker-0] ✓ Completed: e9013bfbf35ed449e10b678642e0105fce329e6c8296db986a2daef1071fcfe4 (23 events) (1.24s)
[DockerWorker-0] Starting: 1f85c0a72596ec67c1e9417a4745e7c8a296a17df16eb51229c3931e95f6c024 (3_32bit)
[ANALYSISLOG] 1f85c0a72596ec67c1e9417a4745e7c8a296a17df16eb51229c3931e95f6c024 -> ../ELF_samples/benign_report/x86-i686/raw/1f85c0a72596ec67c1e9417a4745e7c8a296a17df16eb51229c3931e95f6c024_2026-01-31_16-14-52_90607252.jsonl
[DOCKER] Selected image for libc=glibc: custom/i386-qemu
[POOL] Collected 6 events for analysis (read from log file)
[POOL] Running analyzers on 6 events for 7416ef818bf5b350c95c4a3000f08433690189a43dcfeeec0a52af5d47fffd4d
[POOL] Analysis completed: 0 findings in 0.00s (5624 events/s)
[AI-Integration] Submitted task: 68996770
[AI] 68996770 queued for DeepSeek analysis
[CgroupManager] Removed cgroup 82222 via bpftool
[POOL] Cleanup scheduled for 50702b6a7b63
[DockerWorker-4] ✓ Completed: 7416ef818bf5b350c95c4a3000f08433690189a43dcfeeec0a52af5d47fffd4d (6 events) (1.14s)
[DockerWorker-4] Starting: b2998a81bdedbeb6a02400436311de8f3b77f00d418457364bb445e2707c55ab (3_32bit)
[ANALYSISLOG] b2998a81bdedbeb6a02400436311de8f3b77f00d418457364bb445e2707c55ab -> ../ELF_samples/benign_report/x86-i686/raw/b2998a81bdedbeb6a02400436311de8f3b77f00d418457364bb445e2707c55ab_2026-01-31_16-14-52_bb98c50d.jsonl
[DOCKER] Selected image for libc=glibc: custom/i386-qemu
[POOL] Collected 7 events for analysis (read from log file)
[POOL] Running analyzers on 7 events for 16cc48d3456f2458fea63cf4c3b0fb4b2b00474cd7774299b13b361909c5b11c
[POOL] Analysis completed: 0 findings in 0.00s (6508 events/s)
[AI-Integration] Submitted task: 1e6e75a9
[AI] 1e6e75a9 queued for DeepSeek analysis
[POOL] Collected 6 events for analysis (read from log file)
[POOL] Running analyzers on 6 events for 30b36fd654fc5e63b60ac8feda560ca9f4aa5156bdc0a23f379db5f515a2737d
[POOL] Analysis completed: 0 findings in 0.00s (5551 events/s)
[AI-Integration] Submitted task: 1811b563
[AI] 1811b563 queued for DeepSeek analysis
[CgroupManager] Removed cgroup 82308 via bpftool
[POOL] Cleanup scheduled for 868c9ced0561
[DockerWorker-2] ✓ Completed: 16cc48d3456f2458fea63cf4c3b0fb4b2b00474cd7774299b13b361909c5b11c (7 events) (1.19s)
[DockerWorker-2] Starting: 13b86e01f5cc7554a419f98516e96114609af62c4a77c01268cc210593b7bb71 (3_32bit)
[ANALYSISLOG] 13b86e01f5cc7554a419f98516e96114609af62c4a77c01268cc210593b7bb71 -> ../ELF_samples/benign_report/x86-i686/raw/13b86e01f5cc7554a419f98516e96114609af62c4a77c01268cc210593b7bb71_2026-01-31_16-14-52_0ee09ed7.jsonl
[DOCKER] Selected image for libc=glibc: custom/i386-qemu
[CgroupManager] Removed cgroup 82394 via bpftool
[POOL] Cleanup scheduled for f879a6cc52a2
[DockerWorker-5] ✓ Completed: 30b36fd654fc5e63b60ac8feda560ca9f4aa5156bdc0a23f379db5f515a2737d (6 events) (1.15s)
[DockerWorker-5] Starting: 6ec29814b3d1366cb1a89110148e20976aa7f93d3e2def887d35c77d24b5f19d (3_32bit)
[ANALYSISLOG] 6ec29814b3d1366cb1a89110148e20976aa7f93d3e2def887d35c77d24b5f19d -> ../ELF_samples/benign_report/x86-i686/raw/6ec29814b3d1366cb1a89110148e20976aa7f93d3e2def887d35c77d24b5f19d_2026-01-31_16-14-52_9f09636c.jsonl
[DOCKER] Selected image for libc=glibc: custom/i386-qemu
[CgroupManager] Added cgroup 82480 via bpftool
[EventRouter] DEBUG: EXEC #33 filename='/bin/true', triggers=['1f85c0a72596ec67c1e9417a4745e7c8a296a17df16eb51229c3931e95f6c024', '/tmp/1f85c0a72596ec67c1e9417a4745e7c8a296a17df16eb51229c3931e95f6c024']
[CgroupManager] Added cgroup 82566 via bpftool
[EventRouter] DEBUG: EXEC #33 filename='/bin/true', triggers=['b2998a81bdedbeb6a02400436311de8f3b77f00d418457364bb445e2707c55ab', '/tmp/b2998a81bdedbeb6a02400436311de8f3b77f00d418457364bb445e2707c55ab']
[CgroupManager] Added cgroup 82652 via bpftool
[CgroupManager] Added cgroup 82738 via bpftool
[EventRouter] DEBUG: EXEC #49 filename='/bin/true', triggers=['6ec29814b3d1366cb1a89110148e20976aa7f93d3e2def887d35c77d24b5f19d', '/tmp/6ec29814b3d1366cb1a89110148e20976aa7f93d3e2def887d35c77d24b5f19d']
[EventRouter] ARM detected at event 133 for cgroup 82480
[EventRouter] Discarded 132 pre-ARM events for cgroup 82480
[DOCKER] Container exit code: 0
[DOCKER][STDOUT] BEGIN
none: prio 0
[DOCKER][STDOUT] END
[DOCKER] Raw stdout saved: ../ELF_samples/benign_report/x86-i686/raw/1f85c0a72596ec67c1e9417a4745e7c8a296a17df16eb51229c3931e95f6c024_2026-01-31_16-14-52_90607252_container_stdout.txt
[EventRouter] ARM detected at event 131 for cgroup 82566
[EventRouter] Discarded 130 pre-ARM events for cgroup 82566
[DOCKER] Container exit code: 0
[EventRouter] ARM detected at event 148 for cgroup 82652
[EventRouter] Discarded 147 pre-ARM events for cgroup 82652
[DOCKER] Container exit code: 0
[EventRouter] ARM detected at event 149 for cgroup 82738
[EventRouter] Discarded 148 pre-ARM events for cgroup 82738
[DOCKER] Container exit code: 2
[DOCKER][STDOUT] BEGIN
No interface specified
usage: /tmp/6ec29814b3d1366cb1a89110148e20976aa7f93d3e2def887d35c77d24b5f19d [-VvRrwl] [-A media,... | -F media] [-p addr] <interface ...>
       -V, --version               display version information
       -v, --verbose               more verbose output
       -R, --reset                 reset MII to poweron state
       -r, --restart               restart autonegotiation
       -w, --watch                 monitor for link status changes
       -l, --log                   with -w, write events to syslog
       -A, --advertise=media,...   advertise only specified media
       -F, --force=media           force specified media technology
       -p, --phy=addr              set PHY (MII address) to report
media: 1000baseTx-HD, 1000baseTx-FD,
       100baseT4, 100baseTx-FD, 100baseTx-HD,
       10baseT-FD, 10baseT-HD,
       (to advertise both HD and FD) 1000baseTx, 100baseTx, 10baseT
[DOCKER][STDOUT] END
[DOCKER] Raw stdout saved: ../ELF_samples/benign_report/x86-i686/raw/6ec29814b3d1366cb1a89110148e20976aa7f93d3e2def887d35c77d24b5f19d_2026-01-31_16-14-52_9f09636c_container_stdout.txt
[POOL] Collected 7 events for analysis (read from log file)
[POOL] Running analyzers on 7 events for 1f85c0a72596ec67c1e9417a4745e7c8a296a17df16eb51229c3931e95f6c024
[POOL] Analysis completed: 0 findings in 0.00s (6102 events/s)
[AI-Integration] Submitted task: 90607252
[AI] 90607252 queued for DeepSeek analysis
[CgroupManager] Removed cgroup 82480 via bpftool
[POOL] Cleanup scheduled for b485327c042c
[DockerWorker-0] ✓ Completed: 1f85c0a72596ec67c1e9417a4745e7c8a296a17df16eb51229c3931e95f6c024 (7 events) (1.06s)
[DockerWorker-0] Starting: e2fb676a539123f73278cf014e401636a402b74cebbc3f304f8019e407ea3737 (3_32bit)
[ANALYSISLOG] e2fb676a539123f73278cf014e401636a402b74cebbc3f304f8019e407ea3737 -> ../ELF_samples/benign_report/x86-i686/raw/e2fb676a539123f73278cf014e401636a402b74cebbc3f304f8019e407ea3737_2026-01-31_16-14-53_209a6c18.jsonl
[DOCKER] Selected image for libc=glibc: custom/i386-qemu
[POOL] Collected 10 events for analysis (read from log file)
[POOL] Running analyzers on 10 events for b2998a81bdedbeb6a02400436311de8f3b77f00d418457364bb445e2707c55ab
[POOL] Analysis completed: 0 findings in 0.00s (9503 events/s)
[AI-Integration] Submitted task: bb98c50d
[AI] bb98c50d queued for DeepSeek analysis
[CgroupManager] Removed cgroup 82566 via bpftool
[POOL] Cleanup scheduled for 5c012bdd5e8c
[DockerWorker-4] ✓ Completed: b2998a81bdedbeb6a02400436311de8f3b77f00d418457364bb445e2707c55ab (10 events) (1.08s)
[DockerWorker-4] Starting: b1f37557c485e32d3910f94425a4368c0ea0c18cddfe413ea5189d5df7686beb (3_32bit)
[ANALYSISLOG] b1f37557c485e32d3910f94425a4368c0ea0c18cddfe413ea5189d5df7686beb -> ../ELF_samples/benign_report/x86-i686/raw/b1f37557c485e32d3910f94425a4368c0ea0c18cddfe413ea5189d5df7686beb_2026-01-31_16-14-53_133e467a.jsonl
[DOCKER] Selected image for libc=glibc: custom/i386-qemu
[POOL] Collected 7 events for analysis (read from log file)
[POOL] Running analyzers on 7 events for 13b86e01f5cc7554a419f98516e96114609af62c4a77c01268cc210593b7bb71
[POOL] Analysis completed: 0 findings in 0.00s (6645 events/s)
[AI-Integration] Submitted task: 0ee09ed7
[AI] 0ee09ed7 queued for DeepSeek analysis
[CgroupManager] Removed cgroup 82652 via bpftool
[POOL] Cleanup scheduled for a6127d0d8e94
[DockerWorker-2] ✓ Completed: 13b86e01f5cc7554a419f98516e96114609af62c4a77c01268cc210593b7bb71 (7 events) (1.12s)
[DockerWorker-2] Starting: 9560bf829e2ca5e4db0367857f25c89a289b0384e83673a2ccd8fb3f2b9a0dd7 (3_32bit)
[ANALYSISLOG] 9560bf829e2ca5e4db0367857f25c89a289b0384e83673a2ccd8fb3f2b9a0dd7 -> ../ELF_samples/benign_report/x86-i686/raw/9560bf829e2ca5e4db0367857f25c89a289b0384e83673a2ccd8fb3f2b9a0dd7_2026-01-31_16-14-53_1837fd24.jsonl
[DOCKER] Selected image for libc=glibc: custom/i386-qemu
[POOL] Collected 7 events for analysis (read from log file)
[POOL] Running analyzers on 7 events for 6ec29814b3d1366cb1a89110148e20976aa7f93d3e2def887d35c77d24b5f19d
[POOL] Analysis completed: 0 findings in 0.00s (6522 events/s)
[AI-Integration] Submitted task: 9f09636c
[AI] 9f09636c queued for DeepSeek analysis
[AI-Integration] Job 522a93f2 analyzed via deepseek
[CgroupManager] Removed cgroup 82738 via bpftool
[POOL] Cleanup scheduled for 8a8bca4a60b2
[DockerWorker-5] ✓ Completed: 6ec29814b3d1366cb1a89110148e20976aa7f93d3e2def887d35c77d24b5f19d (7 events) (1.12s)
[DockerWorker-5] Starting: 6bb191d9e718d577c8544dd2f33e2b84aeba0546b14df0ec7ac8bb6d2c924ff2 (3_32bit)
[ANALYSISLOG] 6bb191d9e718d577c8544dd2f33e2b84aeba0546b14df0ec7ac8bb6d2c924ff2 -> ../ELF_samples/benign_report/x86-i686/raw/6bb191d9e718d577c8544dd2f33e2b84aeba0546b14df0ec7ac8bb6d2c924ff2_2026-01-31_16-14-53_8653aca4.jsonl
[DOCKER] Selected image for libc=glibc: custom/i386-qemu
[CgroupManager] Added cgroup 82824 via bpftool
[EventRouter] DEBUG: EXEC #34 filename='/bin/true', triggers=['e2fb676a539123f73278cf014e401636a402b74cebbc3f304f8019e407ea3737', '/tmp/e2fb676a539123f73278cf014e401636a402b74cebbc3f304f8019e407ea3737']
[CgroupManager] Added cgroup 82910 via bpftool
[EventRouter] DEBUG: EXEC #33 filename='/bin/true', triggers=['b1f37557c485e32d3910f94425a4368c0ea0c18cddfe413ea5189d5df7686beb', '/tmp/b1f37557c485e32d3910f94425a4368c0ea0c18cddfe413ea5189d5df7686beb']
[EventRouter] ARM detected at event 131 for cgroup 82824
[EventRouter] Discarded 130 pre-ARM events for cgroup 82824
[CgroupManager] Added cgroup 82996 via bpftool
[CgroupManager] Added cgroup 83082 via bpftool
[EventRouter] DEBUG: EXEC #50 filename='/bin/true', triggers=['9560bf829e2ca5e4db0367857f25c89a289b0384e83673a2ccd8fb3f2b9a0dd7', '/tmp/9560bf829e2ca5e4db0367857f25c89a289b0384e83673a2ccd8fb3f2b9a0dd7']
[EventRouter] DEBUG: EXEC #34 filename='/bin/true', triggers=['6bb191d9e718d577c8544dd2f33e2b84aeba0546b14df0ec7ac8bb6d2c924ff2', '/tmp/6bb191d9e718d577c8544dd2f33e2b84aeba0546b14df0ec7ac8bb6d2c924ff2']
[EventRouter] ARM detected at event 132 for cgroup 82910
[EventRouter] Discarded 131 pre-ARM events for cgroup 82910
[DOCKER] Container exit code: 0
[DOCKER] Container exit code: 0
[EventRouter] ARM detected at event 147 for cgroup 82996
[EventRouter] Discarded 146 pre-ARM events for cgroup 82996
[DOCKER] Container exit code: 0
[DOCKER][STDOUT] BEGIN
"Md@\xa7    ]\xcc
[DOCKER][STDOUT] END
[DOCKER] Raw stdout saved: ../ELF_samples/benign_report/x86-i686/raw/9560bf829e2ca5e4db0367857f25c89a289b0384e83673a2ccd8fb3f2b9a0dd7_2026-01-31_16-14-53_1837fd24_container_stdout.txt
[EventRouter] ARM detected at event 131 for cgroup 83082
[EventRouter] Discarded 130 pre-ARM events for cgroup 83082
[DOCKER] Container exit code: 1
[DOCKER][STDOUT] BEGIN
6bb191d9e718d577c8544dd2f33e2b84aeba0546b14df0ec7ac8bb6d2c924ff2: eth1: No such device
[DOCKER][STDOUT] END
[DOCKER] Raw stdout saved: ../ELF_samples/benign_report/x86-i686/raw/6bb191d9e718d577c8544dd2f33e2b84aeba0546b14df0ec7ac8bb6d2c924ff2_2026-01-31_16-14-53_8653aca4_container_stdout.txt
[AI-Integration] Job 6608cda7 analyzed via deepseek
[POOL] Collected 7 events for analysis (read from log file)
[POOL] Running analyzers on 7 events for b1f37557c485e32d3910f94425a4368c0ea0c18cddfe413ea5189d5df7686beb
[POOL] Analysis completed: 0 findings in 0.00s (6561 events/s)
[AI-Integration] Submitted task: 133e467a
[AI] 133e467a queued for DeepSeek analysis
[POOL] Collected 8 events for analysis (read from log file)
[POOL] Running analyzers on 8 events for e2fb676a539123f73278cf014e401636a402b74cebbc3f304f8019e407ea3737
[POOL] Analysis completed: 0 findings in 0.00s (7711 events/s)
[AI-Integration] Submitted task: 209a6c18
[AI] 209a6c18 queued for DeepSeek analysis
[CgroupManager] Removed cgroup 82910 via bpftool
[POOL] Cleanup scheduled for dcafa1c17984
[DockerWorker-4] ✓ Completed: b1f37557c485e32d3910f94425a4368c0ea0c18cddfe413ea5189d5df7686beb (7 events) (1.06s)
[DockerWorker-4] Starting: 88f3d82d013f14ee0ac6c97f30da5f5296a793e69a694ab146f25d94fafa6bbd (3_32bit)
[ANALYSISLOG] 88f3d82d013f14ee0ac6c97f30da5f5296a793e69a694ab146f25d94fafa6bbd -> ../ELF_samples/benign_report/x86-i686/raw/88f3d82d013f14ee0ac6c97f30da5f5296a793e69a694ab146f25d94fafa6bbd_2026-01-31_16-14-54_7e36ad93.jsonl
[DOCKER] Selected image for libc=glibc: custom/i386-qemu
[CgroupManager] Removed cgroup 82824 via bpftool
[POOL] Cleanup scheduled for 5d6e1fb31c0a
[DockerWorker-0] ✓ Completed: e2fb676a539123f73278cf014e401636a402b74cebbc3f304f8019e407ea3737 (8 events) (1.12s)
[DockerWorker-0] Starting: 68be0813e61c9927f971f89732db4001f115a6ef7c986411fb8ca994ff5b4ae1 (3_32bit)
[ANALYSISLOG] 68be0813e61c9927f971f89732db4001f115a6ef7c986411fb8ca994ff5b4ae1 -> ../ELF_samples/benign_report/x86-i686/raw/68be0813e61c9927f971f89732db4001f115a6ef7c986411fb8ca994ff5b4ae1_2026-01-31_16-14-54_62f1fa12.jsonl
[DOCKER] Selected image for libc=glibc: custom/i386-qemu
[POOL] Collected 7 events for analysis (read from log file)
[POOL] Running analyzers on 7 events for 9560bf829e2ca5e4db0367857f25c89a289b0384e83673a2ccd8fb3f2b9a0dd7
[POOL] Analysis completed: 0 findings in 0.00s (6531 events/s)
[AI-Integration] Submitted task: 1837fd24
[AI] 1837fd24 queued for DeepSeek analysis
[CgroupManager] Removed cgroup 82996 via bpftool
[POOL] Cleanup scheduled for 8b28b7f78da3
[DockerWorker-2] ✓ Completed: 9560bf829e2ca5e4db0367857f25c89a289b0384e83673a2ccd8fb3f2b9a0dd7 (7 events) (1.08s)
[DockerWorker-2] Starting: f2950a954503af10101d6ee28eb76f83e898be5d4f37bab6fd61ec96752b1ce9 (3_32bit)
[ANALYSISLOG] f2950a954503af10101d6ee28eb76f83e898be5d4f37bab6fd61ec96752b1ce9 -> ../ELF_samples/benign_report/x86-i686/raw/f2950a954503af10101d6ee28eb76f83e898be5d4f37bab6fd61ec96752b1ce9_2026-01-31_16-14-54_0adef854.jsonl
[DOCKER] Selected image for libc=glibc: custom/i386-qemu
[POOL] Collected 8 events for analysis (read from log file)
[POOL] Running analyzers on 8 events for 6bb191d9e718d577c8544dd2f33e2b84aeba0546b14df0ec7ac8bb6d2c924ff2
[POOL] Analysis completed: 0 findings in 0.00s (7589 events/s)
[AI-Integration] Submitted task: 8653aca4
[AI] 8653aca4 queued for DeepSeek analysis
[CgroupManager] Removed cgroup 83082 via bpftool
[POOL] Cleanup scheduled for af0543ff5cd0
[DockerWorker-5] ✓ Completed: 6bb191d9e718d577c8544dd2f33e2b84aeba0546b14df0ec7ac8bb6d2c924ff2 (8 events) (1.09s)
[DockerWorker-5] Starting: 4322327c69ec6f1bc4320540f93c51e5e631eb2722f635892beeae52d478aa7f (3_32bit)
[ANALYSISLOG] 4322327c69ec6f1bc4320540f93c51e5e631eb2722f635892beeae52d478aa7f -> ../ELF_samples/benign_report/x86-i686/raw/4322327c69ec6f1bc4320540f93c51e5e631eb2722f635892beeae52d478aa7f_2026-01-31_16-14-54_aab1d75a.jsonl
[DOCKER] Selected image for libc=glibc: custom/i386-qemu
[AI-Integration] Job 424bf68e analyzed via deepseek
[CgroupManager] Added cgroup 83254 via bpftool
[CgroupManager] Added cgroup 83168 via bpftool
[EventRouter] DEBUG: EXEC #33 filename='/bin/true', triggers=['68be0813e61c9927f971f89732db4001f115a6ef7c986411fb8ca994ff5b4ae1', '/tmp/68be0813e61c9927f971f89732db4001f115a6ef7c986411fb8ca994ff5b4ae1']
[EventRouter] DEBUG: EXEC #33 filename='/bin/true', triggers=['88f3d82d013f14ee0ac6c97f30da5f5296a793e69a694ab146f25d94fafa6bbd', '/tmp/88f3d82d013f14ee0ac6c97f30da5f5296a793e69a694ab146f25d94fafa6bbd']
[CgroupManager] Added cgroup 83340 via bpftool
[EventRouter] DEBUG: EXEC #33 filename='/bin/true', triggers=['f2950a954503af10101d6ee28eb76f83e898be5d4f37bab6fd61ec96752b1ce9', '/tmp/f2950a954503af10101d6ee28eb76f83e898be5d4f37bab6fd61ec96752b1ce9']
[CgroupManager] Added cgroup 83426 via bpftool
[EventRouter] DEBUG: EXEC #34 filename='/bin/true', triggers=['4322327c69ec6f1bc4320540f93c51e5e631eb2722f635892beeae52d478aa7f', '/tmp/4322327c69ec6f1bc4320540f93c51e5e631eb2722f635892beeae52d478aa7f']
[EventRouter] ARM detected at event 131 for cgroup 83168
[EventRouter] Discarded 130 pre-ARM events for cgroup 83168
[DOCKER] Container exit code: 1
[DOCKER][STDOUT] BEGIN
e4defrag 1.44.5 (15-Dec-2018)
Usage	: e4defrag [-v] file...| directory...| device...
	: e4defrag  -c  file...| directory...| device...
[DOCKER][STDOUT] END
[DOCKER] Raw stdout saved: ../ELF_samples/benign_report/x86-i686/raw/88f3d82d013f14ee0ac6c97f30da5f5296a793e69a694ab146f25d94fafa6bbd_2026-01-31_16-14-54_7e36ad93_container_stdout.txt
[EventRouter] ARM detected at event 131 for cgroup 83254
[EventRouter] Discarded 130 pre-ARM events for cgroup 83254
[EventRouter] ARM detected at event 134 for cgroup 83340
[EventRouter] Discarded 133 pre-ARM events for cgroup 83340
[DOCKER] Container exit code: 1
[DOCKER][STDOUT] BEGIN
68be0813e61c9927f971f89732db4001f115a6ef7c986411fb8ca994ff5b4ae1: eth1: No such device
[DOCKER][STDOUT] END
[DOCKER] Raw stdout saved: ../ELF_samples/benign_report/x86-i686/raw/68be0813e61c9927f971f89732db4001f115a6ef7c986411fb8ca994ff5b4ae1_2026-01-31_16-14-54_62f1fa12_container_stdout.txt
[DOCKER] Container exit code: 1
[DOCKER][STDOUT] BEGIN
f2950a954503af10101d6ee28eb76f83e898be5d4f37bab6fd61ec96752b1ce9: eth1: No such device
[DOCKER][STDOUT] END
[DOCKER] Raw stdout saved: ../ELF_samples/benign_report/x86-i686/raw/f2950a954503af10101d6ee28eb76f83e898be5d4f37bab6fd61ec96752b1ce9_2026-01-31_16-14-54_0adef854_container_stdout.txt
[EventRouter] ARM detected at event 131 for cgroup 83426
[EventRouter] Discarded 130 pre-ARM events for cgroup 83426
[DOCKER] Container exit code: 0
[DOCKER][STDOUT] BEGIN
UnZip 6.00 of 20 April 2009, by Info-ZIP.  Maintained by C. Spieler.  Send
bug reports using http://www.info-zip.org/zip-bug.html; see README for details.

Usage: unzip [-Z] [-opts[modifiers]] file[.zip] [list] [-x xlist] [-d exdir]
  Default action is to extract files in list, except those in xlist, to exdir;
  file[.zip] may be a wildcard.  -Z => ZipInfo mode ("unzip -Z" for usage).

  -p  extract files to pipe, no messages     -l  list files (short format)
  -f  freshen existing files, create none    -t  test compressed archive data
  -u  update files, create if necessary      -z  display archive comment only
  -v  list verbosely/show version info       -T  timestamp archive to latest
  -x  exclude files that follow (in xlist)   -d  extract files into exdir
modifiers:
  -n  never overwrite existing files         -q  quiet mode (-qq => quieter)
  -o  overwrite files WITHOUT prompting      -a  auto-convert any text files
  -j  junk paths (do not make directories)   -aa treat ALL files as text
  -C  match filenames case-insensitively     -L  make (some) names lowercase
  -X  restore UID/GID info                   -V  retain VMS version numbers
  -K  keep setuid/setgid/tacky permissions   -M  pipe through "more" pager
See "unzip -hh" or unzip.txt for more help.  Examples:
  unzip data1 -x joe   => extract all files except joe from zipfile data1.zip
  unzip -p foo | more  => send contents of foo.zip via pipe into program more
  unzip -fo foo ReadMe => quietly replace existing ReadMe if archive file newer
[DOCKER][STDOUT] END
[DOCKER] Raw stdout saved: ../ELF_samples/benign_report/x86-i686/raw/4322327c69ec6f1bc4320540f93c51e5e631eb2722f635892beeae52d478aa7f_2026-01-31_16-14-54_aab1d75a_container_stdout.txt
[AI-Integration] Job 34b2aae6 analyzed via deepseek
[POOL] Collected 7 events for analysis (read from log file)
[POOL] Running analyzers on 7 events for 88f3d82d013f14ee0ac6c97f30da5f5296a793e69a694ab146f25d94fafa6bbd
[POOL] Analysis completed: 0 findings in 0.00s (6463 events/s)
[AI-Integration] Submitted task: 7e36ad93
[AI] 7e36ad93 queued for DeepSeek analysis
[CgroupManager] Removed cgroup 83168 via bpftool
[POOL] Cleanup scheduled for 687c7cceda97
[DockerWorker-4] ✓ Completed: 88f3d82d013f14ee0ac6c97f30da5f5296a793e69a694ab146f25d94fafa6bbd (7 events) (1.13s)
[DockerWorker-4] Starting: d76e336c865ea93e8e0a7d56ca9cdcc10f0a6daaf20ee7f7a6dba8afaa4b88d4 (3_32bit)
[ANALYSISLOG] d76e336c865ea93e8e0a7d56ca9cdcc10f0a6daaf20ee7f7a6dba8afaa4b88d4 -> ../ELF_samples/benign_report/x86-i686/raw/d76e336c865ea93e8e0a7d56ca9cdcc10f0a6daaf20ee7f7a6dba8afaa4b88d4_2026-01-31_16-14-55_0b38267d.jsonl
[DOCKER] Selected image for libc=glibc: custom/i386-qemu
[POOL] Collected 10 events for analysis (read from log file)
[POOL] Running analyzers on 10 events for 68be0813e61c9927f971f89732db4001f115a6ef7c986411fb8ca994ff5b4ae1
[POOL] Analysis completed: 0 findings in 0.00s (8809 events/s)
[AI-Integration] Submitted task: 62f1fa12
[AI] 62f1fa12 queued for DeepSeek analysis
[POOL] Collected 7 events for analysis (read from log file)
[POOL] Running analyzers on 7 events for f2950a954503af10101d6ee28eb76f83e898be5d4f37bab6fd61ec96752b1ce9
[POOL] Analysis completed: 0 findings in 0.00s (6666 events/s)
[AI-Integration] Submitted task: 0adef854
[AI] 0adef854 queued for DeepSeek analysis
[CgroupManager] Removed cgroup 83254 via bpftool
[POOL] Cleanup scheduled for c09f67ee5778
[DockerWorker-0] ✓ Completed: 68be0813e61c9927f971f89732db4001f115a6ef7c986411fb8ca994ff5b4ae1 (10 events) (1.23s)
[DockerWorker-0] Starting: 32e6cebedbe21743f773949dfe074b26cd0d069a6aa4bc8655043f24574e6a76 (3_32bit)
[ANALYSISLOG] 32e6cebedbe21743f773949dfe074b26cd0d069a6aa4bc8655043f24574e6a76 -> ../ELF_samples/benign_report/x86-i686/raw/32e6cebedbe21743f773949dfe074b26cd0d069a6aa4bc8655043f24574e6a76_2026-01-31_16-14-55_b1e0e80d.jsonl
[DOCKER] Selected image for libc=glibc: custom/i386-qemu
[CgroupManager] Removed cgroup 83340 via bpftool
[POOL] Cleanup scheduled for 4ef35ff05aa7
[DockerWorker-2] ✓ Completed: f2950a954503af10101d6ee28eb76f83e898be5d4f37bab6fd61ec96752b1ce9 (7 events) (1.07s)
[DockerWorker-2] Starting: 7aae04b907e86588d3320c519c559107223f11cd55bd8b8da4853dffca5051a1 (3_32bit)
[ANALYSISLOG] 7aae04b907e86588d3320c519c559107223f11cd55bd8b8da4853dffca5051a1 -> ../ELF_samples/benign_report/x86-i686/raw/7aae04b907e86588d3320c519c559107223f11cd55bd8b8da4853dffca5051a1_2026-01-31_16-14-55_ec2acebe.jsonl
[DOCKER] Selected image for libc=glibc: custom/i386-qemu
[POOL] Collected 12 events for analysis (read from log file)
[POOL] Running analyzers on 12 events for 4322327c69ec6f1bc4320540f93c51e5e631eb2722f635892beeae52d478aa7f
[POOL] Analysis completed: 0 findings in 0.00s (11259 events/s)
[AI-Integration] Submitted task: aab1d75a
[AI] aab1d75a queued for DeepSeek analysis
[CgroupManager] Removed cgroup 83426 via bpftool
[POOL] Cleanup scheduled for 5ffc19f42039
[DockerWorker-5] ✓ Completed: 4322327c69ec6f1bc4320540f93c51e5e631eb2722f635892beeae52d478aa7f (12 events) (1.07s)
[DockerWorker-5] Starting: 36afac886903647cdbea8c98bfe33eb4f3b0e1a832b471139376c9735f08ea73 (3_32bit)
[ANALYSISLOG] 36afac886903647cdbea8c98bfe33eb4f3b0e1a832b471139376c9735f08ea73 -> ../ELF_samples/benign_report/x86-i686/raw/36afac886903647cdbea8c98bfe33eb4f3b0e1a832b471139376c9735f08ea73_2026-01-31_16-14-55_7bfb6d9a.jsonl
[DOCKER] Selected image for libc=glibc: custom/i386-qemu
[CgroupManager] Added cgroup 83512 via bpftool
[EventRouter] DEBUG: EXEC #33 filename='/bin/true', triggers=['d76e336c865ea93e8e0a7d56ca9cdcc10f0a6daaf20ee7f7a6dba8afaa4b88d4', '/tmp/d76e336c865ea93e8e0a7d56ca9cdcc10f0a6daaf20ee7f7a6dba8afaa4b88d4']
[CgroupManager] Added cgroup 83598 via bpftool
[EventRouter] DEBUG: EXEC #33 filename='/bin/true', triggers=['32e6cebedbe21743f773949dfe074b26cd0d069a6aa4bc8655043f24574e6a76', '/tmp/32e6cebedbe21743f773949dfe074b26cd0d069a6aa4bc8655043f24574e6a76']
[CgroupManager] Added cgroup 83684 via bpftool
[CgroupManager] Added cgroup 83770 via bpftool
[EventRouter] DEBUG: EXEC #34 filename='/bin/true', triggers=['7aae04b907e86588d3320c519c559107223f11cd55bd8b8da4853dffca5051a1', '/tmp/7aae04b907e86588d3320c519c559107223f11cd55bd8b8da4853dffca5051a1']
[EventRouter] DEBUG: EXEC #50 filename='/bin/true', triggers=['36afac886903647cdbea8c98bfe33eb4f3b0e1a832b471139376c9735f08ea73', '/tmp/36afac886903647cdbea8c98bfe33eb4f3b0e1a832b471139376c9735f08ea73']
[EventRouter] ARM detected at event 131 for cgroup 83512
[EventRouter] Discarded 130 pre-ARM events for cgroup 83512
[DOCKER] Container exit code: 1
[DOCKER][STDOUT] BEGIN
d76e336c865ea93e8e0a7d56ca9cdcc10f0a6daaf20ee7f7a6dba8afaa4b88d4: Command line arguments required
tcpcapinfo (Tcpreplay Suite) - Pcap file dissector for debugging broken pcap files
Usage:  d76e336c865ea93e8e0a7d56ca9cdcc10f0a6daaf20ee7f7a6dba8afaa4b88d4 [ -<flag> [<val>] | --<name>[{=| }<val>] ]... <pcap_file(s)>

   -V, --version              Print version information
   -H, --help                 display extended usage information and exit
   -!, --more-help            extended usage information passed thru pager

Options are specified by doubled hyphens and their name or by a single
hyphen and the flag character.
tcpcapinfo is a tool for decoding the structure of a pcap(3) file with a
focus on finding broken pcap files and determining how two related pcap
files might differ.

Please send bug reports to:  <tcpreplay-users@lists.sourceforge.net>
[DOCKER][STDOUT] END
[DOCKER] Raw stdout saved: ../ELF_samples/benign_report/x86-i686/raw/d76e336c865ea93e8e0a7d56ca9cdcc10f0a6daaf20ee7f7a6dba8afaa4b88d4_2026-01-31_16-14-55_0b38267d_container_stdout.txt
[EventRouter] ARM detected at event 134 for cgroup 83598
[EventRouter] Discarded 133 pre-ARM events for cgroup 83598
[EventRouter] ARM detected at event 130 for cgroup 83684
[EventRouter] Discarded 129 pre-ARM events for cgroup 83684
[DOCKER] Container exit code: 0
[AI-Integration] Job fbf5aaad analyzed via deepseek
[DOCKER] Container exit code: 1
[DOCKER][STDOUT] BEGIN
32e6cebedbe21743f773949dfe074b26cd0d069a6aa4bc8655043f24574e6a76: cannot open /dev/sda: No such file or directory
[DOCKER][STDOUT] END
[DOCKER] Raw stdout saved: ../ELF_samples/benign_report/x86-i686/raw/32e6cebedbe21743f773949dfe074b26cd0d069a6aa4bc8655043f24574e6a76_2026-01-31_16-14-55_b1e0e80d_container_stdout.txt
[EventRouter] ARM detected at event 150 for cgroup 83770
[EventRouter] Discarded 149 pre-ARM events for cgroup 83770
[DOCKER] Container exit code: 1
[DOCKER][STDOUT] BEGIN
36afac886903647cdbea8c98bfe33eb4f3b0e1a832b471139376c9735f08ea73: eth1: No such device
[DOCKER][STDOUT] END
[DOCKER] Raw stdout saved: ../ELF_samples/benign_report/x86-i686/raw/36afac886903647cdbea8c98bfe33eb4f3b0e1a832b471139376c9735f08ea73_2026-01-31_16-14-55_7bfb6d9a_container_stdout.txt
[POOL] Execution timed out for f58dbb187342e33019331c76cbd338723de5c2e921659a82dcbf3a1414a29ed5 after 15s
[POOL] Killing container 7b5ec1cb0f69...
[POOL] Collected 19 events for analysis (read from log file)
[POOL] Running analyzers on 19 events for d76e336c865ea93e8e0a7d56ca9cdcc10f0a6daaf20ee7f7a6dba8afaa4b88d4
[POOL] Analysis completed: 0 findings in 0.00s (17513 events/s)
[AI-Integration] Submitted task: 0b38267d
[AI] 0b38267d queued for DeepSeek analysis
[CgroupManager] Removed cgroup 83512 via bpftool
[POOL] Cleanup scheduled for 48221de5f478
[DockerWorker-4] ✓ Completed: d76e336c865ea93e8e0a7d56ca9cdcc10f0a6daaf20ee7f7a6dba8afaa4b88d4 (19 events) (1.13s)
[DockerWorker-4] Starting: 6926a1673a21fc33675dd41b6e9ea458d7cf04b842cfcf6fc4108712daf9513e (3_32bit)
[ANALYSISLOG] 6926a1673a21fc33675dd41b6e9ea458d7cf04b842cfcf6fc4108712daf9513e -> ../ELF_samples/benign_report/x86-i686/raw/6926a1673a21fc33675dd41b6e9ea458d7cf04b842cfcf6fc4108712daf9513e_2026-01-31_16-14-56_53575534.jsonl
[DOCKER] Selected image for libc=glibc: custom/i386-qemu
[POOL] Collected 7 events for analysis (read from log file)
[POOL] Running analyzers on 7 events for 7aae04b907e86588d3320c519c559107223f11cd55bd8b8da4853dffca5051a1
[POOL] Analysis completed: 0 findings in 0.00s (6210 events/s)
[AI-Integration] Submitted task: ec2acebe
[AI] ec2acebe queued for DeepSeek analysis
[POOL] Collected 8 events for analysis (read from log file)
[POOL] Running analyzers on 8 events for 32e6cebedbe21743f773949dfe074b26cd0d069a6aa4bc8655043f24574e6a76
[POOL] Analysis completed: 0 findings in 0.00s (7627 events/s)
[CgroupManager] Removed cgroup 83684 via bpftool
[POOL] Container killed successfully
[DOCKER] Container exit code: -1
[POOL] Execution timed out - stopping BPF monitoring for cgroup 78696
[POOL] Cleanup scheduled for b8c6b1572e56
[DockerWorker-2] ✓ Completed: 7aae04b907e86588d3320c519c559107223f11cd55bd8b8da4853dffca5051a1 (7 events) (1.11s)
[DockerWorker-2] Starting: 0753e91f2ffeab8101e97f91e370c108c644289c00608bc396fa6169b621466d (3_32bit)
[ANALYSISLOG] 0753e91f2ffeab8101e97f91e370c108c644289c00608bc396fa6169b621466d -> ../ELF_samples/benign_report/x86-i686/raw/0753e91f2ffeab8101e97f91e370c108c644289c00608bc396fa6169b621466d_2026-01-31_16-14-56_47bb9fe3.jsonl
[DOCKER] Selected image for libc=glibc: custom/i386-qemu
[AI-Integration] Submitted task: b1e0e80d
[AI] b1e0e80d queued for DeepSeek analysis
[CgroupManager] Removed cgroup 83598 via bpftool
[POOL] Cleanup scheduled for afa2ff8e394c
[DockerWorker-0] ✓ Completed: 32e6cebedbe21743f773949dfe074b26cd0d069a6aa4bc8655043f24574e6a76 (8 events) (1.13s)
[DockerWorker-0] Starting: b596cef65dd95a90fdfc07b89c2bb9985a92803542b2183208bc546f134df812 (3_32bit)
[ANALYSISLOG] b596cef65dd95a90fdfc07b89c2bb9985a92803542b2183208bc546f134df812 -> ../ELF_samples/benign_report/x86-i686/raw/b596cef65dd95a90fdfc07b89c2bb9985a92803542b2183208bc546f134df812_2026-01-31_16-14-56_18335261.jsonl
[DOCKER] Selected image for libc=glibc: custom/i386-qemu
[CgroupManager] Removed cgroup 78696 via bpftool
[POOL] Collected 7 events for analysis (read from log file)
[POOL] Running analyzers on 7 events for 36afac886903647cdbea8c98bfe33eb4f3b0e1a832b471139376c9735f08ea73
[POOL] Analysis completed: 0 findings in 0.00s (6628 events/s)
[AI-Integration] Submitted task: 7bfb6d9a
[AI] 7bfb6d9a queued for DeepSeek analysis
[CgroupManager] Removed cgroup 83770 via bpftool
[POOL] Cleanup scheduled for af522a9803b7
[DockerWorker-5] ✓ Completed: 36afac886903647cdbea8c98bfe33eb4f3b0e1a832b471139376c9735f08ea73 (7 events) (1.16s)
[DockerWorker-5] Starting: a5f874ee321b5c8397c729b5a39b6c2828e8dcff013a615c722fa6465cc77f42 (3_32bit)
[ANALYSISLOG] a5f874ee321b5c8397c729b5a39b6c2828e8dcff013a615c722fa6465cc77f42 -> ../ELF_samples/benign_report/x86-i686/raw/a5f874ee321b5c8397c729b5a39b6c2828e8dcff013a615c722fa6465cc77f42_2026-01-31_16-14-56_e3b3cfe5.jsonl
[DOCKER] Selected image for libc=glibc: custom/i386-qemu
[CgroupManager] Added cgroup 83856 via bpftool
[EventRouter] DEBUG: EXEC #33 filename='/bin/true', triggers=['6926a1673a21fc33675dd41b6e9ea458d7cf04b842cfcf6fc4108712daf9513e', '/tmp/6926a1673a21fc33675dd41b6e9ea458d7cf04b842cfcf6fc4108712daf9513e']
[CgroupManager] Added cgroup 83942 via bpftool
[CgroupManager] Added cgroup 84028 via bpftool
[EventRouter] DEBUG: EXEC #33 filename='/bin/true', triggers=['0753e91f2ffeab8101e97f91e370c108c644289c00608bc396fa6169b621466d', '/tmp/0753e91f2ffeab8101e97f91e370c108c644289c00608bc396fa6169b621466d']
[CgroupManager] Added cgroup 84114 via bpftool
[EventRouter] DEBUG: EXEC #33 filename='/bin/true', triggers=['a5f874ee321b5c8397c729b5a39b6c2828e8dcff013a615c722fa6465cc77f42', '/tmp/a5f874ee321b5c8397c729b5a39b6c2828e8dcff013a615c722fa6465cc77f42']
[POOL] Collected 9 events for analysis (read from log file)
[POOL] Running analyzers on 9 events for f58dbb187342e33019331c76cbd338723de5c2e921659a82dcbf3a1414a29ed5
[POOL] Analysis completed: 0 findings in 0.00s (8578 events/s)
[AI-Integration] Submitted task: b6a1ec4a
[AI] b6a1ec4a queued for DeepSeek analysis
[CgroupManager] bpftool delete failed: Command '['sudo', '/usr/sbin/bpftool', 'map', 'delete', 'id', '669', 'key', 'hex', '68', '33', '01', '00', '00', '00', '00', '00']' returned non-zero exit status 254.
[POOL] Cleanup scheduled for 7b5ec1cb0f69
[DockerWorker-3] ✓ Completed: f58dbb187342e33019331c76cbd338723de5c2e921659a82dcbf3a1414a29ed5 (9 events) (16.17s)
[DockerWorker-3] Starting: 2e6e7b8803f44f9c30883db3d546ec56238c4d4ca08b225a00db7ebaa5fe7cdc (3_32bit)
[ANALYSISLOG] 2e6e7b8803f44f9c30883db3d546ec56238c4d4ca08b225a00db7ebaa5fe7cdc -> ../ELF_samples/benign_report/x86-i686/raw/2e6e7b8803f44f9c30883db3d546ec56238c4d4ca08b225a00db7ebaa5fe7cdc_2026-01-31_16-14-57_93d2c002.jsonl
[DOCKER] Selected image for libc=glibc: custom/i386-qemu
[POOL] Failed to kill container 7b5ec1cb0f69: 409 Client Error for http+docker://localhost/v1.50/containers/7b5ec1cb0f69fdaa11167b6a174f52e234d9ed995a12087ed198ed1a6fb40c50/kill: Conflict ("cannot kill container: 7b5ec1cb0f69fdaa11167b6a174f52e234d9ed995a12087ed198ed1a6fb40c50: container 7b5ec1cb0f69fdaa11167b6a174f52e234d9ed995a12087ed198ed1a6fb40c50 is not running")
[EventRouter] ARM detected at event 131 for cgroup 83942
[EventRouter] Discarded 130 pre-ARM events for cgroup 83942
[DOCKER] Container exit code: 0
[EventRouter] ARM detected at event 131 for cgroup 83856
[EventRouter] Discarded 130 pre-ARM events for cgroup 83856
[DOCKER] Container exit code: 1
[DOCKER][STDOUT] BEGIN
6926a1673a21fc33675dd41b6e9ea458d7cf04b842cfcf6fc4108712daf9513e: cannot open /dev/watchdog: No such file or directory
[DOCKER][STDOUT] END
[DOCKER] Raw stdout saved: ../ELF_samples/benign_report/x86-i686/raw/6926a1673a21fc33675dd41b6e9ea458d7cf04b842cfcf6fc4108712daf9513e_2026-01-31_16-14-56_53575534_container_stdout.txt
[EventRouter] ARM detected at event 151 for cgroup 84028
[EventRouter] Discarded 150 pre-ARM events for cgroup 84028
[DOCKER] Container exit code: 0
[EventRouter] ARM detected at event 132 for cgroup 84114
[EventRouter] Discarded 131 pre-ARM events for cgroup 84114
[DOCKER] Container exit code: 1
[DOCKER][STDOUT] BEGIN
Failed to open connection to session bus: Using X11 for dbus-daemon autolaunch was disabled at compile time, set your DBUS_SESSION_BUS_ADDRESS instead
[DOCKER][STDOUT] END
[DOCKER] Raw stdout saved: ../ELF_samples/benign_report/x86-i686/raw/a5f874ee321b5c8397c729b5a39b6c2828e8dcff013a615c722fa6465cc77f42_2026-01-31_16-14-56_e3b3cfe5_container_stdout.txt
[CgroupManager] Added cgroup 84200 via bpftool
[EventRouter] DEBUG: EXEC #33 filename='/bin/true', triggers=['2e6e7b8803f44f9c30883db3d546ec56238c4d4ca08b225a00db7ebaa5fe7cdc', '/tmp/2e6e7b8803f44f9c30883db3d546ec56238c4d4ca08b225a00db7ebaa5fe7cdc']
[POOL] Collected 9 events for analysis (read from log file)
[POOL] Running analyzers on 9 events for 0753e91f2ffeab8101e97f91e370c108c644289c00608bc396fa6169b621466d
[POOL] Analysis completed: 0 findings in 0.00s (8041 events/s)
[AI-Integration] Submitted task: 47bb9fe3
[AI] 47bb9fe3 queued for DeepSeek analysis
[POOL] Collected 9 events for analysis (read from log file)
[POOL] Running analyzers on 9 events for 6926a1673a21fc33675dd41b6e9ea458d7cf04b842cfcf6fc4108712daf9513e
[POOL] Analysis completed: 0 findings in 0.00s (8410 events/s)
[AI-Integration] Submitted task: 53575534
[AI] 53575534 queued for DeepSeek analysis
[CgroupManager] Removed cgroup 83942 via bpftool
[POOL] Cleanup scheduled for 3d0901d7d9f9
[DockerWorker-2] ✓ Completed: 0753e91f2ffeab8101e97f91e370c108c644289c00608bc396fa6169b621466d (9 events) (1.09s)
[DockerWorker-2] Starting: 39592e49531644bdc8ecc637b73f1be9c365d5bc3522dec69842d940cd8c6110 (3_32bit)
[ANALYSISLOG] 39592e49531644bdc8ecc637b73f1be9c365d5bc3522dec69842d940cd8c6110 -> ../ELF_samples/benign_report/x86-i686/raw/39592e49531644bdc8ecc637b73f1be9c365d5bc3522dec69842d940cd8c6110_2026-01-31_16-14-57_b61be9ce.jsonl
[DOCKER] Selected image for libc=glibc: custom/i386-qemu
[CgroupManager] Removed cgroup 83856 via bpftool
[POOL] Cleanup scheduled for 5b17e7e13a03
[DockerWorker-4] ✓ Completed: 6926a1673a21fc33675dd41b6e9ea458d7cf04b842cfcf6fc4108712daf9513e (9 events) (1.17s)
[DockerWorker-4] Starting: a9a1fa1fba9fbc70a4825af849adcc9869f0f11860d6cbf6f1b653c2794ca3aa (3_32bit)
[ANALYSISLOG] a9a1fa1fba9fbc70a4825af849adcc9869f0f11860d6cbf6f1b653c2794ca3aa -> ../ELF_samples/benign_report/x86-i686/raw/a9a1fa1fba9fbc70a4825af849adcc9869f0f11860d6cbf6f1b653c2794ca3aa_2026-01-31_16-14-57_ceef6f85.jsonl
[DOCKER] Selected image for libc=glibc: custom/i386-qemu
[POOL] Collected 7 events for analysis (read from log file)
[POOL] Running analyzers on 7 events for b596cef65dd95a90fdfc07b89c2bb9985a92803542b2183208bc546f134df812
[POOL] Analysis completed: 1 findings in 0.00s (6157 events/s)
[AI-Integration] Submitted task: 18335261
[AI] 18335261 queued for DeepSeek analysis
[POOL] Collected 7 events for analysis (read from log file)
[POOL] Running analyzers on 7 events for a5f874ee321b5c8397c729b5a39b6c2828e8dcff013a615c722fa6465cc77f42
[POOL] Analysis completed: 0 findings in 0.00s (6500 events/s)
[AI-Integration] Submitted task: e3b3cfe5
[AI] e3b3cfe5 queued for DeepSeek analysis
[CgroupManager] Removed cgroup 84028 via bpftool
[POOL] Cleanup scheduled for dbf851ebee4e
[DockerWorker-0] ✓ Completed: b596cef65dd95a90fdfc07b89c2bb9985a92803542b2183208bc546f134df812 (7 events) (1.14s)
[DockerWorker-0] Starting: 2fa26e169ebe082813028c0c97e124167031ff3e6e16cace1aa5b77e1390f204 (3_32bit)
[ANALYSISLOG] 2fa26e169ebe082813028c0c97e124167031ff3e6e16cace1aa5b77e1390f204 -> ../ELF_samples/benign_report/x86-i686/raw/2fa26e169ebe082813028c0c97e124167031ff3e6e16cace1aa5b77e1390f204_2026-01-31_16-14-57_7eb62011.jsonl
[DOCKER] Selected image for libc=glibc: custom/i386-qemu
[CgroupManager] Removed cgroup 84114 via bpftool
[POOL] Cleanup scheduled for 2b010598927f
[DockerWorker-5] ✓ Completed: a5f874ee321b5c8397c729b5a39b6c2828e8dcff013a615c722fa6465cc77f42 (7 events) (1.06s)
[DockerWorker-5] Starting: 49cb80cf8659e7439873d832a2acb919641b41181020687bbaf613dfa4e75836 (3_32bit)
[ANALYSISLOG] 49cb80cf8659e7439873d832a2acb919641b41181020687bbaf613dfa4e75836 -> ../ELF_samples/benign_report/x86-i686/raw/49cb80cf8659e7439873d832a2acb919641b41181020687bbaf613dfa4e75836_2026-01-31_16-14-57_e0f08bbf.jsonl
[DOCKER] Selected image for libc=glibc: custom/i386-qemu
[EventRouter] ARM detected at event 131 for cgroup 84200
[EventRouter] Discarded 130 pre-ARM events for cgroup 84200
[DOCKER] Container exit code: 2
[DOCKER][STDOUT] BEGIN
Usage: gpg-error [options] error-numbers
[DOCKER][STDOUT] END
[DOCKER] Raw stdout saved: ../ELF_samples/benign_report/x86-i686/raw/2e6e7b8803f44f9c30883db3d546ec56238c4d4ca08b225a00db7ebaa5fe7cdc_2026-01-31_16-14-57_93d2c002_container_stdout.txt
[CgroupManager] Added cgroup 84372 via bpftool
[EventRouter] DEBUG: EXEC #33 filename='/bin/true', triggers=['a9a1fa1fba9fbc70a4825af849adcc9869f0f11860d6cbf6f1b653c2794ca3aa', '/tmp/a9a1fa1fba9fbc70a4825af849adcc9869f0f11860d6cbf6f1b653c2794ca3aa']
[CgroupManager] Added cgroup 84286 via bpftool
[EventRouter] DEBUG: EXEC #33 filename='/bin/true', triggers=['39592e49531644bdc8ecc637b73f1be9c365d5bc3522dec69842d940cd8c6110', '/tmp/39592e49531644bdc8ecc637b73f1be9c365d5bc3522dec69842d940cd8c6110']
[CgroupManager] Added cgroup 84544 via bpftool
[CgroupManager] Added cgroup 84458 via bpftool
[EventRouter] DEBUG: EXEC #34 filename='/bin/true', triggers=['49cb80cf8659e7439873d832a2acb919641b41181020687bbaf613dfa4e75836', '/tmp/49cb80cf8659e7439873d832a2acb919641b41181020687bbaf613dfa4e75836']
[EventRouter] DEBUG: EXEC #50 filename='/bin/true', triggers=['2fa26e169ebe082813028c0c97e124167031ff3e6e16cace1aa5b77e1390f204', '/tmp/2fa26e169ebe082813028c0c97e124167031ff3e6e16cace1aa5b77e1390f204']
[EventRouter] ARM detected at event 133 for cgroup 84372
[EventRouter] Discarded 132 pre-ARM events for cgroup 84372
[EventRouter] ARM detected at event 147 for cgroup 84286
[EventRouter] Discarded 146 pre-ARM events for cgroup 84286
[DOCKER] Container exit code: 0
[DOCKER] Container exit code: 0
[POOL] Collected 9 events for analysis (read from log file)
[POOL] Running analyzers on 9 events for 2e6e7b8803f44f9c30883db3d546ec56238c4d4ca08b225a00db7ebaa5fe7cdc
[POOL] Analysis completed: 1 findings in 0.00s (7870 events/s)
[AI-Integration] Submitted task: 93d2c002
[AI] 93d2c002 queued for DeepSeek analysis
[EventRouter] ARM detected at event 147 for cgroup 84458
[EventRouter] Discarded 146 pre-ARM events for cgroup 84458
[CgroupManager] Removed cgroup 84200 via bpftool
[POOL] Cleanup scheduled for 92757a86ed5d
[DockerWorker-3] ✓ Completed: 2e6e7b8803f44f9c30883db3d546ec56238c4d4ca08b225a00db7ebaa5fe7cdc (9 events) (1.20s)
[DockerWorker-3] Starting: 5683eb2ccce59ea265740dde05f082644dcf210ea09aac04dc1dd191dcdee152 (3_32bit)
[ANALYSISLOG] 5683eb2ccce59ea265740dde05f082644dcf210ea09aac04dc1dd191dcdee152 -> ../ELF_samples/benign_report/x86-i686/raw/5683eb2ccce59ea265740dde05f082644dcf210ea09aac04dc1dd191dcdee152_2026-01-31_16-14-58_50d825bf.jsonl
[DOCKER] Selected image for libc=glibc: custom/i386-qemu
[EventRouter] ARM detected at event 134 for cgroup 84544
[EventRouter] Discarded 133 pre-ARM events for cgroup 84544
[DOCKER] Container exit code: 1
[DOCKER] Container exit code: 1
[DOCKER][STDOUT] BEGIN
Failed to execute message bus daemon /usr/bin/dbus-daemon: No such file or directory.  Will try again without full path.
Failed to execute message bus daemon: No such file or directory
EOF in dbus-launch reading address from bus daemon
[DOCKER][STDOUT] END
[DOCKER] Raw stdout saved: ../ELF_samples/benign_report/x86-i686/raw/2fa26e169ebe082813028c0c97e124167031ff3e6e16cace1aa5b77e1390f204_2026-01-31_16-14-57_7eb62011_container_stdout.txt
[CgroupManager] Added cgroup 84630 via bpftool
[EventRouter] DEBUG: EXEC #33 filename='/bin/true', triggers=['5683eb2ccce59ea265740dde05f082644dcf210ea09aac04dc1dd191dcdee152', '/tmp/5683eb2ccce59ea265740dde05f082644dcf210ea09aac04dc1dd191dcdee152']
[AI-Integration] Job 716af14e analyzed via deepseek
[POOL] Collected 7 events for analysis (read from log file)
[POOL] Running analyzers on 7 events for 39592e49531644bdc8ecc637b73f1be9c365d5bc3522dec69842d940cd8c6110
[POOL] Analysis completed: 0 findings in 0.00s (6093 events/s)
[AI-Integration] Submitted task: b61be9ce
[AI] b61be9ce queued for DeepSeek analysis
[CgroupManager] Removed cgroup 84286 via bpftool
[POOL] Cleanup scheduled for a2b2aa1b56bd
[DockerWorker-2] ✓ Completed: 39592e49531644bdc8ecc637b73f1be9c365d5bc3522dec69842d940cd8c6110 (7 events) (1.11s)
[DockerWorker-2] Starting: be93311c89f5ff446d0a32b1f7f0ec9f4e41ffbbf0dd036eeb169e3bca3e114d (3_32bit)
[ANALYSISLOG] be93311c89f5ff446d0a32b1f7f0ec9f4e41ffbbf0dd036eeb169e3bca3e114d -> ../ELF_samples/benign_report/x86-i686/raw/be93311c89f5ff446d0a32b1f7f0ec9f4e41ffbbf0dd036eeb169e3bca3e114d_2026-01-31_16-14-58_8f12cc95.jsonl
[DOCKER] Selected image for libc=glibc: custom/i386-qemu
[POOL] Collected 7 events for analysis (read from log file)
[POOL] Running analyzers on 7 events for a9a1fa1fba9fbc70a4825af849adcc9869f0f11860d6cbf6f1b653c2794ca3aa
[POOL] Analysis completed: 0 findings in 0.00s (6544 events/s)
[AI-Integration] Submitted task: ceef6f85
[AI] ceef6f85 queued for DeepSeek analysis
[CgroupManager] Removed cgroup 84372 via bpftool
[POOL] Cleanup scheduled for c67039da7307
[DockerWorker-4] ✓ Completed: a9a1fa1fba9fbc70a4825af849adcc9869f0f11860d6cbf6f1b653c2794ca3aa (7 events) (1.13s)
[DockerWorker-4] Starting: 3be82f906af51b6f646418408290c25b245de09892995ac030e467881cd7cda4 (3_32bit)
[ANALYSISLOG] 3be82f906af51b6f646418408290c25b245de09892995ac030e467881cd7cda4 -> ../ELF_samples/benign_report/x86-i686/raw/3be82f906af51b6f646418408290c25b245de09892995ac030e467881cd7cda4_2026-01-31_16-14-58_032b8027.jsonl
[DOCKER] Selected image for libc=glibc: custom/i386-qemu
[POOL] Collected 11 events for analysis (read from log file)
[POOL] Running analyzers on 11 events for 49cb80cf8659e7439873d832a2acb919641b41181020687bbaf613dfa4e75836
[POOL] Analysis completed: 0 findings in 0.00s (10150 events/s)
[AI-Integration] Submitted task: e0f08bbf
[AI] e0f08bbf queued for DeepSeek analysis
[POOL] Collected 33 events for analysis (read from log file)
[POOL] Running analyzers on 33 events for 2fa26e169ebe082813028c0c97e124167031ff3e6e16cace1aa5b77e1390f204
[POOL] Analysis completed: 0 findings in 0.00s (29347 events/s)
[AI-Integration] Submitted task: 7eb62011
[AI] 7eb62011 queued for DeepSeek analysis
[EventRouter] ARM detected at event 131 for cgroup 84630
[EventRouter] Discarded 130 pre-ARM events for cgroup 84630
[DOCKER] Container exit code: 0
[CgroupManager] Removed cgroup 84544 via bpftool
[POOL] Cleanup scheduled for 132b4a33dc96
[DockerWorker-5] ✓ Completed: 49cb80cf8659e7439873d832a2acb919641b41181020687bbaf613dfa4e75836 (11 events) (1.16s)
[DockerWorker-5] Starting: 3adfd68355e32015f1ae338e7a7771109b9fb9c63c284cabe16f0f3222cfa8bb (3_32bit)
[ANALYSISLOG] 3adfd68355e32015f1ae338e7a7771109b9fb9c63c284cabe16f0f3222cfa8bb -> ../ELF_samples/benign_report/x86-i686/raw/3adfd68355e32015f1ae338e7a7771109b9fb9c63c284cabe16f0f3222cfa8bb_2026-01-31_16-14-59_bb44eaaf.jsonl
[DOCKER] Selected image for libc=glibc: custom/i386-qemu
[CgroupManager] Removed cgroup 84458 via bpftool
[POOL] Cleanup scheduled for 829061c75a4b
[DockerWorker-0] ✓ Completed: 2fa26e169ebe082813028c0c97e124167031ff3e6e16cace1aa5b77e1390f204 (33 events) (1.17s)
[DockerWorker-0] Starting: 5bfe550c307676f7aa1f6e1237dc4c3e09086f1dd5eba9759443cfd5ace4b305 (3_32bit)
[ANALYSISLOG] 5bfe550c307676f7aa1f6e1237dc4c3e09086f1dd5eba9759443cfd5ace4b305 -> ../ELF_samples/benign_report/x86-i686/raw/5bfe550c307676f7aa1f6e1237dc4c3e09086f1dd5eba9759443cfd5ace4b305_2026-01-31_16-14-59_096eddce.jsonl
[DOCKER] Selected image for libc=glibc: custom/i386-qemu
[CgroupManager] Added cgroup 84716 via bpftool
[CgroupManager] Added cgroup 84802 via bpftool
[EventRouter] DEBUG: EXEC #33 filename='/bin/true', triggers=['be93311c89f5ff446d0a32b1f7f0ec9f4e41ffbbf0dd036eeb169e3bca3e114d', '/tmp/be93311c89f5ff446d0a32b1f7f0ec9f4e41ffbbf0dd036eeb169e3bca3e114d']
[EventRouter] DEBUG: EXEC #50 filename='/bin/true', triggers=['3be82f906af51b6f646418408290c25b245de09892995ac030e467881cd7cda4', '/tmp/3be82f906af51b6f646418408290c25b245de09892995ac030e467881cd7cda4']
[CgroupManager] Added cgroup 84888 via bpftool
[CgroupManager] Added cgroup 84974 via bpftool
[EventRouter] DEBUG: EXEC #34 filename='/bin/true', triggers=['3adfd68355e32015f1ae338e7a7771109b9fb9c63c284cabe16f0f3222cfa8bb', '/tmp/3adfd68355e32015f1ae338e7a7771109b9fb9c63c284cabe16f0f3222cfa8bb']
[EventRouter] DEBUG: EXEC #34 filename='/bin/true', triggers=['5bfe550c307676f7aa1f6e1237dc4c3e09086f1dd5eba9759443cfd5ace4b305', '/tmp/5bfe550c307676f7aa1f6e1237dc4c3e09086f1dd5eba9759443cfd5ace4b305']
[POOL] Collected 7 events for analysis (read from log file)
[POOL] Running analyzers on 7 events for 5683eb2ccce59ea265740dde05f082644dcf210ea09aac04dc1dd191dcdee152
[POOL] Analysis completed: 0 findings in 0.00s (6250 events/s)
[AI-Integration] Submitted task: 50d825bf
[AI] 50d825bf queued for DeepSeek analysis
[EventRouter] ARM detected at event 132 for cgroup 84716
[EventRouter] Discarded 131 pre-ARM events for cgroup 84716
[DOCKER] Container exit code: 8
[DOCKER][STDOUT] BEGIN
EXPERIMENTAL xfs_scrub program in use! Use at your own risk!
Usage: be93311c89f5ff446d0a32b1f7f0ec9f4e41ffbbf0dd036eeb169e3bca3e114d [OPTIONS] mountpoint

Options:
  -a count     Stop after this many errors are found.
  -b           Background mode.
  -C fd        Print progress information to this fd.
  -e behavior  What to do if errors are found.
  -k           Do not FITRIM the free space.
  -m path      Path to /etc/mtab.
  -n           Dry run.  Do not modify anything.
  -T           Display timing/usage information.
  -v           Verbose output.
  -V           Print version.
  -x           Scrub file data too.
[DOCKER][STDOUT] END
[DOCKER] Raw stdout saved: ../ELF_samples/benign_report/x86-i686/raw/be93311c89f5ff446d0a32b1f7f0ec9f4e41ffbbf0dd036eeb169e3bca3e114d_2026-01-31_16-14-58_8f12cc95_container_stdout.txt
[CgroupManager] Removed cgroup 84630 via bpftool
[POOL] Cleanup scheduled for 459f72e0a8cf
[DockerWorker-3] ✓ Completed: 5683eb2ccce59ea265740dde05f082644dcf210ea09aac04dc1dd191dcdee152 (7 events) (1.11s)
[DockerWorker-3] Starting: 9e8c9e7ad02bd7494659007c7ee18e47a04acb4ab793c7c62802084e050c6dc5 (3_32bit)
[ANALYSISLOG] 9e8c9e7ad02bd7494659007c7ee18e47a04acb4ab793c7c62802084e050c6dc5 -> ../ELF_samples/benign_report/x86-i686/raw/9e8c9e7ad02bd7494659007c7ee18e47a04acb4ab793c7c62802084e050c6dc5_2026-01-31_16-14-59_101c6b20.jsonl
[DOCKER] Selected image for libc=glibc: custom/i386-qemu
[EventRouter] ARM detected at event 151 for cgroup 84802
[EventRouter] Discarded 150 pre-ARM events for cgroup 84802
[DOCKER] Container exit code: 0
[DOCKER][STDOUT] BEGIN
tick = 9997
[DOCKER][STDOUT] END
[DOCKER] Raw stdout saved: ../ELF_samples/benign_report/x86-i686/raw/3be82f906af51b6f646418408290c25b245de09892995ac030e467881cd7cda4_2026-01-31_16-14-58_032b8027_container_stdout.txt
[EventRouter] ARM detected at event 133 for cgroup 84888
[EventRouter] Discarded 132 pre-ARM events for cgroup 84888
[DOCKER] Container exit code: 1
[DOCKER][STDOUT] BEGIN
Usage: /tmp/5bfe550c307676f7aa1f6e1237dc4c3e09086f1dd5eba9759443cfd5ace4b305 [emulation options] [-]{dmpqrstx}[abcDfilMNoPsSTuvV] [member-name] [count] archive-file file...
       /tmp/5bfe550c307676f7aa1f6e1237dc4c3e09086f1dd5eba9759443cfd5ace4b305 -M [<mri-script]
 commands:
  d            - delete file(s) from the archive
  m[ab]        - move file(s) in the archive
  p            - print file(s) found in the archive
  q[f]         - quick append file(s) to the archive
  r[ab][f][u]  - replace existing or insert new file(s) into the archive
  s            - act as ranlib
  t            - display contents of archive
  x[o]         - extract file(s) from the archive
 command specific modifiers:
  [a]          - put file(s) after [member-name]
  [b]          - put file(s) before [member-name] (same as [i])
  [D]          - use zero for timestamps and uids/gids
  [U]          - use actual timestamps and uids/gids (default)
  [N]          - use instance [count] of name
  [f]          - truncate inserted file names
  [P]          - use full path names when matching
  [o]          - preserve original dates
  [u]          - only replace files that are newer than current archive contents
 generic modifiers:
  [c]          - do not warn if the library had to be created
  [s]          - create an archive index (cf. ranlib)
  [S]          - do not build a symbol table
  [T]          - make a thin archive
  [v]          - be verbose
  [V]          - display the version number
  @<file>      - read options from <file>
  --target=BFDNAME - specify the target object format as BFDNAME
 emulation options: 
  No emulation specific options
/tmp/5bfe550c307676f7aa1f6e1237dc4c3e09086f1dd5eba9759443cfd5ace4b305: supported targets: elf32-i386 elf32-iamcu a.out-i386-linux pei-i386 elf32-little elf32-big srec symbolsrec verilog tekhex binary ihex trad-core
[DOCKER][STDOUT] END
[DOCKER] Raw stdout saved: ../ELF_samples/benign_report/x86-i686/raw/5bfe550c307676f7aa1f6e1237dc4c3e09086f1dd5eba9759443cfd5ace4b305_2026-01-31_16-14-59_096eddce_container_stdout.txt
[EventRouter] ARM detected at event 131 for cgroup 84974
[EventRouter] Discarded 130 pre-ARM events for cgroup 84974
[CgroupManager] Added cgroup 85060 via bpftool
[EventRouter] DEBUG: EXEC #33 filename='/bin/true', triggers=['9e8c9e7ad02bd7494659007c7ee18e47a04acb4ab793c7c62802084e050c6dc5', '/tmp/9e8c9e7ad02bd7494659007c7ee18e47a04acb4ab793c7c62802084e050c6dc5']
[POOL] Collected 6 events for analysis (read from log file)
[POOL] Running analyzers on 6 events for 3be82f906af51b6f646418408290c25b245de09892995ac030e467881cd7cda4
[POOL] Analysis completed: 0 findings in 0.00s (5564 events/s)
[POOL] Collected 7 events for analysis (read from log file)
[POOL] Running analyzers on 7 events for be93311c89f5ff446d0a32b1f7f0ec9f4e41ffbbf0dd036eeb169e3bca3e114d
[POOL] Analysis completed: 0 findings in 0.00s (6798 events/s)
[AI-Integration] Submitted task: 8f12cc95
[AI] 8f12cc95 queued for DeepSeek analysis
[AI-Integration] Submitted task: 032b8027
[AI] 032b8027 queued for DeepSeek analysis
[CgroupManager] Removed cgroup 84802 via bpftool
[POOL] Cleanup scheduled for 509a11fce543
[DockerWorker-4] ✓ Completed: 3be82f906af51b6f646418408290c25b245de09892995ac030e467881cd7cda4 (6 events) (1.18s)
[DockerWorker-4] Starting: e0c6f9aed09f7fc8b3d4c8d1d9bcf4f058a230ef3d00827d9b51d29ce289a546.f2fs (3_32bit)
[ANALYSISLOG] e0c6f9aed09f7fc8b3d4c8d1d9bcf4f058a230ef3d00827d9b51d29ce289a546.f2fs -> ../ELF_samples/benign_report/x86-i686/raw/e0c6f9aed09f7fc8b3d4c8d1d9bcf4f058a230ef3d00827d9b51d29ce289a546.f2fs_2026-01-31_16-15-00_18916794.jsonl
[DOCKER] Selected image for libc=glibc: custom/i386-qemu
[CgroupManager] Removed cgroup 84716 via bpftool
[POOL] Cleanup scheduled for 633d9c5c3bed
[DockerWorker-2] ✓ Completed: be93311c89f5ff446d0a32b1f7f0ec9f4e41ffbbf0dd036eeb169e3bca3e114d (7 events) (1.21s)
[DockerWorker-2] Starting: 5f7b3badd09bd746425fcb21dd41faa49a4f67926fe3a98c43d59ea824683888 (3_32bit)
[ANALYSISLOG] 5f7b3badd09bd746425fcb21dd41faa49a4f67926fe3a98c43d59ea824683888 -> ../ELF_samples/benign_report/x86-i686/raw/5f7b3badd09bd746425fcb21dd41faa49a4f67926fe3a98c43d59ea824683888_2026-01-31_16-15-00_2bf6bfa0.jsonl
[DOCKER] Selected image for libc=glibc: custom/i386-qemu
[POOL] Collected 7 events for analysis (read from log file)
[POOL] Running analyzers on 7 events for 5bfe550c307676f7aa1f6e1237dc4c3e09086f1dd5eba9759443cfd5ace4b305
[POOL] Analysis completed: 0 findings in 0.00s (6702 events/s)
[AI-Integration] Submitted task: 096eddce
[AI] 096eddce queued for DeepSeek analysis
[CgroupManager] Removed cgroup 84888 via bpftool
[POOL] Cleanup scheduled for 85c319a0fd47
[DockerWorker-0] ✓ Completed: 5bfe550c307676f7aa1f6e1237dc4c3e09086f1dd5eba9759443cfd5ace4b305 (7 events) (1.10s)
[DockerWorker-0] Starting: 624e8aa8948f87aa3c8db6bebea606d3bab55aaed7d86171b39822acc013e228 (3_32bit)
[ANALYSISLOG] 624e8aa8948f87aa3c8db6bebea606d3bab55aaed7d86171b39822acc013e228 -> ../ELF_samples/benign_report/x86-i686/raw/624e8aa8948f87aa3c8db6bebea606d3bab55aaed7d86171b39822acc013e228_2026-01-31_16-15-00_40c16618.jsonl
[DOCKER] Selected image for libc=glibc: custom/i386-qemu
[AI-Integration] Job 424535dd analyzed via deepseek
[EventRouter] ARM detected at event 133 for cgroup 85060
[EventRouter] Discarded 132 pre-ARM events for cgroup 85060
[DOCKER] Container exit code: 1
[DOCKER][STDOUT] BEGIN
9e8c9e7ad02bd7494659007c7ee18e47a04acb4ab793c7c62802084e050c6dc5: eth1: No such device
[DOCKER][STDOUT] END
[DOCKER] Raw stdout saved: ../ELF_samples/benign_report/x86-i686/raw/9e8c9e7ad02bd7494659007c7ee18e47a04acb4ab793c7c62802084e050c6dc5_2026-01-31_16-14-59_101c6b20_container_stdout.txt
[CgroupManager] Added cgroup 85232 via bpftool
[CgroupManager] Added cgroup 85146 via bpftool
[CgroupManager] Added cgroup 85318 via bpftool
[EventRouter] DEBUG: EXEC #50 filename='/bin/true', triggers=['e0c6f9aed09f7fc8b3d4c8d1d9bcf4f058a230ef3d00827d9b51d29ce289a546.f2fs', '/tmp/e0c6f9aed09f7fc8b3d4c8d1d9bcf4f058a230ef3d00827d9b51d29ce289a546.f2fs']
[EventRouter] DEBUG: EXEC #35 filename='/bin/true', triggers=['5f7b3badd09bd746425fcb21dd41faa49a4f67926fe3a98c43d59ea824683888', '/tmp/5f7b3badd09bd746425fcb21dd41faa49a4f67926fe3a98c43d59ea824683888']
[POOL] Collected 7 events for analysis (read from log file)
[POOL] Running analyzers on 7 events for 9e8c9e7ad02bd7494659007c7ee18e47a04acb4ab793c7c62802084e050c6dc5
[POOL] Analysis completed: 0 findings in 0.00s (6435 events/s)
[AI-Integration] Submitted task: 101c6b20
[AI] 101c6b20 queued for DeepSeek analysis
[CgroupManager] Removed cgroup 85060 via bpftool
[POOL] Cleanup scheduled for e5d24d0908ea
[DockerWorker-3] ✓ Completed: 9e8c9e7ad02bd7494659007c7ee18e47a04acb4ab793c7c62802084e050c6dc5 (7 events) (1.16s)
[DockerWorker-3] Starting: 4d17b615858d425b0ce2ff854f08e54aab799d49a516c4b378d036678a60672f.minix (3_32bit)
[ANALYSISLOG] 4d17b615858d425b0ce2ff854f08e54aab799d49a516c4b378d036678a60672f.minix -> ../ELF_samples/benign_report/x86-i686/raw/4d17b615858d425b0ce2ff854f08e54aab799d49a516c4b378d036678a60672f.minix_2026-01-31_16-15-00_7255c6c5.jsonl
[DOCKER] Selected image for libc=glibc: custom/i386-qemu
[AI-Integration] Job 90c1f387 analyzed via deepseek
[EventRouter] ARM detected at event 148 for cgroup 85318
[EventRouter] Discarded 147 pre-ARM events for cgroup 85318
[EventRouter] ARM detected at event 148 for cgroup 85146
[EventRouter] Discarded 147 pre-ARM events for cgroup 85146
[DOCKER] Container exit code: 1
[DOCKER][STDOUT] BEGIN
	Error: Device not specified

Usage: mkfs.f2fs [options] device [sectors]
[options]:
  -a heap-based allocation [default:0]
  -c [device path] up to 7 devices excepts meta device
  -d debug level [default:0]
  -e [cold file ext list] e.g. "mp3,gif,mov"
  -E [hot file ext list] e.g. "db"
  -f force overwrite the exist filesystem
  -i extended node bitmap, node ratio is 20% by default
  -l label
  -m support zoned block device [default:0]
  -o overprovision ratio [default:5]
  -O [feature list] e.g. "encrypt"
  -q quiet mode
  -s # of segments per section [default:1]
  -S sparse mode
  -t 0: nodiscard, 1: discard [default:1]
  -w wanted sector size
  -z # of sections per zone [default:1]
sectors: number of sectors. [default: determined by device size]
[DOCKER][STDOUT] END
[DOCKER] Raw stdout saved: ../ELF_samples/benign_report/x86-i686/raw/e0c6f9aed09f7fc8b3d4c8d1d9bcf4f058a230ef3d00827d9b51d29ce289a546.f2fs_2026-01-31_16-15-00_18916794_container_stdout.txt
[EventRouter] ARM detected at event 133 for cgroup 85232
[EventRouter] Discarded 132 pre-ARM events for cgroup 85232
[DOCKER] Container exit code: 1
[DOCKER][STDOUT] BEGIN
Error: usage: /tmp/5f7b3badd09bd746425fcb21dd41faa49a4f67926fe3a98c43d59ea824683888 <logfile>
[DOCKER][STDOUT] END
[DOCKER] Raw stdout saved: ../ELF_samples/benign_report/x86-i686/raw/5f7b3badd09bd746425fcb21dd41faa49a4f67926fe3a98c43d59ea824683888_2026-01-31_16-15-00_2bf6bfa0_container_stdout.txt
[DOCKER] Container exit code: 8
[DOCKER][STDOUT] BEGIN
NcFTPLs 3.2.6

Usages:
  ncftpls [FTP flags] [-x "ls flags"] ftp://url.style.host/path/name/

ls Flags:
  -m     Use machine readable (MLSD) list format, if the server supports it.
  -1     Most basic format, one item per line.
  -l     Long list format.
  -C     Columnized list format (default).
  -R     Long list format, recurse subdirectories if server allows it.
  -g     Recursive and print one path per line; like "/usr/bin/find . -print"
  -gg    As above, but append a "/" character to directory pathnames.
  -a     Show all files, if server allows it (as in "/bin/ls -a").
  -i XX  Filter the listing (if server supports it) with the wildcard XX.
  -x XX  List command flags to try on the remote server (without leading dash).

FTP Flags:
  -u XX  Use username XX instead of anonymous.
  -p XX  Use password XX with the username.
  -P XX  Use port number XX instead of the default FTP service port (21).
  -j XX  Use account XX with the account (deprecated).
  -d XX  Use the file XX for debug logging.
  -t XX  Timeout after XX seconds.
  -f XX  Read the file XX for user and password information.
         If file XX does not exist, check for bookmark XX in $HOME/.ncftp/bookmarks.
  -E     Use regular (PORT) data connections.
  -F     Use passive (PASV) data connections (default).
  -K     Show disk usage by attempting SITE DF.
  -o XX  Specify miscellaneous options (see documentation).
  -W XX  Send raw FTP command XX after logging in.
  -X XX  Send raw FTP command XX after each listing.
  -Y XX  Send raw FTP command XX before logging out.
  -Z     Do not actually perform the directory listing.  Useful with -Y.
  -r XX  Redial XX times until connected.

Examples:
  ncftpls ftp://ftp.freebsd.org/pub/FreeBSD/
  ncftpls -1 ftp://ftp.freebsd.org/pub/FreeBSD/
  ncftpls -la -i '*.TXT' ftp://ftp.freebsd.org/pub/FreeBSD/
  ncftpls -m ftp://ftp.ncftp.com/ncftpd/
  ncftpls -x "lrt" ftp://ftp.freebsd.org/pub/FreeBSD/

Note: The standard specifies that URL pathnames are are relative pathnames.
  For FTP, this means that URLs specify relative pathnames from the start
  directory, which for user logins, are typically the user's home directory.
  If you want to use absolute pathnames, you need to include a literal slash,
  using the "%2F" code for a "/" character.  Examples:

  ncftpls -u linus ftp://ftp.kernel.org/%2Fusr/src/
  ncftpls ftp://steve@ftp.apple.com/%2Fetc/

Library version: LibNcFTP 3.2.6 (November 12, 2016).

This is a freeware program by Mike Gleason (http://www.ncftp.com).
This was built using LibNcFTP (http://www.ncftp.com/libncftp/).
[DOCKER][STDOUT] END
[DOCKER] Raw stdout saved: ../ELF_samples/benign_report/x86-i686/raw/624e8aa8948f87aa3c8db6bebea606d3bab55aaed7d86171b39822acc013e228_2026-01-31_16-15-00_40c16618_container_stdout.txt
[DOCKER] Container exit code: 1
[DOCKER][STDOUT] BEGIN

rawshark: No valid payload dissector specified.
[DOCKER][STDOUT] END
[DOCKER] Raw stdout saved: ../ELF_samples/benign_report/x86-i686/raw/3adfd68355e32015f1ae338e7a7771109b9fb9c63c284cabe16f0f3222cfa8bb_2026-01-31_16-14-59_bb44eaaf_container_stdout.txt
[POOL] Execution timed out for 66a530bbc061b170d007df2186523c9b62c4fa8df0874fff2d3079fa629ab826 after 15s
[POOL] Killing container 2119e1584663...
[CgroupManager] Added cgroup 85404 via bpftool
[AI-Integration] Job f8e72aca analyzed via deepseek
[EventRouter] DEBUG: EXEC #33 filename='/bin/true', triggers=['4d17b615858d425b0ce2ff854f08e54aab799d49a516c4b378d036678a60672f.minix', '/tmp/4d17b615858d425b0ce2ff854f08e54aab799d49a516c4b378d036678a60672f.minix']
[AI-Integration] Job f7c84fd8 analyzed via deepseek
[POOL] Container killed successfully
[DOCKER] Container exit code: -1
[POOL] Execution timed out - stopping BPF monitoring for cgroup 80330
[CgroupManager] Removed cgroup 80330 via bpftool
[POOL] Collected 9 events for analysis (read from log file)
[POOL] Running analyzers on 9 events for e0c6f9aed09f7fc8b3d4c8d1d9bcf4f058a230ef3d00827d9b51d29ce289a546.f2fs
[POOL] Analysis completed: 0 findings in 0.00s (8570 events/s)
[AI-Integration] Submitted task: 18916794
[AI] 18916794 queued for DeepSeek analysis
[EventRouter] ARM detected at event 134 for cgroup 85404
[EventRouter] Discarded 133 pre-ARM events for cgroup 85404
[CgroupManager] Removed cgroup 85146 via bpftool
[POOL] Cleanup scheduled for 002dcf431c14
[DockerWorker-4] ✓ Completed: e0c6f9aed09f7fc8b3d4c8d1d9bcf4f058a230ef3d00827d9b51d29ce289a546.f2fs (9 events) (1.19s)
[DockerWorker-4] Starting: 35ac2d22155f681f4120d788a212db46a30384c4b087c8e582d0202b5d01fa8a (3_32bit)
[ANALYSISLOG] 35ac2d22155f681f4120d788a212db46a30384c4b087c8e582d0202b5d01fa8a -> ../ELF_samples/benign_report/x86-i686/raw/35ac2d22155f681f4120d788a212db46a30384c4b087c8e582d0202b5d01fa8a_2026-01-31_16-15-01_5bf436b9.jsonl
[DOCKER] Selected image for libc=glibc: custom/i386-qemu
[DOCKER] Container exit code: 16
[DOCKER][STDOUT] BEGIN
4d17b615858d425b0ce2ff854f08e54aab799d49a516c4b378d036678a60672f.minix: no device specified
Try '4d17b615858d425b0ce2ff854f08e54aab799d49a516c4b378d036678a60672f.minix --help' for more information.
[DOCKER][STDOUT] END
[POOL] Collected 7 events for analysis (read from log file)
[POOL] Running analyzers on 7 events for 5f7b3badd09bd746425fcb21dd41faa49a4f67926fe3a98c43d59ea824683888
[POOL] Analysis completed: 0 findings in 0.00s (6654 events/s)
[AI-Integration] Submitted task: 2bf6bfa0
[AI] 2bf6bfa0 queued for DeepSeek analysis
[DOCKER] Raw stdout saved: ../ELF_samples/benign_report/x86-i686/raw/4d17b615858d425b0ce2ff854f08e54aab799d49a516c4b378d036678a60672f.minix_2026-01-31_16-15-00_7255c6c5_container_stdout.txt
[CgroupManager] Removed cgroup 85232 via bpftool
[POOL] Cleanup scheduled for af5160720027
[DockerWorker-2] ✓ Completed: 5f7b3badd09bd746425fcb21dd41faa49a4f67926fe3a98c43d59ea824683888 (7 events) (1.20s)
[DockerWorker-2] Starting: c92547d2455d337353d5cbb3fc4a2798b8da247d1c02801c4640974854965a8d (3_32bit)
[ANALYSISLOG] c92547d2455d337353d5cbb3fc4a2798b8da247d1c02801c4640974854965a8d -> ../ELF_samples/benign_report/x86-i686/raw/c92547d2455d337353d5cbb3fc4a2798b8da247d1c02801c4640974854965a8d_2026-01-31_16-15-01_433de8ed.jsonl
[DOCKER] Selected image for libc=glibc: custom/i386-qemu
[POOL] Collected 51 events for analysis (read from log file)
[POOL] Running analyzers on 51 events for 624e8aa8948f87aa3c8db6bebea606d3bab55aaed7d86171b39822acc013e228
[POOL] Analysis completed: 1 findings in 0.00s (42105 events/s)
[AI-Integration] Submitted task: 40c16618
[AI] 40c16618 queued for DeepSeek analysis
[CgroupManager] Removed cgroup 85318 via bpftool
[POOL] Cleanup scheduled for 53c2cc0049eb
[DockerWorker-0] ✓ Completed: 624e8aa8948f87aa3c8db6bebea606d3bab55aaed7d86171b39822acc013e228 (51 events) (1.27s)
[DockerWorker-0] Starting: 7f3f51c2b530f2f61efbba98487781438efb42332fded35992ef267301319c11 (3_32bit)
[ANALYSISLOG] 7f3f51c2b530f2f61efbba98487781438efb42332fded35992ef267301319c11 -> ../ELF_samples/benign_report/x86-i686/raw/7f3f51c2b530f2f61efbba98487781438efb42332fded35992ef267301319c11_2026-01-31_16-15-01_b0127cf3.jsonl
[DOCKER] Selected image for libc=glibc: custom/i386-qemu
[POOL] Collected 52 events for analysis (read from log file)
[POOL] Running analyzers on 52 events for 3adfd68355e32015f1ae338e7a7771109b9fb9c63c284cabe16f0f3222cfa8bb
[POOL] Analysis completed: 0 findings in 0.00s (46830 events/s)
[AI-Integration] Submitted task: bb44eaaf
[AI] bb44eaaf queued for DeepSeek analysis
[CgroupManager] Removed cgroup 84974 via bpftool
[POOL] Cleanup scheduled for f2d889bf876b
[DockerWorker-5] ✓ Completed: 3adfd68355e32015f1ae338e7a7771109b9fb9c63c284cabe16f0f3222cfa8bb (52 events) (2.44s)
[DockerWorker-5] Starting: 451c68bb66bb8942567e9281a1f22487883d17d6bac5e723b7bca9d0cbcda518 (3_32bit)
[ANALYSISLOG] 451c68bb66bb8942567e9281a1f22487883d17d6bac5e723b7bca9d0cbcda518 -> ../ELF_samples/benign_report/x86-i686/raw/451c68bb66bb8942567e9281a1f22487883d17d6bac5e723b7bca9d0cbcda518_2026-01-31_16-15-01_b2a5fb51.jsonl
[DOCKER] Selected image for libc=glibc: custom/i386-qemu
[POOL] Collected 15 events for analysis (read from log file)
[POOL] Running analyzers on 15 events for 66a530bbc061b170d007df2186523c9b62c4fa8df0874fff2d3079fa629ab826
[POOL] Analysis completed: 0 findings in 0.00s (12828 events/s)
[AI-Integration] Submitted task: 545c2567
[AI] 545c2567 queued for DeepSeek analysis
[CgroupManager] bpftool delete failed: Command '['sudo', '/usr/sbin/bpftool', 'map', 'delete', 'id', '669', 'key', 'hex', 'ca', '39', '01', '00', '00', '00', '00', '00']' returned non-zero exit status 254.
[POOL] Cleanup scheduled for 2119e1584663
[DockerWorker-1] ✓ Completed: 66a530bbc061b170d007df2186523c9b62c4fa8df0874fff2d3079fa629ab826 (15 events) (16.21s)
[DockerWorker-1] Starting: 9fd5b53a0367975250d0b073c01cb4680b7ef9fce33cd9c09763bd2797983f50 (3_32bit)
[POOL] Failed to kill container 2119e1584663: 409 Client Error for http+docker://localhost/v1.50/containers/2119e1584663b64bd3de51392fb6df2cfeb95262988d7327fde06b387ec52854/kill: Conflict ("cannot kill container: 2119e1584663b64bd3de51392fb6df2cfeb95262988d7327fde06b387ec52854: container 2119e1584663b64bd3de51392fb6df2cfeb95262988d7327fde06b387ec52854 is not running")
[ANALYSISLOG] 9fd5b53a0367975250d0b073c01cb4680b7ef9fce33cd9c09763bd2797983f50 -> ../ELF_samples/benign_report/x86-i686/raw/9fd5b53a0367975250d0b073c01cb4680b7ef9fce33cd9c09763bd2797983f50_2026-01-31_16-15-01_671f7583.jsonl
[DOCKER] Selected image for libc=glibc: custom/i386-qemu
[CgroupManager] Added cgroup 85490 via bpftool
[CgroupManager] Added cgroup 85576 via bpftool
[EventRouter] DEBUG: EXEC #34 filename='/bin/true', triggers=['c92547d2455d337353d5cbb3fc4a2798b8da247d1c02801c4640974854965a8d', '/tmp/c92547d2455d337353d5cbb3fc4a2798b8da247d1c02801c4640974854965a8d']
[EventRouter] DEBUG: EXEC #34 filename='/bin/true', triggers=['35ac2d22155f681f4120d788a212db46a30384c4b087c8e582d0202b5d01fa8a', '/tmp/35ac2d22155f681f4120d788a212db46a30384c4b087c8e582d0202b5d01fa8a']
[CgroupManager] Added cgroup 85662 via bpftool
[EventRouter] DEBUG: EXEC #33 filename='/bin/true', triggers=['7f3f51c2b530f2f61efbba98487781438efb42332fded35992ef267301319c11', '/tmp/7f3f51c2b530f2f61efbba98487781438efb42332fded35992ef267301319c11']
[CgroupManager] Added cgroup 85748 via bpftool
[POOL] Collected 6 events for analysis (read from log file)
[POOL] Running analyzers on 6 events for 4d17b615858d425b0ce2ff854f08e54aab799d49a516c4b378d036678a60672f.minix
[POOL] Analysis completed: 0 findings in 0.00s (5700 events/s)
[AI-Integration] Submitted task: 7255c6c5
[AI] 7255c6c5 queued for DeepSeek analysis
[EventRouter] DEBUG: EXEC #33 filename='/bin/true', triggers=['451c68bb66bb8942567e9281a1f22487883d17d6bac5e723b7bca9d0cbcda518', '/tmp/451c68bb66bb8942567e9281a1f22487883d17d6bac5e723b7bca9d0cbcda518']
[CgroupManager] Removed cgroup 85404 via bpftool
[POOL] Cleanup scheduled for 9aa9b1ded345
[DockerWorker-3] ✓ Completed: 4d17b615858d425b0ce2ff854f08e54aab799d49a516c4b378d036678a60672f.minix (6 events) (1.11s)
[DockerWorker-3] Starting: b77547ad27f46f1831bd4be7a302b4facdde1370ad67208dc6b8a8bfe9120628 (3_32bit)
[ANALYSISLOG] b77547ad27f46f1831bd4be7a302b4facdde1370ad67208dc6b8a8bfe9120628 -> ../ELF_samples/benign_report/x86-i686/raw/b77547ad27f46f1831bd4be7a302b4facdde1370ad67208dc6b8a8bfe9120628_2026-01-31_16-15-01_bf54238d.jsonl
[DOCKER] Selected image for libc=glibc: custom/i386-qemu
[EventRouter] ARM detected at event 131 for cgroup 85576
[EventRouter] Discarded 130 pre-ARM events for cgroup 85576
[DOCKER] Container exit code: 0
[DOCKER][STDOUT] BEGIN
BZh9rE8P\x90    
[DOCKER][STDOUT] END
[DOCKER] Raw stdout saved: ../ELF_samples/benign_report/x86-i686/raw/c92547d2455d337353d5cbb3fc4a2798b8da247d1c02801c4640974854965a8d_2026-01-31_16-15-01_433de8ed_container_stdout.txt
[CgroupManager] Added cgroup 85834 via bpftool
[EventRouter] ARM detected at event 132 for cgroup 85490
[EventRouter] Discarded 131 pre-ARM events for cgroup 85490
[DOCKER] Container exit code: 1
[DOCKER][STDOUT] BEGIN
Usage: 35ac2d22155f681f4120d788a212db46a30384c4b087c8e582d0202b5d01fa8a [-c|-l filename] [-b block-size] [-C cluster-size]
	[-i bytes-per-inode] [-I inode-size] [-J journal-options]
	[-G flex-group-size] [-N number-of-inodes] [-d root-directory]
	[-m reserved-blocks-percentage] [-o creator-os]
	[-g blocks-per-group] [-L volume-label] [-M last-mounted-directory]
	[-O feature[,...]] [-r fs-revision] [-E extended-option[,...]]
	[-t fs-type] [-T usage-type ] [-U UUID] [-e errors_behavior][-z undo_file]
	[-jnqvDFSV] device [blocks-count]
[DOCKER][STDOUT] END
[DOCKER] Raw stdout saved: ../ELF_samples/benign_report/x86-i686/raw/35ac2d22155f681f4120d788a212db46a30384c4b087c8e582d0202b5d01fa8a_2026-01-31_16-15-01_5bf436b9_container_stdout.txt
[EventRouter] ARM detected at event 149 for cgroup 85748
[EventRouter] Discarded 148 pre-ARM events for cgroup 85748
[EventRouter] ARM detected at event 134 for cgroup 85662
[EventRouter] Discarded 133 pre-ARM events for cgroup 85662
[DOCKER] Container exit code: 0
[DOCKER] Container exit code: 1
[DOCKER][STDOUT] BEGIN
451c68bb66bb8942567e9281a1f22487883d17d6bac5e723b7bca9d0cbcda518: eth1: No such device
[DOCKER][STDOUT] END
[DOCKER] Raw stdout saved: ../ELF_samples/benign_report/x86-i686/raw/451c68bb66bb8942567e9281a1f22487883d17d6bac5e723b7bca9d0cbcda518_2026-01-31_16-15-01_b2a5fb51_container_stdout.txt
[CgroupManager] Added cgroup 85920 via bpftool
[EventRouter] ARM detected at event 169 for cgroup 85834
[EventRouter] Discarded 168 pre-ARM events for cgroup 85834
[EventRouter] DEBUG: EXEC #33 filename='/bin/true', triggers=['b77547ad27f46f1831bd4be7a302b4facdde1370ad67208dc6b8a8bfe9120628', '/tmp/b77547ad27f46f1831bd4be7a302b4facdde1370ad67208dc6b8a8bfe9120628']
[EventRouter] ARM detected at event 132 for cgroup 85920
[EventRouter] Discarded 131 pre-ARM events for cgroup 85920
[DOCKER] Container exit code: 1
[DOCKER][STDOUT] BEGIN
b77547ad27f46f1831bd4be7a302b4facdde1370ad67208dc6b8a8bfe9120628: not enough arguments
Try 'b77547ad27f46f1831bd4be7a302b4facdde1370ad67208dc6b8a8bfe9120628 --help' for more information.
[DOCKER][STDOUT] END
[DOCKER] Raw stdout saved: ../ELF_samples/benign_report/x86-i686/raw/b77547ad27f46f1831bd4be7a302b4facdde1370ad67208dc6b8a8bfe9120628_2026-01-31_16-15-01_bf54238d_container_stdout.txt
[POOL] Collected 9 events for analysis (read from log file)
[POOL] Running analyzers on 9 events for c92547d2455d337353d5cbb3fc4a2798b8da247d1c02801c4640974854965a8d
[POOL] Analysis completed: 1 findings in 0.00s (7986 events/s)
[AI-Integration] Submitted task: 433de8ed
[AI] 433de8ed queued for DeepSeek analysis
[CgroupManager] Removed cgroup 85576 via bpftool
[POOL] Cleanup scheduled for 9580a0ade5f7
[DockerWorker-2] ✓ Completed: c92547d2455d337353d5cbb3fc4a2798b8da247d1c02801c4640974854965a8d (9 events) (1.11s)
[DockerWorker-2] Starting: f34d4321807d5cc3c074dccfbf5b541202f07f344b5b1d84fa95ad45a55c0cd1 (3_32bit)
[ANALYSISLOG] f34d4321807d5cc3c074dccfbf5b541202f07f344b5b1d84fa95ad45a55c0cd1 -> ../ELF_samples/benign_report/x86-i686/raw/f34d4321807d5cc3c074dccfbf5b541202f07f344b5b1d84fa95ad45a55c0cd1_2026-01-31_16-15-02_ae466ab7.jsonl
[DOCKER] Selected image for libc=glibc: custom/i386-qemu
[POOL] Collected 8 events for analysis (read from log file)
[POOL] Running analyzers on 8 events for 35ac2d22155f681f4120d788a212db46a30384c4b087c8e582d0202b5d01fa8a
[POOL] Analysis completed: 0 findings in 0.00s (7472 events/s)
[AI-Integration] Submitted task: 5bf436b9
[AI] 5bf436b9 queued for DeepSeek analysis
[POOL] Collected 6 events for analysis (read from log file)
[POOL] Running analyzers on 6 events for 7f3f51c2b530f2f61efbba98487781438efb42332fded35992ef267301319c11
[POOL] Analysis completed: 0 findings in 0.00s (5638 events/s)
[AI-Integration] Submitted task: b0127cf3
[AI] b0127cf3 queued for DeepSeek analysis
[POOL] Collected 7 events for analysis (read from log file)
[POOL] Running analyzers on 7 events for 451c68bb66bb8942567e9281a1f22487883d17d6bac5e723b7bca9d0cbcda518
[POOL] Analysis completed: 0 findings in 0.00s (6642 events/s)
[AI-Integration] Submitted task: b2a5fb51
[AI] b2a5fb51 queued for DeepSeek analysis
[CgroupManager] Removed cgroup 85490 via bpftool
[POOL] Cleanup scheduled for 7286c7de9471
[DockerWorker-4] ✓ Completed: 35ac2d22155f681f4120d788a212db46a30384c4b087c8e582d0202b5d01fa8a (8 events) (1.22s)
[DockerWorker-4] Starting: e67770e31b3114bccb251fcc295b562550dc36df85271b1f319837bdcde03095 (3_32bit)
[ANALYSISLOG] e67770e31b3114bccb251fcc295b562550dc36df85271b1f319837bdcde03095 -> ../ELF_samples/benign_report/x86-i686/raw/e67770e31b3114bccb251fcc295b562550dc36df85271b1f319837bdcde03095_2026-01-31_16-15-02_2b584d9a.jsonl
[DOCKER] Selected image for libc=glibc: custom/i386-qemu
[CgroupManager] Removed cgroup 85748 via bpftool
[POOL] Cleanup scheduled for 0a3f637a6ef3
[DockerWorker-5] ✓ Completed: 451c68bb66bb8942567e9281a1f22487883d17d6bac5e723b7bca9d0cbcda518 (7 events) (1.06s)
[DockerWorker-5] Starting: 1541d289f38f36064984e8caebd32ed1ca08c7e97daa92b6547168c9609eeb57 (3_32bit)
[ANALYSISLOG] 1541d289f38f36064984e8caebd32ed1ca08c7e97daa92b6547168c9609eeb57 -> ../ELF_samples/benign_report/x86-i686/raw/1541d289f38f36064984e8caebd32ed1ca08c7e97daa92b6547168c9609eeb57_2026-01-31_16-15-02_08ce12e9.jsonl
[DOCKER] Selected image for libc=glibc: custom/i386-qemu
[CgroupManager] Removed cgroup 85662 via bpftool
[POOL] Cleanup scheduled for bf07a4a164dc
[DockerWorker-0] ✓ Completed: 7f3f51c2b530f2f61efbba98487781438efb42332fded35992ef267301319c11 (6 events) (1.14s)
[DockerWorker-0] Starting: b9a129a79b951fbaf5adafa7ea7f325ca65b5da5efc7fcb10ac2aefd8c00c186 (3_32bit)
[ANALYSISLOG] b9a129a79b951fbaf5adafa7ea7f325ca65b5da5efc7fcb10ac2aefd8c00c186 -> ../ELF_samples/benign_report/x86-i686/raw/b9a129a79b951fbaf5adafa7ea7f325ca65b5da5efc7fcb10ac2aefd8c00c186_2026-01-31_16-15-02_b0612677.jsonl
[DOCKER] Selected image for libc=glibc: custom/i386-qemu
[CgroupManager] Added cgroup 86006 via bpftool
[EventRouter] DEBUG: EXEC #33 filename='/bin/true', triggers=['f34d4321807d5cc3c074dccfbf5b541202f07f344b5b1d84fa95ad45a55c0cd1', '/tmp/f34d4321807d5cc3c074dccfbf5b541202f07f344b5b1d84fa95ad45a55c0cd1']
[CgroupManager] Added cgroup 86092 via bpftool
[POOL] Collected 7 events for analysis (read from log file)
[POOL] Running analyzers on 7 events for b77547ad27f46f1831bd4be7a302b4facdde1370ad67208dc6b8a8bfe9120628
[POOL] Analysis completed: 0 findings in 0.00s (6578 events/s)
[AI-Integration] Submitted task: bf54238d
[AI] bf54238d queued for DeepSeek analysis
[CgroupManager] Added cgroup 86264 via bpftool
[CgroupManager] Removed cgroup 85920 via bpftool
[POOL] Cleanup scheduled for 5b7caf575fa9
[DockerWorker-3] ✓ Completed: b77547ad27f46f1831bd4be7a302b4facdde1370ad67208dc6b8a8bfe9120628 (7 events) (1.09s)
[DockerWorker-3] Starting: 61e0e6a6492357497d1752974225c06856bd996500261bc67c119e2aefc77540 (3_32bit)
[ANALYSISLOG] 61e0e6a6492357497d1752974225c06856bd996500261bc67c119e2aefc77540 -> ../ELF_samples/benign_report/x86-i686/raw/61e0e6a6492357497d1752974225c06856bd996500261bc67c119e2aefc77540_2026-01-31_16-15-02_31bd3938.jsonl
[DOCKER] Selected image for libc=glibc: custom/i386-qemu
[CgroupManager] Added cgroup 86178 via bpftool
[EventRouter] DEBUG: EXEC #36 filename='/bin/true', triggers=['e67770e31b3114bccb251fcc295b562550dc36df85271b1f319837bdcde03095', '/tmp/e67770e31b3114bccb251fcc295b562550dc36df85271b1f319837bdcde03095']
[EventRouter] DEBUG: EXEC #33 filename='/bin/true', triggers=['b9a129a79b951fbaf5adafa7ea7f325ca65b5da5efc7fcb10ac2aefd8c00c186', '/tmp/b9a129a79b951fbaf5adafa7ea7f325ca65b5da5efc7fcb10ac2aefd8c00c186']
[EventRouter] ARM detected at event 171 for cgroup 86006
[EventRouter] Discarded 170 pre-ARM events for cgroup 86006
[EventRouter] ARM detected at event 134 for cgroup 86264
[EventRouter] Discarded 133 pre-ARM events for cgroup 86264
[EventRouter] ARM detected at event 136 for cgroup 86092
[EventRouter] Discarded 135 pre-ARM events for cgroup 86092
[DOCKER] Container exit code: 0
[DOCKER][STDOUT] BEGIN
NAME      TYPE SIZE USED PRIO
/swap.img file   8G   0B   -2
[DOCKER][STDOUT] END
[DOCKER] Raw stdout saved: ../ELF_samples/benign_report/x86-i686/raw/b9a129a79b951fbaf5adafa7ea7f325ca65b5da5efc7fcb10ac2aefd8c00c186_2026-01-31_16-15-02_b0612677_container_stdout.txt
[DOCKER] Container exit code: 0
[EventRouter] ARM detected at event 171 for cgroup 86178
[EventRouter] Discarded 170 pre-ARM events for cgroup 86178
[DOCKER] Container exit code: 1
[DOCKER][STDOUT] BEGIN
Usage: odhcp6c [options] <interface>

Feature options:
	-S <time>	Wait at least <time> sec for a DHCP-server (0)
	-N <mode>	Mode for requesting addresses [try|force|none]
	-P <length>	Request IPv6-Prefix (0 = auto)
	-F		Force IPv6-Prefix
	-V <class>	Set vendor-class option (base-16 encoded)
	-u <user-class> Set user-class option string
	-c <clientid>	Override client-ID (base-16 encoded 16-bit type + value)
	-i <iface-id>	Use a custom interface identifier for RA handling
	-r <options>	Options to be requested (comma-separated)
	-R		Do not request any options except those specified with -r
	-s <script>	Status update script (/usr/sbin/odhcp6c-update)
	-a		Don't send Accept Reconfigure option
	-f		Don't send Client FQDN option
	-k		Don't send a RELEASE when stopping
	-t <seconds>	Maximum timeout for DHCPv6-SOLICIT (120)
	-m <seconds>	Minimum time between accepting updates (30)

Invocation options:
	-p <pidfile>	Set pidfile (/var/run/odhcp6c.pid)
	-d		Daemonize
	-e		Write logmessages to stderr
	-v		Increase logging verbosity
	-h		Show this help
[DOCKER][STDOUT] END
[DOCKER] Raw stdout saved: ../ELF_samples/benign_report/x86-i686/raw/1541d289f38f36064984e8caebd32ed1ca08c7e97daa92b6547168c9609eeb57_2026-01-31_16-15-02_08ce12e9_container_stdout.txt
[CgroupManager] Added cgroup 86350 via bpftool
[EventRouter] DEBUG: EXEC #33 filename='/bin/true', triggers=['61e0e6a6492357497d1752974225c06856bd996500261bc67c119e2aefc77540', '/tmp/61e0e6a6492357497d1752974225c06856bd996500261bc67c119e2aefc77540']
[EventRouter] ARM detected at event 131 for cgroup 86350
[EventRouter] Discarded 130 pre-ARM events for cgroup 86350
[DOCKER] Container exit code: 1
[DOCKER][STDOUT] BEGIN
Created directory: /var/lib/snmp
Created directory: /var/lib/snmp/cert_indexes
Created directory: /var/lib/snmp/mib_indexes
MIB search path: /root/.snmp/mibs:/usr/share/snmp/mibs
Cannot find module (SNMPv2-MIB): At line 0 in (none)
Cannot find module (IF-MIB): At line 0 in (none)
Cannot find module (IP-MIB): At line 0 in (none)
Cannot find module (TCP-MIB): At line 0 in (none)
Cannot find module (UDP-MIB): At line 0 in (none)
Cannot find module (HOST-RESOURCES-MIB): At line 0 in (none)
Cannot find module (HOST-RESOURCES-TYPES): At line 0 in (none)
Cannot find module (SNMP-VIEW-BASED-ACM-MIB): At line 0 in (none)
Cannot find module (SNMP-COMMUNITY-MIB): At line 0 in (none)
Cannot find module (SNMP-FRAMEWORK-MIB): At line 0 in (none)
Cannot find module (SNMP-MPD-MIB): At line 0 in (none)
Cannot find module (SNMP-USER-BASED-SM-MIB): At line 0 in (none)
No hostname specified.
Usage: snmpping [OPTIONS] AGENT DESTINATION

  Version:  5.8
  Web:      http://www.net-snmp.org/
  Email:    net-snmp-coders@lists.sourceforge.net

OPTIONS:
  -h, --help		display this help message
  -H			display configuration file directives understood
  -v 1|2c|3		specifies SNMP version to use
  -V, --version		display package version number
SNMP Version 1 or 2c specific
  -c COMMUNITY		set the community string
SNMP Version 3 specific
  -a PROTOCOL		set authentication protocol (MD5|SHA|SHA-224|SHA-256|SHA-384|SHA-512)
  -A PASSPHRASE		set authentication protocol pass phrase
  -e ENGINE-ID		set security engine ID (e.g. 800000020109840301)
  -E ENGINE-ID		set context engine ID (e.g. 800000020109840301)
  -l LEVEL		set security level (noAuthNoPriv|authNoPriv|authPriv)
  -n CONTEXT		set context name (e.g. bridge1)
  -u USER-NAME		set security name (e.g. bert)
  -x PROTOCOL		set privacy protocol (DES|AES)
  -X PASSPHRASE		set privacy protocol pass phrase
  -Z BOOTS,TIME		set destination engine boots/time
General communication options
  -r RETRIES		set the number of retries
  -t TIMEOUT		set the request timeout (in seconds)
Debugging
  -d			dump input/output packets in hexadecimal
  -D[TOKEN[,...]]	turn on debugging output for the specified TOKENs
			   (ALL gives extremely verbose debugging output)
General options
  -m MIB[:...]		load given list of MIBs (ALL loads everything)
  -M DIR[:...]		look in given list of directories for MIBs
    (default: /root/.snmp/mibs:/usr/share/snmp/mibs)
  -P MIBOPTS		Toggle various defaults controlling MIB parsing:
			  u:  allow the use of underlines in MIB symbols
			  c:  disallow the use of "--" to terminate comments
			  d:  save the DESCRIPTIONs of the MIB objects
			  e:  disable errors when MIB symbols conflict
			  w:  enable warnings when MIB symbols conflict
			  W:  enable detailed warnings when MIB symbols conflict
			  R:  replace MIB symbols from latest module
  -O OUTOPTS		Toggle various defaults controlling output display:
			  0:  print leading 0 for single-digit hex characters
			  a:  print all strings in ascii format
			  b:  do not break OID indexes down
			  e:  print enums numerically
			  E:  escape quotes in string indices
			  f:  print full OIDs on output
			  n:  print OIDs numerically
			  p PRECISION:  display floating point values with specified PRECISION (printf format string)
			  q:  quick print for easier parsing
			  Q:  quick print with equal-signs
			  s:  print only last symbolic element of OID
			  S:  print MIB module-id plus last element
			  t:  print timeticks unparsed as numeric integers
			  T:  print human-readable text along with hex strings
			  u:  print OIDs using UCD-style prefix suppression
			  U:  don't print units
			  v:  print values only (not OID = value)
			  x:  print all strings in hex format
			  X:  extended index format
  -I INOPTS		Toggle various defaults controlling input parsing:
			  b:  do best/regex matching to find a MIB node
			  h:  don't apply DISPLAY-HINTs
			  r:  do not check values for range/type legality
			  R:  do random access to OID labels
			  u:  top-level OIDs must have '.' prefix (UCD-style)
			  s SUFFIX:  Append all textual OIDs with SUFFIX before parsing
			  S PREFIX:  Prepend all textual OIDs with PREFIX before parsing
  -L LOGOPTS		Toggle various defaults controlling logging:
			  e:           log to standard error
			  o:           log to standard output
			  n:           don't log at all
			  f file:      log to the specified file
			  s facility:  log to syslog (via the specified facility)

			  (variants)
			  [EON] pri:   log to standard error, output or /dev/null for level 'pri' and above
			  [EON] p1-p2: log to standard error, output or /dev/null for levels 'p1' to 'p2'
			  [FS] pri token:    log to file/syslog for level 'pri' and above
			  [FS] p1-p2 token:  log to file/syslog for levels 'p1' to 'p2'

snmpping options:
	-Cc<pings>	Specify the number of pings (1-15)
	-Cs<size>	Specify the amount of extra data (0-65507)
[DOCKER][STDOUT] END
[DOCKER] Raw stdout saved: ../ELF_samples/benign_report/x86-i686/raw/61e0e6a6492357497d1752974225c06856bd996500261bc67c119e2aefc77540_2026-01-31_16-15-02_31bd3938_container_stdout.txt
[POOL] Collected 9 events for analysis (read from log file)
[POOL] Running analyzers on 9 events for b9a129a79b951fbaf5adafa7ea7f325ca65b5da5efc7fcb10ac2aefd8c00c186
[POOL] Analysis completed: 0 findings in 0.00s (8325 events/s)
[AI-Integration] Submitted task: b0612677
[AI] b0612677 queued for DeepSeek analysis
[POOL] Collected 6 events for analysis (read from log file)
[POOL] Running analyzers on 6 events for e67770e31b3114bccb251fcc295b562550dc36df85271b1f319837bdcde03095
[POOL] Analysis completed: 0 findings in 0.00s (5854 events/s)
[AI-Integration] Submitted task: 2b584d9a
[AI] 2b584d9a queued for DeepSeek analysis
[CgroupManager] Removed cgroup 86264 via bpftool
[POOL] Cleanup scheduled for f0cbc611ff95
[DockerWorker-0] ✓ Completed: b9a129a79b951fbaf5adafa7ea7f325ca65b5da5efc7fcb10ac2aefd8c00c186 (9 events) (1.12s)
[DockerWorker-0] Starting: 40cc5235736b403aeba35428830e4193ba08f446a3fbbec7cded18217bd24c98 (3_32bit)
[ANALYSISLOG] 40cc5235736b403aeba35428830e4193ba08f446a3fbbec7cded18217bd24c98 -> ../ELF_samples/benign_report/x86-i686/raw/40cc5235736b403aeba35428830e4193ba08f446a3fbbec7cded18217bd24c98_2026-01-31_16-15-03_2616998b.jsonl
[DOCKER] Selected image for libc=glibc: custom/i386-qemu
[CgroupManager] Removed cgroup 86092 via bpftool
[POOL] Cleanup scheduled for f2ca4b3fb7b8
[DockerWorker-4] ✓ Completed: e67770e31b3114bccb251fcc295b562550dc36df85271b1f319837bdcde03095 (6 events) (1.15s)
[DockerWorker-4] Starting: f88d0ff52e7ffc860d36906fb30eb736934d3f92a356e43a0deadf2bd11b7beb (3_32bit)
[ANALYSISLOG] f88d0ff52e7ffc860d36906fb30eb736934d3f92a356e43a0deadf2bd11b7beb -> ../ELF_samples/benign_report/x86-i686/raw/f88d0ff52e7ffc860d36906fb30eb736934d3f92a356e43a0deadf2bd11b7beb_2026-01-31_16-15-03_e547873e.jsonl
[DOCKER] Selected image for libc=glibc: custom/i386-qemu
[POOL] Collected 6 events for analysis (read from log file)
[POOL] Running analyzers on 6 events for 1541d289f38f36064984e8caebd32ed1ca08c7e97daa92b6547168c9609eeb57
[POOL] Analysis completed: 0 findings in 0.00s (5700 events/s)
[AI-Integration] Submitted task: 08ce12e9
[AI] 08ce12e9 queued for DeepSeek analysis
[CgroupManager] Removed cgroup 86178 via bpftool
[POOL] Cleanup scheduled for 41a532aa97bd
[DockerWorker-5] ✓ Completed: 1541d289f38f36064984e8caebd32ed1ca08c7e97daa92b6547168c9609eeb57 (6 events) (1.21s)
[DockerWorker-5] Starting: d444976c38f07f3b0def44843c596f78e4cfd386220da3bbfc7cd54381620b22 (3_32bit)
[ANALYSISLOG] d444976c38f07f3b0def44843c596f78e4cfd386220da3bbfc7cd54381620b22 -> ../ELF_samples/benign_report/x86-i686/raw/d444976c38f07f3b0def44843c596f78e4cfd386220da3bbfc7cd54381620b22_2026-01-31_16-15-03_5a1a8b37.jsonl
[DOCKER] Selected image for libc=glibc: custom/i386-qemu
[AI-Integration] Job 2a5529be analyzed via deepseek
[CgroupManager] Added cgroup 86522 via bpftool
[CgroupManager] Added cgroup 86436 via bpftool
[EventRouter] DEBUG: EXEC #33 filename='/bin/true', triggers=['40cc5235736b403aeba35428830e4193ba08f446a3fbbec7cded18217bd24c98', '/tmp/40cc5235736b403aeba35428830e4193ba08f446a3fbbec7cded18217bd24c98']
[EventRouter] DEBUG: EXEC #49 filename='/bin/true', triggers=['f88d0ff52e7ffc860d36906fb30eb736934d3f92a356e43a0deadf2bd11b7beb', '/tmp/f88d0ff52e7ffc860d36906fb30eb736934d3f92a356e43a0deadf2bd11b7beb']
[POOL] Collected 10 events for analysis (read from log file)
[POOL] Running analyzers on 10 events for 61e0e6a6492357497d1752974225c06856bd996500261bc67c119e2aefc77540
[POOL] Analysis completed: 0 findings in 0.00s (9540 events/s)
[AI-Integration] Submitted task: 31bd3938
[AI] 31bd3938 queued for DeepSeek analysis
[CgroupManager] Added cgroup 86608 via bpftool
[CgroupManager] Removed cgroup 86350 via bpftool
[POOL] Cleanup scheduled for 7d7c2f1dc892
[DockerWorker-3] ✓ Completed: 61e0e6a6492357497d1752974225c06856bd996500261bc67c119e2aefc77540 (10 events) (1.18s)
[DockerWorker-3] Starting: c71b582ed9df784e3f4f9e2fa5e5d983dd43264f0c0972992c7945539a180830 (3_32bit)
[ANALYSISLOG] c71b582ed9df784e3f4f9e2fa5e5d983dd43264f0c0972992c7945539a180830 -> ../ELF_samples/benign_report/x86-i686/raw/c71b582ed9df784e3f4f9e2fa5e5d983dd43264f0c0972992c7945539a180830_2026-01-31_16-15-04_6c80755e.jsonl
[DOCKER] Selected image for libc=glibc: custom/i386-qemu
[EventRouter] DEBUG: EXEC #33 filename='/bin/true', triggers=['d444976c38f07f3b0def44843c596f78e4cfd386220da3bbfc7cd54381620b22', '/tmp/d444976c38f07f3b0def44843c596f78e4cfd386220da3bbfc7cd54381620b22']
[EventRouter] ARM detected at event 147 for cgroup 86436
[EventRouter] Discarded 146 pre-ARM events for cgroup 86436
[EventRouter] ARM detected at event 134 for cgroup 86522
[EventRouter] Discarded 133 pre-ARM events for cgroup 86522
[EventRouter] ARM detected at event 130 for cgroup 86608
[EventRouter] Discarded 129 pre-ARM events for cgroup 86608
[DOCKER] Container exit code: 20
[DOCKER][STDOUT] BEGIN

USAGE: 40cc5235736b403aeba35428830e4193ba08f446a3fbbec7cded18217bd24c98 command device arguments options

Device is usually /dev/drbdX or /dev/drbd/X.

Commands are:
    primary             secondary           attach              
    disk-options        detach              connect             
    net-options         disconnect          resize              
    resource-options    new-current-uuid    invalidate          
    invalidate-remote   pause-sync          resume-sync         
    suspend-io          resume-io           outdate             
    verify              down                state               
    role                sh-status           cstate              
    dstate              show-gi             get-gi              
    show                status              check-resize        
    events              events2             wait-connect        
    wait-sync           new-resource        new-minor           
    del-minor           del-resource        

To get more details about a command issue 'drbdsetup help cmd'.
[DOCKER][STDOUT] END
[DOCKER] Raw stdout saved: ../ELF_samples/benign_report/x86-i686/raw/40cc5235736b403aeba35428830e4193ba08f446a3fbbec7cded18217bd24c98_2026-01-31_16-15-03_2616998b_container_stdout.txt
[DOCKER] Container exit code: 2
[DOCKER][STDOUT] BEGIN
Usage: ping [-aAbBdDfhLnOqrRUvV64] [-c count] [-i interval] [-I interface]
            [-m mark] [-M pmtudisc_option] [-l preload] [-p pattern] [-Q tos]
            [-s packetsize] [-S sndbuf] [-t ttl] [-T timestamp_option]
            [-w deadline] [-W timeout] [hop1 ...] destination
Usage: ping -6 [-aAbBdDfhLnOqrRUvV] [-c count] [-i interval] [-I interface]
             [-l preload] [-m mark] [-M pmtudisc_option]
             [-N nodeinfo_option] [-p pattern] [-Q tclass] [-s packetsize]
             [-S sndbuf] [-t ttl] [-T timestamp_option] [-w deadline]
             [-W timeout] destination
[DOCKER][STDOUT] END
[DOCKER] Raw stdout saved: ../ELF_samples/benign_report/x86-i686/raw/d444976c38f07f3b0def44843c596f78e4cfd386220da3bbfc7cd54381620b22_2026-01-31_16-15-03_5a1a8b37_container_stdout.txt
[DOCKER] Container exit code: 0
[DOCKER][STDOUT] BEGIN
SSH_AUTH_SOCK=/tmp/ssh-PVBgMkWaWzWc/agent.25; export SSH_AUTH_SOCK;
SSH_AGENT_PID=28; export SSH_AGENT_PID;
echo Agent pid 28;
[DOCKER][STDOUT] END
[DOCKER] Raw stdout saved: ../ELF_samples/benign_report/x86-i686/raw/f88d0ff52e7ffc860d36906fb30eb736934d3f92a356e43a0deadf2bd11b7beb_2026-01-31_16-15-03_e547873e_container_stdout.txt
[CgroupManager] Added cgroup 86694 via bpftool
[EventRouter] DEBUG: EXEC #34 filename='/bin/true', triggers=['c71b582ed9df784e3f4f9e2fa5e5d983dd43264f0c0972992c7945539a180830', '/tmp/c71b582ed9df784e3f4f9e2fa5e5d983dd43264f0c0972992c7945539a180830']
[EventRouter] ARM detected at event 131 for cgroup 86694
[EventRouter] Discarded 130 pre-ARM events for cgroup 86694
[DOCKER] Container exit code: 0
[POOL] Collected 6 events for analysis (read from log file)
[POOL] Running analyzers on 6 events for 40cc5235736b403aeba35428830e4193ba08f446a3fbbec7cded18217bd24c98
[POOL] Analysis completed: 0 findings in 0.00s (5313 events/s)
[AI-Integration] Submitted task: 2616998b
[AI] 2616998b queued for DeepSeek analysis
[CgroupManager] Removed cgroup 86522 via bpftool
[POOL] Cleanup scheduled for 8cec7e2f993c
[DockerWorker-0] ✓ Completed: 40cc5235736b403aeba35428830e4193ba08f446a3fbbec7cded18217bd24c98 (6 events) (1.15s)
[DockerWorker-0] Starting: fc136a7182bbfe2beafcf053ece2ea88d72b1dd7f4702ec2e5c76d3bcfa6d53a (3_32bit)
[ANALYSISLOG] fc136a7182bbfe2beafcf053ece2ea88d72b1dd7f4702ec2e5c76d3bcfa6d53a -> ../ELF_samples/benign_report/x86-i686/raw/fc136a7182bbfe2beafcf053ece2ea88d72b1dd7f4702ec2e5c76d3bcfa6d53a_2026-01-31_16-15-04_a9782b6c.jsonl
[DOCKER] Selected image for libc=glibc: custom/i386-qemu
[POOL] Collected 10 events for analysis (read from log file)
[POOL] Running analyzers on 10 events for d444976c38f07f3b0def44843c596f78e4cfd386220da3bbfc7cd54381620b22
[POOL] Analysis completed: 1 findings in 0.00s (8404 events/s)
[AI-Integration] Submitted task: 5a1a8b37
[AI] 5a1a8b37 queued for DeepSeek analysis
[CgroupManager] Removed cgroup 86608 via bpftool
[POOL] Cleanup scheduled for dad5b4797e34
[DockerWorker-5] ✓ Completed: d444976c38f07f3b0def44843c596f78e4cfd386220da3bbfc7cd54381620b22 (10 events) (1.10s)
[DockerWorker-5] Starting: bb63a592fb5035dd2da520369a65d7e4c617c0043bb6559cb82db990618e8bbc (3_32bit)
[ANALYSISLOG] bb63a592fb5035dd2da520369a65d7e4c617c0043bb6559cb82db990618e8bbc -> ../ELF_samples/benign_report/x86-i686/raw/bb63a592fb5035dd2da520369a65d7e4c617c0043bb6559cb82db990618e8bbc_2026-01-31_16-15-04_1a0e2893.jsonl
[DOCKER] Selected image for libc=glibc: custom/i386-qemu
[POOL] Collected 19 events for analysis (read from log file)
[POOL] Running analyzers on 19 events for f88d0ff52e7ffc860d36906fb30eb736934d3f92a356e43a0deadf2bd11b7beb
[POOL] Analysis completed: 1 findings in 0.00s (17019 events/s)
[AI-Integration] Submitted task: e547873e
[AI] e547873e queued for DeepSeek analysis
[CgroupManager] Removed cgroup 86436 via bpftool
[POOL] Cleanup scheduled for 5c79a55a8c27
[DockerWorker-4] ✓ Completed: f88d0ff52e7ffc860d36906fb30eb736934d3f92a356e43a0deadf2bd11b7beb (19 events) (1.22s)
[DockerWorker-4] Starting: ae5565638234d35e420cb96734386808f5d97d6ffb5bccce3574fbf777400daa (3_32bit)
[ANALYSISLOG] ae5565638234d35e420cb96734386808f5d97d6ffb5bccce3574fbf777400daa -> ../ELF_samples/benign_report/x86-i686/raw/ae5565638234d35e420cb96734386808f5d97d6ffb5bccce3574fbf777400daa_2026-01-31_16-15-04_6497ac5a.jsonl
[DOCKER] Selected image for libc=glibc: custom/i386-qemu
[CgroupManager] Added cgroup 86780 via bpftool
[EventRouter] DEBUG: EXEC #34 filename='/bin/true', triggers=['fc136a7182bbfe2beafcf053ece2ea88d72b1dd7f4702ec2e5c76d3bcfa6d53a', '/tmp/fc136a7182bbfe2beafcf053ece2ea88d72b1dd7f4702ec2e5c76d3bcfa6d53a']
[POOL] Collected 118 events for analysis (read from log file)
[POOL] Running analyzers on 118 events for c71b582ed9df784e3f4f9e2fa5e5d983dd43264f0c0972992c7945539a180830
[POOL] Analysis completed: 0 findings in 0.00s (103926 events/s)
[AI-Integration] Submitted task: 6c80755e
[AI] 6c80755e queued for DeepSeek analysis
[CgroupManager] Added cgroup 86866 via bpftool
[CgroupManager] Removed cgroup 86694 via bpftool
[POOL] Cleanup scheduled for e599957d5dc7
[DockerWorker-3] ✓ Completed: c71b582ed9df784e3f4f9e2fa5e5d983dd43264f0c0972992c7945539a180830 (118 events) (1.12s)
[DockerWorker-3] Starting: fa06540d9d1bc8290f1fba651909821633de42a622f262bc85b8b226ea0ff7a5 (3_32bit)
[ANALYSISLOG] fa06540d9d1bc8290f1fba651909821633de42a622f262bc85b8b226ea0ff7a5 -> ../ELF_samples/benign_report/x86-i686/raw/fa06540d9d1bc8290f1fba651909821633de42a622f262bc85b8b226ea0ff7a5_2026-01-31_16-15-05_addb73e1.jsonl
[DOCKER] Selected image for libc=glibc: custom/i386-qemu
[CgroupManager] Added cgroup 86952 via bpftool
[EventRouter] DEBUG: EXEC #49 filename='/bin/true', triggers=['ae5565638234d35e420cb96734386808f5d97d6ffb5bccce3574fbf777400daa', '/tmp/ae5565638234d35e420cb96734386808f5d97d6ffb5bccce3574fbf777400daa']
[EventRouter] DEBUG: EXEC #34 filename='/bin/true', triggers=['bb63a592fb5035dd2da520369a65d7e4c617c0043bb6559cb82db990618e8bbc', '/tmp/bb63a592fb5035dd2da520369a65d7e4c617c0043bb6559cb82db990618e8bbc']
[EventRouter] ARM detected at event 134 for cgroup 86780
[EventRouter] Discarded 133 pre-ARM events for cgroup 86780
[DOCKER] Container exit code: 0
[DOCKER][STDOUT] BEGIN
dbus-daemon-activation-helper service.to.activate
[DOCKER][STDOUT] END
[DOCKER] Raw stdout saved: ../ELF_samples/benign_report/x86-i686/raw/fc136a7182bbfe2beafcf053ece2ea88d72b1dd7f4702ec2e5c76d3bcfa6d53a_2026-01-31_16-15-04_a9782b6c_container_stdout.txt
[EventRouter] ARM detected at event 150 for cgroup 86866
[EventRouter] Discarded 149 pre-ARM events for cgroup 86866
[EventRouter] ARM detected at event 149 for cgroup 86952
[EventRouter] Discarded 148 pre-ARM events for cgroup 86952
[DOCKER] Container exit code: 0
[DOCKER][STDOUT] BEGIN
Usage: upnpd [-f] <external ifname> <internal ifname>
  -f	don't daemonize
Example: upnpd ppp0 eth0
[DOCKER][STDOUT] END
[DOCKER] Raw stdout saved: ../ELF_samples/benign_report/x86-i686/raw/ae5565638234d35e420cb96734386808f5d97d6ffb5bccce3574fbf777400daa_2026-01-31_16-15-04_6497ac5a_container_stdout.txt
[DOCKER] Container exit code: 1
[DOCKER][STDOUT] BEGIN
HA-Proxy version 1.9.1 2019/01/08 - https://haproxy.org/
Usage : bb63a592fb5035dd2da520369a65d7e4c617c0043bb6559cb82db990618e8bbc [-f <cfgfile|cfgdir>]* [ -vdVD ] [ -n <maxconn> ] [ -N <maxpconn> ]
        [ -p <pidfile> ] [ -m <max megs> ] [ -C <dir> ] [-- <cfgfile>*]
        -v displays version ; -vv shows known build options.
        -d enters debug mode ; -db only disables background mode.
        -dM[<byte>] poisons memory with <byte> (defaults to 0x50)
        -V enters verbose mode (disables quiet mode)
        -D goes daemon ; -C changes to <dir> before loading files.
        -W master-worker mode.
        -q quiet mode : don't display messages
        -c check mode : only check config files and exit
        -n sets the maximum total # of connections (2000)
        -m limits the usable amount of memory (in MB)
        -N sets the default, per-proxy maximum # of connections (2000)
        -L set local peer name (default to hostname)
        -p writes pids of all children to this file
        -dp disables poll() usage even when available
        -dR disables SO_REUSEPORT usage
        -dr ignores server address resolution failures
        -dV disables SSL verify on servers side
        -sf/-st [pid ]* finishes/terminates old pids.
        -x <unix_socket> get listening sockets from a unix socket
        -S <unix_socket>[,<bind options>...] new stats socket for the master
[DOCKER][STDOUT] END
[DOCKER] Raw stdout saved: ../ELF_samples/benign_report/x86-i686/raw/bb63a592fb5035dd2da520369a65d7e4c617c0043bb6559cb82db990618e8bbc_2026-01-31_16-15-04_1a0e2893_container_stdout.txt
[CgroupManager] Added cgroup 87038 via bpftool
[EventRouter] DEBUG: EXEC #33 filename='/bin/true', triggers=['fa06540d9d1bc8290f1fba651909821633de42a622f262bc85b8b226ea0ff7a5', '/tmp/fa06540d9d1bc8290f1fba651909821633de42a622f262bc85b8b226ea0ff7a5']
[EventRouter] ARM detected at event 133 for cgroup 87038
[EventRouter] Discarded 132 pre-ARM events for cgroup 87038
[POOL] Collected 7 events for analysis (read from log file)
[POOL] Running analyzers on 7 events for fc136a7182bbfe2beafcf053ece2ea88d72b1dd7f4702ec2e5c76d3bcfa6d53a
[POOL] Analysis completed: 0 findings in 0.00s (6500 events/s)
[AI-Integration] Submitted task: a9782b6c
[AI] a9782b6c queued for DeepSeek analysis
[CgroupManager] Removed cgroup 86780 via bpftool
[POOL] Cleanup scheduled for e02b0512faee
[DockerWorker-0] ✓ Completed: fc136a7182bbfe2beafcf053ece2ea88d72b1dd7f4702ec2e5c76d3bcfa6d53a (7 events) (1.11s)
[DockerWorker-0] Starting: 2d3a34276ce5be939c40320fdef2081071ca86bd71739fcc716b701763e7d0ba (3_32bit)
[ANALYSISLOG] 2d3a34276ce5be939c40320fdef2081071ca86bd71739fcc716b701763e7d0ba -> ../ELF_samples/benign_report/x86-i686/raw/2d3a34276ce5be939c40320fdef2081071ca86bd71739fcc716b701763e7d0ba_2026-01-31_16-15-05_47eaaf8d.jsonl
[DOCKER] Selected image for libc=glibc: custom/i386-qemu
[DOCKER] Container exit code: 0
[DOCKER][STDOUT] BEGIN
Kernel IP routing table
Destination     Gateway         Genmask         Flags Metric Ref    Use Iface
default         172.17.0.1      0.0.0.0         UG    0      0        0 eth0
172.17.0.0      0.0.0.0         255.255.0.0     U     0      0        0 eth0
[DOCKER][STDOUT] END
[DOCKER] Raw stdout saved: ../ELF_samples/benign_report/x86-i686/raw/fa06540d9d1bc8290f1fba651909821633de42a622f262bc85b8b226ea0ff7a5_2026-01-31_16-15-05_addb73e1_container_stdout.txt
[POOL] Collected 6 events for analysis (read from log file)
[POOL] Running analyzers on 6 events for ae5565638234d35e420cb96734386808f5d97d6ffb5bccce3574fbf777400daa
[POOL] Analysis completed: 0 findings in 0.00s (5625 events/s)
[AI-Integration] Submitted task: 6497ac5a
[AI] 6497ac5a queued for DeepSeek analysis
[CgroupManager] Removed cgroup 86952 via bpftool
[POOL] Cleanup scheduled for 5f4c69f9b762
[DockerWorker-4] ✓ Completed: ae5565638234d35e420cb96734386808f5d97d6ffb5bccce3574fbf777400daa (6 events) (1.10s)
[DockerWorker-4] Starting: 5c39516199481ce4719514fb82a625327f5212af27aae3a4fcf16dcf6b92a884 (3_32bit)
[ANALYSISLOG] 5c39516199481ce4719514fb82a625327f5212af27aae3a4fcf16dcf6b92a884 -> ../ELF_samples/benign_report/x86-i686/raw/5c39516199481ce4719514fb82a625327f5212af27aae3a4fcf16dcf6b92a884_2026-01-31_16-15-05_d68703f1.jsonl
[DOCKER] Selected image for libc=glibc: custom/i386-qemu
[POOL] Collected 7 events for analysis (read from log file)
[POOL] Running analyzers on 7 events for bb63a592fb5035dd2da520369a65d7e4c617c0043bb6559cb82db990618e8bbc
[POOL] Analysis completed: 0 findings in 0.00s (3678 events/s)
[AI-Integration] Submitted task: 1a0e2893
[AI] 1a0e2893 queued for DeepSeek analysis
[CgroupManager] Removed cgroup 86866 via bpftool
[POOL] Cleanup scheduled for 28e9c893a017
[DockerWorker-5] ✓ Completed: bb63a592fb5035dd2da520369a65d7e4c617c0043bb6559cb82db990618e8bbc (7 events) (1.22s)
[DockerWorker-5] Starting: f7da8c979c16c6e29ed8b235a04afd010ecd977089f349663cd5851ae387e743 (3_32bit)
[ANALYSISLOG] f7da8c979c16c6e29ed8b235a04afd010ecd977089f349663cd5851ae387e743 -> ../ELF_samples/benign_report/x86-i686/raw/f7da8c979c16c6e29ed8b235a04afd010ecd977089f349663cd5851ae387e743_2026-01-31_16-15-06_ea6fdc47.jsonl
[DOCKER] Selected image for libc=glibc: custom/i386-qemu
[CgroupManager] Added cgroup 87210 via bpftool
[CgroupManager] Added cgroup 87124 via bpftool
[EventRouter] DEBUG: EXEC #33 filename='/bin/true', triggers=['5c39516199481ce4719514fb82a625327f5212af27aae3a4fcf16dcf6b92a884', '/tmp/5c39516199481ce4719514fb82a625327f5212af27aae3a4fcf16dcf6b92a884']
[EventRouter] DEBUG: EXEC #34 filename='/bin/true', triggers=['2d3a34276ce5be939c40320fdef2081071ca86bd71739fcc716b701763e7d0ba', '/tmp/2d3a34276ce5be939c40320fdef2081071ca86bd71739fcc716b701763e7d0ba']
[CgroupManager] Added cgroup 87296 via bpftool
[AI-Integration] Job 3d471558 analyzed via deepseek
[EventRouter] DEBUG: EXEC #33 filename='/bin/true', triggers=['f7da8c979c16c6e29ed8b235a04afd010ecd977089f349663cd5851ae387e743', '/tmp/f7da8c979c16c6e29ed8b235a04afd010ecd977089f349663cd5851ae387e743']
[POOL] Collected 15 events for analysis (read from log file)
[POOL] Running analyzers on 15 events for fa06540d9d1bc8290f1fba651909821633de42a622f262bc85b8b226ea0ff7a5
[POOL] Analysis completed: 0 findings in 0.00s (13949 events/s)
[AI-Integration] Submitted task: addb73e1
[AI] addb73e1 queued for DeepSeek analysis
[CgroupManager] Removed cgroup 87038 via bpftool
[POOL] Cleanup scheduled for 36ddf0d461be
[DockerWorker-3] ✓ Completed: fa06540d9d1bc8290f1fba651909821633de42a622f262bc85b8b226ea0ff7a5 (15 events) (1.23s)
[DockerWorker-3] Starting: 735bf36ac111e04d4d889dddc130bd1699503d34c797a44ec5a6d0418eb6004b (3_32bit)
[ANALYSISLOG] 735bf36ac111e04d4d889dddc130bd1699503d34c797a44ec5a6d0418eb6004b -> ../ELF_samples/benign_report/x86-i686/raw/735bf36ac111e04d4d889dddc130bd1699503d34c797a44ec5a6d0418eb6004b_2026-01-31_16-15-06_06363232.jsonl
[DOCKER] Selected image for libc=glibc: custom/i386-qemu
[EventRouter] ARM detected at event 148 for cgroup 87124
[EventRouter] Discarded 147 pre-ARM events for cgroup 87124
[DOCKER] Container exit code: 1
[DOCKER][STDOUT] BEGIN
Error - no command specified
Usage: batctl [options] command|debug table [parameters]
options:
 	-m mesh interface or VLAN created on top of a mesh interface (default 'bat0')
 	-h print this help (or 'batctl <command|debug table> -h' for the parameter help)
 	-v print version

commands:
 	interface|if               [add|del iface(s)]	display or modify the interface settings
 	orig_interval|it                                display or modify orig_interval setting
 	ap_isolation|ap            [0|1]                display or modify ap_isolation setting
 	bridge_loop_avoidance|bl   [0|1]                display or modify bridge_loop_avoidance setting
 	distributed_arp_table|dat  [0|1]                display or modify distributed_arp_table setting
 	aggregation|ag             [0|1]                display or modify aggregation setting
 	bonding|b                  [0|1]                display or modify bonding setting
 	fragmentation|f            [0|1]                display or modify fragmentation setting
 	network_coding|nc          [0|1]                display or modify network_coding setting
 	isolation_mark|mark                                display or modify isolation_mark setting
 	multicast_mode|mm          [0|1]                display or modify multicast_mode setting
 	loglevel|ll                [level]           	display or modify the log level
 	log|l                                        	read the log produced by the kernel module
 	gw_mode|gw                 [mode]            	display or modify the gateway mode
 	routing_algo|ra            [mode]            	display or modify the routing algorithm

debug tables:                                   	display the corresponding debug table
 	neighbors|n
 	originators|o
 	gateways|gwl
 	translocal|tl
 	transglobal|tg
 	claimtable|cl
 	backbonetable|bbt
 	dat_cache|dc
 	nc_nodes|nn
 	mcast_flags|mf

 	statistics|s                                 	print mesh statistics
 	ping|p                     <destination>     	ping another batman adv host via layer 2
 	traceroute|tr              <destination>     	traceroute another batman adv host via layer 2
 	tcpdump|td                 <interface>       	tcpdump layer 2 traffic on the given interface
 	throughputmeter|tp         <destination>     	start a throughput measurement
 	translate|t                <destination>     	translate a destination to the originator responsible for it
[DOCKER][STDOUT] END
[DOCKER] Raw stdout saved: ../ELF_samples/benign_report/x86-i686/raw/2d3a34276ce5be939c40320fdef2081071ca86bd71739fcc716b701763e7d0ba_2026-01-31_16-15-05_47eaaf8d_container_stdout.txt
[EventRouter] ARM detected at event 133 for cgroup 87210
[EventRouter] Discarded 132 pre-ARM events for cgroup 87210
[DOCKER] Container exit code: 1
[DOCKER][STDOUT] BEGIN
/tmp/5c39516199481ce4719514fb82a625327f5212af27aae3a4fcf16dcf6b92a884: Requires two host/port[/tll].
Usage: /tmp/5c39516199481ce4719514fb82a625327f5212af27aae3a4fcf16dcf6b92a884 host/port[/ttl] host/port[/ttl] [...]
[DOCKER][STDOUT] END
[DOCKER] Raw stdout saved: ../ELF_samples/benign_report/x86-i686/raw/5c39516199481ce4719514fb82a625327f5212af27aae3a4fcf16dcf6b92a884_2026-01-31_16-15-05_d68703f1_container_stdout.txt
[EventRouter] ARM detected at event 134 for cgroup 87296
[EventRouter] Discarded 133 pre-ARM events for cgroup 87296
[DOCKER] Container exit code: 0
[DOCKER][STDOUT] BEGIN
cdialog (ComeOn Dialog!) version 1.3-20170509
Copyright 2000-2016,2017 Thomas E. Dickey
This is free software; see the source for copying conditions.  There is NO
warranty; not even for MERCHANTABILITY or FITNESS FOR A PARTICULAR PURPOSE.

* Display dialog boxes from shell scripts *

Usage: f7da8c979c16c6e29ed8b235a04afd010ecd977089f349663cd5851ae387e743 <options> { --and-widget <options> }
where options are "common" options, followed by "box" options

Special options:
  [--create-rc "file"]
Common options:
  [--ascii-lines] [--aspect <ratio>] [--backtitle <backtitle>] [--beep]
  [--beep-after] [--begin <y> <x>] [--cancel-label <str>] [--clear]
  [--colors] [--column-separator <str>] [--cr-wrap] [--date-format <str>]
  [--default-button <str>] [--default-item <str>] [--defaultno]
  [--exit-label <str>] [--extra-button] [--extra-label <str>]
  [--help-button] [--help-label <str>] [--help-status] [--help-tags]
  [--hfile <str>] [--hline <str>] [--ignore] [--input-fd <fd>]
  [--insecure] [--item-help] [--keep-tite] [--keep-window] [--last-key]
  [--max-input <n>] [--no-cancel] [--no-collapse] [--no-cr-wrap]
  [--no-items] [--no-kill] [--no-label <str>] [--no-lines] [--no-mouse]
  [--no-nl-expand] [--no-ok] [--no-shadow] [--no-tags] [--nook]
  [--ok-label <str>] [--output-fd <fd>] [--output-separator <str>]
  [--print-maxsize] [--print-size] [--print-version] [--quoted]
  [--reorder] [--scrollbar] [--separate-output] [--separate-widget <str>]
  [--shadow] [--single-quoted] [--size-err] [--sleep <secs>] [--stderr]
  [--stdout] [--tab-correct] [--tab-len <n>] [--time-format <str>]
  [--timeout <secs>] [--title <title>] [--trace <file>] [--trim]
  [--version] [--visit-items] [--week-start <str>] [--yes-label <str>]
Box options:
  --buildlist    <text> <height> <width> <list-height> <tag1> <item1> <status1>...
  --calendar     <text> <height> <width> <day> <month> <year>
  --checklist    <text> <height> <width> <list height> <tag1> <item1> <status1>...
  --dselect      <directory> <height> <width>
  --editbox      <file> <height> <width>
  --form         <text> <height> <width> <form height> <label1> <l_y1> <l_x1> <item1> <i_y1> <i_x1> <flen1> <ilen1>...
  --fselect      <filepath> <height> <width>
  --gauge        <text> <height> <width> [<percent>]
  --infobox      <text> <height> <width>
  --inputbox     <text> <height> <width> [<init>]
  --inputmenu    <text> <height> <width> <menu height> <tag1> <item1>...
  --menu         <text> <height> <width> <menu height> <tag1> <item1>...
  --mixedform    <text> <height> <width> <form height> <label1> <l_y1> <l_x1> <item1> <i_y1> <i_x1> <flen1> <ilen1> <itype>...
  --mixedgauge   <text> <height> <width> <percent> <tag1> <item1>...
  --msgbox       <text> <height> <width>
  --passwordbox  <text> <height> <width> [<init>]
  --passwordform <text> <height> <width> <form height> <label1> <l_y1> <l_x1> <item1> <i_y1> <i_x1> <flen1> <ilen1>...
  --pause        <text> <height> <width> <seconds>
  --prgbox       <text> <command> <height> <width>
  --programbox   <text> <height> <width>
  --progressbox  <text> <height> <width>
  --radiolist    <text> <height> <width> <list height> <tag1> <item1> <status1>...
  --rangebox     <text> <height> <width> <min-value> <max-value> <default-value>
  --tailbox      <file> <height> <width>
  --tailboxbg    <file> <height> <width>
  --textbox      <file> <height> <width>
  --timebox      <text> <height> <width> <hour> <minute> <second>
  --treeview     <text> <height> <width> <list-height> <tag1> <item1> <status1> <depth1>...
  --yesno        <text> <height> <width>

Auto-size with height and width = 0. Maximize with height and width = -1.
Global-auto-size if also menu_height/list_height = 0.
[DOCKER][STDOUT] END
[DOCKER] Raw stdout saved: ../ELF_samples/benign_report/x86-i686/raw/f7da8c979c16c6e29ed8b235a04afd010ecd977089f349663cd5851ae387e743_2026-01-31_16-15-06_ea6fdc47_container_stdout.txt
[AI-Integration] Job a428a978 analyzed via deepseek
[CgroupManager] Added cgroup 87382 via bpftool
[EventRouter] DEBUG: EXEC #33 filename='/bin/true', triggers=['735bf36ac111e04d4d889dddc130bd1699503d34c797a44ec5a6d0418eb6004b', '/tmp/735bf36ac111e04d4d889dddc130bd1699503d34c797a44ec5a6d0418eb6004b']
[DOCKER] Container exit code: 1
[DOCKER][STDOUT] BEGIN
Generating public/private rsa key pair.
Enter file in which to save the key (/root/.ssh/id_rsa):
[DOCKER][STDOUT] END
[DOCKER] Raw stdout saved: ../ELF_samples/benign_report/x86-i686/raw/9fd5b53a0367975250d0b073c01cb4680b7ef9fce33cd9c09763bd2797983f50_2026-01-31_16-15-01_671f7583_container_stdout.txt
[EventRouter] ARM detected at event 130 for cgroup 87382
[EventRouter] Discarded 129 pre-ARM events for cgroup 87382
[DOCKER] Container exit code: 1
[DOCKER][STDOUT] BEGIN
/tmp/735bf36ac111e04d4d889dddc130bd1699503d34c797a44ec5a6d0418eb6004b: FATAL: No Filename configured.Usage:
/tmp/735bf36ac111e04d4d889dddc130bd1699503d34c797a44ec5a6d0418eb6004b [-d] -f <configuration file>
[DOCKER][STDOUT] END
[DOCKER] Raw stdout saved: ../ELF_samples/benign_report/x86-i686/raw/735bf36ac111e04d4d889dddc130bd1699503d34c797a44ec5a6d0418eb6004b_2026-01-31_16-15-06_06363232_container_stdout.txt
[POOL] Collected 7 events for analysis (read from log file)
[POOL] Running analyzers on 7 events for 2d3a34276ce5be939c40320fdef2081071ca86bd71739fcc716b701763e7d0ba
[POOL] Analysis completed: 0 findings in 0.00s (6570 events/s)
[AI-Integration] Submitted task: 47eaaf8d
[AI] 47eaaf8d queued for DeepSeek analysis
[POOL] Collected 6 events for analysis (read from log file)
[POOL] Running analyzers on 6 events for 5c39516199481ce4719514fb82a625327f5212af27aae3a4fcf16dcf6b92a884
[POOL] Analysis completed: 0 findings in 0.00s (5635 events/s)
[AI-Integration] Submitted task: d68703f1
[AI] d68703f1 queued for DeepSeek analysis
[CgroupManager] Removed cgroup 87124 via bpftool
[POOL] Cleanup scheduled for d2cb5a8f7541
[DockerWorker-0] ✓ Completed: 2d3a34276ce5be939c40320fdef2081071ca86bd71739fcc716b701763e7d0ba (7 events) (1.17s)
[DockerWorker-0] Starting: 730c15c839da64d297e46422220ae5808af670e3d5e098d029ac5338c077cbe6 (3_32bit)
[ANALYSISLOG] 730c15c839da64d297e46422220ae5808af670e3d5e098d029ac5338c077cbe6 -> ../ELF_samples/benign_report/x86-i686/raw/730c15c839da64d297e46422220ae5808af670e3d5e098d029ac5338c077cbe6_2026-01-31_16-15-07_33d410de.jsonl
[DOCKER] Selected image for libc=glibc: custom/i386-qemu
[CgroupManager] Removed cgroup 87210 via bpftool
[POOL] Cleanup scheduled for 94cd010961dc
[DockerWorker-4] ✓ Completed: 5c39516199481ce4719514fb82a625327f5212af27aae3a4fcf16dcf6b92a884 (6 events) (1.11s)
[DockerWorker-4] Starting: a763dc69e8594f2f896b496e5a40c7781815dfed71fc3064328b688b7bff1860 (3_32bit)
[ANALYSISLOG] a763dc69e8594f2f896b496e5a40c7781815dfed71fc3064328b688b7bff1860 -> ../ELF_samples/benign_report/x86-i686/raw/a763dc69e8594f2f896b496e5a40c7781815dfed71fc3064328b688b7bff1860_2026-01-31_16-15-07_de6da8e4.jsonl
[DOCKER] Selected image for libc=glibc: custom/i386-qemu
[POOL] Collected 6 events for analysis (read from log file)
[POOL] Running analyzers on 6 events for f7da8c979c16c6e29ed8b235a04afd010ecd977089f349663cd5851ae387e743
[POOL] Analysis completed: 0 findings in 0.00s (5652 events/s)
[AI-Integration] Submitted task: ea6fdc47
[AI] ea6fdc47 queued for DeepSeek analysis
[CgroupManager] Removed cgroup 87296 via bpftool
[POOL] Cleanup scheduled for 1a35199229ea
[DockerWorker-5] ✓ Completed: f7da8c979c16c6e29ed8b235a04afd010ecd977089f349663cd5851ae387e743 (6 events) (1.06s)
[DockerWorker-5] Starting: 858d1f030621dd93c45d703f0fd8bc78617611a1e6e14cd1df41bb248e3b8cab (3_32bit)
[ANALYSISLOG] 858d1f030621dd93c45d703f0fd8bc78617611a1e6e14cd1df41bb248e3b8cab -> ../ELF_samples/benign_report/x86-i686/raw/858d1f030621dd93c45d703f0fd8bc78617611a1e6e14cd1df41bb248e3b8cab_2026-01-31_16-15-07_3df68f28.jsonl
[DOCKER] Selected image for libc=glibc: custom/i386-qemu
[AI-Integration] Job 6220f2fd analyzed via deepseek
[POOL] Collected 10 events for analysis (read from log file)
[POOL] Running analyzers on 10 events for 9fd5b53a0367975250d0b073c01cb4680b7ef9fce33cd9c09763bd2797983f50
[POOL] Analysis completed: 0 findings in 0.00s (9549 events/s)
[AI-Integration] Submitted task: 671f7583
[AI] 671f7583 queued for DeepSeek analysis
[CgroupManager] Added cgroup 87468 via bpftool
[CgroupManager] Added cgroup 87640 via bpftool
[CgroupManager] Removed cgroup 85834 via bpftool
[POOL] Cleanup scheduled for 27614b19031e
[DockerWorker-1] ✓ Completed: 9fd5b53a0367975250d0b073c01cb4680b7ef9fce33cd9c09763bd2797983f50 (10 events) (5.85s)
[DockerWorker-1] Starting: 6c537e01cedb9c53c79f2955efc2e76287d8d466d553ed5c454e74743f8d46d6 (3_32bit)
[CgroupManager] Added cgroup 87554 via bpftool
[ANALYSISLOG] 6c537e01cedb9c53c79f2955efc2e76287d8d466d553ed5c454e74743f8d46d6 -> ../ELF_samples/benign_report/x86-i686/raw/6c537e01cedb9c53c79f2955efc2e76287d8d466d553ed5c454e74743f8d46d6_2026-01-31_16-15-07_b588af5a.jsonl
[DOCKER] Selected image for libc=glibc: custom/i386-qemu
[EventRouter] DEBUG: EXEC #49 filename='/bin/true', triggers=['858d1f030621dd93c45d703f0fd8bc78617611a1e6e14cd1df41bb248e3b8cab', '/tmp/858d1f030621dd93c45d703f0fd8bc78617611a1e6e14cd1df41bb248e3b8cab']
[EventRouter] DEBUG: EXEC #49 filename='/bin/true', triggers=['a763dc69e8594f2f896b496e5a40c7781815dfed71fc3064328b688b7bff1860', '/tmp/a763dc69e8594f2f896b496e5a40c7781815dfed71fc3064328b688b7bff1860']
[EventRouter] DEBUG: EXEC #35 filename='/bin/true', triggers=['730c15c839da64d297e46422220ae5808af670e3d5e098d029ac5338c077cbe6', '/tmp/730c15c839da64d297e46422220ae5808af670e3d5e098d029ac5338c077cbe6']
[POOL] Collected 7 events for analysis (read from log file)
[POOL] Running analyzers on 7 events for 735bf36ac111e04d4d889dddc130bd1699503d34c797a44ec5a6d0418eb6004b
[POOL] Analysis completed: 0 findings in 0.00s (6564 events/s)
[AI-Integration] Submitted task: 06363232
[AI] 06363232 queued for DeepSeek analysis
[CgroupManager] Removed cgroup 87382 via bpftool
[POOL] Cleanup scheduled for 4cdce9f4ad7c
[DockerWorker-3] ✓ Completed: 735bf36ac111e04d4d889dddc130bd1699503d34c797a44ec5a6d0418eb6004b (7 events) (1.12s)
[DockerWorker-3] Starting: 8e889938e117b0142b9af34aba113f3601ba12644838f8b967157ad8f1581a81 (3_32bit)
[ANALYSISLOG] 8e889938e117b0142b9af34aba113f3601ba12644838f8b967157ad8f1581a81 -> ../ELF_samples/benign_report/x86-i686/raw/8e889938e117b0142b9af34aba113f3601ba12644838f8b967157ad8f1581a81_2026-01-31_16-15-07_b929cf96.jsonl
[DOCKER] Selected image for libc=glibc: custom/i386-qemu
[AI-Integration] Job 1391f9cb analyzed via deepseek
[EventRouter] ARM detected at event 146 for cgroup 87554
[EventRouter] Discarded 145 pre-ARM events for cgroup 87554
[DOCKER] Container exit code: 1
[DOCKER][STDOUT] BEGIN
Internet Systems Consortium DHCP Relay Agent 4.3.6
Copyright 2004-2017 Internet Systems Consortium.
All rights reserved.
For info, please visit https://www.isc.org/software/dhcp/
No servers specified.

If you think you have received this message due to a bug rather
than a configuration issue please read the section on submitting
bugs on either our web page at www.isc.org or in the README file
before submitting a bug.  These pages explain the proper
process and the information we find helpful for debugging.

exiting.
[DOCKER][STDOUT] END
[DOCKER] Raw stdout saved: ../ELF_samples/benign_report/x86-i686/raw/a763dc69e8594f2f896b496e5a40c7781815dfed71fc3064328b688b7bff1860_2026-01-31_16-15-07_de6da8e4_container_stdout.txt
[EventRouter] ARM detected at event 175 for cgroup 87468
[EventRouter] Discarded 174 pre-ARM events for cgroup 87468
[DOCKER] Container exit code: 0
[EventRouter] ARM detected at event 150 for cgroup 87640
[EventRouter] Discarded 149 pre-ARM events for cgroup 87640
[DOCKER] Container exit code: 1
[DOCKER][STDOUT] BEGIN
858d1f030621dd93c45d703f0fd8bc78617611a1e6e14cd1df41bb248e3b8cab: /dev/ttyUSB0: No such file or directory
[DOCKER][STDOUT] END
[DOCKER] Raw stdout saved: ../ELF_samples/benign_report/x86-i686/raw/858d1f030621dd93c45d703f0fd8bc78617611a1e6e14cd1df41bb248e3b8cab_2026-01-31_16-15-07_3df68f28_container_stdout.txt
[CgroupManager] Added cgroup 87726 via bpftool
[EventRouter] DEBUG: EXEC #35 filename='/bin/true', triggers=['6c537e01cedb9c53c79f2955efc2e76287d8d466d553ed5c454e74743f8d46d6', '/tmp/6c537e01cedb9c53c79f2955efc2e76287d8d466d553ed5c454e74743f8d46d6']
[CgroupManager] Added cgroup 87812 via bpftool
[EventRouter] DEBUG: EXEC #33 filename='/bin/true', triggers=['8e889938e117b0142b9af34aba113f3601ba12644838f8b967157ad8f1581a81', '/tmp/8e889938e117b0142b9af34aba113f3601ba12644838f8b967157ad8f1581a81']
[EventRouter] ARM detected at event 132 for cgroup 87726
[EventRouter] Discarded 131 pre-ARM events for cgroup 87726
[DOCKER] Container exit code: 1
[DOCKER][STDOUT] BEGIN
6c537e01cedb9c53c79f2955efc2e76287d8d466d553ed5c454e74743f8d46d6: no disk device specified
[DOCKER][STDOUT] END
[DOCKER] Raw stdout saved: ../ELF_samples/benign_report/x86-i686/raw/6c537e01cedb9c53c79f2955efc2e76287d8d466d553ed5c454e74743f8d46d6_2026-01-31_16-15-07_b588af5a_container_stdout.txt
[EventRouter] ARM detected at event 131 for cgroup 87812
[EventRouter] Discarded 130 pre-ARM events for cgroup 87812
[DOCKER] Container exit code: 0
[POOL] Collected 64 events for analysis (read from log file)
[POOL] Running analyzers on 64 events for a763dc69e8594f2f896b496e5a40c7781815dfed71fc3064328b688b7bff1860
[POOL] Analysis completed: 0 findings in 0.00s (55769 events/s)
[AI-Integration] Submitted task: de6da8e4
[AI] de6da8e4 queued for DeepSeek analysis
[CgroupManager] Removed cgroup 87554 via bpftool
[POOL] Cleanup scheduled for ca45071750e3
[DockerWorker-4] ✓ Completed: a763dc69e8594f2f896b496e5a40c7781815dfed71fc3064328b688b7bff1860 (64 events) (1.10s)
[DockerWorker-4] Starting: bdda58128d7c4b6b653af98cf3c48637837408be4a11d67ac26f90c1eea8f448 (3_32bit)
[ANALYSISLOG] bdda58128d7c4b6b653af98cf3c48637837408be4a11d67ac26f90c1eea8f448 -> ../ELF_samples/benign_report/x86-i686/raw/bdda58128d7c4b6b653af98cf3c48637837408be4a11d67ac26f90c1eea8f448_2026-01-31_16-15-08_6336759f.jsonl
[DOCKER] Selected image for libc=glibc: custom/i386-qemu
[POOL] Collected 6 events for analysis (read from log file)
[POOL] Running analyzers on 6 events for 730c15c839da64d297e46422220ae5808af670e3d5e098d029ac5338c077cbe6
[POOL] Analysis completed: 0 findings in 0.00s (5745 events/s)
[AI-Integration] Submitted task: 33d410de
[AI] 33d410de queued for DeepSeek analysis
[CgroupManager] Removed cgroup 87468 via bpftool
[POOL] Cleanup scheduled for 6e3edcbf9845
[DockerWorker-0] ✓ Completed: 730c15c839da64d297e46422220ae5808af670e3d5e098d029ac5338c077cbe6 (6 events) (1.14s)
[DockerWorker-0] Starting: 936aaac590c29825cb34b587aae21d19f07157fc31a77c704ab4ed7550782464 (3_32bit)
[ANALYSISLOG] 936aaac590c29825cb34b587aae21d19f07157fc31a77c704ab4ed7550782464 -> ../ELF_samples/benign_report/x86-i686/raw/936aaac590c29825cb34b587aae21d19f07157fc31a77c704ab4ed7550782464_2026-01-31_16-15-08_9e15a261.jsonl
[DOCKER] Selected image for libc=glibc: custom/i386-qemu
[POOL] Collected 8 events for analysis (read from log file)
[POOL] Running analyzers on 8 events for 858d1f030621dd93c45d703f0fd8bc78617611a1e6e14cd1df41bb248e3b8cab
[POOL] Analysis completed: 0 findings in 0.00s (7570 events/s)
[AI-Integration] Submitted task: 3df68f28
[AI] 3df68f28 queued for DeepSeek analysis
[CgroupManager] Removed cgroup 87640 via bpftool
[POOL] Cleanup scheduled for a3922538b2da
[DockerWorker-5] ✓ Completed: 858d1f030621dd93c45d703f0fd8bc78617611a1e6e14cd1df41bb248e3b8cab (8 events) (1.13s)
[DockerWorker-5] Starting: 29fb32502da194a4d415eb01b91c9f43d8f94b9f6be2db33f254b873a2ab1d24 (3_32bit)
[ANALYSISLOG] 29fb32502da194a4d415eb01b91c9f43d8f94b9f6be2db33f254b873a2ab1d24 -> ../ELF_samples/benign_report/x86-i686/raw/29fb32502da194a4d415eb01b91c9f43d8f94b9f6be2db33f254b873a2ab1d24_2026-01-31_16-15-08_8c6588f4.jsonl
[DOCKER] Selected image for libc=glibc: custom/i386-qemu
[AI-Integration] Job a7f73b1e analyzed via deepseek
[POOL] Collected 7 events for analysis (read from log file)
[POOL] Running analyzers on 7 events for 6c537e01cedb9c53c79f2955efc2e76287d8d466d553ed5c454e74743f8d46d6
[POOL] Analysis completed: 0 findings in 0.00s (6289 events/s)
[AI-Integration] Submitted task: b588af5a
[AI] b588af5a queued for DeepSeek analysis
[CgroupManager] Removed cgroup 87726 via bpftool
[POOL] Cleanup scheduled for 8634c5146f02
[DockerWorker-1] ✓ Completed: 6c537e01cedb9c53c79f2955efc2e76287d8d466d553ed5c454e74743f8d46d6 (7 events) (1.10s)
[DockerWorker-1] Starting: 55c33fcc2488963111e2ac0996d670cb98a13fd03b91164b6ca3d4387e773ad4 (3_32bit)
[ANALYSISLOG] 55c33fcc2488963111e2ac0996d670cb98a13fd03b91164b6ca3d4387e773ad4 -> ../ELF_samples/benign_report/x86-i686/raw/55c33fcc2488963111e2ac0996d670cb98a13fd03b91164b6ca3d4387e773ad4_2026-01-31_16-15-08_715ab370.jsonl
[DOCKER] Selected image for libc=glibc: custom/i386-qemu
[CgroupManager] Added cgroup 87898 via bpftool
[CgroupManager] Added cgroup 87984 via bpftool
[CgroupManager] Added cgroup 88070 via bpftool
[EventRouter] DEBUG: EXEC #33 filename='/bin/true', triggers=['bdda58128d7c4b6b653af98cf3c48637837408be4a11d67ac26f90c1eea8f448', '/tmp/bdda58128d7c4b6b653af98cf3c48637837408be4a11d67ac26f90c1eea8f448']
[POOL] Collected 7 events for analysis (read from log file)
[POOL] Running analyzers on 7 events for 8e889938e117b0142b9af34aba113f3601ba12644838f8b967157ad8f1581a81
[POOL] Analysis completed: 0 findings in 0.00s (6684 events/s)
[AI-Integration] Submitted task: b929cf96
[AI] b929cf96 queued for DeepSeek analysis
[EventRouter] DEBUG: EXEC #50 filename='/bin/true', triggers=['936aaac590c29825cb34b587aae21d19f07157fc31a77c704ab4ed7550782464', '/tmp/936aaac590c29825cb34b587aae21d19f07157fc31a77c704ab4ed7550782464']
[EventRouter] DEBUG: EXEC #50 filename='/bin/true', triggers=['29fb32502da194a4d415eb01b91c9f43d8f94b9f6be2db33f254b873a2ab1d24', '/tmp/29fb32502da194a4d415eb01b91c9f43d8f94b9f6be2db33f254b873a2ab1d24']
[CgroupManager] Removed cgroup 87812 via bpftool
[POOL] Cleanup scheduled for e71105e4bba5
[DockerWorker-3] ✓ Completed: 8e889938e117b0142b9af34aba113f3601ba12644838f8b967157ad8f1581a81 (7 events) (1.08s)
[DockerWorker-3] Starting: df77ef61c2e1546ec06b316b9746ec4b26e0d063855c60d6b5d8323cd0613f4b (3_32bit)
[ANALYSISLOG] df77ef61c2e1546ec06b316b9746ec4b26e0d063855c60d6b5d8323cd0613f4b -> ../ELF_samples/benign_report/x86-i686/raw/df77ef61c2e1546ec06b316b9746ec4b26e0d063855c60d6b5d8323cd0613f4b_2026-01-31_16-15-08_70a653e3.jsonl
[DOCKER] Selected image for libc=glibc: custom/i386-qemu
[EventRouter] ARM detected at event 133 for cgroup 87898
[EventRouter] Discarded 132 pre-ARM events for cgroup 87898
[DOCKER] Container exit code: 1
[DOCKER][STDOUT] BEGIN
bdda58128d7c4b6b653af98cf3c48637837408be4a11d67ac26f90c1eea8f448: No host NVM file named: Operation canceled
[DOCKER][STDOUT] END
[DOCKER] Raw stdout saved: ../ELF_samples/benign_report/x86-i686/raw/bdda58128d7c4b6b653af98cf3c48637837408be4a11d67ac26f90c1eea8f448_2026-01-31_16-15-08_6336759f_container_stdout.txt
[EventRouter] ARM detected at event 167 for cgroup 87984
[EventRouter] Discarded 166 pre-ARM events for cgroup 87984
[EventRouter] ARM detected at event 150 for cgroup 88070
[EventRouter] Discarded 149 pre-ARM events for cgroup 88070
[DOCKER] Container exit code: 0
[DOCKER][STDOUT] BEGIN
Usage: $0 <-i interface> [-h macaddress]
[DOCKER][STDOUT] END
[DOCKER] Raw stdout saved: ../ELF_samples/benign_report/x86-i686/raw/936aaac590c29825cb34b587aae21d19f07157fc31a77c704ab4ed7550782464_2026-01-31_16-15-08_9e15a261_container_stdout.txt
[DOCKER] Container exit code: 0
[CgroupManager] Added cgroup 88156 via bpftool
[CgroupManager] Added cgroup 88242 via bpftool
[EventRouter] DEBUG: EXEC #33 filename='/bin/true', triggers=['df77ef61c2e1546ec06b316b9746ec4b26e0d063855c60d6b5d8323cd0613f4b', '/tmp/df77ef61c2e1546ec06b316b9746ec4b26e0d063855c60d6b5d8323cd0613f4b']
[EventRouter] DEBUG: EXEC #33 filename='/bin/true', triggers=['55c33fcc2488963111e2ac0996d670cb98a13fd03b91164b6ca3d4387e773ad4', '/tmp/55c33fcc2488963111e2ac0996d670cb98a13fd03b91164b6ca3d4387e773ad4']
[EventRouter] ARM detected at event 130 for cgroup 88242
[EventRouter] Discarded 129 pre-ARM events for cgroup 88242
[EventRouter] ARM detected at event 130 for cgroup 88156
[EventRouter] Discarded 129 pre-ARM events for cgroup 88156
[DOCKER] Container exit code: 1
[DOCKER][STDOUT] BEGIN
df77ef61c2e1546ec06b316b9746ec4b26e0d063855c60d6b5d8323cd0613f4b: eth1: No such device
[DOCKER][STDOUT] END
[DOCKER] Container exit code: 1
[DOCKER][STDOUT] BEGIN
55c33fcc2488963111e2ac0996d670cb98a13fd03b91164b6ca3d4387e773ad4: eth1: No such device
[DOCKER][STDOUT] END
[DOCKER] Raw stdout saved: ../ELF_samples/benign_report/x86-i686/raw/df77ef61c2e1546ec06b316b9746ec4b26e0d063855c60d6b5d8323cd0613f4b_2026-01-31_16-15-08_70a653e3_container_stdout.txt
[DOCKER] Raw stdout saved: ../ELF_samples/benign_report/x86-i686/raw/55c33fcc2488963111e2ac0996d670cb98a13fd03b91164b6ca3d4387e773ad4_2026-01-31_16-15-08_715ab370_container_stdout.txt
[POOL] Collected 7 events for analysis (read from log file)
[POOL] Running analyzers on 7 events for bdda58128d7c4b6b653af98cf3c48637837408be4a11d67ac26f90c1eea8f448
[POOL] Analysis completed: 0 findings in 0.00s (6439 events/s)
[AI-Integration] Submitted task: 6336759f
[AI] 6336759f queued for DeepSeek analysis
[CgroupManager] Removed cgroup 87898 via bpftool
[POOL] Cleanup scheduled for ad242eb64a84
[DockerWorker-4] ✓ Completed: bdda58128d7c4b6b653af98cf3c48637837408be4a11d67ac26f90c1eea8f448 (7 events) (1.11s)
[DockerWorker-4] Starting: c39dff1a1c9b313f800f3c2cda7fe4701167720de1e5b242bf4f2e22392d606b (3_32bit)
[ANALYSISLOG] c39dff1a1c9b313f800f3c2cda7fe4701167720de1e5b242bf4f2e22392d606b -> ../ELF_samples/benign_report/x86-i686/raw/c39dff1a1c9b313f800f3c2cda7fe4701167720de1e5b242bf4f2e22392d606b_2026-01-31_16-15-09_87afeb1b.jsonl
[DOCKER] Selected image for libc=glibc: custom/i386-qemu
[POOL] Collected 6 events for analysis (read from log file)
[POOL] Running analyzers on 6 events for 936aaac590c29825cb34b587aae21d19f07157fc31a77c704ab4ed7550782464
[POOL] Analysis completed: 0 findings in 0.00s (5708 events/s)
[AI-Integration] Submitted task: 9e15a261
[AI] 9e15a261 queued for DeepSeek analysis
[POOL] Collected 6 events for analysis (read from log file)
[POOL] Running analyzers on 6 events for 29fb32502da194a4d415eb01b91c9f43d8f94b9f6be2db33f254b873a2ab1d24
[POOL] Analysis completed: 0 findings in 0.00s (5802 events/s)
[AI-Integration] Submitted task: 8c6588f4
[AI] 8c6588f4 queued for DeepSeek analysis
[CgroupManager] Removed cgroup 88070 via bpftool
[POOL] Cleanup scheduled for 21f205d26224
[DockerWorker-5] ✓ Completed: 29fb32502da194a4d415eb01b91c9f43d8f94b9f6be2db33f254b873a2ab1d24 (6 events) (1.13s)
[DockerWorker-5] Starting: 4e27f037aa3576b135affe29d74bc32d6b0a4f234e8859ce1497639baebcb0ba (3_32bit)
[ANALYSISLOG] 4e27f037aa3576b135affe29d74bc32d6b0a4f234e8859ce1497639baebcb0ba -> ../ELF_samples/benign_report/x86-i686/raw/4e27f037aa3576b135affe29d74bc32d6b0a4f234e8859ce1497639baebcb0ba_2026-01-31_16-15-09_5340262a.jsonl
[DOCKER] Selected image for libc=glibc: custom/i386-qemu
[CgroupManager] Removed cgroup 87984 via bpftool
[POOL] Cleanup scheduled for 4c7bd6cae0a7
[DockerWorker-0] ✓ Completed: 936aaac590c29825cb34b587aae21d19f07157fc31a77c704ab4ed7550782464 (6 events) (1.16s)
[DockerWorker-0] Starting: f0c9be6e2c3dd432e47aef2bed0daa53bc3cb02820a6a2878d695341051c5501 (3_32bit)
[ANALYSISLOG] f0c9be6e2c3dd432e47aef2bed0daa53bc3cb02820a6a2878d695341051c5501 -> ../ELF_samples/benign_report/x86-i686/raw/f0c9be6e2c3dd432e47aef2bed0daa53bc3cb02820a6a2878d695341051c5501_2026-01-31_16-15-09_e2518bb4.jsonl
[DOCKER] Selected image for libc=glibc: custom/i386-qemu
[CgroupManager] Added cgroup 88328 via bpftool
[EventRouter] DEBUG: EXEC #33 filename='/bin/true', triggers=['c39dff1a1c9b313f800f3c2cda7fe4701167720de1e5b242bf4f2e22392d606b', '/tmp/c39dff1a1c9b313f800f3c2cda7fe4701167720de1e5b242bf4f2e22392d606b']
[POOL] Collected 10 events for analysis (read from log file)
[POOL] Running analyzers on 10 events for df77ef61c2e1546ec06b316b9746ec4b26e0d063855c60d6b5d8323cd0613f4b
[POOL] Analysis completed: 1 findings in 0.00s (8844 events/s)
[POOL] Collected 8 events for analysis (read from log file)
[POOL] Running analyzers on 8 events for 55c33fcc2488963111e2ac0996d670cb98a13fd03b91164b6ca3d4387e773ad4
[POOL] Analysis completed: 0 findings in 0.00s (7665 events/s)
[AI-Integration] Submitted task: 70a653e3
[AI] 70a653e3 queued for DeepSeek analysis
[AI-Integration] Submitted task: 715ab370
[AI] 715ab370 queued for DeepSeek analysis
[CgroupManager] Added cgroup 88500 via bpftool
[CgroupManager] Removed cgroup 88242 via bpftool
[POOL] Cleanup scheduled for b5bf8ad24ccc
[DockerWorker-3] ✓ Completed: df77ef61c2e1546ec06b316b9746ec4b26e0d063855c60d6b5d8323cd0613f4b (10 events) (1.10s)
[DockerWorker-3] Starting: 1fc8a4651f33c2b81d07a1f5ca2ed9884247540fbe29edcc67e4020a8aad8ebb (3_32bit)
[ANALYSISLOG] 1fc8a4651f33c2b81d07a1f5ca2ed9884247540fbe29edcc67e4020a8aad8ebb -> ../ELF_samples/benign_report/x86-i686/raw/1fc8a4651f33c2b81d07a1f5ca2ed9884247540fbe29edcc67e4020a8aad8ebb_2026-01-31_16-15-09_84f7fcb8.jsonl
[DOCKER] Selected image for libc=glibc: custom/i386-qemu
[CgroupManager] Added cgroup 88414 via bpftool
[CgroupManager] Removed cgroup 88156 via bpftool
[POOL] Cleanup scheduled for 0ca3267c8f82
[DockerWorker-1] ✓ Completed: 55c33fcc2488963111e2ac0996d670cb98a13fd03b91164b6ca3d4387e773ad4 (8 events) (1.17s)
[DockerWorker-1] Starting: 7847db79fb759ce4f4d64e5f6f568164070a5b9fcfb2a7f0eeb6615dbb74905a (3_32bit)
[ANALYSISLOG] 7847db79fb759ce4f4d64e5f6f568164070a5b9fcfb2a7f0eeb6615dbb74905a -> ../ELF_samples/benign_report/x86-i686/raw/7847db79fb759ce4f4d64e5f6f568164070a5b9fcfb2a7f0eeb6615dbb74905a_2026-01-31_16-15-09_05513b24.jsonl
[DOCKER] Selected image for libc=glibc: custom/i386-qemu
[EventRouter] DEBUG: EXEC #33 filename='/bin/true', triggers=['f0c9be6e2c3dd432e47aef2bed0daa53bc3cb02820a6a2878d695341051c5501', '/tmp/f0c9be6e2c3dd432e47aef2bed0daa53bc3cb02820a6a2878d695341051c5501']
[EventRouter] DEBUG: EXEC #33 filename='/bin/true', triggers=['4e27f037aa3576b135affe29d74bc32d6b0a4f234e8859ce1497639baebcb0ba', '/tmp/4e27f037aa3576b135affe29d74bc32d6b0a4f234e8859ce1497639baebcb0ba']
[EventRouter] ARM detected at event 130 for cgroup 88500
[EventRouter] Discarded 129 pre-ARM events for cgroup 88500
[EventRouter] ARM detected at event 130 for cgroup 88328
[EventRouter] Discarded 129 pre-ARM events for cgroup 88328
[DOCKER] Container exit code: 0
[DOCKER] Container exit code: 1
[DOCKER][STDOUT] BEGIN
f0c9be6e2c3dd432e47aef2bed0daa53bc3cb02820a6a2878d695341051c5501: Cannot access the Hardware Clock via any known method.
f0c9be6e2c3dd432e47aef2bed0daa53bc3cb02820a6a2878d695341051c5501: Use the --verbose option to see the details of our search for an access method.
[DOCKER][STDOUT] END
[DOCKER] Raw stdout saved: ../ELF_samples/benign_report/x86-i686/raw/f0c9be6e2c3dd432e47aef2bed0daa53bc3cb02820a6a2878d695341051c5501_2026-01-31_16-15-09_e2518bb4_container_stdout.txt
[EventRouter] ARM detected at event 133 for cgroup 88414
[EventRouter] Discarded 132 pre-ARM events for cgroup 88414
[DOCKER] Container exit code: 0
[CgroupManager] Added cgroup 88586 via bpftool
[CgroupManager] Added cgroup 88672 via bpftool
[EventRouter] DEBUG: EXEC #33 filename='/bin/true', triggers=['1fc8a4651f33c2b81d07a1f5ca2ed9884247540fbe29edcc67e4020a8aad8ebb', '/tmp/1fc8a4651f33c2b81d07a1f5ca2ed9884247540fbe29edcc67e4020a8aad8ebb']
[EventRouter] DEBUG: EXEC #49 filename='/bin/true', triggers=['7847db79fb759ce4f4d64e5f6f568164070a5b9fcfb2a7f0eeb6615dbb74905a', '/tmp/7847db79fb759ce4f4d64e5f6f568164070a5b9fcfb2a7f0eeb6615dbb74905a']
[EventRouter] ARM detected at event 147 for cgroup 88672
[EventRouter] Discarded 146 pre-ARM events for cgroup 88672
[DOCKER] Container exit code: 100
[DOCKER][STDOUT] BEGIN
s6-dnsqualify: usage: s6-dnsqualify name
[DOCKER][STDOUT] END
[DOCKER] Raw stdout saved: ../ELF_samples/benign_report/x86-i686/raw/7847db79fb759ce4f4d64e5f6f568164070a5b9fcfb2a7f0eeb6615dbb74905a_2026-01-31_16-15-09_05513b24_container_stdout.txt
[EventRouter] ARM detected at event 132 for cgroup 88586
[EventRouter] Discarded 131 pre-ARM events for cgroup 88586
[DOCKER] Container exit code: 1
[DOCKER][STDOUT] BEGIN
1fc8a4651f33c2b81d07a1f5ca2ed9884247540fbe29edcc67e4020a8aad8ebb: eth1: No such device
[DOCKER][STDOUT] END
[DOCKER] Raw stdout saved: ../ELF_samples/benign_report/x86-i686/raw/1fc8a4651f33c2b81d07a1f5ca2ed9884247540fbe29edcc67e4020a8aad8ebb_2026-01-31_16-15-09_84f7fcb8_container_stdout.txt
[POOL] Collected 36 events for analysis (read from log file)
[POOL] Running analyzers on 36 events for c39dff1a1c9b313f800f3c2cda7fe4701167720de1e5b242bf4f2e22392d606b
[POOL] Analysis completed: 0 findings in 0.00s (31873 events/s)
[AI-Integration] Submitted task: 87afeb1b
[AI] 87afeb1b queued for DeepSeek analysis
[POOL] Collected 10 events for analysis (read from log file)
[POOL] Running analyzers on 10 events for f0c9be6e2c3dd432e47aef2bed0daa53bc3cb02820a6a2878d695341051c5501
[POOL] Analysis completed: 0 findings in 0.00s (9465 events/s)
[AI-Integration] Submitted task: e2518bb4
[AI] e2518bb4 queued for DeepSeek analysis
[CgroupManager] Removed cgroup 88500 via bpftool
[POOL] Cleanup scheduled for 16cb099d4646
[DockerWorker-0] ✓ Completed: f0c9be6e2c3dd432e47aef2bed0daa53bc3cb02820a6a2878d695341051c5501 (10 events) (1.06s)
[CgroupManager] Removed cgroup 88328 via bpftool
[POOL] Cleanup scheduled for 4302a97873cd
[DockerWorker-4] ✓ Completed: c39dff1a1c9b313f800f3c2cda7fe4701167720de1e5b242bf4f2e22392d606b (36 events) (1.14s)
[POOL] Collected 7 events for analysis (read from log file)
[POOL] Running analyzers on 7 events for 4e27f037aa3576b135affe29d74bc32d6b0a4f234e8859ce1497639baebcb0ba
[POOL] Analysis completed: 0 findings in 0.00s (6649 events/s)
[AI-Integration] Submitted task: 5340262a
[AI] 5340262a queued for DeepSeek analysis
[CgroupManager] Removed cgroup 88414 via bpftool
[POOL] Cleanup scheduled for f0cbd1f95494
[DockerWorker-5] ✓ Completed: 4e27f037aa3576b135affe29d74bc32d6b0a4f234e8859ce1497639baebcb0ba (7 events) (1.12s)
[POOL] Collected 7 events for analysis (read from log file)
[POOL] Running analyzers on 7 events for 7847db79fb759ce4f4d64e5f6f568164070a5b9fcfb2a7f0eeb6615dbb74905a
[POOL] Analysis completed: 0 findings in 0.00s (6180 events/s)
[AI-Integration] Submitted task: 05513b24
[AI] 05513b24 queued for DeepSeek analysis
[CgroupManager] Removed cgroup 88672 via bpftool
[POOL] Cleanup scheduled for d320873c5308
[DockerWorker-1] ✓ Completed: 7847db79fb759ce4f4d64e5f6f568164070a5b9fcfb2a7f0eeb6615dbb74905a (7 events) (1.07s)
[POOL] Collected 8 events for analysis (read from log file)
[POOL] Running analyzers on 8 events for 1fc8a4651f33c2b81d07a1f5ca2ed9884247540fbe29edcc67e4020a8aad8ebb
[POOL] Analysis completed: 0 findings in 0.00s (7305 events/s)
[AI-Integration] Submitted task: 84f7fcb8
[AI] 84f7fcb8 queued for DeepSeek analysis
[CgroupManager] Removed cgroup 88586 via bpftool
[POOL] Cleanup scheduled for 2f72995dc1f6
[DockerWorker-3] ✓ Completed: 1fc8a4651f33c2b81d07a1f5ca2ed9884247540fbe29edcc67e4020a8aad8ebb (8 events) (1.14s)
[AI-Integration] Job 103ede4d analyzed via deepseek
[AI-Integration] Job 6f194a22 analyzed via deepseek
[AI-Integration] Job bbde1a4b analyzed via deepseek
[AI-Integration] Job 91eb4bfa analyzed via deepseek
[AI-Integration] Job 216663be analyzed via deepseek
[AI-Integration] Job 7c4f463b analyzed via deepseek
[POOL] Execution timed out for f34d4321807d5cc3c074dccfbf5b541202f07f344b5b1d84fa95ad45a55c0cd1 after 15s
[POOL] Killing container ce94e74fdf27...
[POOL] Container killed successfully
[DOCKER] Container exit code: -1
[POOL] Execution timed out - stopping BPF monitoring for cgroup 86006
[CgroupManager] Removed cgroup 86006 via bpftool
[POOL] Collected 13 events for analysis (read from log file)
[POOL] Running analyzers on 13 events for f34d4321807d5cc3c074dccfbf5b541202f07f344b5b1d84fa95ad45a55c0cd1
[POOL] Analysis completed: 0 findings in 0.00s (12175 events/s)
[AI-Integration] Submitted task: ae466ab7
[AI] ae466ab7 queued for DeepSeek analysis
[CgroupManager] bpftool delete failed: Command '['sudo', '/usr/sbin/bpftool', 'map', 'delete', 'id', '669', 'key', 'hex', 'f6', '4f', '01', '00', '00', '00', '00', '00']' returned non-zero exit status 254.
[POOL] Cleanup scheduled for ce94e74fdf27
[DockerWorker-2] ✓ Completed: f34d4321807d5cc3c074dccfbf5b541202f07f344b5b1d84fa95ad45a55c0cd1 (13 events) (16.09s)
[DOCKER_POOL] All tasks completed, stopping workers...
[POOL] Failed to kill container ce94e74fdf27: 409 Client Error for http+docker://localhost/v1.50/containers/ce94e74fdf274e4f0c85e6e1277c641448279acd1e9d523f43831bb78e66485d/kill: Conflict ("cannot kill container: ce94e74fdf274e4f0c85e6e1277c641448279acd1e9d523f43831bb78e66485d: container ce94e74fdf274e4f0c85e6e1277c641448279acd1e9d523f43831bb78e66485d is not running")
[MPK] Stats integrity verified: Python stats match MPK-anchored stats.
[DOCKER_POOL] All workers stopped

================================================================================
[DOCKER_POOL] Execution Summary
================================================================================
Total tasks:     164
Successful:      156  (95.1%) - Normal execution
System Failed:   4    (2.4%) - Docker/Infrastructure errors

Performance:
  Total time:    234.57s
  Average time:  1.43s per task
  Throughput:    0.70 tasks/s

By Architecture:
  3_32bit     : 156 OK, 0 Crash, 4 Fail / 160 Total
================================================================================


--------------------------------------------------------------------------------
[WARNING] The following 4 failed:
--------------------------------------------------------------------------------
  - a0c0bfccb2b2ca667bbc7ec752cadb05671ce81855f41ad86227a4b50d128781 (3_32bit)
  - 3d609a2d99f87539362dbe445dbe8e3ebe5589063ce07792da0747c160139aeb (3_32bit)
  - 3004d7c9c46c9ecda6ecc58e189131847478c301ead19326f3deddb0b6bd86ff (3_32bit)
  - b5c1a1fd6460a8484dcdc4280f562dbf6660d9e9526da88fd391eeb057a6b7de (3_32bit)
================================================================================



[EVENT ROUTER STATS]
  Total events routed: 3491
  Events compressed: 1389
  Compression ratio: 28.5% (4880 -> 3491)
  Events dropped: 0
  Unknown cgroups: 6
  Queue overflows: 0
  Active cgroups: 0

  Shard distribution (16 shards):
    Shard 0: 430 events, 0 overflows, 450 compressed
    Shard 2: 448 events, 0 overflows, 30 compressed
    Shard 4: 377 events, 0 overflows, 13 compressed
    Shard 6: 586 events, 0 overflows, 181 compressed
    Shard 8: 444 events, 0 overflows, 120 compressed
    Shard 10: 404 events, 0 overflows, 17 compressed
    Shard 12: 340 events, 0 overflows, 0 compressed
    Shard 14: 462 events, 0 overflows, 578 compressed
[DOCKER_POOL] Saved 4 failed tasks to failed_tasks.json
[MONITOR_READER] Stopping...
[AI-Integration] Job a2316c20 analyzed via deepseek
[AI-Integration] Job 3d025f2e analyzed via deepseek
[AI-Integration] Job c2d96dab analyzed via deepseek

[MONITOR] Stopping global monitor process...
[AI-Integration] Job fd64d7ec analyzed via deepseek
[AI-Integration] Job c5f110ee analyzed via deepseek
[AI-Integration] Job eb7e5658 analyzed via deepseek
[MONITOR_READER] Monitor process terminated
[MONITOR_READER] Stopped
[MONITOR] ✓ Global monitor process terminated

[AI] Waiting for DeepSeek analysis to complete...
[DEEPSEEK] Waiting for 0 tasks to complete...
[AI-Integration] Job 166026b6 analyzed via deepseek
[AI-Integration] Job 84605e55 analyzed via deepseek
[AI-Integration] Job cb5a46fb analyzed via deepseek
[AI-Integration] Job 0bd0b703 analyzed via deepseek
[AI-Integration] Job 6f5f2e5a analyzed via deepseek
[AI-Integration] Job b960806c analyzed via deepseek
[AI-Integration] Job 96d84a93 analyzed via deepseek
[AI-Integration] Job b524d95c analyzed via deepseek
[AI-Integration] Job c5a35c5d analyzed via deepseek
[AI-Integration] Job eae0f75e analyzed via deepseek
[AI-Integration] Job 0deacca2 analyzed via deepseek
[AI-Integration] Job 196d6c15 analyzed via deepseek
[AI-Integration] Job 8f69732e analyzed via deepseek
[AI-Integration] Job 02a47e24 analyzed via deepseek
[AI-Integration] Job 453a0e8a analyzed via deepseek
[AI-Integration] Job 5742a52d analyzed via deepseek
[AI-Integration] Job 37627f37 analyzed via deepseek
[AI-Integration] Job 161ef9f5 analyzed via deepseek
[AI-Integration] Job 649356b0 analyzed via deepseek
[AI-Integration] Job 5977f27b analyzed via deepseek
[AI-Integration] Job fcc0d442 analyzed via deepseek
[AI-Integration] Job c9448f50 analyzed via deepseek
[AI-Integration] Job ad5aaa65 analyzed via deepseek
[AI-Integration] Job e1e5e197 analyzed via deepseek
[AI-Integration] Job a9272cab analyzed via deepseek
[AI-Integration] Job bb35f4a7 analyzed via deepseek
[AI-Integration] Job d119912d analyzed via deepseek
[AI-Integration] Job 5223a060 analyzed via deepseek
[AI-Integration] Job ee43e3ff analyzed via deepseek
[AI-Integration] Job 4d3cec1b analyzed via deepseek
[AI-Integration] Job e8696ae6 analyzed via deepseek
[AI-Integration] Job c4e4022b analyzed via deepseek
[AI-Integration] Job 9aae7b3b analyzed via deepseek
[AI-Integration] Job 6201b0d0 analyzed via deepseek
[AI-Integration] Job da4bb1b5 analyzed via deepseek
[AI-Integration] Job 6177ee7c analyzed via deepseek
[AI-Integration] Job 98270819 analyzed via deepseek
[AI-Integration] Job 4a7f33d7 analyzed via deepseek
[AI-Integration] Job ea7af0f5 analyzed via deepseek
[AI-Integration] Job 0c78417a analyzed via deepseek
[AI-Integration] Job 241a7cef analyzed via deepseek
[AI-Integration] Job b502cd34 analyzed via deepseek
[AI-Integration] Job 68996770 analyzed via deepseek
[AI-Integration] Job 1811b563 analyzed via deepseek
[AI-Integration] Job 90607252 analyzed via deepseek
[AI-Integration] Job 1e6e75a9 analyzed via deepseek
[AI-Integration] Job 0ee09ed7 analyzed via deepseek
[AI-Integration] Job bb98c50d analyzed via deepseek
[AI-Integration] Job 9f09636c analyzed via deepseek
[AI-Integration] Job 133e467a analyzed via deepseek
[AI-Integration] Job 209a6c18 analyzed via deepseek
[AI-Integration] Job 1837fd24 analyzed via deepseek
[AI-Integration] Job 8653aca4 analyzed via deepseek
[AI-Integration] Job 7e36ad93 analyzed via deepseek
[AI-Integration] Job 62f1fa12 analyzed via deepseek
[AI-Integration] Job 0adef854 analyzed via deepseek
[AI-Integration] Job aab1d75a analyzed via deepseek
[AI-Integration] Job ec2acebe analyzed via deepseek
[AI-Integration] Job 0b38267d analyzed via deepseek
[AI-Integration] Job b1e0e80d analyzed via deepseek
[AI-Integration] Job b6a1ec4a analyzed via deepseek
[AI-Integration] Job 7bfb6d9a analyzed via deepseek
[AI-Integration] Job 47bb9fe3 analyzed via deepseek
[AI-Integration] Job 53575534 analyzed via deepseek
[AI-Integration] Job e3b3cfe5 analyzed via deepseek
[AI-Integration] Job 18335261 analyzed via deepseek
[AI-Integration] Job b61be9ce analyzed via deepseek
[AI-Integration] Job 93d2c002 analyzed via deepseek
[AI-Integration] Job e0f08bbf analyzed via deepseek
[AI-Integration] Job ceef6f85 analyzed via deepseek
[AI-Integration] Job 7eb62011 analyzed via deepseek
[AI-Integration] Job 50d825bf analyzed via deepseek
[AI-Integration] Job 032b8027 analyzed via deepseek
[AI-Integration] Job 8f12cc95 analyzed via deepseek
[AI-Integration] Job 096eddce analyzed via deepseek
[AI-Integration] Job 101c6b20 analyzed via deepseek
[AI-Integration] Job 18916794 analyzed via deepseek
[AI-Integration] Job 2bf6bfa0 analyzed via deepseek
[AI-Integration] Job 40c16618 analyzed via deepseek
[AI-Integration] Job bb44eaaf analyzed via deepseek
[AI-Integration] Job 7255c6c5 analyzed via deepseek
[AI-Integration] Job 433de8ed analyzed via deepseek
[AI-Integration] Job 5bf436b9 analyzed via deepseek
[AI-Integration] Job 545c2567 analyzed via deepseek
[AI-Integration] Job b0127cf3 analyzed via deepseek
[AI-Integration] Job b2a5fb51 analyzed via deepseek
[AI-Integration] Job bf54238d analyzed via deepseek
[AI-Integration] Job b0612677 analyzed via deepseek
[AI-Integration] Job 31bd3938 analyzed via deepseek
[AI-Integration] Job 08ce12e9 analyzed via deepseek
[AI-Integration] Job 2616998b analyzed via deepseek
[AI-Integration] Job 2b584d9a analyzed via deepseek
[AI-Integration] Job 5a1a8b37 analyzed via deepseek
[AI-Integration] Job a9782b6c analyzed via deepseek
[AI-Integration] Job 1a0e2893 analyzed via deepseek
[AI-Integration] Job e547873e analyzed via deepseek
[AI-Integration] Job 6497ac5a analyzed via deepseek
[AI-Integration] Job 6c80755e analyzed via deepseek
[AI-Integration] Job addb73e1 analyzed via deepseek
[AI-Integration] Job ea6fdc47 analyzed via deepseek
[AI-Integration] Job 47eaaf8d analyzed via deepseek
[AI-Integration] Job 671f7583 analyzed via deepseek
[AI-Integration] Job d68703f1 analyzed via deepseek
[AI-Integration] Job 06363232 analyzed via deepseek
[AI-Integration] Job de6da8e4 analyzed via deepseek
[AI-Integration] Job b588af5a analyzed via deepseek
[AI-Integration] Job 3df68f28 analyzed via deepseek
[AI-Integration] Job b929cf96 analyzed via deepseek
[AI-Integration] Job 33d410de analyzed via deepseek
[AI-Integration] Job 6336759f analyzed via deepseek
[AI-Integration] Job 9e15a261 analyzed via deepseek
[AI-Integration] Job 8c6588f4 analyzed via deepseek
[AI-Integration] Job 70a653e3 analyzed via deepseek
[AI-Integration] Job 715ab370 analyzed via deepseek
[AI-Integration] Job e2518bb4 analyzed via deepseek
[AI-Integration] Job 87afeb1b analyzed via deepseek
[AI-Integration] Job 5340262a analyzed via deepseek
[AI-Integration] Job 05513b24 analyzed via deepseek
[AI-Integration] Job 84f7fcb8 analyzed via deepseek
[AI-Integration] Job ae466ab7 analyzed via deepseek
[DEEPSEEK] All tasks completed
[AI] Analysis complete:
  Total analyzed: 160
  Successful: 160
  Failed: 0
  In progress: 0
  Queued: 0
[AI-Integration] Waiting for tasks to complete...
[AI-Integration] Stopped
[AI] ✓ DeepSeek integration stopped

[EVENT ROUTER] Statistics:
  Events routed: 3491
  Unknown cgroups: 6
  Queue overflows: 0

[MONITOR READER] Statistics:
  Lines read: 32013
  Events parsed: 32013
  Parse errors: 0

[WRAPPER] Total execution time: 204.32 seconds
Would you like to exit the wrapper? [y/N]: 
Monitor terminated.
[WRAPPER] Performing final docker cleanup (prune)...
[WRAPPER] ✓ Docker container prune completed
