sha,report_family,report_categories,vt_found,vt_label,vt_categories,vt_names,family_match,category_match,any_match,similarity_score,report_path
b39bff6adb3947886e8689be98aca658b276362a2df330d7952222ccd52a209e," `XMRig`
- ","`CoinMiner`;`Backdoor`;`Persistence`
-",True,trojan.mirai/xmrig,trojan;miner,mirai;xmrig;iatae,True,True,True,0.4,../malware_report/CoinMiner/analysis_reports_comparison/01_MALICIOUS/707302c6_deepseek_report.txt
9876b83ce63edd0a9df541fef95407d95c87a124c4801206c176fe2ed5ed461c," `XorDDoS`
- ","`Botnet`;`DDoS`;`Backdoor`;`Evasion`
-",True,miner.r002c0dkc25,miner;pua;trojan,r002c0dkc25,False,False,False,0.0,../malware_report/CoinMiner/analysis_reports_comparison/01_MALICIOUS/0213dc20_deepseek_report.txt
2ba1775bbb0f5abc6c89f0334cb42588cbd2a5c6903995912611649607c07d9b," `XorDDoS`
- ","`Botnet`;`DDoS`;`Backdoor`;`Evasion`
-",True,miner.hmwwb/r002c0dkf25,miner;pua;trojan,hmwwb;r002c0dkf25,False,False,False,0.0,../malware_report/CoinMiner/analysis_reports_comparison/01_MALICIOUS/fc2302e1_deepseek_report.txt
f0dc05f4a1ab641186035edcf039b2cc2b301cdeedd041463093501605a9969c," `Mirai`
- ","`Botnet`;`DDoS`;`Privilege Escalation`
-",True,miner.nkjxh/r002c0dkf25,miner;trojan;pua,nkjxh;r002c0dkf25,False,False,False,0.0,../malware_report/CoinMiner/analysis_reports_comparison/01_MALICIOUS/808e8547_deepseek_report.txt
09419d3e599b9d1d1f24b10a3fbf65580165d263714a67d2ff733e5dbd04e2e9," `Kinsing`
- ","`Botnet`;`CoinMiner`;`Backdoor`;`Privilege Escalation`
-",True,trojan.,trojan;miner,,False,True,True,0.167,../malware_report/CoinMiner/analysis_reports_comparison/01_MALICIOUS/f1a1befc_deepseek_report.txt
c02981d526107b33e266291291e8f47fca4d8719d22ebddbd2c02e8b40973a0b," `XMRig`
- ","`CoinMiner`;`Botnet`
-",True,miner.xmrig/krkdq,miner;hacktool;pua,xmrig;krkdq;r002c0dk525,True,True,True,0.333,../malware_report/CoinMiner/analysis_reports_comparison/01_MALICIOUS/b24e3c49_deepseek_report.txt
7f1b7e921dde341bcfea9f0ed334e2b0ac652aa8acffd22aab5d9536375c78c5," `Mirai`
- ","`Botnet`;`DDoS`;`Backdoor`
-",True,miner.malxmr/smdsl64,miner;trojan;pua,malxmr;smdsl64;zbqnj,False,False,False,0.0,../malware_report/CoinMiner/analysis_reports_comparison/01_MALICIOUS/5a3b60eb_deepseek_report.txt
4686bf588858db5dcdb60ff8b04a95624acd668c03dcf5f032fec070f5c85b8d," `Mirai`
- ","`Botnet`;`DDoS`;`Backdoor`
-",True,miner.malxmr/smdsl64,miner;pua;trojan,malxmr;smdsl64,False,False,False,0.0,../malware_report/CoinMiner/analysis_reports_comparison/01_MALICIOUS/88da2b6f_deepseek_report.txt
be8f32a15a3077ab8f5d25236d6e7b491cd216028f77d27bed5df333ff7c56c0," `Mirai`
- ","`Botnet`;`DDoS`;`Privilege Escalation`;`Backdoor`
-",True,miner.r002c0dke25,miner;adware;trojan,r002c0dke25,False,False,False,0.0,../malware_report/CoinMiner/analysis_reports_comparison/01_MALICIOUS/dc7c174e_deepseek_report.txt
8081c8bce68b5fca858e6c500588b7612f0c7173147d157e5b1aaee8f4ec25e4," `XMRig`
- ","`CoinMiner`;`Backdoor`;`Persistence`
-",True,trojan.mirai,trojan;miner,mirai,False,True,True,0.25,../malware_report/CoinMiner/analysis_reports_comparison/01_MALICIOUS/46636242_deepseek_report.txt
59c29436755b0778e968d49feeae20ed65f5fa5e35f9f7965b8ed93420db91e5," `Mirai`
- ","`Botnet`;`DDoS`;`Backdoor`;`Evasion`
-",True,trojan.malxmr/osqhr,trojan;miner;pua,malxmr;osqhr;usblkh25,False,False,False,0.0,../malware_report/CoinMiner/analysis_reports_comparison/01_MALICIOUS/f2643854_deepseek_report.txt
f5ed87690ff6ab07868a23054d73b173f620b9d0abbfe4e16a0e0111ae0d73af," `Mirai`
- ","`Botnet`;`DDoS`;`Backdoor`
-",True,miner.malxmr/usblke25,miner;trojan;pua,malxmr;usblke25,False,False,False,0.0,../malware_report/CoinMiner/analysis_reports_comparison/01_MALICIOUS/edd84ef8_deepseek_report.txt
ee32c7c0b480bbd90e51f4d44d5e53cea5b149defbcd2aa9e306716d418503d4," `Mirai`
- ","`Backdoor`;`Privilege Escalation`;`Botnet`
-",True,trojan.xmrig,trojan;miner,xmrig,False,False,False,0.0,../malware_report/CoinMiner/analysis_reports_comparison/01_MALICIOUS/6034eed8_deepseek_report.txt
54b2d5f2a6f711e3b9d6d23466b4d841137b61518d49d432d265af931a797b0a," `Mirai`
- ","`Botnet`;`DDoS`;`Backdoor`;`Evasion`
-",True,miner.r002c0dkp25,miner;adware;pua,r002c0dkp25,False,False,False,0.0,../malware_report/CoinMiner/analysis_reports_comparison/01_MALICIOUS/6e928501_deepseek_report.txt
74e6c68803b8f7b464076fa1df097c1e29a43b92e408d00cba065977f3fce78d," `Mirai`
- ","`Botnet`;`DDoS`;`Privilege Escalation`;`Evasion`
-",True,miner.r002c0dkc25,miner;trojan;hacktool,r002c0dkc25,False,False,False,0.0,../malware_report/CoinMiner/analysis_reports_comparison/01_MALICIOUS/1c496004_deepseek_report.txt
dbb7ebb960dc0d5a480f97ddde3a227a2d83fcaca7d37ae672e6a0a6785631e9," `Mirai`
- ","`Botnet`;`DDoS`;`Backdoor`;`Evasion`
-",True,miner.xslwz/r002c0dkq25,miner;adware;trojan,xslwz;r002c0dkq25,False,False,False,0.0,../malware_report/CoinMiner/analysis_reports_comparison/01_MALICIOUS/d4d0249e_deepseek_report.txt
3625d068896953595e75df328676a08bc071977ac1ff95d44b745bbcb7018c6f," `Mirai`
- ","`Botnet`;`DDoS`;`Backdoor`;`Evasion`
-",True,miner.wlshq/r06ec0dkh25,miner;adware;trojan,wlshq;r06ec0dkh25,False,False,False,0.0,../malware_report/CoinMiner/analysis_reports_comparison/01_MALICIOUS/c2a6916a_deepseek_report.txt
559374f73405dc5bfd302f53f833e9ad7b9a77e64369af3b52ea9c22770064e9," `None`
- ","`Evasion`;`Backdoor`
-",False,,,,False,False,False,0.0,../malware_report/Gafgyt/analysis_reports_comparison/02_SUSPICIOUS/3eeb2f70_deepseek_report.txt
bfa8d7bdb17283bade3c611388479ee0389659c70a7ab8f6da77240be3e8ab5b," `None`
- ","`Backdoor`;`Reconnaissance`
-",True,trojan.gafgyt/mirai,trojan,gafgyt;mirai;bashlite,False,False,False,0.0,../malware_report/Gafgyt/analysis_reports_comparison/02_SUSPICIOUS/23c3c0c1_deepseek_report.txt
5787bbb99240daa317c72428a3ac67e09b373e330d9ed5ded028dbff0cad433c," `None`
- ","`Botnet`;`Backdoor`
-",True,trojan.gafgyt/mirai,trojan,gafgyt;mirai;genericrxkg,False,False,False,0.0,../malware_report/Gafgyt/analysis_reports_comparison/02_SUSPICIOUS/263b0884_deepseek_report.txt
7903c18a1deed8e0d4a02d54dd1589a2465cee3e2292eb3e7911f9241b5db573," `Mirai`
- ","`Botnet`;`Backdoor`
-",True,trojan.gafgyt/mirai,trojan,gafgyt;mirai;genericrxob,True,False,True,0.25,../malware_report/Gafgyt/analysis_reports_comparison/01_MALICIOUS/0ca854f7_deepseek_report.txt
f37817a33604879a4463f7eeeb36495d1dc43eb6af2ada634b3923fabb089395," `Mirai`
- ","`Botnet`;`Backdoor`
-",True,trojan.gafgyt/mirai,trojan,gafgyt;mirai;ddos,True,False,True,0.25,../malware_report/Gafgyt/analysis_reports_comparison/01_MALICIOUS/e6657172_deepseek_report.txt
f0421fbbd98d289ad10f72e3b34b7916ca3a12a5a808c9882968be736d7ab5d7," `Mirai`
- ","`Botnet`;`Backdoor`
-",True,trojan.gafgyt/mirai,trojan,gafgyt;mirai;bashlite,True,False,True,0.25,../malware_report/Gafgyt/analysis_reports_comparison/01_MALICIOUS/40631e68_deepseek_report.txt
62944f72786ba50b7ef79b92e6e39d88701c4ff6170122034e9e78bbd30b0f5e," `Mirai`
- ","`Botnet`;`Backdoor`
-",True,trojan.gafgyt/mirai,trojan,gafgyt;mirai;ddos,True,False,True,0.25,../malware_report/Gafgyt/analysis_reports_comparison/01_MALICIOUS/1f6af899_deepseek_report.txt
9914fd97c22e39750a1103b341238ac8509f6fac719d225a0dd33334d182d8a0," `None`
- ","`Backdoor`;`Botnet`
-",True,trojan.gafgyt/mirai,trojan,gafgyt;mirai;bashlite,False,False,False,0.0,../malware_report/Gafgyt/analysis_reports_comparison/01_MALICIOUS/b2e3483a_deepseek_report.txt
c7c8e5d07ffc0eb5cef784d64de26e4df99c32cf70d2d4e05190ca6665cd5082," `Mirai`
- ","`Botnet`;`Backdoor`
-",True,trojan.gafgyt/mirai,trojan,gafgyt;mirai;ddos,True,False,True,0.25,../malware_report/Gafgyt/analysis_reports_comparison/01_MALICIOUS/1a76f952_deepseek_report.txt
854483021ebc03c329d11e618b589c6511168910ab54157e63f5a5a6d3b9df0b," `None`
- ","`Backdoor`;`Privilege Escalation`
-",True,trojan.gafgyt/mirai,trojan,gafgyt;mirai;ddos,False,False,False,0.0,../malware_report/Gafgyt/analysis_reports_comparison/01_MALICIOUS/b957c690_deepseek_report.txt
4a11d1e301cd8e70694fd6e1472464e4d1046f33b3274b6234dc7b045ff10b9b," `Mirai`
- ","`Botnet`;`Backdoor`;`Evasion`
-",True,trojan.mirai/r002c0wjk25,trojan,mirai;r002c0wjk25;rfurr,True,False,True,0.25,../malware_report/Gafgyt/analysis_reports_comparison/01_MALICIOUS/738192e8_deepseek_report.txt
c380cceb8ea357d68519a8d8d50036d8cadb68c0d3bb1ae9fd3b90a47c5502c2," `Mirai`
- ","`Botnet`;`DDoS`;`Backdoor`
-",True,trojan.mirai/gafgyt,trojan,mirai;gafgyt;bashlite,True,False,True,0.25,../malware_report/Gafgyt/analysis_reports_comparison/01_MALICIOUS/36ee76f9_deepseek_report.txt
ee647ff01dce02a0a2edf3974ce6ff426d7383dd1533c6b9426739b43a55583a," `Mirai`
- ","`Botnet`;`Backdoor`
-",True,trojan.gafgyt/mirai,trojan,gafgyt;mirai;ddos,True,False,True,0.25,../malware_report/Gafgyt/analysis_reports_comparison/01_MALICIOUS/12782048_deepseek_report.txt
c51629abe85cfbfd7b61a1a7fba82993529dde0365e2b105469881ac8ddbbce8," `Mirai`
- ","`Botnet`;`Backdoor`
-",True,trojan.gafgyt/ddos,trojan,gafgyt;ddos;bashlite,False,False,False,0.0,../malware_report/Gafgyt/analysis_reports_comparison/01_MALICIOUS/9d96e8c2_deepseek_report.txt
4c56d215f51f273b1d785417437aad5cc122a97314360af5d4bc1d0f61a11b17," `None`
- ","`Backdoor`;`Evasion`
-",True,trojan.mirai/hwkzl,trojan,mirai;hwkzl;r002c0dkr25,False,False,False,0.0,../malware_report/Gafgyt/analysis_reports_comparison/01_MALICIOUS/d3f545a2_deepseek_report.txt
d25092fa0fc23e431944eafb8166f44333cc4acc818515eb7174b7aa3a09289a," `None`
- ","`Backdoor`;`Privilege Escalation`
-",True,trojan.gafgyt/mirai,trojan,gafgyt;mirai;ddos,False,False,False,0.0,../malware_report/Gafgyt/analysis_reports_comparison/01_MALICIOUS/3908dd50_deepseek_report.txt
c287ecc6b0d1d6173a9262a6e282c2fa930d76d66c269a8aef38525080941af5," `Mirai`
- ","`Botnet`;`Backdoor`;`Evasion`
-",True,trojan.gafgyt/mirai,trojan,gafgyt;mirai;ddos,True,False,True,0.25,../malware_report/Gafgyt/analysis_reports_comparison/01_MALICIOUS/b88f8fec_deepseek_report.txt
359351eec18443e9569089c5d40618a59076fa85336cddfc0b201a52c00e5410," `None`
- ","`Backdoor`;`Botnet`
-",True,trojan.gafgyt/mirai,trojan,gafgyt;mirai;ddos,False,False,False,0.0,../malware_report/Gafgyt/analysis_reports_comparison/01_MALICIOUS/3072065a_deepseek_report.txt
cd04162b263bdd92198729c7e62da9a2a65da9af90acf4f266640e825b8797a6," `Mirai`
- ","`Botnet`;`Backdoor`
-",True,trojan.mirai/flooder,trojan,mirai;flooder;gafgyt,True,False,True,0.25,../malware_report/Gafgyt/analysis_reports_comparison/01_MALICIOUS/7b5ba928_deepseek_report.txt
b525dcf67637d16f7fa706fe3f09fcb081174b5544a85c5f26966ffa456650ba," `Mirai`
- ","`Botnet`;`Backdoor`
-",True,trojan.gafgyt/mirai,trojan,gafgyt;mirai;bashlite,True,False,True,0.25,../malware_report/Gafgyt/analysis_reports_comparison/01_MALICIOUS/e1e73160_deepseek_report.txt
491d7792110e310e7322bec9989b45d3444dcc91466bf965dee5ed3d0241d1de," `Mirai`
- ","`Botnet`;`Backdoor`
-",True,trojan.gafgyt/ddos,trojan,gafgyt;ddos;bashlite,False,False,False,0.0,../malware_report/Gafgyt/analysis_reports_comparison/01_MALICIOUS/b1a0c9da_deepseek_report.txt
3286c8417560374a3e3e2281200b8a2a44355b9ee1093be67d1997f950efd9dd," `Mirai`
- ","`Backdoor`;`Botnet`
-",True,trojan.gafgyt/mirai,trojan,gafgyt;mirai;ddos,True,False,True,0.25,../malware_report/Gafgyt/analysis_reports_comparison/01_MALICIOUS/d09c8043_deepseek_report.txt
bbe754bdc0007074a6842da135b4a769ec30baa9af19f18c6ff12faf3540cdd7," `Mirai`
- ","`Botnet`;`DDoS`
-",True,trojan.gafgyt/mirai,trojan,gafgyt;mirai;genericrxkg,True,False,True,0.25,../malware_report/Gafgyt/analysis_reports_comparison/01_MALICIOUS/75f859a4_deepseek_report.txt
8a3135a31091a9d317fbb536ed94310c307b9b493f4954953dac53d0fe60e9a4," `Mirai`
- ","`Botnet`;`DDoS`
-",True,trojan.gafgyt/mirai,trojan,gafgyt;mirai;genericrxkg,True,False,True,0.25,../malware_report/Gafgyt/analysis_reports_comparison/01_MALICIOUS/11e2262d_deepseek_report.txt
943a5a0541f2989e027ffe68b46b881dd93c1d9f1481e45218c778dca835f42c," `Mirai`
- ","`Botnet`;`Backdoor`
-",True,trojan.gafgyt/mirai,trojan,gafgyt;mirai;bashlite,True,False,True,0.25,../malware_report/Gafgyt/analysis_reports_comparison/01_MALICIOUS/c3832548_deepseek_report.txt
4f5f376c250c58d3931e17c2ff770366f09bb17de9d5483c51f84a26b22700b4," `Mirai`
- ","`Botnet`;`Backdoor`
-",True,trojan.gafgyt/ddos,trojan,gafgyt;ddos;bashlite,False,False,False,0.0,../malware_report/Gafgyt/analysis_reports_comparison/01_MALICIOUS/435ae733_deepseek_report.txt
c32ad2bea8f4daa31141bb87b52fc21b896b424ecacd082407d229d456c99df8," `Hailbot`
- ","`Botnet`;`DDoS`
-",True,trojan.mirai/expl,trojan,mirai;expl;smmr1,False,False,False,0.0,../malware_report/Gafgyt/analysis_reports_comparison/01_MALICIOUS/2f96bc9f_deepseek_report.txt
dc79909c3f49ef09d92e780ae13135ea576ca1bd7c13e54ee22813a68db0dd84," `Mirai`
- ","`Botnet`;`Backdoor`
-",True,trojan.gafgyt/mirai,trojan,gafgyt;mirai;ddos,True,False,True,0.25,../malware_report/Gafgyt/analysis_reports_comparison/01_MALICIOUS/bfed6871_deepseek_report.txt
700976fd32b0e4fcb19b97198897a47d4207591bfd445ea1efa9604f9d07771c," `Mirai`
- ","`Botnet`;`Backdoor`
-",True,trojan.gafgyt/mirai,trojan,gafgyt;mirai;genericrxkh,True,False,True,0.25,../malware_report/Gafgyt/analysis_reports_comparison/01_MALICIOUS/355e2a14_deepseek_report.txt
6adac86bf0a67c68c36d72e1e5216da5ac92062f4c51ed20afc72f2d86bf385e," `Mirai`
- ","`Botnet`;`Backdoor`
-",True,trojan.gafgyt/mirai,trojan,gafgyt;mirai;bashlite,True,False,True,0.25,../malware_report/Gafgyt/analysis_reports_comparison/01_MALICIOUS/804489ff_deepseek_report.txt
25f8b3b8d07c076534aac0ad6058dcc72835248c1d7b2ed4e81d806df13fe375," `None`
- ","`Backdoor`;`Botnet`
-",True,trojan.gafgyt/mirai,trojan,gafgyt;mirai;ddos,False,False,False,0.0,../malware_report/Gafgyt/analysis_reports_comparison/01_MALICIOUS/7762f8d2_deepseek_report.txt
b997b3b373ec58be8ef5599180bdb4ee0b372525bf423f40234563c07192f6aa," `Mirai`
- ","`Botnet`;`Backdoor`
-",True,trojan.mirai/svirtu,trojan,mirai;svirtu;gafgyt,True,False,True,0.25,../malware_report/Gafgyt/analysis_reports_comparison/01_MALICIOUS/52103e23_deepseek_report.txt
06462689e9024266067ee7dc2c0406bf6e9f39daa4fbac39389914fede1e3fd7," `Mirai`
- ","`Botnet`;`Backdoor`;`Evasion`
-",True,trojan.gafgyt/ddos,trojan,gafgyt;ddos;mirai,True,False,True,0.25,../malware_report/Gafgyt/analysis_reports_comparison/01_MALICIOUS/9436bba8_deepseek_report.txt
1d4552bd34a7f0bb66ecd1182b8cda55577f75b53bd5d33153b7c61f45924b18," `Mirai`
- ","`Botnet`;`Backdoor`
-",True,trojan.gafgyt/mirai,trojan,gafgyt;mirai;bashlite,True,False,True,0.25,../malware_report/Gafgyt/analysis_reports_comparison/01_MALICIOUS/2712b564_deepseek_report.txt
9dcbf08e892e1f8de319f7047d8b82759edf42ed317b7d998c3cba93e22e6a7d," `Mirai`
- ","`Botnet`;`Backdoor`
-",True,trojan.gafgyt/mirai,trojan,gafgyt;mirai;bashlite,True,False,True,0.25,../malware_report/Gafgyt/analysis_reports_comparison/01_MALICIOUS/e28afa0f_deepseek_report.txt
a964dcaf9a1b4206cc98429736a4f8a2bfb2e6565a053b859e9f3323af5f3ad3," `Mirai`
- ","`Botnet`;`Backdoor`;`Evasion`
-",False,,,,False,False,False,0.0,../malware_report/Gafgyt/analysis_reports_comparison/01_MALICIOUS/88b8e455_deepseek_report.txt
e5e2f800a4a74e8b3d6539753385f7f33709debef8181db8457f7bd3e74f5e62," `Mirai`
- ","`Botnet`;`Backdoor`
-",True,trojan.mirai/gafgyt,trojan,mirai;gafgyt;ddos,True,False,True,0.25,../malware_report/Gafgyt/analysis_reports_comparison/01_MALICIOUS/18763f69_deepseek_report.txt
fd7aca12fe02f4b258e332428f8dedcae73f8a10ead511ffc73c44785f02ea67," `Mirai`
- ","`Botnet`;`DDoS`;`Backdoor`
-",True,trojan.mirai/r002c0xkr25,trojan,mirai;r002c0xkr25,True,False,True,0.25,../malware_report/Gafgyt/analysis_reports_comparison/01_MALICIOUS/e2f07ef3_deepseek_report.txt
f7cd8a0e788fa413dfb0e9c4e0dbb6529d604f45606f49dc8fabc1bf363b634b," `Mirai`
- ","`Botnet`;`Backdoor`
-",True,trojan.gafgyt/mirai,trojan,gafgyt;mirai;bashlite,True,False,True,0.25,../malware_report/Gafgyt/analysis_reports_comparison/01_MALICIOUS/7b09e066_deepseek_report.txt
c7500625f946b9a6ace8345cad976ff68cefda4645b04f431a8eb90a8ee9f210," `Mirai`
- ","`Botnet`;`Backdoor`
-",True,trojan.mirai/ddos,trojan,mirai;ddos;smlbo20,True,False,True,0.25,../malware_report/Gafgyt/analysis_reports_comparison/01_MALICIOUS/be1ed23d_deepseek_report.txt
985448ef01f8bfd2bc8c5d263d5e5a568dff064d62c3dc121de332617842e844," `Mirai`
- ","`Botnet`;`Backdoor`
-",True,trojan.gafgyt/mirai,trojan,gafgyt;mirai;ddos,True,False,True,0.25,../malware_report/Gafgyt/analysis_reports_comparison/01_MALICIOUS/3074f679_deepseek_report.txt
c709533669f6d2d61cdeb1e02469621d22c1158897a8bfa2e5bd951f3705b3b6," `Mirai`
- ","`Botnet`;`Backdoor`
-",True,trojan.gafgyt/mirai,trojan,gafgyt;mirai;genericrxki,True,False,True,0.25,../malware_report/Gafgyt/analysis_reports_comparison/01_MALICIOUS/980d96e7_deepseek_report.txt
a40b1b7e86805276ee1ff9526f81bc1324a3aa02c3776d349bd65e79da67fb31," `Mirai`
- ","`Botnet`;`Backdoor`
-",True,trojan.gafgyt/mirai,trojan,gafgyt;mirai;bashlite,True,False,True,0.25,../malware_report/Gafgyt/analysis_reports_comparison/01_MALICIOUS/bf45cc53_deepseek_report.txt
de99bfa7cf36c836d764ef356b796860ca8d533255af3ab993b361ce24befefa," `Mirai`
- ","`Botnet`;`Backdoor`
-",True,trojan.gafgyt/ddos,trojan,gafgyt;ddos;mirai,True,False,True,0.25,../malware_report/Gafgyt/analysis_reports_comparison/01_MALICIOUS/afe1416b_deepseek_report.txt
43069f8817a6f5e3ee841555fc5b000bf3648e198a9af4aae689083abb206f10," `Mirai`
- ","`Botnet`;`Backdoor`
-",True,trojan.gafgyt/mirai,trojan,gafgyt;mirai;bashlite,True,False,True,0.25,../malware_report/Gafgyt/analysis_reports_comparison/01_MALICIOUS/111b18c1_deepseek_report.txt
9eeee17aa8af792b2f84ce3532df1a3dd60b3c469f5ae703171e9e81806edd8f," `Mirai`
- ","`Botnet`;`Backdoor`
-",True,trojan.gafgyt/mirai,trojan,gafgyt;mirai;ddos,True,False,True,0.25,../malware_report/Gafgyt/analysis_reports_comparison/01_MALICIOUS/133ec7ee_deepseek_report.txt
d55cb83925f19c5788b9cfc1de5a8b77974ac1dfd8209bf3e67b177f2adc9235," `Mirai`
- ","`Botnet`;`Backdoor`;`Reconnaissance`
-",True,trojan.gafgyt/ddos,trojan,gafgyt;ddos;mirai,True,False,True,0.25,../malware_report/Gafgyt/analysis_reports_comparison/01_MALICIOUS/1aeb7fe6_deepseek_report.txt
b8b3e976db37fe3b73443be0f606a655e191a734833088e94fdd30f2a64f4e26," `None`
- ","`Backdoor`;`Botnet`;`Evasion`
-",True,trojan.gafgyt/mirai,trojan,gafgyt;mirai;bashlite,False,False,False,0.0,../malware_report/Gafgyt/analysis_reports_comparison/01_MALICIOUS/d2b8e93e_deepseek_report.txt
dcb9ffa705448d13eb89e12d853615e8d21c429a91a60d7bd80add94d8c4bce4," `Mirai`
- ","`Botnet`;`Backdoor`
-",True,trojan.mirai/gafgyt,trojan,mirai;gafgyt;llrmo,True,False,True,0.25,../malware_report/Gafgyt/analysis_reports_comparison/01_MALICIOUS/94671f8c_deepseek_report.txt
9966b5267f91ad8e9f0197e5a84fcb50274d5d7c96d374005127001c896bddc6," `None`
- ","`Backdoor`;`PrivilegeEscalation`;`Evasion`
-",True,trojan.gafgyt/mirai,trojan,gafgyt;mirai;ddos,False,False,False,0.0,../malware_report/Gafgyt/analysis_reports_comparison/01_MALICIOUS/4b884591_deepseek_report.txt
4f01dd2fd37f495ddd9839d4d21d59f8c56758e72ee30de22c3baa81963fac94," `None`
- ","`Backdoor`;`Botnet`
-",True,trojan.gafgyt/mirai,trojan,gafgyt;mirai;ddos,False,False,False,0.0,../malware_report/Gafgyt/analysis_reports_comparison/01_MALICIOUS/d8e22feb_deepseek_report.txt
ddad2a107dcfe47c92fa35fa6ceab919775a90af4499cda55397a83d816e54ff," `None`
- ","`Backdoor`;`Privilege Escalation`
-",True,trojan.gafgyt/mirai,trojan,gafgyt;mirai;ddos,False,False,False,0.0,../malware_report/Gafgyt/analysis_reports_comparison/01_MALICIOUS/2fec6b40_deepseek_report.txt
2a49de60525cb045b04553d2fbfd5dde7287e5d7d4808b0c9cc773c3edc6f608," `Mirai`
- ","`Botnet`;`Backdoor`
-",True,trojan.gafgyt/mirai,trojan,gafgyt;mirai;ddos,True,False,True,0.25,../malware_report/Gafgyt/analysis_reports_comparison/01_MALICIOUS/ed04bcc5_deepseek_report.txt
a5c132d6067ea131081cee78faeeab249e37beac8aa5911eb5fd8fe45d709e1f," `Mirai`
- ","`Botnet`;`Backdoor`
-",True,trojan.gafgyt/ddos,trojan,gafgyt;ddos;lightaidra,False,False,False,0.0,../malware_report/Gafgyt/analysis_reports_comparison/01_MALICIOUS/6efa775c_deepseek_report.txt
a50504c871c093d1124eb59c695a9b9b9a95db2b115b39f47f72b015baa896b5," `Mirai`
- ","`Botnet`;`Backdoor`
-",True,trojan.gafgyt/mirai,trojan,gafgyt;mirai;genericrxma,True,False,True,0.25,../malware_report/Gafgyt/analysis_reports_comparison/01_MALICIOUS/2da805b1_deepseek_report.txt
7db7b1749086c9053b00ddf517c881a2c30c9c1a7622f60a9539abc3bfdc3046," `Mirai`
- ","`Botnet`;`Backdoor`
-",True,trojan.gafgyt/mirai,trojan,gafgyt;mirai;ddos,True,False,True,0.25,../malware_report/Gafgyt/analysis_reports_comparison/01_MALICIOUS/64867776_deepseek_report.txt
c00993874e11fb2c7a2e96d69d2b46f1313ac25572e77ed6ca4bda86679abf49," `None`
- ","`Backdoor`;`Botnet`
-",True,trojan.gafgyt/mirai,trojan,gafgyt;mirai;bashlite,False,False,False,0.0,../malware_report/Gafgyt/analysis_reports_comparison/01_MALICIOUS/bdc15d43_deepseek_report.txt
c222741df3652e00f13172838a46fbf825a233e22fea0d1ce23525851fa64d70," `Mirai`
- ","`Botnet`;`Backdoor`
-",True,trojan.mirai/gafgyt,trojan,mirai;gafgyt;ddos,True,False,True,0.25,../malware_report/Gafgyt/analysis_reports_comparison/01_MALICIOUS/b4b54a74_deepseek_report.txt
d8fd1b1ff366289e1ad93223b0f60ccd462c47ccc6e73114eaee9950f9345cb6," `None`
- ","`Backdoor`;`Botnet`
-",True,trojan.gafgyt/ddos,trojan,gafgyt;ddos;bashlite,False,False,False,0.0,../malware_report/Gafgyt/analysis_reports_comparison/01_MALICIOUS/8d83ac57_deepseek_report.txt
1dc1ccd5a99902c7359eaca31e6e41969e05ccd68694787c5bf6b9c885fed895," `Mirai`
- ","`Botnet`;`Backdoor`
-",True,trojan.gafgyt/genericrxrf,trojan,gafgyt;genericrxrf;opnd,False,False,False,0.0,../malware_report/Gafgyt/analysis_reports_comparison/01_MALICIOUS/f26045a1_deepseek_report.txt
480dedaed503b0429ca8e83eb23830f9347bbe47e715bc98c497d2c7d1c3330a," `None`
- ","`Backdoor`;`Botnet`
-",True,trojan.gafgyt/mirai,trojan,gafgyt;mirai;ddos,False,False,False,0.0,../malware_report/Gafgyt/analysis_reports_comparison/01_MALICIOUS/aff6653c_deepseek_report.txt
a8c760bb388ab5567e3fd98006fe4bc7d66e0832139af3c526de0c87709779de," `Mirai`
- ","`Botnet`;`Backdoor`
-",True,trojan.gafgyt/mirai,trojan,gafgyt;mirai;bashlite,True,False,True,0.25,../malware_report/Gafgyt/analysis_reports_comparison/01_MALICIOUS/c2da89e3_deepseek_report.txt
231c15f1edb79fea36fab70187d89d657147c7b4cc44fab2d8ddf01919db3402," `Mirai`
- ","`Botnet`;`Backdoor`
-",True,trojan.gafgyt/mirai,trojan,gafgyt;mirai;ddos,True,False,True,0.25,../malware_report/Gafgyt/analysis_reports_comparison/01_MALICIOUS/f45de51a_deepseek_report.txt
73dd27fdfe5d64e0c4259cd9c72a88c79265aadcaf85cd4a7061da50f735fd98," `Mirai`
- ","`Botnet`;`Backdoor`
-",True,trojan.gafgyt/mirai,trojan,gafgyt;mirai;ddos,True,False,True,0.25,../malware_report/Gafgyt/analysis_reports_comparison/01_MALICIOUS/65c754ba_deepseek_report.txt
9aafe882cd35b6cd1d9f70ad71becc776fd10c1f7eda191cb207972b1298f5a1," `Mirai`
- ","`Botnet`;`Backdoor`;`Evasion`
-",True,trojan.gafgyt/ddos,trojan,gafgyt;ddos;mirai,True,False,True,0.25,../malware_report/Gafgyt/analysis_reports_comparison/01_MALICIOUS/1e85ec84_deepseek_report.txt
0a2cbf27c8bb563123b798a302ce9673620bc48491234052d6d28816568e40c5," `Mirai`
- ","`Botnet`;`Backdoor`
-",True,trojan.gafgyt/ddos,trojan,gafgyt;ddos;bashlite,False,False,False,0.0,../malware_report/Gafgyt/analysis_reports_comparison/01_MALICIOUS/6783f099_deepseek_report.txt
471647009122790cda8551215b2fa36cab0bf0b7f1cb36ecf550a147e973f3a9," `None`
- ","`Backdoor`;`Privilege Escalation`
-",True,trojan.gafgyt/ddos,trojan,gafgyt;ddos,False,False,False,0.0,../malware_report/Gafgyt/analysis_reports_comparison/01_MALICIOUS/5b0a71ad_deepseek_report.txt
7c9911a3523d2514c62bbc1c1d68fd26be0d0476b0909561c10199d042c50c76," `Mirai`
- ","`Botnet`;`Backdoor`
-",True,trojan.gafgyt/mirai,trojan,gafgyt;mirai;bashlite,True,False,True,0.25,../malware_report/Gafgyt/analysis_reports_comparison/01_MALICIOUS/753c923d_deepseek_report.txt
f9a1e370f3b00ea4fba2c772da0c84b343c84724fcca0c071ccc589d48eac504," `Mirai`
- ","`Botnet`;`DDoS`
-",True,trojan.mirai/gafgyt,trojan,mirai;gafgyt;ddos,True,True,True,0.5,../malware_report/Gafgyt/analysis_reports_comparison/01_MALICIOUS/3fdd6981_deepseek_report.txt
24a92c5e697428fb6a795ca1c4583bbd7d9eb857af3c9df7256928483d1ee74b," `Mirai`
- ","`Botnet`;`Backdoor`
-",True,trojan.gafgyt/mirai,trojan,gafgyt;mirai;bashlite,True,False,True,0.25,../malware_report/Gafgyt/analysis_reports_comparison/01_MALICIOUS/1ee502f6_deepseek_report.txt
6d7566880c147e12d389ab3ec5ec7c1ca990add0e19f3140c6a638042a689db8," `Mirai`
- ","`Backdoor`;`Botnet`
-",True,trojan.gafgyt/mirai,trojan,gafgyt;mirai;bashlite,True,False,True,0.25,../malware_report/Gafgyt/analysis_reports_comparison/01_MALICIOUS/45ed9c94_deepseek_report.txt
57c16e2d5ab10700011ac17dd274d5cdb72c643553a9cc8280353daf66075b51," `Mirai`
- ","`Botnet`;`Backdoor`
-",True,trojan.mirai/gafgyt,trojan,mirai;gafgyt;ddos,True,False,True,0.25,../malware_report/Gafgyt/analysis_reports_comparison/01_MALICIOUS/4a104599_deepseek_report.txt
ffec4679883b94c4e17800365dff733d61b31ba869d1c1df15febcc560f56038," `Mirai`
- ","`Botnet`;`Backdoor`
-",True,trojan.gafgyt/ddos,trojan,gafgyt;ddos;lightaidra,False,False,False,0.0,../malware_report/Gafgyt/analysis_reports_comparison/01_MALICIOUS/dc9cde31_deepseek_report.txt
334fd27bd6bd6c5864cb203c71854aea9f5c31426543349736c4bfaed20a276b," `Mirai`
- ","`Botnet`;`DDoS`;`Backdoor`
-",True,trojan.mirai/gafgyt,trojan,mirai;gafgyt;ddos,True,True,True,0.5,../malware_report/Gafgyt/analysis_reports_comparison/01_MALICIOUS/fbb95198_deepseek_report.txt
e5681077d39628a82df1c682d22f5f314ec2906d10151d4c0faf33a6e933e23c," `Mirai`
- ","`Botnet`;`Backdoor`
-",True,trojan.gafgyt/ddos,trojan,gafgyt;ddos;mirai,True,False,True,0.25,../malware_report/Gafgyt/analysis_reports_comparison/01_MALICIOUS/9addc23d_deepseek_report.txt
5d1c1f54c5aacbf56df437c9f608d90b10310414db11c6734b1c0bee881ed728," `Mirai`
- ","`Botnet`;`Backdoor`
-",True,trojan.gafgyt/mirai,trojan,gafgyt;mirai;bashlite,True,False,True,0.25,../malware_report/Gafgyt/analysis_reports_comparison/01_MALICIOUS/1dae74e6_deepseek_report.txt
785f6c67e00b80648cffaad7bed2a2e6aea73cf8fc8f052790f15288c13e2da5," `Mirai`
- ","`Botnet`;`Backdoor`
-",True,trojan.gafgyt/mirai,trojan,gafgyt;mirai;genericrxma,True,False,True,0.25,../malware_report/Gafgyt/analysis_reports_comparison/01_MALICIOUS/73f2b97e_deepseek_report.txt
0a3f4a30218c8c165cac69d96e8acbab1a6a7c563e1f3f2513c1c6b2b9201e9c," `Mirai`
- ","`Botnet`;`Backdoor`
-",True,trojan.gafgyt/mirai,trojan,gafgyt;mirai;ddos,True,False,True,0.25,../malware_report/Gafgyt/analysis_reports_comparison/01_MALICIOUS/e3729e65_deepseek_report.txt
c0217af6675f9fe2e3971eacb58f3637ced860bf24140d592f3381b72393bcab," `Mirai`
- ","`Botnet`;`DDoS`;`Backdoor`
-",True,trojan.gafgyt/mirai,trojan,gafgyt;mirai;bashlite,True,False,True,0.25,../malware_report/Gafgyt/analysis_reports_comparison/01_MALICIOUS/92bac18d_deepseek_report.txt
b1eb759a7c7ac1830d8c04946f7740ad900fc3e31870564f83d2aaae36d9d999," `Mirai`
- ","`Botnet`;`DDoS`
-",True,trojan.gafgyt/mirai,trojan,gafgyt;mirai;genericrxkg,True,False,True,0.25,../malware_report/Gafgyt/analysis_reports_comparison/01_MALICIOUS/48cabc7a_deepseek_report.txt
6af7f3ae86e55974ae17f7b4607ee17149803c143af078152e0d0a5417df6d0b," `Mirai`
- ","`Botnet`;`DDoS`
-",True,trojan.gafgyt/mirai,trojan,gafgyt;mirai;ddos,True,True,True,0.5,../malware_report/Gafgyt/analysis_reports_comparison/01_MALICIOUS/442fca51_deepseek_report.txt
cc123eecf938a83ccf54d1cfb17b14918a71847a9a43573d8d599b215c3cf9d6," `Mirai`
- ","`Botnet`;`Backdoor`
-",True,trojan.gafgyt/ddos,trojan,gafgyt;ddos;mirai,True,False,True,0.25,../malware_report/Gafgyt/analysis_reports_comparison/01_MALICIOUS/636ddf19_deepseek_report.txt
9bcf2a35ef89addfe52831066b9b855ac5442ce2029d2c588f6bfeb8c378f84b," `Mirai`
- ","`Botnet`;`Backdoor`;`Evasion`
-",True,trojan.gafgyt/ddos,trojan,gafgyt;ddos;mirai,True,False,True,0.25,../malware_report/Gafgyt/analysis_reports_comparison/01_MALICIOUS/9911a472_deepseek_report.txt
24d041027fc805b2a992b08591e29ddc908fe7444f3acfb97421ec7972091fc3," `Mirai`
- ","`Botnet`;`Backdoor`
-",True,trojan.gafgyt/mirai,trojan,gafgyt;mirai;bashlite,True,False,True,0.25,../malware_report/Gafgyt/analysis_reports_comparison/01_MALICIOUS/df925ced_deepseek_report.txt
d4ede0e9012745ce7ff2c56a4ecff8676f74fb40127e02d209b6107fb13c7279," `Mirai`
- ","`Botnet`;`Backdoor`
-",True,trojan.gafgyt/genericrxpr,trojan,gafgyt;genericrxpr;opnd,False,False,False,0.0,../malware_report/Gafgyt/analysis_reports_comparison/01_MALICIOUS/59921985_deepseek_report.txt
ac31050234d0d5d2f79d5007b6792f733561f1a886611453faabc8c55d061c50," `Mirai`
- ","`Botnet`;`Backdoor`;`Evasion`
-",True,trojan.gafgyt/mirai,trojan,gafgyt;mirai;ddos,True,False,True,0.25,../malware_report/Gafgyt/analysis_reports_comparison/01_MALICIOUS/32abe3b8_deepseek_report.txt
9220d7cd7f6475d8b6d939b651f41089868e5aec3c8064e331d63d5353c1a8b1," `Mirai`
- ","`Botnet`;`Backdoor`
-",True,trojan.gafgyt/mirai,trojan,gafgyt;mirai;bashlite,True,False,True,0.25,../malware_report/Gafgyt/analysis_reports_comparison/01_MALICIOUS/6ebffdd6_deepseek_report.txt
3df69d0a66faf2f3636af5fca6deeaedd9d8eafb39928f027d9d4c28acd1dfc5," `Mirai`
- ","`Botnet`;`DDoS`;`Backdoor`
-",True,trojan.mirai/gafgyt,trojan,mirai;gafgyt;olryy,True,False,True,0.25,../malware_report/Gafgyt/analysis_reports_comparison/01_MALICIOUS/49b9964e_deepseek_report.txt
7a145aec20e0d6c25ec3f6163a4d70b00ad89854051d2680565785f46746d500," `Mirai`
- ","`Botnet`;`Backdoor`;`Reconnaissance`
-",True,trojan.gafgyt/mirai,trojan,gafgyt;mirai;bashlite,True,False,True,0.25,../malware_report/Gafgyt/analysis_reports_comparison/01_MALICIOUS/13a1b30b_deepseek_report.txt
e9463df5e1168ff8c920727693f9f519795cc4a0a510d277cbc76a366920e350," `Mirai`
- ","`Botnet`;`Backdoor`;`Evasion`
-",True,trojan.gafgyt/ddos,trojan,gafgyt;ddos;mirai,True,False,True,0.25,../malware_report/Gafgyt/analysis_reports_comparison/01_MALICIOUS/5f64a63d_deepseek_report.txt
bd10423ef0f50e9e7bbb588c7cf3aaf9a838cc93cbe80c0e81fa549d1a4ac657," `Mirai`
- ","`Botnet`;`DDoS`
-",True,trojan.mirai/ddos,trojan,mirai;ddos,True,True,True,0.667,../malware_report/Gafgyt/analysis_reports_comparison/01_MALICIOUS/60dca3dc_deepseek_report.txt
9a14dd86a1f0179584da1583604185908fc87aabb9519870d055ccab52a6d9c9," `Mirai`
- ","`Botnet`;`Backdoor`;`Evasion`
-",True,trojan.gafgyt/ddos,trojan,gafgyt;ddos;mirai,True,False,True,0.25,../malware_report/Gafgyt/analysis_reports_comparison/01_MALICIOUS/23f6711b_deepseek_report.txt
50e266ff4a2365b37ad52c1f0e14a78db5738f00c17ab880abc786743bf8e416," `Mirai`
- ","`Botnet`;`Backdoor`
-",True,trojan.gafgyt/mirai,trojan,gafgyt;mirai;bashlite,True,False,True,0.25,../malware_report/Gafgyt/analysis_reports_comparison/01_MALICIOUS/67cf66ea_deepseek_report.txt
6feeea1accc730facf808f318a3313f8b62cd9585e91480a351a0d53036c0ed5," `Mirai`
- ","`Botnet`;`DDoS`
-",True,trojan.mirai/gafgyt,trojan,mirai;gafgyt;ddos,True,True,True,0.5,../malware_report/Gafgyt/analysis_reports_comparison/01_MALICIOUS/3ae9c2d5_deepseek_report.txt
c5251e252d8b94dac5b525ded92b0777acad9120cbf9111b76fe982d1f22370c," `Mirai`
- ","`Botnet`;`Backdoor`;`Evasion`
-",True,trojan.gafgyt/ddos,trojan,gafgyt;ddos;mirai,True,False,True,0.25,../malware_report/Gafgyt/analysis_reports_comparison/01_MALICIOUS/c559f5dc_deepseek_report.txt
9c1f48a5b16a9475459cdbfca3272ee90dc15ebdb4e2e389af1c8f804b1cf05e," `Mirai`
- ","`Botnet`;`Backdoor`
-",True,trojan.gafgyt/mirai,trojan,gafgyt;mirai;ddos,True,False,True,0.25,../malware_report/Gafgyt/analysis_reports_comparison/01_MALICIOUS/721b2438_deepseek_report.txt
64e489e08faa63841783fc7b6eb438d53a9716cd5a1d5c9cf46b73ace2247b15," `Mirai`
- ","`Botnet`;`Backdoor`
-",True,trojan.gafgyt/mirai,trojan,gafgyt;mirai;ddos,True,False,True,0.25,../malware_report/Gafgyt/analysis_reports_comparison/01_MALICIOUS/a6549b92_deepseek_report.txt
466d997d661a93f16766986075c2cffec05a369d4a05d47d9bb1b2628bd1ea24," `Mirai`
- ","`Botnet`;`Backdoor`
-",True,trojan.gafgyt/mirai,trojan,gafgyt;mirai,True,False,True,0.333,../malware_report/Gafgyt/analysis_reports_comparison/01_MALICIOUS/98901b9e_deepseek_report.txt
7dae24c931238078062cb04bf1e5da2726ba0a74f6785f229810f28882af03b0," `Mirai`
- ","`Botnet`;`Backdoor`
-",True,trojan.gafgyt/mirai,trojan,gafgyt;mirai;genericrxkh,True,False,True,0.25,../malware_report/Gafgyt/analysis_reports_comparison/01_MALICIOUS/e5e2656a_deepseek_report.txt
61e9fa1cd04c92a0e08acacfe2022666554b603d36f9e2f2987f9d65e642bae8," `Mirai`
- ","`Botnet`;`Backdoor`
-",True,trojan.gafgyt/ddos,trojan,gafgyt;ddos,False,False,False,0.0,../malware_report/Gafgyt/analysis_reports_comparison/01_MALICIOUS/345dac6f_deepseek_report.txt
297f147ea59ab210bd6c18e71e87e73b6420e2253250467aa5ad1f5834f93328," `None`
- ","`Backdoor`;`Privilege Escalation`
-",True,trojan.gafgyt/mirai,trojan,gafgyt;mirai;ddos,False,False,False,0.0,../malware_report/Gafgyt/analysis_reports_comparison/01_MALICIOUS/fdb8734a_deepseek_report.txt
45d672836e17455b792acb8be6b0cdc1d6f18e8326f7e094f54f2a9b4e6d589d," `Mirai`
- ","`Botnet`;`Backdoor`
-",True,trojan.gafgyt/mirai,trojan,gafgyt;mirai;bashlite,True,False,True,0.25,../malware_report/Gafgyt/analysis_reports_comparison/01_MALICIOUS/ecca0992_deepseek_report.txt
1fc4b9ab0bb5d89ea4837e01ec5d9b22c72166521394025382e52c7747d0de64," `Mirai`
- ","`Botnet`;`DDoS`;`Backdoor`
-",True,trojan.gafgyt/mirai,trojan,gafgyt;mirai;ddos,True,True,True,0.5,../malware_report/Gafgyt/analysis_reports_comparison/01_MALICIOUS/bcb0e400_deepseek_report.txt
fb0b62ed32ce8eb0c75c683986afd620142688429322e5dea7a1d875756fac78," `Mirai`
- ","`Botnet`;`Backdoor`
-",True,trojan.gafgyt/mirai,trojan,gafgyt;mirai;bashlite,True,False,True,0.25,../malware_report/Gafgyt/analysis_reports_comparison/01_MALICIOUS/4ebea419_deepseek_report.txt
09eab07bda4d4930b5dce1c317a70a3fa6c585b6b007541404bfb5f6d7f8e595," `Mirai`
- ","`Botnet`;`Backdoor`
-",True,trojan.gafgyt/ddos,trojan,gafgyt;ddos;bashlite,False,False,False,0.0,../malware_report/Gafgyt/analysis_reports_comparison/01_MALICIOUS/5250f3d8_deepseek_report.txt
d100ac1fba4f20ecf2b01613a27781844a46774b64659a033730bf39074473bf," `Mirai`
- ","`Botnet`;`Backdoor`
-",True,trojan.gafgyt/mirai,trojan,gafgyt;mirai;ddos,True,False,True,0.25,../malware_report/Gafgyt/analysis_reports_comparison/01_MALICIOUS/ffd5c59c_deepseek_report.txt
d0753582abb899178981886d7a14071c2474b72116e9eefb4fc495a387764aae," `Mirai`
- ","`Botnet`;`DDoS`
-",True,trojan.mirai/gafgyt,trojan,mirai;gafgyt;ddos,True,True,True,0.5,../malware_report/Gafgyt/analysis_reports_comparison/01_MALICIOUS/75b60eca_deepseek_report.txt
b437ad3774036dd96e13e6bacd72f47c20965c8726f3182d71ff85701c044829," `Mirai`
- ","`Botnet`;`Backdoor`
-",True,trojan.mirai/gafgyt,trojan,mirai;gafgyt;possible,True,False,True,0.25,../malware_report/Gafgyt/analysis_reports_comparison/01_MALICIOUS/91600277_deepseek_report.txt
09064cac26d8af4e3978c90ef02488e87b993792e9b26c259ec5f546b4cf5ae3," `Mirai`
- ","`Botnet`;`Backdoor`
-",True,trojan.gafgyt/mirai,trojan,gafgyt;mirai;ddos,True,False,True,0.25,../malware_report/Gafgyt/analysis_reports_comparison/01_MALICIOUS/6cf7c691_deepseek_report.txt
8dcf7c0d8a7e8ab2fffba277750eed1301c193b21669e9d30e17d11941df0d71," `Mirai`
- ","`Botnet`;`Backdoor`
-",True,trojan.gafgyt/ddos,trojan,gafgyt;ddos;mirai,True,False,True,0.25,../malware_report/Gafgyt/analysis_reports_comparison/01_MALICIOUS/143a81f7_deepseek_report.txt
9c8841de22ad96889ced1e5ea6cfc17e966f22658ef18d52ece8c7e77a8beed3," `Mirai`
- ","`Botnet`;`Backdoor`
-",True,trojan.gafgyt/mirai,trojan,gafgyt;mirai;ddos,True,False,True,0.25,../malware_report/Gafgyt/analysis_reports_comparison/01_MALICIOUS/ae249f13_deepseek_report.txt
dc59a25fee5c6c5661ae2fab972f6f6b5bf61440f927736361cca80760de73ec," `Mirai`
- ","`Botnet`;`Backdoor`
-",True,trojan.mirai/gafgyt,trojan,mirai;gafgyt;svirtu,True,False,True,0.25,../malware_report/Gafgyt/analysis_reports_comparison/01_MALICIOUS/c8498e9c_deepseek_report.txt
13ac12c5962a3f890cd10b57d50ecc064ff951ebab9cb9b720558bbf6a211154," `Mirai`
- ","`Botnet`;`Backdoor`
-",True,trojan.gafgyt/mirai,trojan,gafgyt;mirai,True,False,True,0.333,../malware_report/Gafgyt/analysis_reports_comparison/01_MALICIOUS/77d99c9e_deepseek_report.txt
5a4684825047fdd52d43be70d72df55cfd4e620afaf416190a3e3fd82d9c2e35," `Mirai`
- ","`Botnet`;`Backdoor`
-",True,trojan.gafgyt/mirai,trojan,gafgyt;mirai;ddos,True,False,True,0.25,../malware_report/Gafgyt/analysis_reports_comparison/01_MALICIOUS/eda53732_deepseek_report.txt
0de508813e9d9aa2e6774e67da7ab549e2aa95eb60a753b762aee65f29d9392b," `Mirai`
- ","`Botnet`;`Backdoor`
-",True,trojan.gafgyt/mirai,trojan,gafgyt;mirai;ddos,True,False,True,0.25,../malware_report/Gafgyt/analysis_reports_comparison/01_MALICIOUS/1e1d51d9_deepseek_report.txt
1a69acae06c495d68ca9c45e1aaa0704d4148cbeceb09319823b1f28bc310390," `Mirai`
- ","`Botnet`;`Backdoor`
-",True,trojan.gafgyt/mirai,trojan,gafgyt;mirai;bashlite,True,False,True,0.25,../malware_report/Gafgyt/analysis_reports_comparison/01_MALICIOUS/d19ed848_deepseek_report.txt
ca7cfb17b2980203bde3d83b5d18e891abcc8bd7bfb1e392a38289f3b6613f0a," `Mirai`
- ","`Botnet`;`Backdoor`
-",True,trojan.gafgyt/mirai,trojan,gafgyt;mirai;xxlhq,True,False,True,0.25,../malware_report/Gafgyt/analysis_reports_comparison/01_MALICIOUS/4a5abb09_deepseek_report.txt
3a092b9ef30fc15cff4cf34eceb3b3a369d0dcf2ed55327dde582dfa496719f0," `Mirai`
- ","`Botnet`;`Backdoor`
-",True,trojan.gafgyt/mirai,trojan,gafgyt;mirai;ddos,True,False,True,0.25,../malware_report/Gafgyt/analysis_reports_comparison/01_MALICIOUS/169831da_deepseek_report.txt
51919576254b24acac956a09ec5d40c2f984e4533f6655ec0e1fdc14ced698eb," `Mirai`
- ","`Botnet`;`Backdoor`
-",True,trojan.gafgyt/mirai,trojan,gafgyt;mirai;bashlite,True,False,True,0.25,../malware_report/Gafgyt/analysis_reports_comparison/01_MALICIOUS/56a9e085_deepseek_report.txt
f5d393c9c9688915c99dc33cedcf21b2927fad950d07145d3d1869b4f878582b," `None`
- ","`Backdoor`;`Botnet`
-",True,trojan.gafgyt/mirai,trojan,gafgyt;mirai;bashlite,False,False,False,0.0,../malware_report/Gafgyt/analysis_reports_comparison/01_MALICIOUS/de408d7f_deepseek_report.txt
676f07b21ec3361e11448aa36989bbb7e788782ee7b76e6159e170be3c31555e," `Mirai`
- ","`Botnet`;`DDoS`;`Backdoor`
-",True,trojan.mirai/svirtu,trojan,mirai;svirtu;fekpd,True,False,True,0.25,../malware_report/Gafgyt/analysis_reports_comparison/01_MALICIOUS/8821d7e8_deepseek_report.txt
f9617e9ec238906fff452c550d7c344b98f53f6c28113608a2947d1a23bbdd75," `Mirai`
- ","`Botnet`;`Backdoor`
-",True,trojan.gafgyt/mirai,trojan,gafgyt;mirai;smmr3,True,False,True,0.25,../malware_report/Gafgyt/analysis_reports_comparison/01_MALICIOUS/cd34982c_deepseek_report.txt
c06b340e94ed25377c4bcaf15b4bbc7ed5e66baa2326e3d4b665fdd389c5b8d6," `Mirai`
- ","`Backdoor`;`Botnet`
-",True,trojan.gafgyt/mirai,trojan,gafgyt;mirai;ddos,True,False,True,0.25,../malware_report/Gafgyt/analysis_reports_comparison/01_MALICIOUS/1acdb9b8_deepseek_report.txt
5be639748ff6c6ca8a857a3b9b47eb18f0e4b16d23a50ce2467319a2e26fe20d," `Mirai`
- ","`Botnet`;`Backdoor`;`Reconnaissance`
-",True,trojan.gafgyt/ddos,trojan,gafgyt;ddos;mirai,True,False,True,0.25,../malware_report/Gafgyt/analysis_reports_comparison/01_MALICIOUS/afb7defe_deepseek_report.txt
5eff391e4cb52d4d3af437e34577454d6e99f0cafc4a24716c1989e3917d3816," `Mirai`
- ","`Botnet`;`Backdoor`
-",True,trojan.gafgyt/mirai,trojan,gafgyt;mirai;genericrxkg,True,False,True,0.25,../malware_report/Gafgyt/analysis_reports_comparison/01_MALICIOUS/cc841dc7_deepseek_report.txt
e9980058646af3a85d56bcd3c917f04809e6dd5dd5da4e778eb78b8e07796fb2," `Mirai`
- ","`Botnet`;`Backdoor`
-",True,trojan.gafgyt/fszhv,trojan;adware,gafgyt;fszhv;mirai,True,False,True,0.2,../malware_report/Gafgyt/analysis_reports_comparison/01_MALICIOUS/e9afe8ca_deepseek_report.txt
48b36bab43fb248727c6e8da4ab8d0affc1bc59c9238542467c4f98c1b42f31e," `Mirai`
- ","`Botnet`;`Backdoor`
-",True,trojan.gafgyt/mirai,trojan,gafgyt;mirai;ddos,True,False,True,0.25,../malware_report/Gafgyt/analysis_reports_comparison/01_MALICIOUS/71be66ba_deepseek_report.txt
b72cacdc3e46c80c96971dc4284ed57d4b15764111a038e27f02a391780b17b4," `Anti-Emulation`
- ","`Backdoor`;`Evasion`
-",True,trojan.mirai,trojan,mirai,False,False,False,0.0,../malware_report/Hailbot/analysis_reports_comparison/02_SUSPICIOUS/5a4db60f_deepseek_report.txt
e57d766a7dd35bea467d4705c05dd0cd3773f9fddd710210e7cd622be49ce28c," `None`
- ","`Backdoor`;`Evasion`
-",True,trojan.mirai/etlcc,trojan,mirai;etlcc;r002c0di425,False,False,False,0.0,../malware_report/Hailbot/analysis_reports_comparison/02_SUSPICIOUS/99e1dcd7_deepseek_report.txt
8c0504140cb7ca9f107e5d5fe81308a721889f9dfed9372523a1d7e959e57ee2," `None`
- ","`Backdoor`;`Evasion`
-",True,trojan.mirai/qeoil,trojan,mirai;qeoil,False,False,False,0.0,../malware_report/Hailbot/analysis_reports_comparison/02_SUSPICIOUS/6bb5aca6_deepseek_report.txt
f8920d5059c03143577154e3cde944fc5ffd08a36103edcb0c177353c7014035," `None`
- ","`Backdoor`;`Evasion`
-",True,trojan.mirai/amoyy,trojan,mirai;amoyy,False,False,False,0.0,../malware_report/Hailbot/analysis_reports_comparison/02_SUSPICIOUS/689ec113_deepseek_report.txt
6bc2f16beb3e48e51de9567c5a49844cc0a9acfad91479edfa72c454f86395a3," `Hailbot`
- ","`Botnet`;`DDoS`
-",True,trojan.mirai/cucqj,trojan,mirai;cucqj,False,False,False,0.0,../malware_report/Hailbot/analysis_reports_comparison/01_MALICIOUS/51f6f7f3_deepseek_report.txt
6ef0fb0cfe1625f54e650b8e38b45e8bb5775f03f5aab89fc4c8706f9ddd0d49," `Hailbot`
- ","`Botnet`;`Backdoor`
-",True,trojan.mirai/qqxnm,trojan,mirai;qqxnm,False,False,False,0.0,../malware_report/Hailbot/analysis_reports_comparison/01_MALICIOUS/99010c38_deepseek_report.txt
112744f8530952b42f35cf2bae011044c0ff36666e1ea00cf26f68982ce651dd," `Mirai`
- ","`Botnet`;`DDoS`;`Backdoor`
-",True,trojan.mirai/cryp,trojan,mirai;cryp;gafgyt,True,False,True,0.25,../malware_report/Hailbot/analysis_reports_comparison/01_MALICIOUS/3a0f0d5a_deepseek_report.txt
7c829937f911be122b146c44c8e95c414657aba274c01127cf52d3cbf14e9429," `Hailbot`
- ","`Botnet`;`DDoS`
-",True,trojan.mirai/hoclq,trojan,mirai;hoclq,False,False,False,0.0,../malware_report/Hailbot/analysis_reports_comparison/01_MALICIOUS/4a02fe26_deepseek_report.txt
29b4cc066f78f3ad91c7be75fe1b0ba5bdf2e9e7efec6eb2e17cf80738821521," `Mirai`
- ","`Botnet`;`DDoS`;`Evasion`
-",True,trojan.mirai/expl,trojan,mirai;expl;smmr1,True,False,True,0.25,../malware_report/Hailbot/analysis_reports_comparison/01_MALICIOUS/23968c52_deepseek_report.txt
358a9d1bc29177ae14da646f759acd6c9c5a82f38ce40488bfaf0782e231e373," `Hailbot`
- ","`Botnet`;`Backdoor`
-",True,trojan.mirai/r002c0di825,trojan,mirai;r002c0di825;yhvnf,False,False,False,0.0,../malware_report/Hailbot/analysis_reports_comparison/01_MALICIOUS/afa51328_deepseek_report.txt
51c5ca5399f1d103a75aaa39183c389bb8d0b1a14b8fa4a141dd30b31fe3775b," `Mirai`
- ","`Botnet`;`DDoS`;`Backdoor`
-",True,trojan.mirai,trojan,mirai,True,False,True,0.25,../malware_report/Hailbot/analysis_reports_comparison/01_MALICIOUS/9b2daca7_deepseek_report.txt
ee14e4dfb3d49efd81f9459061ab49aa1f7f537cb2bc5f6c4ab81ca8f77fd6cb," `None`
- ","`Backdoor`;`Evasion`
-",True,trojan.mirai/multiverze,trojan,mirai;multiverze;vggbd,False,False,False,0.0,../malware_report/Hailbot/analysis_reports_comparison/01_MALICIOUS/8f8aa35d_deepseek_report.txt
88a01b622b085ffb4124156af415409b56a786315f4cc4a5c36b2ed66b12b7fd," `Mirai`
- ","`Botnet`;`DDoS`;`Reconnaissance`
-",True,trojan.mirai/blree,trojan,mirai;blree;r002c0di925,True,False,True,0.25,../malware_report/Hailbot/analysis_reports_comparison/01_MALICIOUS/c99c8392_deepseek_report.txt
de9b4dd607b86cd00d6b6d4e3d542a0b972698d76fb478b06346acda59f26bd9," `Hailbot`
- ","`Botnet`;`DDoS`;`Evasion`
-",True,trojan.mirai/xvdij,trojan,mirai;xvdij,False,False,False,0.0,../malware_report/Hailbot/analysis_reports_comparison/01_MALICIOUS/8e8b5208_deepseek_report.txt
42145dae18871810e54da2fd98abde7100a5d210c610f7bd182edb76cf70a27a," `None`
- ","`Backdoor`;`Memory Corruption`
-",True,trojan.mirai/mshjs,trojan,mirai;mshjs,False,False,False,0.0,../malware_report/Hailbot/analysis_reports_comparison/01_MALICIOUS/9933f736_deepseek_report.txt
da2d67da39516555b62279a50b825c3933e596e6307c870f00bee8a4738d5448," `Mirai`
- ","`Botnet`;`Backdoor`
-",True,trojan.mirai/mqvdf,trojan,mirai;mqvdf;r002c0di825,True,False,True,0.25,../malware_report/Hailbot/analysis_reports_comparison/01_MALICIOUS/1ca88da1_deepseek_report.txt
e040b6465295d8e438017f2d69a060d6a7c8af8ed3db145a30231953d36c7d53," `Mirai`
- ","`Botnet`;`DDoS`;`Backdoor`
-",True,trojan.mirai,trojan,mirai,True,False,True,0.25,../malware_report/Hailbot/analysis_reports_comparison/01_MALICIOUS/32fca670_deepseek_report.txt
00ed48b5b25d23348dd092877c46b31b8198b029f6edee980e459ebee5eaebc3," `None`
- ","`Trojan`;`Backdoor`;`Evasion`
-",True,trojan.mirai/epnkj,trojan,mirai;epnkj;r002c0dem25,False,True,True,0.25,../malware_report/Hailbot/analysis_reports_comparison/01_MALICIOUS/5e73b1d3_deepseek_report.txt
9f957aa688bf944f805c81c9922fef08f1f6aad758de5893d2e7da7719e874a6," `Hailbot`
- ","`Botnet`;`Backdoor`;`Evasion`
-",True,trojan.mirai/eaigg,trojan,mirai;eaigg,False,False,False,0.0,../malware_report/Hailbot/analysis_reports_comparison/01_MALICIOUS/72968a9c_deepseek_report.txt
7c7006cff47a0468d24228749acbd0f68398cbcb90738a46b1f355d39dac4bd7," `Hailbot`
- ","`Botnet`;`Backdoor`
-",True,trojan.mirai/r002c0di825,trojan,mirai;r002c0di825;thjdx,False,False,False,0.0,../malware_report/Hailbot/analysis_reports_comparison/01_MALICIOUS/b18b987a_deepseek_report.txt
07f666394c3b443eeb8d0b55da046cfbce01d9e1e6a05ae6b8594d860e1e85a9," `Hailbot`
- ","`Botnet`;`Backdoor`
-",True,trojan.mirai/djazc,trojan,mirai;djazc;r002c0di825,False,False,False,0.0,../malware_report/Hailbot/analysis_reports_comparison/01_MALICIOUS/2c5536c9_deepseek_report.txt
33e1e49c79bf62ed7b32f55fb9eb69502ffc72a53f314a0a1cc8b730c689e397," `Mirai`
- ","`Botnet`;`DDoS`;`Backdoor`
-",True,trojan.mirai/r002c0xk125,trojan,mirai;r002c0xk125;riotb,True,False,True,0.25,../malware_report/Hailbot/analysis_reports_comparison/01_MALICIOUS/e1ef7ae3_deepseek_report.txt
04c6f3b980f4e33b914d5a9a8edf7938e68ab6defab38ae2fe74fc1bf82a2421," `Mirai`
- ","`Botnet`;`DDoS`;`Backdoor`
-",True,trojan.mirai/r002c0dia25,trojan,mirai;r002c0dia25;sexcw,True,False,True,0.25,../malware_report/Hailbot/analysis_reports_comparison/01_MALICIOUS/9bb2951f_deepseek_report.txt
befaa7b301cc39e00e9409ebac1337945b78e818307ad6a550e18ed8b887295e," `Hailbot`
- ","`Botnet`;`Backdoor`
-",True,trojan.mirai/dypry,trojan,mirai;dypry,False,False,False,0.0,../malware_report/Hailbot/analysis_reports_comparison/01_MALICIOUS/f6acf98e_deepseek_report.txt
e722df723220d06e163cd6574e185858bdb9120219d0a35a3f89be885163fa18," `Hailbot`
- ","`Botnet`;`Backdoor`
-",True,trojan.mirai,trojan,mirai,False,False,False,0.0,../malware_report/Hailbot/analysis_reports_comparison/01_MALICIOUS/781c40f2_deepseek_report.txt
fc0f05e57f92ee5cce6e5901871ef7dc80b9c41ee1c30e02ae91071aa5384a04," `Hailbot`
- ","`Botnet`;`DDoS`
-",True,trojan.mirai/gafgyt,trojan,mirai;gafgyt;r002c0di725,False,False,False,0.0,../malware_report/Hailbot/analysis_reports_comparison/01_MALICIOUS/78d53d79_deepseek_report.txt
9509d435fd06cbbc54650bbd726b305a6329f120f1773d1df72983b75fd9baaa," `Mirai`
- ","`Botnet`;`DDoS`;`Backdoor`
-",True,trojan.mirai/cryp,trojan,mirai;cryp;gafgyt,True,False,True,0.25,../malware_report/Hailbot/analysis_reports_comparison/01_MALICIOUS/44ce6221_deepseek_report.txt
4aecd808be6ee03126e5ebb6fa8dd258da8a4134be98eaecfc03b85b413ef379," `None`
- ","`Backdoor`;`Memory Corruption`
-",True,trojan.mirai/ddos,trojan,mirai;ddos;gafgyt,False,False,False,0.0,../malware_report/Hailbot/analysis_reports_comparison/01_MALICIOUS/e1d91863_deepseek_report.txt
190b72c0d6b541d6a554888f76de22579a5f7de030e732fb261cc74f28c56b34," `Hailbot`
- ","`Botnet`;`Backdoor`
-",True,trojan.mirai/wsqil,trojan,mirai;wsqil,False,False,False,0.0,../malware_report/Hailbot/analysis_reports_comparison/01_MALICIOUS/976a70cc_deepseek_report.txt
4b609e3ab43244fad84e041e48870fcdfa654806353dca83614c01bd24bd7f1e," `Hailbot`
- ","`Botnet`;`Backdoor`
-",True,trojan.mirai/xharr,trojan,mirai;xharr,False,False,False,0.0,../malware_report/Hailbot/analysis_reports_comparison/01_MALICIOUS/ae38e77b_deepseek_report.txt
e717a53c4f21309645df7aabe10a41247e495bf4c827498cfeb1b23cc9c82be5," `Mirai`
- ","`Backdoor`;`Persistence`;`Botnet`
-",True,trojan.kaiji/chaos,trojan;downloader,kaiji;chaos;ddos,False,False,False,0.0,../malware_report/Kaiji/analysis_reports_comparison/01_MALICIOUS/1482dd41_deepseek_report.txt
91f42186d8806e0001ab75c3ed40bb28abd8deafec2c0730748deec0b1c4787a," `Mirai`
- ","`Botnet`;`DDoS`;`Backdoor`;`Persistence`
-",True,trojan.kaiji/chaos,trojan;downloader,kaiji;chaos;ddos,False,True,True,0.2,../malware_report/Kaiji/analysis_reports_comparison/01_MALICIOUS/90c2d247_deepseek_report.txt
0cbe136936be1de5ae6f06db325640df74de679a291864e2851abf41421a3f3d," `Mirai`
- ","`Botnet`;`DDoS`;`Backdoor`;`Persistence`
-",True,trojan.kaiji/ares,trojan,kaiji;ares;ddos,False,True,True,0.2,../malware_report/Kaiji/analysis_reports_comparison/01_MALICIOUS/712a095d_deepseek_report.txt
81a9f1b89d7f8f6f5b22e7b2e1df079e2f6c80d4747c9fe8f418bad24e68fece," `Mirai`
- ","`Botnet`;`Backdoor`;`Persistence`
-",True,trojan.kaiji/chaos,trojan;downloader,kaiji;chaos;ddos,False,False,False,0.0,../malware_report/Kaiji/analysis_reports_comparison/01_MALICIOUS/ccc03892_deepseek_report.txt
6bfb8a3cddea503e067cbaa3565b03d9f6ed541a97bedf754074307b2bc251d1," `Mirai`
- ","`Botnet`;`Backdoor`;`DDoS`
-",True,trojan.kaiji/ares,trojan,kaiji;ares;genericrxvm,False,False,False,0.0,../malware_report/Kaiji/analysis_reports_comparison/01_MALICIOUS/eae64d63_deepseek_report.txt
8e5ad42b4a2c953231c72ecb37ac83e9ae0f8df18f02dd3acc7b819464614820," `Mirai`
- ","`Backdoor`;`Persistence`;`Botnet`
-",True,trojan.kaiji/chaos,trojan;downloader,kaiji;chaos;ddos,False,False,False,0.0,../malware_report/Kaiji/analysis_reports_comparison/01_MALICIOUS/06456e7e_deepseek_report.txt
734aaafe61c121561a33abee7973e78a24b2a576a93d410f2e07693154d4ed33," `Mirai`
- ","`Backdoor`;`Persistence`;`Botnet`
-",True,trojan.kaiji/chaos,trojan;downloader,kaiji;chaos;ddos,False,False,False,0.0,../malware_report/Kaiji/analysis_reports_comparison/01_MALICIOUS/2c27e024_deepseek_report.txt
eaf2f72b30f65be112e05c6ab5d4cd3df59155b97ac4f2e8f4bc589e966ae6c3," `Mirai`
- ","`Botnet`;`DDoS`;`Backdoor`;`Rootkit`
-",True,trojan.kaiji/ares,trojan,kaiji;ares;ddos,False,True,True,0.2,../malware_report/Kaiji/analysis_reports_comparison/01_MALICIOUS/715cd20b_deepseek_report.txt
58dd7ba4f53af5f6a3924a11c9177b78859f7312806ab4c438e43691c9936f07," `Mirai`
- ","`Botnet`;`DDoS`;`Backdoor`;`Persistence`
-",True,trojan.kaiji/chaos,trojan,kaiji;chaos;ddos,False,True,True,0.2,../malware_report/Kaiji/analysis_reports_comparison/01_MALICIOUS/68b8f4b9_deepseek_report.txt
bbe51e64bbd5c6c1fa9527edf487ac64beff5abc1e8e2daab1bb2a55b4457bb4," `Mirai`
- ","`Botnet`;`DDoS`;`Backdoor`;`Evasion`
-",True,trojan.kaiji/ares,trojan,kaiji;ares;lyfha,False,False,False,0.0,../malware_report/Kaiji/analysis_reports_comparison/01_MALICIOUS/a2566046_deepseek_report.txt
51a84f73ae428e0d197faa4cde88c4b69531647a53b10c54efc2b9fd4e818b94," `Mirai`
- ","`Backdoor`;`Persistence`
-",True,trojan.kaiji/chaos,trojan;downloader,kaiji;chaos;ddos,False,False,False,0.0,../malware_report/Kaiji/analysis_reports_comparison/01_MALICIOUS/2b1a76b5_deepseek_report.txt
fc0cc05a0891c6207c0fc52fc54d41f34c747b8476dc55b1c34d8c3d595e6dfa," `Mirai`
- ","`Botnet`;`Backdoor`;`Persistence`
-",True,trojan.kaiji/ares,trojan,kaiji;ares;tivyo,False,False,False,0.0,../malware_report/Kaiji/analysis_reports_comparison/01_MALICIOUS/b79ff852_deepseek_report.txt
138fffaaff3b62dbb747dfd3e55c6852cad86c8134e142edf5e276b3458b47ba," `XorDDoS`
- ","`Backdoor`;`DDoS`;`Rootkit`;`Evasion`
-",True,trojan.kaiji/ares,trojan,kaiji;ares;r002c0dh525,False,False,False,0.0,../malware_report/Kaiji/analysis_reports_comparison/01_MALICIOUS/b228320b_deepseek_report.txt
f4d8e5c779b7beaca20dfab39a78fd6db529e7f2766bbf1aca6874f7062e9899," `Mirai`
- ","`Backdoor`;`Persistence`;`Botnet`
-",True,trojan.kaiji/chaos,trojan,kaiji;chaos;ddos,False,False,False,0.0,../malware_report/Kaiji/analysis_reports_comparison/01_MALICIOUS/605e6504_deepseek_report.txt
b760ca2501fce0675753455ba5bf36f4518b253ee6617a2b28ad6f9c0adefcf9," `Mirai`
- ","`Backdoor`;`Botnet`;`Persistence`
-",True,trojan.chaos/kaiji,trojan;downloader,chaos;kaiji;ddos,False,False,False,0.0,../malware_report/Kaiji/analysis_reports_comparison/01_MALICIOUS/13151748_deepseek_report.txt
4fe65ab7cf6d85bdf98f7bccff6d68b4fe86c0417ef9ff54e1707034d2f5e8a9," `Mirai`
- ","`Botnet`;`DDoS`;`Backdoor`;`Evasion`
-",True,trojan.kaiji/ares,trojan,kaiji;ares;gmumv,False,False,False,0.0,../malware_report/Kaiji/analysis_reports_comparison/01_MALICIOUS/72afd812_deepseek_report.txt
558fed7a80236443c85b70f36e9452e2c33d47aceb6e126588aeeca88724297e," `Mirai`
- ","`Botnet`;`DDoS`;`Backdoor`;`Persistence`
-",True,trojan.kaiji/chaos,trojan;downloader,kaiji;chaos;ddos,False,True,True,0.2,../malware_report/Kaiji/analysis_reports_comparison/01_MALICIOUS/9cad1008_deepseek_report.txt
2292b4e14bc6de87cd65976b4c7567b07ced423bcd208d0d62a6e5c5fd564cfb," `Mirai`
- ","`Botnet`;`DDoS`;`Backdoor`;`Evasion`
-",True,trojan.kaiji/ares,trojan,kaiji;ares;aiqaj,False,False,False,0.0,../malware_report/Kaiji/analysis_reports_comparison/01_MALICIOUS/fa6982bf_deepseek_report.txt
dd01b62acdeee511fa4c9336362efa45c6beab056958c4366ba55fd1ee0139b9," `None`
- ","`Backdoor`;`Persistence`
-",True,trojan.kaiji/chaos,trojan;downloader,kaiji;chaos;ddos,False,False,False,0.0,../malware_report/Kaiji/analysis_reports_comparison/01_MALICIOUS/e914f7d7_deepseek_report.txt
9534b7c6114e1558764e26adf635a2bfae8865bb860eebf982005d187b06d869," `Mirai`
- ","`Backdoor`;`Persistence`
-",True,trojan.kaiji/chaos,trojan;downloader,kaiji;chaos;ddos,False,False,False,0.0,../malware_report/Kaiji/analysis_reports_comparison/01_MALICIOUS/6c19c3f7_deepseek_report.txt
59d04334276a73bffdc8108362512e816b98991c8f2d66468fb2b7448dd46aa1," `Mirai`
- ","`Botnet`;`Backdoor`;`Persistence`
-",True,trojan.kaiji/chaos,trojan;downloader,kaiji;chaos;ddos,False,False,False,0.0,../malware_report/Kaiji/analysis_reports_comparison/01_MALICIOUS/320c0d72_deepseek_report.txt
ded5e44044fbffebe6a1beb9d66f8c9282cbf7cef065d8231244997f0829a84e," `XorDDoS`
- ","`Botnet`;`DDoS`;`Backdoor`;`Evasion`
-",True,trojan.kaiji/ares,trojan,kaiji;ares;ddos,True,True,True,0.4,../malware_report/Kaiji/analysis_reports_comparison/01_MALICIOUS/4ce4d751_deepseek_report.txt
719c9b7ed5d84ebfd5d4493d490468cf1bde46980b052a3f170441830ea04e1d," `Mirai`
- ","`Backdoor`;`Persistence`;`Botnet`
-",True,trojan.kaiji/chaos,trojan,kaiji;chaos;ddos,False,False,False,0.0,../malware_report/Kaiji/analysis_reports_comparison/01_MALICIOUS/9b7de402_deepseek_report.txt
5079d694a0165fa0ffe864e00bc63619e4a77eaeb9652cf63a89dfee59887abd," `Mirai`
- ","`Backdoor`;`Persistence`;`Botnet`
-",True,trojan.kaiji/chaos,trojan;downloader,kaiji;chaos;bojrb,False,False,False,0.0,../malware_report/Kaiji/analysis_reports_comparison/01_MALICIOUS/aad22b22_deepseek_report.txt
104d901397ad24c183d421370c2d700c86085e479f9c0e5d2dbf7528b713b3cb," `Mirai`
- ","`Botnet`;`DDoS`;`Backdoor`
-",True,trojan.kaiji/chaos,trojan;downloader,kaiji;chaos;ddos,False,True,True,0.2,../malware_report/Kaiji/analysis_reports_comparison/01_MALICIOUS/7aa7ab25_deepseek_report.txt
e03b170edb8f75e7585174957903b85f0758a56063da7750e3b5de54fb186600," `Mirai`
- ","`Backdoor`;`Persistence`
-",True,trojan.kaiji/chaos,trojan;downloader,kaiji;chaos;ddos,False,False,False,0.0,../malware_report/Kaiji/analysis_reports_comparison/01_MALICIOUS/78a07f6e_deepseek_report.txt
5a0989fd8d661e1fe553525ad7ae2305aa8df3caa5dc3aa059322ba7ceaae62e," `Mirai`
- ","`Botnet`;`DDoS`;`Backdoor`;`Persistence`
-",True,trojan.kaiji/chaos,trojan,kaiji;chaos;ddos,False,True,True,0.2,../malware_report/Kaiji/analysis_reports_comparison/01_MALICIOUS/d66ed342_deepseek_report.txt
6d038864e83212f369efe218816357b99ecd0e98e4c7fa2d00f14ab47cef5fe8," `Mirai`
- ","`Backdoor`;`Botnet`;`Persistence`
-",True,trojan.chaos/kaiji,trojan,chaos;kaiji;cjsgh,False,False,False,0.0,../malware_report/Kaiji/analysis_reports_comparison/01_MALICIOUS/1bcd32b1_deepseek_report.txt
7eb80f11ec4ecbc997eca99fc5965bb14042cf03bcbae9140c4c6a5296202b16," `Mirai`
- ","`Botnet`;`DDoS`;`Backdoor`
-",True,trojan.kaiji/ares,trojan,kaiji;ares;feidp,False,False,False,0.0,../malware_report/Kaiji/analysis_reports_comparison/01_MALICIOUS/cd428f12_deepseek_report.txt
1ff9dfb8882bd664a1fbd93bbcdd56c4f79d519a886a93adc23b3aad3d6fcf5d," `Mirai`
- ","`Backdoor`;`Persistence`
-",True,trojan.kaiji/chaos,trojan;downloader,kaiji;chaos;ddos,False,False,False,0.0,../malware_report/Kaiji/analysis_reports_comparison/01_MALICIOUS/a88a7f64_deepseek_report.txt
da16993d6e346451403f561dd806e1344524f93f03d24c2bcd4ec6f638a98686," `Mirai`
- ","`Botnet`;`Backdoor`;`Persistence`
-",True,trojan.kaiji/chaos,trojan;downloader,kaiji;chaos;ddos,False,False,False,0.0,../malware_report/Kaiji/analysis_reports_comparison/01_MALICIOUS/674b1887_deepseek_report.txt
845f013c94aae9d1df7640be5402c3ece7d191c9c5b4cdefcdd368abcebd7070," `Mirai`
- ","`Botnet`;`DDoS`;`Backdoor`;`Persistence`
-",True,trojan.kaiji/chaos,trojan;downloader,kaiji;chaos;ddos,False,True,True,0.2,../malware_report/Kaiji/analysis_reports_comparison/01_MALICIOUS/b50adb2c_deepseek_report.txt
a2da78afe6e176fd8172ac68185457af7643b78ed45713105728014fcc1ad197," `Mirai`
- ","`Backdoor`;`Persistence`;`Botnet`
-",True,trojan.kaiji/chaos,trojan;downloader,kaiji;chaos;ddos,False,False,False,0.0,../malware_report/Kaiji/analysis_reports_comparison/01_MALICIOUS/a4ee30ec_deepseek_report.txt
674b767e5b712e497e8fbf77d75bd64bcca355db7809e10a3c92fa9004ecf3c0," `Mirai`
- ","`Backdoor`;`Persistence`;`Botnet`
-",True,trojan.kaiji/chaos,trojan;downloader,kaiji;chaos;ddos,False,False,False,0.0,../malware_report/Kaiji/analysis_reports_comparison/01_MALICIOUS/e93f6d6e_deepseek_report.txt
e76f54b7b98ba3a08f39392e6886a9cb3e97d57b8a076e6b948968d0be392ed8," `Mirai`
- ","`Botnet`;`Backdoor`;`DDoS`;`Privilege Escalation`
-",True,trojan.kaiji/chaos,trojan,kaiji;chaos;ddos,False,True,True,0.167,../malware_report/Kaiji/analysis_reports_comparison/01_MALICIOUS/7db13c08_deepseek_report.txt
a039d85be5679970d2af85f662c5018f6b51e47d0a7fc146d16d72cd525692ad," `Mirai`
- ","`Backdoor`;`Persistence`
-",True,trojan.chaos/kaiji,trojan;downloader,chaos;kaiji;anoxy,False,False,False,0.0,../malware_report/Kaiji/analysis_reports_comparison/01_MALICIOUS/325111c2_deepseek_report.txt
c09b6758cad544622f1a8a0e5edb64af4b952eb95ae94dcfe20fc1af2a9ab7e4," `Mirai`
- ","`Botnet`;`DDoS`;`Backdoor`;`Privilege Escalation`
-",True,trojan.kaiji/ares,trojan,kaiji;ares;amqdv,False,False,False,0.0,../malware_report/Kaiji/analysis_reports_comparison/01_MALICIOUS/c5c04618_deepseek_report.txt
baae36011a8074c172adec2a6b408621408a3e0bfcd6fca3d586d6164ad18831," `None`
- ","`Backdoor`;`Persistence`
-",True,trojan.kaiji/chaos,trojan,kaiji;chaos;ddos,False,False,False,0.0,../malware_report/Kaiji/analysis_reports_comparison/01_MALICIOUS/d7f5cdc8_deepseek_report.txt
11e0ef0293aa9cd02fe8070de01af44f76be39c88edda5c746579d50b765e8c5," `Mirai`
- ","`Botnet`;`Backdoor`;`Persistence`
-",True,trojan.kaiji/chaos,trojan;downloader,kaiji;chaos;ddos,False,False,False,0.0,../malware_report/Kaiji/analysis_reports_comparison/01_MALICIOUS/52580691_deepseek_report.txt
5f657d55424d0999ae5185ddba297d2466611122896e52be7f42e7da914f7c05," `Mirai`
- ","`Botnet`;`DDoS`;`Backdoor`;`Evasion`
-",True,trojan.kaiji/ares,trojan,kaiji;ares;dtesp,False,False,False,0.0,../malware_report/Kaiji/analysis_reports_comparison/01_MALICIOUS/beae2294_deepseek_report.txt
111537cb3d779ccc8e068d31feb785013bbba7e5c22b5117111ab139c0c227a9," `Mirai`
- ","`Backdoor`;`Persistence`;`Botnet`
-",True,trojan.kaiji/chaos,trojan;downloader,kaiji;chaos;ddos,False,False,False,0.0,../malware_report/Kaiji/analysis_reports_comparison/01_MALICIOUS/09b5db85_deepseek_report.txt
4660b0c1bc0d913e7b7f342001284f11c4d048fe7c0fb4e4f6586c26574bf2ec," `Mirai`
- ","`Botnet`;`Backdoor`;`DDoS`
-",True,trojan.kaiji/ares,trojan,kaiji;ares;genericrxvm,False,False,False,0.0,../malware_report/Kaiji/analysis_reports_comparison/01_MALICIOUS/3d8f852d_deepseek_report.txt
3b57cfe35e46030920db78599fe1864708e9ae481f399fa79439204574dcb5cd," `Mirai`
- ","`Botnet`;`DDoS`;`Backdoor`
-",True,trojan.kaiji/ares,trojan,kaiji;ares;tferu,False,False,False,0.0,../malware_report/Kaiji/analysis_reports_comparison/01_MALICIOUS/f170d362_deepseek_report.txt
6be1bddbe7579870147ace6fe23ff782cffdfa6f40864084b519ea005c35c582," `Mirai`
- ","`Backdoor`;`Persistence`;`Botnet`
-",True,trojan.kaiji/chaos,trojan;downloader,kaiji;chaos;ddos,False,False,False,0.0,../malware_report/Kaiji/analysis_reports_comparison/01_MALICIOUS/a8043c1d_deepseek_report.txt
d3030e1575b48293f9364353127bd44892ec65120c11d1710eead510373aab55," `Mirai`
- ","`Botnet`;`DDoS`;`Backdoor`;`Persistence`
-",True,trojan.kaiji/ares,trojan,kaiji;ares;multiverze,False,False,False,0.0,../malware_report/Kaiji/analysis_reports_comparison/01_MALICIOUS/153262a4_deepseek_report.txt
d261dd9205389d51a2cb0b495762f3994f18b1dd48af07029a3cbf8e5d41b046," `Mirai`
- ","`Botnet`;`DDoS`;`Backdoor`;`Persistence`
-",True,trojan.kaiji/chaos,trojan;downloader,kaiji;chaos;ddos,False,True,True,0.2,../malware_report/Kaiji/analysis_reports_comparison/01_MALICIOUS/68b0c2b3_deepseek_report.txt
b3b4606d40e5bae3f80999f95c3088fb0b72c6b7155bc595b6cdce3e8be0a7be," `Mirai`
- ","`Backdoor`;`Persistence`;`Botnet`
-",True,trojan.kaiji/chaos,trojan;downloader,kaiji;chaos;bdmlu,False,False,False,0.0,../malware_report/Kaiji/analysis_reports_comparison/01_MALICIOUS/43481bc1_deepseek_report.txt
6a5ffad7eaea62eedabaacdc3269a310bf76163af730a4352ab31c7c2bf0a5e1," `Mirai`
- ","`Botnet`;`Backdoor`;`Privilege Escalation`;`Persistence`
-",True,trojan.kaiji/chaos,trojan;downloader,kaiji;chaos;ddos,False,False,False,0.0,../malware_report/Kaiji/analysis_reports_comparison/01_MALICIOUS/6ea99be3_deepseek_report.txt
09982fbb135517c8ed2558d41c3f43ffdc4bfdaeff4474b96928b5e83e051745," `Mirai`
- ","`Botnet`;`DDoS`;`Backdoor`
-",True,trojan.kaiji/chaos,trojan;downloader,kaiji;chaos;ddos,False,True,True,0.2,../malware_report/Kaiji/analysis_reports_comparison/01_MALICIOUS/80074f71_deepseek_report.txt
3bac5c740498962f2e0268fe872b8629302238f9c26dcc0e9ab0d62b8fd5fc54," `Mirai`
- ","`Botnet`;`DDoS`;`Backdoor`;`Persistence`
-",True,trojan.kaiji/chaos,trojan;downloader,kaiji;chaos;ddos,False,True,True,0.2,../malware_report/Kaiji/analysis_reports_comparison/01_MALICIOUS/0b22f695_deepseek_report.txt
4272a226592bdfc55e3e5759932d98744613dd1eced8f9137af9f453154ea999," `Mirai`
- ","`Botnet`;`DDoS`;`Backdoor`;`Persistence`
-",True,trojan.chaos/kaiji,trojan,chaos;kaiji;mirai,True,False,True,0.2,../malware_report/Kaiji/analysis_reports_comparison/01_MALICIOUS/6434caff_deepseek_report.txt
05680c8f57642d9754d386f58e02cbd9b77e6e58d5bb2c415fa0b561a7ff303f," `Mirai`
- ","`Botnet`;`Backdoor`;`Persistence`
-",True,trojan.kaiji/ares,trojan,kaiji;ares;asbdu,False,False,False,0.0,../malware_report/Kaiji/analysis_reports_comparison/01_MALICIOUS/0a8e8404_deepseek_report.txt
655fc0f842fcd43ef69f4dfd80f870b000bb8cf6c120049de6ce4c0ec0205b7d," `Mirai`
- ","`Botnet`;`DDoS`;`Backdoor`;`Persistence`
-",True,trojan.kaiji/chaos,trojan;downloader,kaiji;chaos;ddos,False,True,True,0.2,../malware_report/Kaiji/analysis_reports_comparison/01_MALICIOUS/1b3055f2_deepseek_report.txt
2ef6f80f86749fa39fa726f76ea56512dac72f2e8a707fe51d9a699e5bc2c557," `Mirai`
- ","`Backdoor`;`Persistence`;`Botnet`
-",True,trojan.kaiji/chaos,trojan,kaiji;chaos;r002c0dhg25,False,False,False,0.0,../malware_report/Kaiji/analysis_reports_comparison/01_MALICIOUS/8d32ad14_deepseek_report.txt
f9ec7c2d7bdbe68014d0f27911b93bd7bdb50007f5d0296a30b52dbb868976b3," `Mirai`
- ","`Backdoor`;`Botnet`;`Persistence`
-",True,trojan.kaiji/chaos,trojan;downloader,kaiji;chaos;dacuu,False,False,False,0.0,../malware_report/Kaiji/analysis_reports_comparison/01_MALICIOUS/29e6fb60_deepseek_report.txt
a82036bbe31274fd6c010f76f210d3c81dfbc47eb36843a9ce5e5ea50a6cd29f," `Mirai`
- ","`Botnet`;`DDoS`;`Backdoor`;`Evasion`
-",True,trojan.kaiji/ares,trojan,kaiji;ares;genericrxwb,False,False,False,0.0,../malware_report/Kaiji/analysis_reports_comparison/01_MALICIOUS/c5830a34_deepseek_report.txt
dcbffd23def39cd876f255bdd22a4aa7725fffb997ff4d0afb2ed47e5734794b," `Mirai`
- ","`Botnet`;`DDoS`;`Backdoor`;`Persistence`
-",True,trojan.kaiji/chaos,trojan,kaiji;chaos;ddos,False,True,True,0.2,../malware_report/Kaiji/analysis_reports_comparison/01_MALICIOUS/3fd7c834_deepseek_report.txt
08b66af4f458dbce94e740d2366670932a696db18912571223c5c1b3bd2bfd5f," `Mirai`
- ","`Backdoor`;`Persistence`;`Botnet`
-",True,trojan.chaos/kaiji,trojan;downloader,chaos;kaiji;ctchl,False,False,False,0.0,../malware_report/Kaiji/analysis_reports_comparison/01_MALICIOUS/003bf3ad_deepseek_report.txt
e7339d52347171938476bbc4dffb2972f45cf24718f7ff081969cb93eac2a511," `Mirai`
- ","`Botnet`;`DDoS`;`Backdoor`;`Evasion`
-",True,trojan.kaiji/ares,trojan,kaiji;ares;ufzle,False,False,False,0.0,../malware_report/Kaiji/analysis_reports_comparison/01_MALICIOUS/03ad705c_deepseek_report.txt
3f44e7b40ebc35bfc17fe4b59811411c8bdd024deec26355039a828c46aedae4," `XorDDoS`
- ","`Backdoor`;`Rootkit`;`Evasion`
-",True,trojan.kaiji/ares,trojan,kaiji;ares;fkvod,False,False,False,0.0,../malware_report/Kaiji/analysis_reports_comparison/01_MALICIOUS/95058c03_deepseek_report.txt
9f9a1a829a4e61207cf6358d1c7fd9055204840a7be07ea6844d2aaf7913db6d," `Mirai`
- ","`Backdoor`;`Persistence`
-",True,trojan.kaiji/chaos,trojan;downloader,kaiji;chaos;ddos,False,False,False,0.0,../malware_report/Kaiji/analysis_reports_comparison/01_MALICIOUS/bcbd06d0_deepseek_report.txt
9e5f3d70e53445f90aeac796005edd24a673620447db15f2086da378f086944c," `Mirai`
- ","`Backdoor`;`Persistence`;`Botnet`
-",True,trojan.kaiji/chaos,trojan;downloader,kaiji;chaos;ddos,False,False,False,0.0,../malware_report/Kaiji/analysis_reports_comparison/01_MALICIOUS/7d0115ee_deepseek_report.txt
31d09ef605bd5a93406a3be473432e2dc383f993426dcd1611149acab1b10565," `Mirai`
- ","`Backdoor`;`Persistence`;`Botnet`
-",True,trojan.kaiji/chaos,trojan;downloader,kaiji;chaos;bpkxi,False,False,False,0.0,../malware_report/Kaiji/analysis_reports_comparison/01_MALICIOUS/49cc7dfb_deepseek_report.txt
e54588f9a60777a7feb8f16a55b8f64d4cf136fdfc59eff4653e0012575d0e5a," `Mirai`
- ","`Botnet`;`Backdoor`;`Persistence`
-",True,trojan.kaiji/ares,trojan,kaiji;ares;qsquw,False,False,False,0.0,../malware_report/Kaiji/analysis_reports_comparison/01_MALICIOUS/eacff980_deepseek_report.txt
4d5d20e4dfd0f85bb9f2c08690a7734896c6e2a7e1a647d66b189ea4703e5912," `Mirai`
- ","`Botnet`;`Backdoor`;`Persistence`
-",True,trojan.kaiji/chaos,trojan;downloader,kaiji;chaos;csjux,False,False,False,0.0,../malware_report/Kaiji/analysis_reports_comparison/01_MALICIOUS/0d015af5_deepseek_report.txt
f98c0d416cef348b2347184b3d61cfbb002db03a48cfbbbc7a306d32b0067296," `Mirai`
- ","`Botnet`;`DDoS`;`Backdoor`
-",True,trojan.kaiji/chaos,trojan;downloader,kaiji;chaos;ddos,False,True,True,0.2,../malware_report/Kaiji/analysis_reports_comparison/01_MALICIOUS/f8fc80bd_deepseek_report.txt
c2f59629d987fea9b54e20e6d1c10141477735ce042e6a30138aea966cb6188d," `Mirai`
- ","`Backdoor`;`Persistence`;`Botnet`
-",True,trojan.kaiji/chaos,trojan,kaiji;chaos;ajxnf,False,False,False,0.0,../malware_report/Kaiji/analysis_reports_comparison/01_MALICIOUS/2b2b70ea_deepseek_report.txt
abc1e6c631b4c3ccdc6e1c01ae0eccb91bcfe395085661a3145820bc42991609," `Mirai`
- ","`Botnet`;`DDoS`;`Backdoor`;`Evasion`
-",True,trojan.kaiji/ares,trojan,kaiji;ares;genericrxvm,False,False,False,0.0,../malware_report/Kaiji/analysis_reports_comparison/01_MALICIOUS/2e860f2c_deepseek_report.txt
1934d283e13ddcbe0c1c85e4d41d7c27a1261b0f0d9302451b042952e2708a3e," `Mirai`
- ","`Botnet`;`DDoS`;`Backdoor`
-",True,trojan.kaiji/ares,trojan,kaiji;ares;genericrxvm,False,False,False,0.0,../malware_report/Kaiji/analysis_reports_comparison/01_MALICIOUS/735b00c9_deepseek_report.txt
15829988f66b13861ccf07215ab97e615f983b7e09a159bdf101df7524e5b4ff," `Mirai`
- ","`Botnet`;`Backdoor`;`Persistence`
-",True,trojan.kaiji/ares,trojan,kaiji;ares;elgkm,False,False,False,0.0,../malware_report/Kaiji/analysis_reports_comparison/01_MALICIOUS/374239e5_deepseek_report.txt
9538329d0bd51c977db4e425249ef3fae37554030267e1d847e2b853e4024c0b," `Mirai`
- ","`Botnet`;`DDoS`;`Backdoor`;`Persistence`
-",True,trojan.kaiji/chaos,trojan,kaiji;chaos;ddos,False,True,True,0.2,../malware_report/Kaiji/analysis_reports_comparison/01_MALICIOUS/c57c2673_deepseek_report.txt
914ea1749e5b132c5a6e7e7c224a7065a02cbdcda91f43fbfbae8bb4b637c170," `Mirai`
- ","`Backdoor`;`Persistence`;`Botnet`
-",True,trojan.kaiji/chaos,trojan;downloader,kaiji;chaos;ddos,False,False,False,0.0,../malware_report/Kaiji/analysis_reports_comparison/01_MALICIOUS/aa4cc75c_deepseek_report.txt
9e1c05bfa41a588c7b2a3e0b98becb12475647aa77823d65ddfcde962374302f," `Mirai`
- ","`Botnet`;`DDoS`;`Backdoor`;`Privilege Escalation`
-",True,trojan.kaiji/chaos,trojan;downloader,kaiji;chaos;ddos,False,True,True,0.167,../malware_report/Kaiji/analysis_reports_comparison/01_MALICIOUS/3a967cec_deepseek_report.txt
dfb97975c5aa62dcf0c1e0dbe9ff6e9ed9662dc1703e701112f5b1bfa179bf12," `Mirai`
- ","`Backdoor`;`Botnet`;`Persistence`
-",True,trojan.kaiji/chaos,trojan;downloader,kaiji;chaos;ddos,False,False,False,0.0,../malware_report/Kaiji/analysis_reports_comparison/01_MALICIOUS/34fb6c2b_deepseek_report.txt
2edd7327c8ff5c0c567cd29cf0db6671d1f05a9854b78c261d07da37b26f88b2," `Mirai`
- ","`Backdoor`;`Persistence`;`Botnet`
-",True,trojan.kaiji/chaos,trojan;downloader,kaiji;chaos;ddos,False,False,False,0.0,../malware_report/Kaiji/analysis_reports_comparison/01_MALICIOUS/dc9a4d1a_deepseek_report.txt
4c93ed6a555c9202b0ff263607a1c39d8e2abe211c57b5f9d4acc80c9dc285c1," `Mirai`
- ","`Botnet`;`DDoS`;`Backdoor`;`Persistence`
-",True,trojan.kaiji/chaos,trojan;downloader,kaiji;chaos;ddos,False,True,True,0.2,../malware_report/Kaiji/analysis_reports_comparison/01_MALICIOUS/62befb05_deepseek_report.txt
593893089b8cdda6260ecde16a45df9274ae57bfad167d637d348e9f7fc7641c," `Mirai`
- ","`Botnet`;`DDoS`;`Backdoor`;`Persistence`
-",True,trojan.kaiji/chaos,trojan;downloader,kaiji;chaos;ddos,False,True,True,0.2,../malware_report/Kaiji/analysis_reports_comparison/01_MALICIOUS/8d2cd3f0_deepseek_report.txt
bd7a37a86a1fa6831f426d1570f702aaffe454b4609eda5f111b7bd0f4d6da81," `Mirai`
- ","`Botnet`;`DDoS`;`Backdoor`;`Evasion`
-",True,trojan.kaiji/ares,trojan,kaiji;ares;ddos,False,True,True,0.2,../malware_report/Kaiji/analysis_reports_comparison/01_MALICIOUS/95e6ace1_deepseek_report.txt
5e74711ff4d14b247f790792c25b2b39287ca3d2becfe5efe0c964d2ba4c24cd," `Mirai`
- ","`Botnet`;`DDoS`;`Backdoor`;`Persistence`
-",True,trojan.kaiji/chaos,trojan;downloader,kaiji;chaos;bcmgg,False,False,False,0.0,../malware_report/Kaiji/analysis_reports_comparison/01_MALICIOUS/9f41b6c3_deepseek_report.txt
20f34550c44f2b3b705c3d08690468b4441267bf7216d8c2861fc9f4466eefca," `Mirai`
- ","`Botnet`;`DDoS`;`Backdoor`;`Persistence`
-",True,trojan.kaiji/chaos,trojan,kaiji;chaos;ddos,False,True,True,0.2,../malware_report/Kaiji/analysis_reports_comparison/01_MALICIOUS/c92a9c92_deepseek_report.txt
b864c427381ffb345f61a9e5b7aff2c30fcfac420a14d7ae0de5567f60f2d5d4," `Mirai`
- ","`Botnet`;`DDoS`;`Backdoor`;`Persistence`
-",True,trojan.kaiji/chaos,trojan;downloader,kaiji;chaos;ddos,False,True,True,0.2,../malware_report/Kaiji/analysis_reports_comparison/01_MALICIOUS/229a538c_deepseek_report.txt
dcd7feaa5a6df43f1af8c36116095c7237c18510b0a49b6852c25254af45efc8," `Mirai`
- ","`Botnet`;`Backdoor`;`Persistence`
-",True,trojan.kaiji/chaos,trojan;downloader,kaiji;chaos;ddos,False,False,False,0.0,../malware_report/Kaiji/analysis_reports_comparison/01_MALICIOUS/d0e1a92f_deepseek_report.txt
608886eb32bec6a981ea010d24643a957f0840c0b499f143e03b3e7333462d1b," `Mirai`
- ","`Botnet`;`Backdoor`;`Privilege Escalation`
-",True,trojan.kaiji/ares,trojan,kaiji;ares;r002c0dhh25,False,False,False,0.0,../malware_report/Kaiji/analysis_reports_comparison/01_MALICIOUS/e5b3f595_deepseek_report.txt
e9f39d6ba4d56c27baa6a7206d097874c0cbb996b495745a7b4358c202b16c53," `Mirai`
- ","`Backdoor`;`Persistence`
-",True,trojan.kaiji/chaos,trojan;downloader,kaiji;chaos;ddos,False,False,False,0.0,../malware_report/Kaiji/analysis_reports_comparison/01_MALICIOUS/82359a22_deepseek_report.txt
94cbe0c5b65f72f3cdd9f4a1bf7f76272e78c0ca26a6ed0ccfd20b7a47eb0e74," `Mirai`
- ","`Backdoor`;`Persistence`
-",True,trojan.kaiji/chaos,trojan;downloader,kaiji;chaos;ddos,False,False,False,0.0,../malware_report/Kaiji/analysis_reports_comparison/01_MALICIOUS/ecbf85bc_deepseek_report.txt
5fa8b347636e9f92dc608623f80997fc260a24d9ac18118346e920c852291764," `Mirai`
- ","`Backdoor`;`Botnet`;`Persistence`
-",True,trojan.kaiji/ares,trojan,kaiji;ares;genericrxvm,False,False,False,0.0,../malware_report/Kaiji/analysis_reports_comparison/01_MALICIOUS/2e568ccd_deepseek_report.txt
be22325d58dd689b8872e2a3e95e25a93ea9290ec477b0a5b6039d29bb2fa8e8," `Mirai`
- ","`Backdoor`;`Botnet`;`Persistence`
-",True,trojan.kaiji/chaos,trojan;downloader,kaiji;chaos;ddos,False,False,False,0.0,../malware_report/Kaiji/analysis_reports_comparison/01_MALICIOUS/b291270c_deepseek_report.txt
ac613e4db94d72e83ea8d4d285686620a17d1437f771af0a3b8de977686de7b6," `None`
- ","`Backdoor`;`Persistence`
-",True,trojan.kaiji/chaos,trojan;downloader,kaiji;chaos;ddos,False,False,False,0.0,../malware_report/Kaiji/analysis_reports_comparison/01_MALICIOUS/d3a1d54b_deepseek_report.txt
c858f4e0ba6e6af00db0fdff7ddbf58a27d1c1ec57896367e52a1d0b5f09191f," `Mirai`
- ","`Backdoor`;`Persistence`;`Botnet`
-",True,trojan.kaiji/chaos,trojan;downloader,kaiji;chaos;ddos,False,False,False,0.0,../malware_report/Kaiji/analysis_reports_comparison/01_MALICIOUS/fd30ad43_deepseek_report.txt
aa2a22dccf9428f0b65e4a880419baee05165d1e04e1bda879164fd691b451c0," `Mirai`
- ","`Backdoor`;`Persistence`
-",True,trojan.chaos/kaiji,trojan;downloader,chaos;kaiji;cjsfa,False,False,False,0.0,../malware_report/Kaiji/analysis_reports_comparison/01_MALICIOUS/80fb0fe7_deepseek_report.txt
c8db880706a59cb6d38ad0701d962894a31a1cdc02860d242d39ad0b14f39607," `Mirai`
- ","`Backdoor`;`Persistence`
-",True,trojan.kaiji/chaos,trojan;downloader,kaiji;chaos;ddos,False,False,False,0.0,../malware_report/Kaiji/analysis_reports_comparison/01_MALICIOUS/bcbc64e7_deepseek_report.txt
0bc42707825f1810a059ce5a7f1d7b0531bec21a20582abb7f3a619beae2e8ac," `Mirai`
- ","`Botnet`;`DDoS`;`Backdoor`;`Privilege Escalation`
-",True,trojan.kaiji/chaos,trojan;downloader,kaiji;chaos;ddos,False,True,True,0.167,../malware_report/Kaiji/analysis_reports_comparison/01_MALICIOUS/da6e4261_deepseek_report.txt
a066a4516cda5a762adbcd98681d94c3a86451f92c705e8e0ae4a863984b21de," `Mirai`
- ","`Botnet`;`Backdoor`;`Privilege Escalation`;`Persistence`
-",True,trojan.kaiji/chaos,trojan;downloader,kaiji;chaos;ddos,False,False,False,0.0,../malware_report/Kaiji/analysis_reports_comparison/01_MALICIOUS/71adc132_deepseek_report.txt
a7b74847260af8d7a1d119bdd925d92a2206e7e80710b6415d9600ea28982e0c," `Mirai`
- ","`Botnet`;`DDoS`;`Backdoor`;`Evasion`
-",True,trojan.kaiji/ares,trojan,kaiji;ares;cxjcx,False,False,False,0.0,../malware_report/Kaiji/analysis_reports_comparison/01_MALICIOUS/64ba672f_deepseek_report.txt
27b1c58445402501a7a8c6847ed9e856adaa0278fa60a69f518e3b2b71879bbe," `Mirai`
- ","`Backdoor`;`Persistence`
-",True,trojan.chaos/kaiji,trojan;downloader,chaos;kaiji;ddos,False,False,False,0.0,../malware_report/Kaiji/analysis_reports_comparison/01_MALICIOUS/349b9ea2_deepseek_report.txt
c6c0da6a5a6c95627c240816ab46ccf88b5e661c59827c33e9af6ef4080855d8," `Mirai`
- ","`Botnet`;`DDoS`;`Backdoor`;`Evasion`
-",True,trojan.kaiji/ares,trojan,kaiji;ares;ddos,False,True,True,0.2,../malware_report/Kaiji/analysis_reports_comparison/01_MALICIOUS/9977f474_deepseek_report.txt
dd59d67d2da6409ae0b10d0cda6d7cfc95134c59d432f12125780a252aaac8d3," `Mirai`
- ","`Backdoor`;`Persistence`;`Botnet`
-",True,trojan.kaiji/chaos,trojan;downloader,kaiji;chaos;ddos,False,False,False,0.0,../malware_report/Kaiji/analysis_reports_comparison/01_MALICIOUS/3d4fb0ac_deepseek_report.txt
4553c66087ea3e21c0d161689c2577638dcbc93d9090f6ccc35d050f5c7354ae," `Mirai`
- ","`Backdoor`;`Botnet`;`Persistence`
-",True,trojan.kaiji/chaos,trojan;downloader,kaiji;chaos;ddos,False,False,False,0.0,../malware_report/Kaiji/analysis_reports_comparison/01_MALICIOUS/0b5f463e_deepseek_report.txt
af6b7d2303e41e97b25d9c22c60e6fbee0c053671307cf2eeb81f85729231e4b," `Mirai`
- ","`Botnet`;`Backdoor`;`Persistence`
-",True,trojan.kaiji/ares,trojan,kaiji;ares;cswwx,False,False,False,0.0,../malware_report/Kaiji/analysis_reports_comparison/01_MALICIOUS/d26a2752_deepseek_report.txt
78429b9a63030f46b3bfaf4b7d4a4ad3684c0a599192531842e4494eff2b4898," `Mirai`
- ","`Backdoor`;`Persistence`
-",True,trojan.kaiji/chaos,trojan;downloader,kaiji;chaos;ddos,False,False,False,0.0,../malware_report/Kaiji/analysis_reports_comparison/01_MALICIOUS/c5384cf2_deepseek_report.txt
1c1046e173b4584a76869f3d9132dbb034acecda3837b23781f09c2678787a11," `Mirai`
- ","`Botnet`;`DDoS`;`Backdoor`;`Persistence`
-",True,trojan.kaiji/chaos,trojan;downloader,kaiji;chaos;ddos,False,True,True,0.2,../malware_report/Kaiji/analysis_reports_comparison/01_MALICIOUS/625f0b61_deepseek_report.txt
09b94b56a9442e8198444d3b2fefbb930fb1861fd0be101ea89036448ce1549e," `Mirai`
- ","`Botnet`;`DDoS`;`Backdoor`;`Persistence`
-",True,trojan.kaiji/ares,trojan,kaiji;ares;lpmcs,False,False,False,0.0,../malware_report/Kaiji/analysis_reports_comparison/01_MALICIOUS/debccac6_deepseek_report.txt
33e0d182a16513a504e81a9d5ae51b0c1a4305d403c1f13f97d1da98635a6768," `Mirai`
- ","`Botnet`;`DDoS`;`Backdoor`;`Evasion`
-",True,trojan.kaiji/ares,trojan,kaiji;ares;ddos,False,True,True,0.2,../malware_report/Kaiji/analysis_reports_comparison/01_MALICIOUS/4fb3864d_deepseek_report.txt
eec9b44f6de1f6157457edc8da37f9813a75b3176c61f89b7aa78dcdf7890892," `Mirai`
- ","`Botnet`;`DDoS`;`Backdoor`;`Evasion`
-",True,trojan.kaiji/ares,trojan,kaiji;ares;ddos,False,True,True,0.2,../malware_report/Kaiji/analysis_reports_comparison/01_MALICIOUS/b567560b_deepseek_report.txt
371ac4688bbb4949df44f01134a9bb695084870f2c1be44d0cf49589f8b64210," `Mirai`
- ","`Backdoor`;`Persistence`;`Botnet`
-",True,trojan.kaiji/chaos,trojan,kaiji;chaos;ddos,False,False,False,0.0,../malware_report/Kaiji/analysis_reports_comparison/01_MALICIOUS/e0d11f67_deepseek_report.txt
eb4747754eddec0f52439175148a95860b7804c99d100260bff8444d37357282," `Mirai`
- ","`Botnet`;`DDoS`;`Backdoor`;`Persistence`
-",True,trojan.kaiji/ares,trojan,kaiji;ares;genericrxvm,False,False,False,0.0,../malware_report/Kaiji/analysis_reports_comparison/01_MALICIOUS/cbdaf7c4_deepseek_report.txt
b093507c580536a1178f1b378cb8d3eda12a6f7e76a445765fbd693797171b4a," `Mirai`
- ","`Backdoor`;`Persistence`
-",True,trojan.chaos/kaiji,trojan,chaos;kaiji;ddos,False,False,False,0.0,../malware_report/Kaiji/analysis_reports_comparison/01_MALICIOUS/b85be947_deepseek_report.txt
2c11d6d4314ff72bb13d705726997f3ee40648d5c83d651920b312b05d98f261," `Mirai`
- ","`Botnet`;`DDoS`;`Persistence`
-",True,trojan.kaiji/chaos,trojan;downloader,kaiji;chaos;ddos,False,True,True,0.2,../malware_report/Kaiji/analysis_reports_comparison/01_MALICIOUS/f3fe29f4_deepseek_report.txt
824bd719f01f15023b242741714a2593db044ab481f5e7550ea3dbafa274bf15," `None`
- ","`Backdoor`;`Persistence`
-",True,trojan.kaiji/chaos,trojan;downloader,kaiji;chaos;ddos,False,False,False,0.0,../malware_report/Kaiji/analysis_reports_comparison/01_MALICIOUS/bbf2dee8_deepseek_report.txt
509c3d4a77dd5b7e042c30071da8dced58a1221771c039400900b449fb2230ae," `None`
- ","`Backdoor`;`Persistence`
-",True,trojan.kaiji/chaos,trojan;downloader,kaiji;chaos;ddos,False,False,False,0.0,../malware_report/Kaiji/analysis_reports_comparison/01_MALICIOUS/e9b8a195_deepseek_report.txt
eb6c4a5985b1e644ad64ce61fb3eee4f93a2f16ac2960ece0b23f9c39e37dc04," `Mirai`
- ","`Backdoor`;`Botnet`;`Privilege Escalation`
-",True,trojan.kaiji/chaos,trojan;downloader,kaiji;chaos;ddos,False,False,False,0.0,../malware_report/Kaiji/analysis_reports_comparison/01_MALICIOUS/72719a03_deepseek_report.txt
0ca9194de2c6c8f8ceea61961a0be141fe82ba5d43a3cfc253af8e25f912a991," `Mirai`
- ","`Backdoor`;`Persistence`;`Botnet`
-",True,trojan.kaiji/chaos,trojan;downloader,kaiji;chaos;ddos,False,False,False,0.0,../malware_report/Kaiji/analysis_reports_comparison/01_MALICIOUS/77ab5cba_deepseek_report.txt
00adc960a4c5b25828f84d45e8225c08e66cb9315cb745702b3007e1f7bb1a80," `Mirai`
- ","`Backdoor`;`Persistence`;`Botnet`
-",True,trojan.kaiji/chaos,trojan;downloader,kaiji;chaos;ddos,False,False,False,0.0,../malware_report/Kaiji/analysis_reports_comparison/01_MALICIOUS/a0ac0c6c_deepseek_report.txt
e3bbaa4dd4acfceaaee209232a3f8f4377b97ad1835fc50d8119c8bc24e5d2d6," `None`
- ","`Backdoor`;`Persistence`;`Fileless Execution`
-",True,trojan.kaiji/ares,trojan,kaiji;ares;genericrxvm,False,False,False,0.0,../malware_report/Kaiji/analysis_reports_comparison/01_MALICIOUS/18945a8a_deepseek_report.txt
2ba5cf1410f497ebffb859c704fe5c2850728c0b20ef7f69eecec860d1c989e7," `Mirai`
- ","`Backdoor`;`Persistence`
-",True,trojan.kaiji/chaos,trojan;downloader,kaiji;chaos;ddos,False,False,False,0.0,../malware_report/Kaiji/analysis_reports_comparison/01_MALICIOUS/3f99404f_deepseek_report.txt
e58dffab271cd20cb6089017017d8e6c5f68c56c2b1877e8a94bbcdadcd4ef4c," `Mirai`
- ","`Botnet`;`Backdoor`;`Persistence`
-",True,trojan.kaiji/ares,trojan,kaiji;ares;qfokr,False,False,False,0.0,../malware_report/Kaiji/analysis_reports_comparison/01_MALICIOUS/8379f2de_deepseek_report.txt
8235183b4bbede6402a39a1db714593fc27fecfda575347ebb0d3f87ac793254," `Mirai`
- ","`Backdoor`;`Botnet`;`Persistence`
-",True,trojan.kaiji/ares,trojan,kaiji;ares;genericrxvm,False,False,False,0.0,../malware_report/Kaiji/analysis_reports_comparison/01_MALICIOUS/7662ec8d_deepseek_report.txt
5fe9f096f711fe78bfa1f4a3fcbb41b39a016a8ef47d55e8adba14bb358a0a78," `Mirai`
- ","`Backdoor`;`Botnet`;`Persistence`
-",True,trojan.kaiji/chaos,trojan,kaiji;chaos;qsqvz,False,False,False,0.0,../malware_report/Kaiji/analysis_reports_comparison/01_MALICIOUS/764a1bc6_deepseek_report.txt
34c703089b902c44186e80a3f85f78f61006894cd4183d0e40657faf70af7457," `Mirai`
- ","`Backdoor`;`Botnet`;`Persistence`
-",True,trojan.kaiji/chaos,trojan;downloader,kaiji;chaos;ddos,False,False,False,0.0,../malware_report/Kaiji/analysis_reports_comparison/01_MALICIOUS/a4f416d3_deepseek_report.txt
8e12863b69f7521d07ac77ce40f5515ecd8645cb6ad16a3c14e36ca6bbc90be5," `Mirai`
- ","`Backdoor`;`Persistence`
-",True,trojan.kaiji/chaos,trojan;downloader,kaiji;chaos;ddos,False,False,False,0.0,../malware_report/Kaiji/analysis_reports_comparison/01_MALICIOUS/222f0c1a_deepseek_report.txt
c7c5d317437fd744317b2298306ef6e9dbf47d64753cb149fe80d5e23a83bc9c," `Mirai`
- ","`Botnet`;`DDoS`;`Backdoor`;`Evasion`
-",True,trojan.kaiji/ares,trojan,kaiji;ares;genericrxvm,False,False,False,0.0,../malware_report/Kaiji/analysis_reports_comparison/01_MALICIOUS/e6b626f7_deepseek_report.txt
2e114cbc6a9c696d074cc331cfa40244033732646a184c27f47c9945654cf6a5," `Mirai`
- ","`Botnet`;`DDoS`;`Backdoor`;`Persistence`
-",True,trojan.kaiji/ares,trojan,kaiji;ares;elgkn,False,False,False,0.0,../malware_report/Kaiji/analysis_reports_comparison/01_MALICIOUS/a436534f_deepseek_report.txt
6588734a6825d6edc3ec28c541c6c48aa3a22de60fbdb383672ecd06243f19c1," `Mirai`
- ","`Backdoor`;`Persistence`;`Botnet`
-",True,trojan.kaiji/chaos,trojan;downloader,kaiji;chaos;ddos,False,False,False,0.0,../malware_report/Kaiji/analysis_reports_comparison/01_MALICIOUS/f7954054_deepseek_report.txt
67485dee9af527bfe02b5aa8c453683ef751612de7d4c5a6f662b079ca202972," `Mirai`
- ","`Backdoor`;`Botnet`;`Persistence`
-",True,trojan.kaiji/chaos,trojan;downloader,kaiji;chaos;ddos,False,False,False,0.0,../malware_report/Kaiji/analysis_reports_comparison/01_MALICIOUS/abddd7a9_deepseek_report.txt
2b6f56c547be1ee984193bbb9cb613dc8810fc5a0072e3bb097001783175d85d," `Mirai`
- ","`Botnet`;`DDoS`;`Backdoor`;`Persistence`
-",True,trojan.kaiji/chaos,trojan;downloader,kaiji;chaos;bthpc,False,False,False,0.0,../malware_report/Kaiji/analysis_reports_comparison/01_MALICIOUS/c8f0f0d7_deepseek_report.txt
7319e7277d4639b5001e637588e58eba76b2b9fdd55713531b8cf29f75e3876e," `Mirai`
- ","`Backdoor`;`Persistence`
-",True,trojan.kaiji/chaos,trojan;downloader,kaiji;chaos;ddos,False,False,False,0.0,../malware_report/Kaiji/analysis_reports_comparison/01_MALICIOUS/944058ac_deepseek_report.txt
def144637e9c3a244a8274f683700b8b4784dc490b6b2bb645d6c3937fccc173," `Mirai`
- ","`Botnet`;`DDoS`;`Backdoor`
-",True,trojan.kaiji/ares,trojan,kaiji;ares;fadtc,False,False,False,0.0,../malware_report/Kaiji/analysis_reports_comparison/01_MALICIOUS/e8467b12_deepseek_report.txt
8895157c86f0f62ccc96c12ca064bb7cc1d311cbe94467fbe9895f3aa74b5f43," `Mirai`
- ","`Botnet`;`DDoS`;`Backdoor`;`Evasion`
-",True,trojan.kaiji/ares,trojan,kaiji;ares;onkgl,False,False,False,0.0,../malware_report/Kaiji/analysis_reports_comparison/01_MALICIOUS/aee8a1e4_deepseek_report.txt
9d6beb43289050e17e90fd15fd1f001317aad0728741fb062e429caee6bcc8af," `Mirai`
- ","`Botnet`;`DDoS`;`Backdoor`
-",True,trojan.kaiji/chaos,trojan;downloader,kaiji;chaos;ddos,False,True,True,0.2,../malware_report/Kaiji/analysis_reports_comparison/01_MALICIOUS/7e6ca131_deepseek_report.txt
a136c4915efe82e13a6d1c3447d47dee46bc31911ed9756b23050709656ef043," `Mirai`
- ","`Botnet`;`DDoS`;`Backdoor`;`Persistence`
-",True,trojan.kaiji/chaos,trojan;downloader,kaiji;chaos;ckfgb,False,False,False,0.0,../malware_report/Kaiji/analysis_reports_comparison/01_MALICIOUS/6dd472e4_deepseek_report.txt
0b6afd80b86f121ce1bc892df6ab1c206493c52e3e46f4136980620a867007f0," `Mirai`
- ","`Backdoor`;`Botnet`;`Persistence`
-",True,trojan.kaiji/chaos,trojan;downloader,kaiji;chaos;ddos,False,False,False,0.0,../malware_report/Kaiji/analysis_reports_comparison/01_MALICIOUS/927e32d7_deepseek_report.txt
f2182860c207d422afb1d924e737074f02370ef7f09a6be8d92c69f7057239f0," `XorDDoS`
- ","`Backdoor`;`Rootkit`;`Evidence Destruction`;`Fileless Execution`
-",True,trojan.kaiji/ares,trojan,kaiji;ares;ddos,True,False,True,0.143,../malware_report/Kaiji/analysis_reports_comparison/01_MALICIOUS/89cd4a27_deepseek_report.txt
7ad9220841260a3bdb6d1dd1654e2e45bacc53ca2715852a15351f242338b687," `Mirai`
- ","`Backdoor`;`Persistence`
-",True,trojan.kaiji/chaos,trojan;downloader,kaiji;chaos;ddos,False,False,False,0.0,../malware_report/Kaiji/analysis_reports_comparison/01_MALICIOUS/9ff830e0_deepseek_report.txt
73403bb4d294240f4755092de37abe84254493026bd69adf58e530799fbc3676," `Mirai`
- ","`Botnet`;`DDoS`;`Backdoor`;`Persistence`
-",True,trojan.kaiji/chaos,trojan;downloader,kaiji;chaos;ddos,False,True,True,0.2,../malware_report/Kaiji/analysis_reports_comparison/01_MALICIOUS/25835725_deepseek_report.txt
6b2d4b72f1e5302f8db2683de4c2406c1057d74c2412fba669e4c5dbfd14c198," `Mirai`
- ","`Backdoor`;`Persistence`
-",True,trojan.kaiji/chaos,trojan;downloader,kaiji;chaos;ddos,False,False,False,0.0,../malware_report/Kaiji/analysis_reports_comparison/01_MALICIOUS/2222b70c_deepseek_report.txt
3f57e69ae47b790147fc1e5037d422740413ffd5bb3996eef39e6d3a91617be7," `Mirai`
- ","`Backdoor`;`Botnet`;`Persistence`
-",True,trojan.kaiji/ares,trojan,kaiji;ares;gldje,False,False,False,0.0,../malware_report/Kaiji/analysis_reports_comparison/01_MALICIOUS/1dd9806e_deepseek_report.txt
0f126026a9a676a84ba2b93f152d7646626ad4b8e984025969bbd5c60a274775," `Mirai`
- ","`Backdoor`;`Persistence`;`Botnet`
-",True,trojan.kaiji/chaos,trojan;downloader,kaiji;chaos;ddos,False,False,False,0.0,../malware_report/Kaiji/analysis_reports_comparison/01_MALICIOUS/0e8e076f_deepseek_report.txt
78e6c917b26061148d6a1f589521c9a91cb3c35d7263b046bbbfb08e7ad43c34," `None`
- ","`Backdoor`;`Persistence`;`Evidence Destruction`;`Fileless Execution`
-",True,trojan.kaiji/ares,trojan,kaiji;ares;ddos,False,False,False,0.0,../malware_report/Kaiji/analysis_reports_comparison/01_MALICIOUS/edbced6e_deepseek_report.txt
f605640346751d966660dc37e60e342742719e1933f52ad774fa697581c0826f," `Mirai`
- ","`Botnet`;`DDoS`;`Backdoor`
-",True,trojan.kaiji/ares,trojan,kaiji;ares;mulkg,False,False,False,0.0,../malware_report/Kaiji/analysis_reports_comparison/01_MALICIOUS/1934a4e4_deepseek_report.txt
75dc3ac515dd1cd087309fa4d6a314fabd38a10b43a1863a86534f74a4dc0bfb," `Mirai`
- ","`Backdoor`;`Persistence`;`Botnet`
-",True,trojan.kaiji/chaos,trojan,kaiji;chaos;moaml,False,False,False,0.0,../malware_report/Kaiji/analysis_reports_comparison/01_MALICIOUS/861e8d14_deepseek_report.txt
4d92c4a0f701dee5831f9cd6968c68addceefc887d139cf92d5d6f83a82a6b57," `Mirai`
- ","`Botnet`;`DDoS`;`Backdoor`;`Persistence`
-",True,trojan.kaiji/chaos,trojan;downloader,kaiji;chaos;ddos,False,True,True,0.2,../malware_report/Kaiji/analysis_reports_comparison/01_MALICIOUS/99f9fbff_deepseek_report.txt
8d516f87e7e66b9f4cd51e9cc539c6296698f5d22d7e12735571b3ca02360669," `Mirai`
- ","`Backdoor`;`Botnet`;`Persistence`
-",True,trojan.kaiji/chaos,trojan;downloader,kaiji;chaos;ddos,False,False,False,0.0,../malware_report/Kaiji/analysis_reports_comparison/01_MALICIOUS/3e624da5_deepseek_report.txt
17de69d05923d837e7c67cfa3a21ee69c8b744ceb68a54dae6ae20f394975381," `Mirai`
- ","`Botnet`;`DDoS`;`Backdoor`;`Persistence`
-",True,trojan.kaiji/chaos,trojan;downloader,kaiji;chaos;ddos,False,True,True,0.2,../malware_report/Kaiji/analysis_reports_comparison/01_MALICIOUS/6efda47a_deepseek_report.txt
ec261047881518e03fce16cdef5db214d0e55d1a4dfbe03f8af2ec82b6e733d4," `Mirai`
- ","`Backdoor`;`Persistence`
-",True,trojan.kaiji/chaos,trojan;downloader,kaiji;chaos;btkac,False,False,False,0.0,../malware_report/Kaiji/analysis_reports_comparison/01_MALICIOUS/3e5ad600_deepseek_report.txt
d90b78aae546e388d5cd924dd7f58fce24a6b9f97a55f7e009d2326f9506b478," `Mirai`
- ","`Backdoor`;`Persistence`;`Botnet`
-",True,trojan.kaiji/chaos,trojan;downloader,kaiji;chaos;ddos,False,False,False,0.0,../malware_report/Kaiji/analysis_reports_comparison/01_MALICIOUS/2a844b38_deepseek_report.txt
e8beed2f275d3bd75ca036454f19d0dca1b88d1e5aa42dd9eceafd15f49825f8," `Mirai`
- ","`Botnet`;`Backdoor`;`Persistence`
-",True,trojan.kaiji/chaos,trojan;downloader,kaiji;chaos;ctcho,False,False,False,0.0,../malware_report/Kaiji/analysis_reports_comparison/01_MALICIOUS/f25b4d5d_deepseek_report.txt
677c371b9af1ba72f0565c931960a4515ba915dd51b537f370b0a7b83a6a3b5d," `Mirai`
- ","`Backdoor`;`Botnet`;`Persistence`;`Evasion`
-",True,trojan.kaiji/chaos,trojan;downloader,kaiji;chaos;ddos,False,False,False,0.0,../malware_report/Kaiji/analysis_reports_comparison/01_MALICIOUS/5b01a42d_deepseek_report.txt
b06221aab526dfe8fb1b5233cbc62d6aa5b253c3f9aa2d7bceed8641405a4e06," `Mirai`
- ","`Backdoor`;`Persistence`;`Botnet`
-",True,trojan.kaiji/chaos,trojan;downloader,kaiji;chaos;ddos,False,False,False,0.0,../malware_report/Kaiji/analysis_reports_comparison/01_MALICIOUS/0a8f450e_deepseek_report.txt
21017f07d09eb60f2b43bcb4074a42786deb78c7ec72e095176568b45f5b6c9f," `Mirai`
- ","`Botnet`;`DDoS`;`Backdoor`
-",True,trojan.kaiji/ares,trojan,kaiji;ares;amqdm,False,False,False,0.0,../malware_report/Kaiji/analysis_reports_comparison/01_MALICIOUS/26a07ea7_deepseek_report.txt
c7422accf6e4ca48342e3c02ff929acd0a631db5ffbb5beeb62fb086991d200d," `None`
- ","`Backdoor`;`Persistence`;`Fileless Execution`
-",True,trojan.kaiji/ares,trojan,kaiji;ares;r002c0ddm25,False,False,False,0.0,../malware_report/Kaiji/analysis_reports_comparison/01_MALICIOUS/1442b333_deepseek_report.txt
c0450a97a026021cfbf25b5a7e33577de51d20b21948f02c3197b5c1f028af6e," `Mirai`
- ","`Backdoor`;`Persistence`;`Botnet`
-",True,trojan.kaiji/chaos,trojan;downloader,kaiji;chaos;ddos,False,False,False,0.0,../malware_report/Kaiji/analysis_reports_comparison/01_MALICIOUS/4b0df1bb_deepseek_report.txt
3df47d8e5bfa5787486ba7545ad84fdf18c129b464720d2f9dc88b627e3ad733," `Mirai`
- ","`Backdoor`;`Persistence`;`Botnet`
-",True,trojan.kaiji/bmjme,trojan;downloader,kaiji;bmjme;chaos,False,False,False,0.0,../malware_report/Kaiji/analysis_reports_comparison/01_MALICIOUS/4d5fb3b8_deepseek_report.txt
fb58552f2e41f83d38518142997eab68d9f1068b597ad43549ab44f9b2621af5," `Mirai`
- ","`Botnet`;`Backdoor`;`Persistence`
-",True,trojan.kaiji/chaos,trojan;downloader,kaiji;chaos;ddos,False,False,False,0.0,../malware_report/Kaiji/analysis_reports_comparison/01_MALICIOUS/8d8f549b_deepseek_report.txt
b5fb1596b0b306ae93ecb350a0f27bbf6d5e53798779beeb4c11728237c422bb," `Mirai`
- ","`Backdoor`;`Persistence`
-",True,trojan.kaiji/chaos,trojan;downloader,kaiji;chaos;ddos,False,False,False,0.0,../malware_report/Kaiji/analysis_reports_comparison/01_MALICIOUS/a1459542_deepseek_report.txt
c22a16aabf076a52cb1f7f58ce22597421e1398158003c3089011ac22edaca99," `Mirai`
- ","`Botnet`;`DDoS`;`Backdoor`;`Evasion`
-",True,trojan.kaiji/ares,trojan,kaiji;ares;ddos,False,True,True,0.2,../malware_report/Kaiji/analysis_reports_comparison/01_MALICIOUS/5eabcf62_deepseek_report.txt
7cab2814a06c64a3cacd86d90222f469c67a4c9ff927c8fc0b262f8a667b2992," `Mirai`
- ","`Botnet`;`DDoS`;`Backdoor`;`Evasion`
-",True,trojan.kaiji/ares,trojan,kaiji;ares;ddos,False,True,True,0.2,../malware_report/Kaiji/analysis_reports_comparison/01_MALICIOUS/db5ba02c_deepseek_report.txt
1a36edf2298f83ff239086b7e89cecce96f29cf785fdfc7539445cbf8780d93f," `None`
- ","`Code Injection`;`Exploit Attempt`
-",True,trojan.mirai/ddos,trojan,mirai;ddos;r002c0dke25,False,False,False,0.0,../malware_report/Mirai/analysis_reports_comparison/02_SUSPICIOUS/3a93b570_deepseek_report.txt
7e656673c805e54cd49957f73eca48a06c97130482a1b6287dba10445ed0a328," `Mirai`
- ","`Botnet`;`DDoS`;`Backdoor`
-",True,trojan.mirai/bonb,trojan,mirai;bonb;febo,True,False,True,0.25,../malware_report/Mirai/analysis_reports_comparison/01_MALICIOUS/5eb42b36_deepseek_report.txt
0a70377ca8e39606c7f65ae81cb21808d4927ab5bfdac4685b2224e971e5f708," `Mirai`
- ","`Botnet`;`DDoS`;`Backdoor`
-",False,,,,False,False,False,0.0,../malware_report/Mirai/analysis_reports_comparison/01_MALICIOUS/ecbcf6a0_deepseek_report.txt
8e35f336b50ef3ce4da8356f81ab0ddab7378cd8faea6507d7a5eb753b3a8d00," `Mirai`
- ","`Botnet`;`DDoS`;`Backdoor`
-",True,trojan.mirai/ddos,trojan,mirai;ddos;r002c0dke25,True,True,True,0.5,../malware_report/Mirai/analysis_reports_comparison/01_MALICIOUS/363ab190_deepseek_report.txt
eaeea354102e2a4d349d5dc5cc21f600ffd449c1e770532e4176b7550866f0bc," `Mirai`
- ","`Botnet`;`DDoS`;`Backdoor`
-",False,,,,False,False,False,0.0,../malware_report/Mirai/analysis_reports_comparison/01_MALICIOUS/cfc9eaa6_deepseek_report.txt
bdbe7fa06377d81f49651885a2309cb867b5993a2acd953a5e1402d4d28e7df2," `Mirai`
- ","`Botnet`;`DDoS`
-",True,downloader.mirai/ddos,downloader;trojan,mirai;ddos;miraidlod,True,True,True,0.4,../malware_report/Mirai/analysis_reports_comparison/01_MALICIOUS/109d95b0_deepseek_report.txt
69d0edf77cd58b5503556b12bf32d8a7af3ebc4bc9d0b0556fbcaf128e4a5a87," `Mirai`
- ","`Trojan`;`Botnet`;`DDoS`
-",True,trojan.mirai/gafgyt,trojan,mirai;gafgyt;ddos,True,True,True,0.75,../malware_report/Mirai/analysis_reports_comparison/01_MALICIOUS/01bc7221_deepseek_report.txt
2b6223f131d28de606cb23766daf8faa9c39a4256d2df8e04a1becd2efc6d5a4," `Mirai`
- ","`Botnet`;`DDoS`;`Backdoor`
-",True,trojan.mirai/bonb,trojan,mirai;bonb;febo,True,False,True,0.25,../malware_report/Mirai/analysis_reports_comparison/01_MALICIOUS/7fb9057f_deepseek_report.txt
b9c94f472780126889b3a8269a15e923d2be062e6e8f3ad45c1355010ca72bb0," `Mirai`
- ","`Botnet`;`DDoS`;`Backdoor`
-",True,trojan.mirai/ddos,trojan,mirai;ddos;flooder,True,True,True,0.5,../malware_report/Mirai/analysis_reports_comparison/01_MALICIOUS/a2a0ead9_deepseek_report.txt
fdb7238cacc1466c7b64bc2b1ee77b61b3c0393fbb7d6640ed8779d09408d247," `Mirai`
- ","`Botnet`;`DDoS`;`Backdoor`
-",True,trojan.mirai/ddos,trojan,mirai;ddos;r002c0dkd25,True,True,True,0.5,../malware_report/Mirai/analysis_reports_comparison/01_MALICIOUS/29469424_deepseek_report.txt
19f5fc01df0bb7f802401e5f677567f840ced5ff1c969343a9b9e951c4279090," `Mirai`
- ","`Botnet`;`DDoS`;`Backdoor`
-",True,trojan.mirai/ddos,trojan,mirai;ddos;bonb,True,True,True,0.5,../malware_report/Mirai/analysis_reports_comparison/01_MALICIOUS/655c743b_deepseek_report.txt
26f1054bfbd1e8207cb2b6394ab17a3119f02f2e76403894060fb10ad72198ee," `Mirai`
- ","`Botnet`;`DDoS`;`Backdoor`
-",True,trojan.mirai/gafgyt,trojan,mirai;gafgyt;ddos,True,True,True,0.5,../malware_report/Mirai/analysis_reports_comparison/01_MALICIOUS/4ffab25b_deepseek_report.txt
14da7da835f4d450a6314546f9cf33eea974397ec39a8a3f492e68027e874a3d," `Mirai`
- ","`Botnet`;`DDoS`;`Backdoor`
-",True,trojan.mirai/r002c0dkd25,trojan,mirai;r002c0dkd25,True,False,True,0.25,../malware_report/Mirai/analysis_reports_comparison/01_MALICIOUS/8f9b3254_deepseek_report.txt
252ec29d74cb357fb729508cc489bc178f72078d719f52acf7c290741ffbc047," `Mirai`
- ","`Botnet`;`DDoS`;`Backdoor`
-",True,trojan.mirai/gafgyt,trojan,mirai;gafgyt;ddos,True,True,True,0.5,../malware_report/Mirai/analysis_reports_comparison/01_MALICIOUS/1e8d7191_deepseek_report.txt
886faf8f965e48d2c9c72afeb9b91b1abceaed4723d585e3a7290ebfa66eb171," `Mirai`
- ","`Botnet`;`DDoS`;`Backdoor`
-",True,trojan.mirai/ddos,trojan,mirai;ddos;flooder,True,True,True,0.5,../malware_report/Mirai/analysis_reports_comparison/01_MALICIOUS/c2e8e903_deepseek_report.txt
6287032e8fb67e424052d7ee38e13c0871d89de19d5c648cf91dba0981a774aa," `Mirai`
- ","`Botnet`;`DDoS`;`Backdoor`
-",True,trojan.mirai/svirtu,trojan,mirai;svirtu;r002c0dkd25,True,False,True,0.25,../malware_report/Mirai/analysis_reports_comparison/01_MALICIOUS/5be095d7_deepseek_report.txt
1d218e9527fc2f3e2ae6758267ef22e744246fb06af7fd26b75b5f27c2aca2dc," `Mirai`
- ","`Botnet`;`DDoS`;`Backdoor`
-",True,trojan.mirai/r002c0dkd25,trojan,mirai;r002c0dkd25,True,False,True,0.25,../malware_report/Mirai/analysis_reports_comparison/01_MALICIOUS/898b1c89_deepseek_report.txt
98c5897a22dd143a89f732dd6c92dd784c44973e68d764473a68afcde9702d63," `Mirai`
- ","`Botnet`;`DDoS`;`Backdoor`
-",True,trojan.mirai/r002c0wkd25,trojan,mirai;r002c0wkd25,True,False,True,0.25,../malware_report/Mirai/analysis_reports_comparison/01_MALICIOUS/e7939562_deepseek_report.txt
3372e58eebe97f90fef80eb5bd385edf979f5201f85b8e9a4857ce2f19628ca0," `Mirai`
- ","`Botnet`;`DDoS`
-",True,trojan.mirai/ddos,trojan,mirai;ddos;bonb,True,True,True,0.5,../malware_report/Mirai/analysis_reports_comparison/01_MALICIOUS/a2c8faa0_deepseek_report.txt
7dfabd04329f7fa8c6a2a28e6c084da97445a945106527d83a4459693cfd9f48," `Mirai`
- ","`Botnet`;`DDoS`;`Backdoor`
-",True,trojan.mirai/bonb,trojan,mirai;bonb;febo,True,False,True,0.25,../malware_report/Mirai/analysis_reports_comparison/01_MALICIOUS/b236c1dd_deepseek_report.txt
17d5f71755c7268d3c5e04ac9422e671ea4d7fc552d00b9f00449be207bf8338," `XorDDoS`
- ","`Trojan`;`Botnet`;`DDoS`;`Evasion`
-",True,trojan.mirai/r002c0dkd25,trojan,mirai;r002c0dkd25,False,True,True,0.2,../malware_report/Mirai/analysis_reports_comparison/01_MALICIOUS/5b0959eb_deepseek_report.txt
ecc083f49b993f5946d64879b464f43fc0ae900695634d0de3dcb393585df90c," `Mirai`
- ","`Botnet`;`DDoS`;`Backdoor`
-",True,trojan.mirai/r002c0wkd25,trojan,mirai;r002c0wkd25,True,False,True,0.25,../malware_report/Mirai/analysis_reports_comparison/01_MALICIOUS/f5618ee1_deepseek_report.txt
ae2895f4ca5b55e145e340e60dc85a116b101ed278aec7dfcab04b1a73267b0e," `Mirai`
- ","`Botnet`;`DDoS`;`Backdoor`
-",True,trojan.mirai/bonb,trojan,mirai;bonb;febo,True,False,True,0.25,../malware_report/Mirai/analysis_reports_comparison/01_MALICIOUS/2ca59b59_deepseek_report.txt
2cae01a9c5ccb06c91d94ba45a9aaec9f804f60f9bf86cdf97daf5ceacae8f4f," `Mirai`
- ","`Botnet`;`DDoS`;`Backdoor`
-",True,trojan.mirai/gafgyt,trojan,mirai;gafgyt;r002c0dkp25,True,False,True,0.25,../malware_report/Mirai/analysis_reports_comparison/01_MALICIOUS/473e6385_deepseek_report.txt
40e23f258e0d45bb36cba0efe23d5cc9f8cf6f2fd3199003c4a8b54cf33f3aff," `Mirai`
- ","`Botnet`;`DDoS`
-",True,trojan.mirai/cryp,trojan,mirai;cryp;r002c0dkd25,True,False,True,0.25,../malware_report/Mirai/analysis_reports_comparison/01_MALICIOUS/101c22dd_deepseek_report.txt
b66e57375d7b3a8b587042b3780266105df5ab80e0743b4c4cd7a56b3c42fa50," `Mirai`
- ","`Botnet`;`DDoS`
-",True,trojan.mirai/gafgyt,trojan,mirai;gafgyt,True,False,True,0.333,../malware_report/Mirai/analysis_reports_comparison/01_MALICIOUS/4a09a851_deepseek_report.txt
9be7c1d3182490b1225a9453d7567fe4f2d6d5c7b5a6e4513f07668654f2b810," `Mirai`
- ","`Botnet`;`DDoS`;`Backdoor`
-",True,trojan.mirai/r002c0wkd25,trojan,mirai;r002c0wkd25,True,False,True,0.25,../malware_report/Mirai/analysis_reports_comparison/01_MALICIOUS/8f2786c8_deepseek_report.txt
20a56e4d75bd9aa610390ff724a232ccd3a328db5ea75c5f1f3bc447c04352b4," `Mirai`
- ","`Botnet`;`DDoS`;`Backdoor`
-",True,trojan.mirai/cryp,trojan,mirai;cryp;gafgyt,True,False,True,0.25,../malware_report/Mirai/analysis_reports_comparison/01_MALICIOUS/7dfad3ca_deepseek_report.txt
8f366acf2ddf79eceefb20bb88edfd4b1faed69984aee19baf40d9fc9756f802," `Mirai`
- ","`Botnet`;`DDoS`;`Backdoor`
-",True,trojan.mirai/svirtu,trojan,mirai;svirtu;r002c0dkd25,True,False,True,0.25,../malware_report/Mirai/analysis_reports_comparison/01_MALICIOUS/4e399927_deepseek_report.txt
7ffac8171758f5fbb8169a81cbc77c678afa0e916aa8dc7be0de8b4cb8044f23," `Mirai`
- ","`Botnet`;`DDoS`;`Backdoor`
-",True,trojan.mirai/ddos,trojan,mirai;ddos;flooder,True,True,True,0.5,../malware_report/Mirai/analysis_reports_comparison/01_MALICIOUS/378ad698_deepseek_report.txt
a514426b09a8c0ef439314e68203b53a541d6f33f832555471791e6f097f14d4," `Mirai`
- ","`Botnet`;`DDoS`;`Backdoor`
-",True,trojan.,trojan,,False,False,False,0.0,../malware_report/Mirai/analysis_reports_comparison/01_MALICIOUS/ebb6043d_deepseek_report.txt
b9bb7f3a87812ed10ba13dcdf3bd059a58fa5d4057708a4003993507018ccab2," `Mirai`
- ","`Botnet`;`DDoS`;`Backdoor`
-",True,trojan.mirai/ddos,trojan,mirai;ddos;flooder,True,True,True,0.5,../malware_report/Mirai/analysis_reports_comparison/01_MALICIOUS/64d88ac8_deepseek_report.txt
c1d986c9c265127323bbf74e64f17520ac71056bfe4bf70f200e597033f19b14," `Mirai`
- ","`Botnet`;`DDoS`
-",True,trojan.mirai/bonb,trojan,mirai;bonb;febo,True,False,True,0.25,../malware_report/Mirai/analysis_reports_comparison/01_MALICIOUS/78a49a31_deepseek_report.txt
0796941c13bce856e6949cff109c927a3cca074bda671a48bf975daa0e741003," `Mirai`
- ","`Botnet`;`DDoS`;`Backdoor`
-",True,trojan.mirai/r002c0wkd25,trojan,mirai;r002c0wkd25,True,False,True,0.25,../malware_report/Mirai/analysis_reports_comparison/01_MALICIOUS/a3b5049e_deepseek_report.txt
714f9656327b607f64c56db2cce242d28f8cd28ddfb5cbabd52c72af84e097f8," `Mirai`
- ","`Botnet`;`DDoS`;`Backdoor`
-",True,trojan.mirai/ddos,trojan,mirai;ddos;r002c0dke25,True,True,True,0.5,../malware_report/Mirai/analysis_reports_comparison/01_MALICIOUS/59cdffbc_deepseek_report.txt
6d9b15f5bb693b582a37daf5649651caae1a03990534da760ef7686e1d691d94," `Mirai`
- ","`Botnet`;`DDoS`;`Backdoor`
-",True,trojan.mirai/ddos,trojan,mirai;ddos;gafgyt,True,True,True,0.5,../malware_report/Mirai/analysis_reports_comparison/01_MALICIOUS/8329bf7d_deepseek_report.txt
9f8594e093d0629fa6966e36fac2a7415cc570c2bde09b214d62ad7b5f96ad07," `Mirai`
- ","`Botnet`;`DDoS`;`Backdoor`
-",True,trojan.mirai/bonb,trojan,mirai;bonb;febo,True,False,True,0.25,../malware_report/Mirai/analysis_reports_comparison/01_MALICIOUS/8a740de0_deepseek_report.txt
dfa47a2d73f5fe8b4ddeb3200e3c05d581f54dd5af336521d5467af3edfba1ae," `Mirai`
- ","`Botnet`;`DDoS`
-",True,trojan.mirai/bonb,trojan,mirai;bonb;febo,True,False,True,0.25,../malware_report/Mirai/analysis_reports_comparison/01_MALICIOUS/b0bdcbf0_deepseek_report.txt
ca2f3eabc373e190f53a3940906f8a872dfcca68d9d3ba6f3759884a31f0ec31," `Mirai`
- ","`Botnet`;`Backdoor`
-",True,trojan.sagnt/flooder,trojan,sagnt;flooder;r002c0dkp25,False,False,False,0.0,../malware_report/Mirai/analysis_reports_comparison/01_MALICIOUS/43458498_deepseek_report.txt
22f29acd6c47bc8ff433ae3cd24edff8f13480be201283839651eb6fff6705a5," `Mirai`
- ","`Botnet`;`DDoS`;`Backdoor`
-",True,trojan.ddosagent/r002c0dkp25,trojan;hacktool,ddosagent;r002c0dkp25,False,True,True,0.25,../malware_report/Mirai/analysis_reports_comparison/01_MALICIOUS/8eb95f7a_deepseek_report.txt
6feaf27ca6237b1f9089d2223c146cfd6f63cf76e7957366056afd31ef959eaa," `Mirai`
- ","`Botnet`;`DDoS`;`Backdoor`
-",False,,,,False,False,False,0.0,../malware_report/Mirai/analysis_reports_comparison/01_MALICIOUS/4ab4827f_deepseek_report.txt
903699d2008f97f611f8b2e67a66f92db93e62f2ad0e4e3be6994f66208e8404," `Mirai`
- ","`Botnet`;`DDoS`;`Backdoor`
-",True,trojan.mirai/r002c0wkd25,trojan,mirai;r002c0wkd25,True,False,True,0.25,../malware_report/Mirai/analysis_reports_comparison/01_MALICIOUS/a1450ef9_deepseek_report.txt
350d60096f52dd1a8c2cf31a7af783bef69c36f580e5b4c115da58ffbf3ca040," `Mirai`
- ","`Botnet`;`DDoS`;`Backdoor`
-",True,trojan.mirai/gafgyt,trojan,mirai;gafgyt;ddos,True,True,True,0.5,../malware_report/Mirai/analysis_reports_comparison/01_MALICIOUS/3f2f2ff3_deepseek_report.txt
f6038ff963fc43473bd69ee8b571b6bcdc88d7bb3231ec5727e835232edee6a7," `Mirai`
- ","`Botnet`;`DDoS`;`Backdoor`
-",False,,,,False,False,False,0.0,../malware_report/Mirai/analysis_reports_comparison/01_MALICIOUS/7c2eb689_deepseek_report.txt
84cb65e956e4ab06f68a974ad9f6096ffe314856d074d397c1c4b064bcb86843," `Mirai`
- ","`Botnet`;`DDoS`;`Backdoor`
-",True,trojan.mirai/svirtu,trojan,mirai;svirtu;genericrxtp,True,False,True,0.25,../malware_report/Mirai/analysis_reports_comparison/01_MALICIOUS/8303d060_deepseek_report.txt
6e0f799fc550bfca6216e37bd6c2f66f3fc426e446a3ad94a1f8a8b5c2dc4058," `Mirai`
- ","`Botnet`;`DDoS`;`Backdoor`
-",True,trojan.mirai/bonb,trojan,mirai;bonb;febo,True,False,True,0.25,../malware_report/Mirai/analysis_reports_comparison/01_MALICIOUS/cce0108e_deepseek_report.txt
0f580f0db3d4644fe503a3d7e810ce1e4d17e242b89d5de7bcf91b97d0448281," `Mirai`
- ","`Botnet`;`DDoS`
-",True,trojan.mirai/r002c0dkd25,trojan,mirai;r002c0dkd25,True,False,True,0.333,../malware_report/Mirai/analysis_reports_comparison/01_MALICIOUS/25a82637_deepseek_report.txt
0ad40a86d65d9d19ee2f7054ed5a58ac419417b31f5007b208c19f274001f530," `Mirai`
- ","`Botnet`;`DDoS`;`Backdoor`
-",True,trojan.mirai/ddos,trojan,mirai;ddos;genericrxtp,True,True,True,0.5,../malware_report/Mirai/analysis_reports_comparison/01_MALICIOUS/626c608c_deepseek_report.txt
b5f97c4c0ff408de365da6735bf940d1a6a7f7465be68509db8e313f3dcf174f," `Mirai`
- ","`Botnet`;`DDoS`;`Backdoor`
-",False,,,,False,False,False,0.0,../malware_report/Mirai/analysis_reports_comparison/01_MALICIOUS/a30403bf_deepseek_report.txt
2d28a99cbef077ddb2407301d1b9474a9346c7a743084891412534aea6d698ef," `Mirai`
- ","`Botnet`;`DDoS`;`Backdoor`
-",True,trojan.mirai/svirtu,trojan,mirai;svirtu;r002c0dkd25,True,False,True,0.25,../malware_report/Mirai/analysis_reports_comparison/01_MALICIOUS/c8e0337d_deepseek_report.txt
625c60b9a8b0347d5a3988d73bf19d9c5bc9bf126fa8720dd28c648edb4a0975," `Mirai`
- ","`Trojan`;`Botnet`;`DDoS`
-",True,trojan.mirai/gafgyt,trojan,mirai;gafgyt;r06ec0dkg25,True,True,True,0.5,../malware_report/Mirai/analysis_reports_comparison/01_MALICIOUS/37eebc1b_deepseek_report.txt
d2436aee766bdc58cdf18eae0c1aa184f28fe8e19a1313036e2a6f0526eac433," `Mirai`
- ","`Botnet`;`DDoS`;`Backdoor`
-",True,trojan.mirai/vsntl225,trojan,mirai;vsntl225,True,False,True,0.25,../malware_report/Mirai/analysis_reports_comparison/01_MALICIOUS/e15fa3fc_deepseek_report.txt
755fb9386fbb7441cdcefd5ead875281a487a7ecd769b297278a82ff6983b222," `Mirai`
- ","`Botnet`;`DDoS`;`Backdoor`
-",True,trojan.mirai/ddos,trojan,mirai;ddos;flooder,True,True,True,0.5,../malware_report/Mirai/analysis_reports_comparison/01_MALICIOUS/e9afe4cc_deepseek_report.txt
eae1e2f2eae8409963501047f28538caafd7cf048c793ea0b8ce5f51526c74ef," `Mirai`
- ","`Botnet`;`DDoS`;`Backdoor`
-",True,trojan.mirai/gafgyt,trojan,mirai;gafgyt;ddos,True,True,True,0.5,../malware_report/Mirai/analysis_reports_comparison/01_MALICIOUS/7169d18c_deepseek_report.txt
484474aeb2bd8bbc4b8fe31c22fee04f7a2f96130b4f8934da02c470b4ed15ef," `Mirai`
- ","`Botnet`;`DDoS`
-",True,trojan.mirai/bonb,trojan,mirai;bonb;r002c0dkd25,True,False,True,0.25,../malware_report/Mirai/analysis_reports_comparison/01_MALICIOUS/e8ce17e3_deepseek_report.txt
d187740d23ca87af14c194b63e0da4b508788210fd9438a6afe697b957f95905," `Mirai`
- ","`Trojan`;`Botnet`;`DDoS`
-",True,trojan.mirai/ddos,trojan;worm,mirai;ddos;bonb,True,True,True,0.6,../malware_report/Mirai/analysis_reports_comparison/01_MALICIOUS/51567f52_deepseek_report.txt
89d0193e735fe5099b178833f7355e189b18499deaa5ad9f8fcbabbfdfbd71c2," `Mirai`
- ","`Botnet`;`DDoS`;`Backdoor`
-",True,trojan.mirai/ddos,trojan,mirai;ddos;bonb,True,True,True,0.5,../malware_report/Mirai/analysis_reports_comparison/01_MALICIOUS/96fe2650_deepseek_report.txt
cdad59181881c62edcc5af0b5a3d721a8f81d69ed7ae030bb1fb12de3a74bef9," `Mirai`
- ","`Botnet`;`DDoS`
-",True,trojan.mirai/bonb,trojan,mirai;bonb;febo,True,False,True,0.25,../malware_report/Mirai/analysis_reports_comparison/01_MALICIOUS/fd4f04e4_deepseek_report.txt
c797c8b0b25cb051ac6573eae36895cab20e7b66b3c7de364747a955ebd93014," `Mirai`
- ","`Botnet`;`DDoS`;`Backdoor`
-",True,trojan.mirai/cryp,trojan,mirai;cryp;r002c0dkd25,True,False,True,0.25,../malware_report/Mirai/analysis_reports_comparison/01_MALICIOUS/620b89d7_deepseek_report.txt
d93910b55f54518bec48a7c86d33a597fc2f27b5f31cbce5bbb357bb555b4a0a," `Mirai`
- ","`Botnet`;`DDoS`;`Backdoor`
-",True,trojan.mirai/r002c0dkd25,trojan,mirai;r002c0dkd25,True,False,True,0.25,../malware_report/Mirai/analysis_reports_comparison/01_MALICIOUS/621a9d77_deepseek_report.txt
79e1e3fc21a3d841371e874404d4ffb6b442564b7e912ac6c03129ae29c87498," `Mirai`
- ","`Botnet`;`DDoS`;`Backdoor`
-",True,trojan.mirai/gafgyt,trojan,mirai;gafgyt;ddos,True,True,True,0.5,../malware_report/Mirai/analysis_reports_comparison/01_MALICIOUS/75414c4d_deepseek_report.txt
0e457d84271dd02c43ee8805a1f50dd96ddad7e51271e8b726930a81950b54a5," `Mirai`
- ","`Botnet`;`DDoS`;`Backdoor`
-",True,trojan.mirai/ddos,trojan,mirai;ddos;flooder,True,True,True,0.5,../malware_report/Mirai/analysis_reports_comparison/01_MALICIOUS/6f3eb157_deepseek_report.txt
e6d505dac29fe184470afedad007eade3325fcb4d65f93003fd2f3d1c5fdc71b," `Mirai`
- ","`Botnet`;`DDoS`;`Backdoor`
-",True,trojan.mirai/gafgyt,trojan,mirai;gafgyt;ddos,True,True,True,0.5,../malware_report/Mirai/analysis_reports_comparison/01_MALICIOUS/d43f5e2f_deepseek_report.txt
1d471fb95b85bab92f586cf9efaaceb1f9be6f2dda2a0110deff43febe0b3b06," `Mirai`
- ","`Botnet`;`DDoS`;`Backdoor`
-",True,trojan.mirai/r002c0dkd25,trojan,mirai;r002c0dkd25,True,False,True,0.25,../malware_report/Mirai/analysis_reports_comparison/01_MALICIOUS/842908f6_deepseek_report.txt
1f8981adeec9f602838fc5e012f8de88cff5e51fe743af7d7f750a904fca1a52," `XorDDoS`
- ","`DDoS`;`Botnet`;`Evasion`
-",True,trojan.mirai/r002c0dkd25,trojan,mirai;r002c0dkd25,False,False,False,0.0,../malware_report/Mirai/analysis_reports_comparison/01_MALICIOUS/f30af451_deepseek_report.txt
652f09a53471f0c308d17c5530654ee3664c7fadd1eb4bc810358a39757103ef," `Mirai`
- ","`Botnet`;`DDoS`;`Backdoor`
-",True,trojan.sagnt/flooder,trojan,sagnt;flooder;r002c0dkp25,False,False,False,0.0,../malware_report/Mirai/analysis_reports_comparison/01_MALICIOUS/6f6a638b_deepseek_report.txt
1cef1beee2bc6058d70844dc10d57e372a718aef1da2a31563bd7182478154b9," `Mirai`
- ","`Botnet`;`DDoS`;`Backdoor`
-",False,,,,False,False,False,0.0,../malware_report/Mirai/analysis_reports_comparison/01_MALICIOUS/e97f16f5_deepseek_report.txt
64bdb5dc6c215011510e9e6b913feef680708c230af3b679282a4838676829cb," `Mirai`
- ","`Botnet`;`DDoS`;`Backdoor`
-",True,trojan.mirai/gafgyt,trojan,mirai;gafgyt;ddos,True,True,True,0.5,../malware_report/Mirai/analysis_reports_comparison/01_MALICIOUS/c2b88c58_deepseek_report.txt
17061bf8ab472de9d74c56a100161e8fc2b7bed0b973b085816ee28838036f93," `Mirai`
- ","`Botnet`;`DDoS`;`Backdoor`
-",True,trojan.sagnt/ddos,trojan,sagnt;ddos;flooder,False,True,True,0.25,../malware_report/Mirai/analysis_reports_comparison/01_MALICIOUS/d6086946_deepseek_report.txt
648e875e5a74264b6422c888e69a3eb469934b07d481c9585d82cb76c288ae1a," `Mirai`
- ","`Botnet`;`DDoS`;`Backdoor`
-",True,trojan.mirai/ddos,trojan,mirai;ddos;gafgyt,True,True,True,0.5,../malware_report/Mirai/analysis_reports_comparison/01_MALICIOUS/a28df200_deepseek_report.txt
9d0ed9618d21b04ffec23db7478dd61fd8c6574255b27816868d6102c3eab505," `Mirai`
- ","`Botnet`;`DDoS`;`Backdoor`
-",True,trojan.mirai/bonb,trojan,mirai;bonb;febo,True,False,True,0.25,../malware_report/Mirai/analysis_reports_comparison/01_MALICIOUS/22ba48d3_deepseek_report.txt
4fdaf9f3e0613594934b5285a8d484ba13708d3d3a9f5fd51349de343e414320," `Anti-Emulation`
- ","`Shellcode`;`Memory Corruption`;`Evasion`
-",True,trojan.mirai/asdj,trojan,mirai;asdj;r002c0wkd25,False,False,False,0.0,../malware_report/Mirai/analysis_reports_comparison/01_MALICIOUS/d7d73ecf_deepseek_report.txt
17ae2aeb9b4eba383c405a15dfc0b01b7a86de4185c4961bc02ae003edaa640e," `Mirai`
- ","`Botnet`;`DDoS`;`Backdoor`
-",True,trojan.mirai/gafgyt,trojan,mirai;gafgyt;bonb,True,False,True,0.25,../malware_report/Mirai/analysis_reports_comparison/01_MALICIOUS/bedefc27_deepseek_report.txt
83775063fa521dd69e0b6b00d45b54ce38acf58e8a8e0e1a8bf23e40d4014324," `Mirai`
- ","`Botnet`;`DDoS`
-",True,trojan.mirai/asqt,trojan,mirai;asqt;r002c0dkd25,True,False,True,0.25,../malware_report/Mirai/analysis_reports_comparison/01_MALICIOUS/dc9e1cee_deepseek_report.txt
7730096aa979f6a920467012f48d53e627d44749277dc59d16bacc872affdb6b," `Mirai`
- ","`Botnet`;`DDoS`;`Backdoor`
-",True,trojan.mirai/bonb,trojan,mirai;bonb;febo,True,False,True,0.25,../malware_report/Mirai/analysis_reports_comparison/01_MALICIOUS/46ab753a_deepseek_report.txt
5605c88eca0b9e3e5b615e7376d2a5d1b43ae2b4be9fbe2cd5ea2bafdc8fe89b," `Mirai`
- ","`Botnet`;`DDoS`;`Backdoor`
-",True,trojan.sagnt/ddos,trojan,sagnt;ddos;flooder,False,True,True,0.25,../malware_report/Mirai/analysis_reports_comparison/01_MALICIOUS/de9c2123_deepseek_report.txt
ceb9a594029a875ef919a6eaa153ddbb162b0753044d812bd27c9690873455d2," `Mirai`
- ","`Botnet`;`DDoS`;`Backdoor`
-",True,trojan.mirai/svirtu,trojan,mirai;svirtu;r002c0dke25,True,False,True,0.25,../malware_report/Mirai/analysis_reports_comparison/01_MALICIOUS/89bff110_deepseek_report.txt
f63cd0d75f95c7bcf54688ec734e62e6fcdb6157d43fea10a319c0d69068a6dc," `Mirai`
- ","`Botnet`;`DDoS`;`Backdoor`
-",True,trojan.mirai/bonb,trojan,mirai;bonb;febo,True,False,True,0.25,../malware_report/Mirai/analysis_reports_comparison/01_MALICIOUS/fb18386d_deepseek_report.txt
e01f01503a980e90f3cd4adf8cf86b5e611b212707d37199eeeaa3d0170d5afd," `Mirai`
- ","`Botnet`;`DDoS`;`Backdoor`
-",False,,,,False,False,False,0.0,../malware_report/Mirai/analysis_reports_comparison/01_MALICIOUS/915d1606_deepseek_report.txt
ae5646b7c903a28dcc978e3f2935bbaa894ca44fb9ac9a372a96eacdf4a7affb," `Mirai`
- ","`Botnet`;`DDoS`;`Backdoor`
-",True,trojan.mirai/bonb,trojan,mirai;bonb;febo,True,False,True,0.25,../malware_report/Mirai/analysis_reports_comparison/01_MALICIOUS/bca85557_deepseek_report.txt
5e1108cd939c54fa3108c71eca741c68cc06fd7a175c9b433c54b505a642b9d5," `Mirai`
- ","`Botnet`;`DDoS`;`Backdoor`
-",True,trojan.mirai/ddos,trojan,mirai;ddos;r002c0wkd25,True,True,True,0.5,../malware_report/Mirai/analysis_reports_comparison/01_MALICIOUS/a2551650_deepseek_report.txt
9e1ef83ee62e92314c5c446dcdcbdf343329f7329feb226d4950de5d0d7da138," `Mirai`
- ","`Botnet`;`DDoS`;`Backdoor`
-",True,trojan.mirai/r002c0wkd25,trojan,mirai;r002c0wkd25,True,False,True,0.25,../malware_report/Mirai/analysis_reports_comparison/01_MALICIOUS/6799bc73_deepseek_report.txt
a33dd3640cddfce835027747ca573d3902e943f09146a40b226b105c5dc71ffa," `XorDDoS`
- ","`Botnet`;`DDoS`;`Backdoor`;`Evasion`
-",False,,,,False,False,False,0.0,../malware_report/Mirai/analysis_reports_comparison/01_MALICIOUS/a455769c_deepseek_report.txt
cf41c96260caaad5b06132ce734246318c5cf6e0968b62a610bfbdd38c3878b5," `Mirai`
- ","`Botnet`;`DDoS`;`Backdoor`
-",False,,,,False,False,False,0.0,../malware_report/Mirai/analysis_reports_comparison/01_MALICIOUS/2372a45b_deepseek_report.txt
8799eb3ed52feec55ea087af16ce1d9de4e41ec46dc56e535eef85edf4de1d14," `Mirai`
- ","`Botnet`;`DDoS`;`Backdoor`
-",True,trojan.mirai/gafgyt,trojan,mirai;gafgyt;ddos,True,True,True,0.5,../malware_report/Mirai/analysis_reports_comparison/01_MALICIOUS/b4307909_deepseek_report.txt
18726a426e6f3b1377d3007eaf0977d7b9c55a14278df257835c8aee7bd1903b," `XorDDoS`
- ","`Botnet`;`DDoS`;`Evasion`
-",True,trojan.mirai/genericrxib,trojan,mirai;genericrxib;r002c0dke25,False,False,False,0.0,../malware_report/Mirai/analysis_reports_comparison/01_MALICIOUS/1313720d_deepseek_report.txt
3f2902ca309c0b46ec15482288897bbcbe75386f5381eb339ee0f6e7fc3fa31a," `Mirai`
- ","`Botnet`;`DDoS`;`Backdoor`
-",True,trojan.mirai/gafgyt,trojan,mirai;gafgyt;ddos,True,True,True,0.5,../malware_report/Mirai/analysis_reports_comparison/01_MALICIOUS/582b67bc_deepseek_report.txt
bf44e39abd56992c7df220c5f8ea3cb63da79265d6c6b4604ff470c2dcf66ff2," `Mirai`
- ","`Trojan`;`Botnet`;`DDoS`
-",True,trojan.mirai/r002c0dke25,trojan,mirai;r002c0dke25,True,True,True,0.5,../malware_report/Mirai/analysis_reports_comparison/01_MALICIOUS/77c928ad_deepseek_report.txt
4268815cb37702f4ae0e18d49d8fb8fef21be36209c7dce15cd927d956c8ffb4," `Mirai`
- ","`Botnet`;`DDoS`;`Backdoor`
-",True,trojan.mirai/svirtu,trojan,mirai;svirtu;genericrxtp,True,False,True,0.25,../malware_report/Mirai/analysis_reports_comparison/01_MALICIOUS/25e78843_deepseek_report.txt
808aef661b29d3828543669460cb1783d11472a35f8e35b9b4401ec6eca3cca6," `Mirai`
- ","`Botnet`;`DDoS`
-",True,trojan.mirai/bonb,trojan,mirai;bonb;gafgyt,True,False,True,0.25,../malware_report/Mirai/analysis_reports_comparison/01_MALICIOUS/d51af112_deepseek_report.txt
248ce991637f3bee2acb3a509322c2064a061a7fb143a8ab4f51f9638bb1d589," `Mirai`
- ","`Botnet`;`DDoS`;`Backdoor`
-",True,trojan.mirai/ddos,trojan,mirai;ddos;gafgyt,True,True,True,0.5,../malware_report/Mirai/analysis_reports_comparison/01_MALICIOUS/17488a6c_deepseek_report.txt
3cf5fb04254e61cde594748cc1cc8c299bd8a6317ab27f0f078d8455c452f1f4," `Mirai`
- ","`Botnet`;`DDoS`;`Backdoor`
-",True,trojan.mirai/bonb,trojan,mirai;bonb;ddos,True,True,True,0.5,../malware_report/Mirai/analysis_reports_comparison/01_MALICIOUS/983698a7_deepseek_report.txt
66bbecfcf10e67aff0bca1d68083aad8d12433db32e0792640b03a778b1d7a07," `Mirai`
- ","`Botnet`;`DDoS`;`Backdoor`
-",True,trojan.mirai/asao,trojan,mirai;asao;bonb,True,False,True,0.25,../malware_report/Mirai/analysis_reports_comparison/01_MALICIOUS/6b225c78_deepseek_report.txt
9b9764585122f6e0d842fb301963fed0cb6cba5a12740fec2c660d1f636bafd5," `Mirai`
- ","`Botnet`;`DDoS`;`Backdoor`
-",True,trojan.mirai/gafgyt,trojan,mirai;gafgyt;vsntl225,True,False,True,0.25,../malware_report/Mirai/analysis_reports_comparison/01_MALICIOUS/75475d88_deepseek_report.txt
22fc792e228ddf99020013ccb36e72cd6c5babd02e45ae7b20bb18727f5cea83," `Mirai`
- ","`Botnet`;`DDoS`;`Backdoor`
-",True,trojan.mirai,trojan,mirai,True,False,True,0.25,../malware_report/Mirai/analysis_reports_comparison/01_MALICIOUS/6b550817_deepseek_report.txt
ffe536b3d11dd297b8155ecf55695ef88518cc6e35976efed155b6328444bfb5," `Mirai`
- ","`Botnet`;`DDoS`;`Backdoor`
-",True,trojan.mirai/gafgyt,trojan,mirai;gafgyt;vsntl225,True,False,True,0.25,../malware_report/Mirai/analysis_reports_comparison/01_MALICIOUS/06c34dc1_deepseek_report.txt
cd471294ae1e3a358447d3be81f7425993fd8fc9b9e1c23d6d9bf6cbd1d3b29f," `Mirai`
- ","`Botnet`;`DDoS`;`Backdoor`
-",True,trojan.mirai/gafgyt,trojan,mirai;gafgyt;ddos,True,True,True,0.5,../malware_report/Mirai/analysis_reports_comparison/01_MALICIOUS/3e63c124_deepseek_report.txt
9dfdc925d26b05fa4220ac1f094a89bb3f7ce979d07bfee8c2b42c92b202392d," `Mirai`
- ","`Botnet`;`DDoS`
-",True,trojan.mirai/ddos,trojan,mirai;ddos;bonb,True,True,True,0.5,../malware_report/Mirai/analysis_reports_comparison/01_MALICIOUS/1dfab255_deepseek_report.txt
98a4fd83ed3a0dbbea35953ea071e6535adf978f5892a7508d148151658e2352," `Mirai`
- ","`Botnet`;`DDoS`;`Backdoor`
-",True,trojan.mirai/vsntl225,trojan,mirai;vsntl225,True,False,True,0.25,../malware_report/Mirai/analysis_reports_comparison/01_MALICIOUS/646d7a80_deepseek_report.txt
0e274f5975dba3318774e068eb963833515d00f3cc224f3fe8c370e99ef495be," `Mirai`
- ","`Botnet`;`DDoS`;`Backdoor`
-",True,trojan.mirai,trojan,mirai,True,False,True,0.25,../malware_report/Mirai/analysis_reports_comparison/01_MALICIOUS/bef26a55_deepseek_report.txt
219bc8d1db282a8e855e6ecfc0490e69b5cbb81a186c900425ace96d4878a13c," `Mirai`
- ","`Botnet`;`DDoS`;`Reconnaissance`
-",True,trojan.mirai/gafgyt,trojan,mirai;gafgyt;ddos,True,True,True,0.5,../malware_report/Mirai/analysis_reports_comparison/01_MALICIOUS/0860d4f9_deepseek_report.txt
801a6a750596863862ce5f6e6b4bab23f739e80148908c9b9e4a1bbfa7656568," `Mirai`
- ","`Botnet`;`DDoS`;`Backdoor`
-",True,trojan.mirai/bonb,trojan,mirai;bonb;febo,True,False,True,0.25,../malware_report/Mirai/analysis_reports_comparison/01_MALICIOUS/01ea81a4_deepseek_report.txt
f6ed60dd00dc251f600eba9b392de9e5de5694c168d06d690d8f8e9db19080cc," `Mirai`
- ","`Botnet`;`DDoS`;`Backdoor`
-",True,trojan.mirai/r06ec0wkg25,trojan,mirai;r06ec0wkg25,True,False,True,0.25,../malware_report/Mirai/analysis_reports_comparison/01_MALICIOUS/14fee49e_deepseek_report.txt
0870442e164dcdb2dd613959126f0d2ef2268f85842afa19cba692ba72ab9b54," `Mirai`
- ","`Botnet`;`DDoS`;`Backdoor`
-",True,trojan.flooder,trojan,flooder,False,False,False,0.0,../malware_report/Mirai/analysis_reports_comparison/01_MALICIOUS/5a130bd3_deepseek_report.txt
dd46ebf32d49c416f55984f1824438027c7437f7069d3a15b094916ec4a015e2," `Mirai`
- ","`Botnet`;`DDoS`
-",True,trojan.mirai/bonb,trojan,mirai;bonb;febo,True,False,True,0.25,../malware_report/Mirai/analysis_reports_comparison/01_MALICIOUS/0d3f3790_deepseek_report.txt
ce0cf3970c88e7fea48c6c9c7d00c5f847d7c508a1caf4780e9519031ea1ba42," `Mirai`
- ","`Botnet`;`DDoS`;`Backdoor`
-",True,trojan.mirai/gafgyt,trojan,mirai;gafgyt;ddos,True,True,True,0.5,../malware_report/Mirai/analysis_reports_comparison/01_MALICIOUS/444b8327_deepseek_report.txt
f7873a23f61a830bb5b5f3a303f6baa75b8ec158e677e7b36897ff06a00e70f1," `Mirai`
- ","`Botnet`;`DDoS`;`Backdoor`
-",True,trojan.mirai/bonb,trojan,mirai;bonb;febo,True,False,True,0.25,../malware_report/Mirai/analysis_reports_comparison/01_MALICIOUS/fb9ab68c_deepseek_report.txt
53bf75aa7b4f8e08357e1893b6d2e6b35e43ae1f02866c0a2981e5f61b71ac33," `Mirai`
- ","`Botnet`;`DDoS`
-",True,trojan.mirai/gafgyt,trojan,mirai;gafgyt;possible,True,False,True,0.25,../malware_report/Mirai/analysis_reports_comparison/01_MALICIOUS/199510ad_deepseek_report.txt
b3599248d1fc1a3bd5f67b84f0787f7e9827f7aa06e3304cba995f71e01d50d5," `XorDDoS`
- ","`Trojan`;`Botnet`;`DDoS`;`Evasion`
-",True,trojan.mirai/genericrxib,trojan,mirai;genericrxib;r002c0dkd25,False,True,True,0.2,../malware_report/Mirai/analysis_reports_comparison/01_MALICIOUS/16f617c5_deepseek_report.txt
5e698d3a3378825722486eba8ef69db1e0a371228a4ce49187bee81268526096," `Mirai`
- ","`Botnet`;`DDoS`;`Backdoor`
-",True,trojan.mirai/ddos,trojan,mirai;ddos;r002c0dkd25,True,True,True,0.5,../malware_report/Mirai/analysis_reports_comparison/01_MALICIOUS/397127ed_deepseek_report.txt
8c43b130a5e8a93c2cb5927419e8ee002d65ccb389001075a61f7e183f764396," `Mirai`
- ","`Botnet`;`DDoS`;`Backdoor`
-",True,trojan.mirai/ddos,trojan,mirai;ddos;r002c0dke25,True,True,True,0.5,../malware_report/Mirai/analysis_reports_comparison/01_MALICIOUS/ac8a2342_deepseek_report.txt
ee73755d0d2cfc53b201b49e6b90532682d1a94a8b732728d6b39d989e1608a6," `Mirai`
- ","`Botnet`;`DDoS`;`Backdoor`
-",True,trojan.mirai/r06ec0dkg25,trojan,mirai;r06ec0dkg25,True,False,True,0.25,../malware_report/Mirai/analysis_reports_comparison/01_MALICIOUS/373f5bb8_deepseek_report.txt
81ce94acb3140b0cf1cfffee3ba48e671b56b115ba7433ac864b7a50540844f2," `Mirai`
- ","`Botnet`;`DDoS`;`Backdoor`
-",True,trojan.mirai/tcycr,trojan,mirai;tcycr,True,False,True,0.25,../malware_report/Mirai/analysis_reports_comparison/01_MALICIOUS/8fa581e9_deepseek_report.txt
90669fdffcd8dced1f3c88830b700e6615f412eeec5e531f07860cf556bb9bdd," `Mirai`
- ","`Botnet`;`DDoS`;`Backdoor`
-",True,trojan.mirai/ddos,trojan,mirai;ddos;flooder,True,True,True,0.5,../malware_report/Mirai/analysis_reports_comparison/01_MALICIOUS/98a0f942_deepseek_report.txt
f5b7ca0b46638e239a0bac1172d04c5389c0dac20d4ea633d3ee7bcea235c5d5," `Mirai`
- ","`Botnet`;`DDoS`;`Backdoor`
-",False,,,,False,False,False,0.0,../malware_report/Mirai/analysis_reports_comparison/01_MALICIOUS/fc885a06_deepseek_report.txt
bf31ccf6b8097d847357bbb335a425f0424d3186b15879542631fc73c9bad8bc," `Mirai`
- ","`Botnet`;`DDoS`;`Backdoor`
-",True,trojan.mirai/r002c0dkg25,trojan,mirai;r002c0dkg25,True,False,True,0.25,../malware_report/Mirai/analysis_reports_comparison/01_MALICIOUS/1c0edb67_deepseek_report.txt
aced7bfae49f2214dc3fd512efd50444cf25c1faeb688ea262cb1604f35f3bda," `Mirai`
- ","`Botnet`;`DDoS`
-",True,trojan.mirai/ddos,trojan,mirai;ddos;bonb,True,True,True,0.5,../malware_report/Mirai/analysis_reports_comparison/01_MALICIOUS/ca13d888_deepseek_report.txt
a09ccc16fb89cf9ff4987efbc9464d7601a1e72d21aff9560298b4bdd538b1d8," `Mirai`
- ","`Botnet`;`DDoS`;`Backdoor`
-",True,trojan.mirai/svirtu,trojan,mirai;svirtu;r002c0dkd25,True,False,True,0.25,../malware_report/Mirai/analysis_reports_comparison/01_MALICIOUS/fa339acd_deepseek_report.txt
dba2528768fc6a35e8950f33f7db148f799e02a0461634ee1a26fc34b45cdca7," `None`
- ","`Shellcode`;`Memory Corruption`;`Exploit Attempt`
-",False,,,,False,False,False,0.0,../malware_report/Mirai/analysis_reports_comparison/01_MALICIOUS/6a6995af_deepseek_report.txt
73ef0e9dccc2d8a5b17d1c0aab975e59099adf6882d1f6e48c9f8361fd286c17," `Mirai`
- ","`Botnet`;`DDoS`;`Backdoor`
-",True,trojan.mirai/r06ec0dkg25,trojan,mirai;r06ec0dkg25,True,False,True,0.25,../malware_report/Mirai/analysis_reports_comparison/01_MALICIOUS/44639d71_deepseek_report.txt
fdd169c9bb15577c7a65fc91a8f8620b545e799c3eccd53f7b5e77a845d97cda," `Mirai`
- ","`Botnet`;`DDoS`;`Backdoor`
-",True,trojan.mirai/possible,trojan,mirai;possible;smlbo20,True,False,True,0.25,../malware_report/Mirai/analysis_reports_comparison/01_MALICIOUS/a081fce5_deepseek_report.txt
ed18c8d78c393b471b4b2c6a842333b4d83133c105067f56cf519d55648f077e," `Mirai`
- ","`Botnet`;`DDoS`;`Backdoor`
-",True,trojan.mirai/genericrxtp,trojan,mirai;genericrxtp;r002c0dke25,True,False,True,0.25,../malware_report/Mirai/analysis_reports_comparison/01_MALICIOUS/3388eb3b_deepseek_report.txt
58846d8a4e2a3a738b33def183f6ed585ad10095fe33198fc1505ad43d73ce06," `Mirai`
- ","`Botnet`;`DDoS`;`Backdoor`
-",True,trojan.mirai/gafgyt,trojan,mirai;gafgyt;ddos,True,True,True,0.5,../malware_report/Mirai/analysis_reports_comparison/01_MALICIOUS/2def0841_deepseek_report.txt
503e4c133eba74247a270f14ac52dc462d4502ff42ef9d00ecd5ce3bcc142593," `Mirai`
- ","`Botnet`;`DDoS`;`Backdoor`
-",True,trojan.mirai/bonb,trojan,mirai;bonb;febo,True,False,True,0.25,../malware_report/Mirai/analysis_reports_comparison/01_MALICIOUS/47c1953c_deepseek_report.txt
9b79bf1ca8a63edd374ce7197afbc0b232122d77e352033bfba9524af5dfb851," `Mirai`
- ","`Botnet`;`DDoS`
-",True,trojan.mirai/bonb,trojan,mirai;bonb;febo,True,False,True,0.25,../malware_report/Mirai/analysis_reports_comparison/01_MALICIOUS/f245bdd4_deepseek_report.txt
b576f8cd86cdf33b4e8af9ab9b1eaf60d325058dd85665040a22e4ce8dd41dc1," `Mirai`
- ","`Botnet`;`DDoS`;`Backdoor`
-",True,trojan.mirai/ddos,trojan,mirai;ddos;flooder,True,True,True,0.5,../malware_report/Mirai/analysis_reports_comparison/01_MALICIOUS/d67ebbf5_deepseek_report.txt
8be80a21952dd7b0802134736e8a8f363c7af728c4490319d1710fa1accf29d6," `Mirai`
- ","`Botnet`;`DDoS`;`Backdoor`
-",True,trojan.mirai/bonb,trojan,mirai;bonb;r002c0dkd25,True,False,True,0.25,../malware_report/Mirai/analysis_reports_comparison/01_MALICIOUS/d2797a4c_deepseek_report.txt
d33c0f71c9cf2f121fa32f2866ec3f4b63e65bc895837df8efae6bd021be9863," `Mirai`
- ","`Trojan`;`Botnet`;`DDoS`
-",True,trojan.mirai/bonb,trojan,mirai;bonb;febo,True,True,True,0.5,../malware_report/Mirai/analysis_reports_comparison/01_MALICIOUS/2d515456_deepseek_report.txt
7844c0f06710452a092be3f2ba0cf92ebfba7d5cfe00124100c3e09c68461790," `Mirai`
- ","`Botnet`;`DDoS`;`Backdoor`
-",True,trojan.mirai/bonb,trojan,mirai;bonb;febo,True,False,True,0.25,../malware_report/Mirai/analysis_reports_comparison/01_MALICIOUS/c00de2bc_deepseek_report.txt
5f29def5c66f8d20a119a9ca1b665f61a47b62d8561f7b144b887325954ecec9," `Mirai`
- ","`Botnet`;`DDoS`;`Backdoor`
-",True,trojan.mirai/bonb,trojan,mirai;bonb;febo,True,False,True,0.25,../malware_report/Mirai/analysis_reports_comparison/01_MALICIOUS/19901ced_deepseek_report.txt
796f56091ce236c529997e7e81bdd75bd409049ea727dce01cbbb082840115d3," `Mirai`
- ","`Botnet`;`DDoS`;`Backdoor`
-",True,trojan.mirai/ddos,trojan,mirai;ddos;r002c0dke25,True,True,True,0.5,../malware_report/Mirai/analysis_reports_comparison/01_MALICIOUS/6c0d630f_deepseek_report.txt
173a0545106b03d2fc0e5a61fce54363b1926b66d4e8d3aba4d09de9a2c2e071," `Mirai`
- ","`Botnet`;`DDoS`;`Backdoor`
-",True,trojan.mirai/ddos,trojan,mirai;ddos;r002c0dke25,True,True,True,0.5,../malware_report/Mirai/analysis_reports_comparison/01_MALICIOUS/9c7a82b9_deepseek_report.txt
9cc5a8dcac40dcd963148d9d77926e5397515675949c80f72a77adc8e25403a4," `Mirai`
- ","`Botnet`;`DDoS`;`Backdoor`
-",True,trojan.mirai/ddosagent,trojan,mirai;ddosagent,True,True,True,0.5,../malware_report/Mirai/analysis_reports_comparison/01_MALICIOUS/396e0e2d_deepseek_report.txt
6baf960c9d747114779246b03a3d1736f5f93012a90043c4f3e0ffd8dff361b6," `None`
- ","`Exploit_Attempt`;`Shellcode_Execution`
-",True,trojan.mirai/asan,trojan,mirai;asan;r002c0wkd25,False,False,False,0.0,../malware_report/Mirai/analysis_reports_comparison/01_MALICIOUS/c20f04ae_deepseek_report.txt
0b5bde3a1e195658d3eac6a8eca01e30ac4a75e25bd3f92bfb345f3e05151201," `Mirai`
- ","`Botnet`;`DDoS`;`Backdoor`
-",True,trojan.mirai/ddos,trojan;downloader,mirai;ddos;miraidlod,True,True,True,0.4,../malware_report/Mirai/analysis_reports_comparison/01_MALICIOUS/0e0c7cea_deepseek_report.txt
45b81be64c15e350a0c55dbe93e9e81ae4ee1e84de7062c8264574dcad2e305c," `Mirai`
- ","`Botnet`;`DDoS`;`Backdoor`
-",True,trojan.mirai/ddos,trojan,mirai;ddos;gafgyt,True,True,True,0.5,../malware_report/Mirai/analysis_reports_comparison/01_MALICIOUS/91353879_deepseek_report.txt
b62b59299e34229ebfdbf7ac7caf7dc21854fbd551f4f5934d79b500e70c4258," `Mirai`
- ","`Botnet`;`DDoS`;`Backdoor`
-",True,trojan.mirai/possible,trojan,mirai;possible;smlbo20,True,False,True,0.25,../malware_report/Mirai/analysis_reports_comparison/01_MALICIOUS/c97c0023_deepseek_report.txt
b1d57fd6bcd109a99d5023d76767aa6fdb520138e4eaad2a9a48afb3b6fb98b6," `None`
- ","`Backdoor`;`Reconnaissance`
-",True,trojan.mirai/dakkatoni,trojan,mirai;dakkatoni;ddos,False,False,False,0.0,../malware_report/Mozi/analysis_reports_comparison/02_SUSPICIOUS/ec249b41_deepseek_report.txt
cd471c39505fef91fbc9f5914a4bb9fbbdd4460bdf0664def557dde222c06e66," `None`
- ","`Botnet`;`Reconnaissance`
-",True,trojan.mozi/mirai,trojan,mozi;mirai;ddos,False,False,False,0.0,../malware_report/Mozi/analysis_reports_comparison/02_SUSPICIOUS/52b4dcd1_deepseek_report.txt
80b9c649200490d6b2b6fd5a24e158afe934aea9396761fc6a292fda5cd4a0f7," `Anti-Emulation`
- ","`Evasion`;`Backdoor`
-",True,trojan.mozi/mirai,trojan,mozi;mirai;siggen,False,False,False,0.0,../malware_report/Mozi/analysis_reports_comparison/02_SUSPICIOUS/41a418bf_deepseek_report.txt
83c8577430ab9faec1486c411e8f16db8b40a44aa56e7ea075b8608f4c4a42f7," `None`
- ","`Botnet`;`Reconnaissance`
-",True,trojan.mozi/mirai,trojan,mozi;mirai;cryp,False,False,False,0.0,../malware_report/Mozi/analysis_reports_comparison/02_SUSPICIOUS/920c2192_deepseek_report.txt
91996022b87d6650742603c95ec20f35d4dc48d808bfba066ad75d36104fe51c," `None`
- ","`Backdoor`;`Evasion`
-",True,trojan.mirai/dakkatoni,trojan,mirai;dakkatoni;ddos,False,False,False,0.0,../malware_report/Mozi/analysis_reports_comparison/02_SUSPICIOUS/ed9ef8d2_deepseek_report.txt
fc108bc7b13a8280e5f9a706de05968b7236f2acbe2ef4ac024c73224960b243," `Anti-Emulation`
- ","`Evasion`;`Backdoor`
-",True,trojan.siggen/genericrxrk,trojan,siggen;genericrxrk;ivvdx,False,False,False,0.0,../malware_report/Mozi/analysis_reports_comparison/02_SUSPICIOUS/467ccbd6_deepseek_report.txt
4293c1d8574dc87c58360d6bac3daa182f64f7785c9d41da5e0741d2b1817fc7," `None`
- ","`Backdoor`;`Evasion`
-",True,trojan.mirai/mozi,trojan,mirai;mozi;cryp,False,False,False,0.0,../malware_report/Mozi/analysis_reports_comparison/02_SUSPICIOUS/0b327baf_deepseek_report.txt
b5cf68c7cb5bb2d21d60bf6654926f61566d95bfd7c9f9e182d032f1da5b4605," `None`
- ","`Botnet`;`Reconnaissance`
-",True,trojan.mirai/mozi,trojan,mirai;mozi;ddos,False,False,False,0.0,../malware_report/Mozi/analysis_reports_comparison/02_SUSPICIOUS/270890ab_deepseek_report.txt
4b41223ca64ab6ef4b3b9c9d4257902a32f9fa8cdf4d9f6261b24b8dee81d233," `None`
- ","`Backdoor`;`Evasion`;`Fileless`
-",True,trojan.mirai/cryp,trojan,mirai;cryp;ddos,False,False,False,0.0,../malware_report/Mozi/analysis_reports_comparison/02_SUSPICIOUS/d9dd58dc_deepseek_report.txt
450d79cc40e93304fca3d435b88b317fe1a5bbdecb04356843c51c188c099174," `Mirai`
- ","`DDoS`;`Botnet`;`Evasion`
-",True,trojan.mirai/dakkatoni,trojan,mirai;dakkatoni;genericrxny,True,False,True,0.25,../malware_report/Mozi/analysis_reports_comparison/01_MALICIOUS/95638ac0_deepseek_report.txt
d6dd3935268ed0fc0817220590bbbdb1cfe12b518e314e2db243ee28e9050d74," `None`
- ","`Trojan`;`Backdoor`
-",True,,,,False,False,False,0.0,../malware_report/Mozi/analysis_reports_comparison/01_MALICIOUS/947a703c_deepseek_report.txt
832fb4090879c1bebe75bea939a9c5724dbf87898febd425f94f7e03ee687d3b," `Mirai`
- ","`Botnet`;`Backdoor`;`DDoS`
-",True,trojan.mirai/gafgyt,trojan,mirai;gafgyt;mozi,True,False,True,0.25,../malware_report/Mozi/analysis_reports_comparison/01_MALICIOUS/f753b9c8_deepseek_report.txt
122d5a734cac70d4c2c6c562ccefbdb1086bfc149a81e437e8ec1475e37977d0," `None`
- ","`Trojan`;`Backdoor`;`Evasion`
-",True,trojan.mozi/mirai,trojan,mozi;mirai;siggen,False,True,True,0.25,../malware_report/Mozi/analysis_reports_comparison/01_MALICIOUS/b5cb9e78_deepseek_report.txt
a5cae1a63747e60ed69d3a522d889beda4514014f06c7a33868eef217c45ccdc," `Mirai`
- ","`Botnet`;`DDoS`;`Evasion`
-",True,trojan.mozi/mirai,trojan,mozi;mirai;dakkatoni,True,False,True,0.25,../malware_report/Mozi/analysis_reports_comparison/01_MALICIOUS/627d800f_deepseek_report.txt
3a2b0298688a91a60adfc4e5b6febc3ee73d6b9fa23c0413cd6eea8da7a2b630," `Mirai`
- ","`Botnet`;`DDoS`;`Evasion`
-",True,trojan.mozi/mirai,trojan,mozi;mirai;siggen,True,False,True,0.25,../malware_report/Mozi/analysis_reports_comparison/01_MALICIOUS/6650ef6b_deepseek_report.txt
fd851655a0cc12da68cc0a81320476fb69a4a00835b5ad7341b55ea36f2cdbf7," `Anti-Emulation`
- ","`Trojan`;`Backdoor`;`Evasion`
-",True,trojan.mozi/mirai,trojan,mozi;mirai;cryp,False,True,True,0.2,../malware_report/Mozi/analysis_reports_comparison/01_MALICIOUS/efc2f648_deepseek_report.txt
457ced8306ea5170af06155dfe1e16120e92f43895db3b36e51cd93132948323," `Mirai`
- ","`Botnet`;`DDoS`
-",True,trojan.mozi/mirai,trojan,mozi;mirai;dakkatoni,True,False,True,0.25,../malware_report/Mozi/analysis_reports_comparison/01_MALICIOUS/42dc0cb7_deepseek_report.txt
c186c0b876a56d0da7b79bc2cae2e2ecf4617518fd9c996568da100e99179693," `None`
- ","`Memory Corruption`;`Shellcode`;`Evasion`
-",True,trojan.mirai/mozi,trojan;downloader,mirai;mozi;dvwvi,False,False,False,0.0,../malware_report/Mozi/analysis_reports_comparison/01_MALICIOUS/236853fa_deepseek_report.txt
d2bcf89297b6e4b93ab6200647a71ffcb325a6beba972983cdf5a6d32e1e79b8," `Mirai`
- ","`DDoS`;`Backdoor`
-",True,trojan.mozi/mirai,trojan,mozi;mirai;siggen,True,False,True,0.25,../malware_report/Mozi/analysis_reports_comparison/01_MALICIOUS/372c45d2_deepseek_report.txt
4a952be0b1bbb38b70a245305c73c6a29658bb475f4b7a24a7564c7735f5501b," `None`
- ","`Memory Corruption`;`Shellcode`;`Exploit`
-",True,trojan.mirai/mozi,trojan,mirai;mozi;genericrxnq,False,False,False,0.0,../malware_report/Mozi/analysis_reports_comparison/01_MALICIOUS/6d7226a6_deepseek_report.txt
232cc44af01cef65bb8a7016914e618bd0a2ff3667a304b45b8241aa29c21d51," `Mirai`
- ","`Botnet`;`DDoS`
-",True,trojan.mozi/mirai,trojan,mozi;mirai;siggen,True,False,True,0.25,../malware_report/Mozi/analysis_reports_comparison/01_MALICIOUS/2ca8dcb7_deepseek_report.txt
dc3906b6cf2e391537c1dfb599b3e5c0d58cccb3ed8b942cb1bcb064413b93e0," `Anti-Emulation`
- ","`Backdoor`;`Evasion`
-",True,trojan.mozi/mirai,trojan,mozi;mirai;dakkatoni,False,False,False,0.0,../malware_report/Mozi/analysis_reports_comparison/01_MALICIOUS/e99156e3_deepseek_report.txt
198ae3d435ddc6dc243d99cfca51a3a61a03f6058fbe24dfe93ee306778c64b7," `Mirai`
- ","`Botnet`;`DDoS`;`Evasion`
-",True,trojan.mozi/dakkatoni,trojan,mozi;dakkatoni;mirai,True,False,True,0.25,../malware_report/Mozi/analysis_reports_comparison/01_MALICIOUS/3ab6504e_deepseek_report.txt
7b83dc70b31afea07e747011543d41f0170e0ef70d617f54f3fcb2ff4214840a," `Mirai`
- ","`Botnet`;`DDoS`
-",True,trojan.multiverze/genericrxvu,trojan,multiverze;genericrxvu;sphdl,False,False,False,0.0,../malware_report/Mozi/analysis_reports_comparison/01_MALICIOUS/8146816c_deepseek_report.txt
e65661661f9680908bded3fc72eb36c8b9827ceb197d5dcb0bb65ee85638e63b," `None`
- ","`Trojan`;`Backdoor`
-",True,trojan.mozi/mirai,trojan,mozi;mirai;dakkatoni,False,True,True,0.25,../malware_report/Mozi/analysis_reports_comparison/01_MALICIOUS/a02095d1_deepseek_report.txt
d7ac7aece9743a9256b9fd0084e18fbd7e05a8d25a562cea2878b3de64cae876," `Anti-Emulation`
- ","`Trojan`;`Evasion`
-",True,trojan.mirai/mozi,trojan,mirai;mozi;cryp,False,True,True,0.25,../malware_report/Mozi/analysis_reports_comparison/01_MALICIOUS/d9c2eaef_deepseek_report.txt
974688d36925cb33cf7f4673265f72f4d5949b6c22027e0fc54b6db2f440830a," `Mirai`
- ","`Botnet`;`DDoS`;`Evasion`
-",True,trojan.mozi/mirai,trojan,mozi;mirai;siggen,True,False,True,0.25,../malware_report/Mozi/analysis_reports_comparison/01_MALICIOUS/3eebccf7_deepseek_report.txt
fac304cd1e585eb8ff37f87dd9b232edde171204a9870257dcee1bc0deb4717f," `None`
- ","`Trojan`;`Backdoor`;`Evasion`
-",True,trojan.mirai/mozi,trojan,mirai;mozi;cryp,False,True,True,0.25,../malware_report/Mozi/analysis_reports_comparison/01_MALICIOUS/0768f0f9_deepseek_report.txt
419fd7c658a345fd2e0e3061fb1ebcc3b95385a3520a600aa4612a73453786ed," `Mirai`
- ","`Botnet`;`DDoS`
-",True,trojan.mozi/siggen,trojan,mozi;siggen;genericrxpg,False,False,False,0.0,../malware_report/Mozi/analysis_reports_comparison/01_MALICIOUS/0792f495_deepseek_report.txt
7ef6a8e97530c15fb1d37be2a6cf7b96b4049c8fb79846ed571ffc4eca8ac36e," `Mirai`
- ","`Botnet`;`DDoS`;`Evasion`
-",True,trojan.siggen/gshzg,trojan,siggen;gshzg;multiverze,False,False,False,0.0,../malware_report/Mozi/analysis_reports_comparison/01_MALICIOUS/2ac4f8ff_deepseek_report.txt
b89dcbaf68519d6fbcd3d3cda59c9d1dcc0865f9a3c17847d283c0ad26f74d30," `Mirai`
- ","`Botnet`;`DDoS`;`Evasion`
-",True,trojan.multiverze/genericrxpt,trojan,multiverze;genericrxpt;r002c0dfg25,False,False,False,0.0,../malware_report/Mozi/analysis_reports_comparison/01_MALICIOUS/b52b9c69_deepseek_report.txt
9a963fb204c95bf85dcc0ef4986b889eea513c622249307095c8afe0aca44e1c," `None`
- ","`Trojan`;`Backdoor`;`Evasion`
-",True,trojan.mozi/mirai,trojan,mozi;mirai;siggen,False,True,True,0.25,../malware_report/Mozi/analysis_reports_comparison/01_MALICIOUS/8d44baaf_deepseek_report.txt
f7375f0ae0287b6aa966ae8ade9cadbd13821544a242f8418554ec462b71f8fd," `Mirai`
- ","`Botnet`;`Backdoor`;`Evasion`
-",True,trojan.mirai/dakkatoni,trojan,mirai;dakkatoni;ddos,True,False,True,0.25,../malware_report/Mozi/analysis_reports_comparison/01_MALICIOUS/a65287d7_deepseek_report.txt
14af8f514fc5f60b0457325acd4a241204a1f521df88649559a58c8561db7f41," `Anti-Emulation`
- ","`Trojan`;`Backdoor`;`Evasion`
-",True,trojan.mozi/mirai,trojan,mozi;mirai;cryp,False,True,True,0.2,../malware_report/Mozi/analysis_reports_comparison/01_MALICIOUS/c06268c6_deepseek_report.txt
91643002be04f1f63ddf2ab5122f1fa600b364ead3441f64511d3049c4aa57f6," `Mirai`
- ","`Botnet`;`Backdoor`
-",True,trojan.gafgyt/ddos,trojan,gafgyt;ddos;bashlite,False,False,False,0.0,../malware_report/Mozi/analysis_reports_comparison/01_MALICIOUS/c5c62041_deepseek_report.txt
b5e9117593832b5f51c006c16132e4bf853b928d5fe3a54ef6982bf63d57b8c8," `Mirai`
- ","`Botnet`;`DDoS`
-",True,trojan.mozi/mirai,trojan,mozi;mirai;genericrxpi,True,False,True,0.25,../malware_report/Mozi/analysis_reports_comparison/01_MALICIOUS/7e96f44f_deepseek_report.txt
f2f45cebd49003b12f095884f9378025ead0236f6687bd35963248e703d274c7," `Mirai`
- ","`Botnet`;`DDoS`;`Evasion`
-",True,trojan.mozi/mirai,trojan,mozi;mirai;cjfbx,True,False,True,0.25,../malware_report/Mozi/analysis_reports_comparison/01_MALICIOUS/3834ab8e_deepseek_report.txt
e40c4ba7c5a6122be47636a59952f82aee24c8c3825a6e4449bb04d0e2ced0eb," `Mirai`
- ","`Botnet`;`Backdoor`;`Reconnaissance`
-",True,trojan.mirai/mozi,trojan,mirai;mozi;cryp,True,False,True,0.25,../malware_report/Mozi/analysis_reports_comparison/01_MALICIOUS/7b04b5c4_deepseek_report.txt
86881aec90e578e550b6a49cf113910baccd5d7b5e6c1eb37be172eede2e4d09," `None`
- ","`Trojan`;`Backdoor`;`Evasion`
-",True,trojan.,trojan,,False,True,True,0.25,../malware_report/Mozi/analysis_reports_comparison/01_MALICIOUS/84c08bf5_deepseek_report.txt
afabcb4d54a59adfbebb5ec6d22292aa30d47b21f3ae680248fbbb004984add9," `None`
- ","`Trojan`;`Backdoor`
-",True,trojan.mozi/mirai,trojan,mozi;mirai;siggen,False,True,True,0.25,../malware_report/Mozi/analysis_reports_comparison/01_MALICIOUS/7e52007c_deepseek_report.txt
c36c93da186dfa73c1d6575e968be3f83a21a825465bb688e09a42ec402dc378," `Mirai`
- ","`Botnet`;`DDoS`;`Evasion`
-",True,trojan.siggen/eukew,trojan,siggen;eukew;multiverze,False,False,False,0.0,../malware_report/Mozi/analysis_reports_comparison/01_MALICIOUS/b0841fd7_deepseek_report.txt
484e15ad4cd6a56af0b2534347418957942ff51d1daf5e368dfec418283c9b41," `Anti-Emulation`
- ","`Backdoor`;`Evasion`
-",True,trojan.sagnt/genericrxpi,trojan,sagnt;genericrxpi;r002c0tf725,False,False,False,0.0,../malware_report/Mozi/analysis_reports_comparison/01_MALICIOUS/581f6dab_deepseek_report.txt
ac8116f2daece95f4d0ce7a323587a1c963e2ac540eccbe7d44fb948e5348068," `None`
- ","`Backdoor`;`Evasion`
-",True,trojan.tsunami/gafgyt,trojan,tsunami;gafgyt;bashlite,False,False,False,0.0,../malware_report/Tsunami/analysis_reports_comparison/02_SUSPICIOUS/d3c8d2fe_deepseek_report.txt
41a8fde38a947b392f87960ef6cf6f32c0b56e0348c047dea912ab140aa2a147," `None`
- ","`Backdoor`;`Botnet`
-",True,,,,False,False,False,0.0,../malware_report/Tsunami/analysis_reports_comparison/02_SUSPICIOUS/d25c7660_deepseek_report.txt
e8abb0aca63d90abd8a5b4798892a43e2685daf1a21f14d8a69e219d53380f61," `None`
- ","`Backdoor`;`Botnet`
-",True,trojan.tsunami/gafgyt,trojan,tsunami;gafgyt;mirai,False,False,False,0.0,../malware_report/Tsunami/analysis_reports_comparison/02_SUSPICIOUS/36d68caf_deepseek_report.txt
e0d7ed0a80f4e98527d4d55d607c4fe0049afeff782509f32cc918fed54ca8f7," `None`
- ","`Backdoor`;`Botnet`
-",True,trojan.tsunami/gafgyt,trojan,tsunami;gafgyt;bashlite,False,False,False,0.0,../malware_report/Tsunami/analysis_reports_comparison/02_SUSPICIOUS/bb17f3db_deepseek_report.txt
c5952262a01f18bab640b314ca71ff85b4fe423ad82ba912b2146f55abaeab50," `None`
- ","`Botnet`;`Backdoor`
-",True,trojan.tsunami/mirai,trojan,tsunami;mirai;akrr,False,False,False,0.0,../malware_report/Tsunami/analysis_reports_comparison/02_SUSPICIOUS/68bfec4d_deepseek_report.txt
03318a0061d4ee846a5fffd3d613f228dfced98b8be589d40842724e047de1f6," `None`
- ","`Botnet`;`Backdoor`
-",True,trojan.tsunami/kaiten,trojan,tsunami;kaiten;gafgyt,False,False,False,0.0,../malware_report/Tsunami/analysis_reports_comparison/02_SUSPICIOUS/6f92d267_deepseek_report.txt
50f1703bc940d6f089f4bc88843b067a6dd160f1f0fa8c8f8753645fdec72c51," `None`
- ","`Backdoor`;`Botnet`
-",True,trojan.tsunami/kaiten,trojan,tsunami;kaiten;ddos,False,False,False,0.0,../malware_report/Tsunami/analysis_reports_comparison/02_SUSPICIOUS/36f3879c_deepseek_report.txt
6574b93062974e287a65798dca6f6efd2bc8f8e376baa6efa69ddfc719acf8d9," `None`
- ","`Backdoor`;`Persistence`
-",True,trojan.tsunami/gjirtfg,trojan,tsunami;gjirtfg;kaiten,False,False,False,0.0,../malware_report/Tsunami/analysis_reports_comparison/02_SUSPICIOUS/3145cbf5_deepseek_report.txt
f51a7f934737a5bcfcd650283f6d7d6f9fab13587a43f276b3effbd5dc17027c," `None`
- ","`Backdoor`;`Botnet`
-",True,trojan.tsunami/gafgyt,trojan,tsunami;gafgyt;bashlite,False,False,False,0.0,../malware_report/Tsunami/analysis_reports_comparison/02_SUSPICIOUS/f507a2e3_deepseek_report.txt
aff5f787b839f6c0354b2041d3f499857e20011b67bb9499aec5351d42060b47," `None`
- ","`Trojan`;`Backdoor`
-",True,,,,False,False,False,0.0,../malware_report/Tsunami/analysis_reports_comparison/02_SUSPICIOUS/d7035731_deepseek_report.txt
47ae4040d1a421d43309e11b9e2fcd687f34f085e203ef170913708ca3c35e3c," `None`
- ","`Backdoor`;`Botnet`
-",True,trojan.tsunami/kaiten,trojan,tsunami;kaiten;ddos,False,False,False,0.0,../malware_report/Tsunami/analysis_reports_comparison/02_SUSPICIOUS/f9a0876e_deepseek_report.txt
0da7cb37ebf8c50b5b856af6b32da915da0a6e45007b4313e9f1945725d5adcd," `None`
- ","`Backdoor`
-",True,trojan.tsunami/gafgyt,trojan,tsunami;gafgyt;bashlite,False,False,False,0.0,../malware_report/Tsunami/analysis_reports_comparison/02_SUSPICIOUS/e2c8aae8_deepseek_report.txt
575a6853ac71adce6ea18952235dea77c8cc5a78dc13bbe2ef32ed6acbc0e400," `None`
- ","`Backdoor`;`Botnet`
-",True,trojan.tsunami/kaiten,trojan,tsunami;kaiten;ddos,False,False,False,0.0,../malware_report/Tsunami/analysis_reports_comparison/02_SUSPICIOUS/b102ac5d_deepseek_report.txt
e088410e995c9ee2f51c45757bec3bb337ecda0b20cab9de1520bf892cd84da3," `None`
- ","`Backdoor`;`Botnet`
-",True,,,,False,False,False,0.0,../malware_report/Tsunami/analysis_reports_comparison/02_SUSPICIOUS/ae2348b5_deepseek_report.txt
930ed75ee4c059275fc38a1beb4ed49881942e90017fb842c8214f1db0695219," `None`
- ","`Backdoor`;`Botnet`
-",True,trojan.tsunami/gjirfg,trojan,tsunami;gjirfg;kaiten,False,False,False,0.0,../malware_report/Tsunami/analysis_reports_comparison/02_SUSPICIOUS/39235d16_deepseek_report.txt
579bdbadcae077af067362f5099092f6775c25458b39ec4f7d6618bb07329bbc," `None`
- ","`Backdoor`
-",True,trojan.tsunami/gafgyt,trojan,tsunami;gafgyt;kaiten,False,False,False,0.0,../malware_report/Tsunami/analysis_reports_comparison/02_SUSPICIOUS/7f96371c_deepseek_report.txt
628ab21a20f6e7d67e2ca82385ba11fd68e96046d1886d0ebcf9202d15e0bf46," `None`
- ","`Backdoor`;`Botnet`
-",True,trojan.tsunami/kaiten,trojan,tsunami;kaiten;mirai,False,False,False,0.0,../malware_report/Tsunami/analysis_reports_comparison/02_SUSPICIOUS/590c124a_deepseek_report.txt
1b40a289556934d67a35d6422f66b3b062e616d0b7e00d23f543d25183ebe8d6," `None`
- ","`Backdoor`;`Botnet`
-",True,trojan.tsunami/gafgyt,trojan,tsunami;gafgyt;bashlite,False,False,False,0.0,../malware_report/Tsunami/analysis_reports_comparison/02_SUSPICIOUS/fb46b98b_deepseek_report.txt
73317bc871806a38225a378292a9597f1ef14116ebdf6f4cc18105e9061c85c9," `None`
- ","`Backdoor`;`Botnet`
-",True,,,,False,False,False,0.0,../malware_report/Tsunami/analysis_reports_comparison/02_SUSPICIOUS/88931c4c_deepseek_report.txt
fcbf278fb235eb88c96991f92d7df0782fd20ffe9ebea59eb01fa8423d964489," `None`
- ","`Backdoor`;`Botnet`
-",True,trojan.tsunami/flooder,trojan,tsunami;flooder;kaiten,False,False,False,0.0,../malware_report/Tsunami/analysis_reports_comparison/02_SUSPICIOUS/d564b225_deepseek_report.txt
eea3492e7ca629afba14d2235112033e3ed08f993c0fc0244b42d5823dafebfd," `None`
- ","`Backdoor`;`Botnet`
-",True,,,,False,False,False,0.0,../malware_report/Tsunami/analysis_reports_comparison/02_SUSPICIOUS/5b91d9bd_deepseek_report.txt
b8f683e4494f4d2292dffcb3416ab6e5e8661384a5831a96fc499aadb1c8234a," `None`
- ","`Backdoor`;`Botnet`
-",True,trojan.tsunami/kaiten,trojan,tsunami;kaiten;ddos,False,False,False,0.0,../malware_report/Tsunami/analysis_reports_comparison/02_SUSPICIOUS/c9905aac_deepseek_report.txt
c2cdab77264c2bda90a1e150dad77a827183d358f51fbf2325282293809e6ad8," `None`
- ","`Backdoor`;`Botnet`
-",True,trojan.tsunami/mirai,trojan,tsunami;mirai;gafgyt,False,False,False,0.0,../malware_report/Tsunami/analysis_reports_comparison/02_SUSPICIOUS/61f26b7b_deepseek_report.txt
1917aa3e5bfd1c6a958ca61875c4f58edcbf68d5b954707523b3088fbb096363," `None`
- ","`Trojan`;`Evasion`
-",True,,,,False,False,False,0.0,../malware_report/Tsunami/analysis_reports_comparison/02_SUSPICIOUS/8265796a_deepseek_report.txt
5207ad909badbd55f599620ee9012a88edb281af25605a165f29448ba36618d0," `None`
- ","`Backdoor`;`Botnet`
-",True,trojan.tsunami/gafgyt,trojan,tsunami;gafgyt;jpldu,False,False,False,0.0,../malware_report/Tsunami/analysis_reports_comparison/02_SUSPICIOUS/4c9c6695_deepseek_report.txt
60ba27f463c379a442c75247e59bb41c9daf1688cf1b99e0deb80a0610f5b043," `None`
- ","`Backdoor`;`Botnet`
-",True,trojan.tsunami/gjirfg,trojan,tsunami;gjirfg;kaiten,False,False,False,0.0,../malware_report/Tsunami/analysis_reports_comparison/02_SUSPICIOUS/86b0994a_deepseek_report.txt
450a7e35f13b57e15c8f4ce1fa23025a7c313931a394c40bd9f3325b981eb8a8," `None`
- ","`Backdoor`;`Botnet`
-",True,trojan.tsunamicnc/tsunami,trojan;hacktool,tsunamicnc;tsunami;aaswe,False,False,False,0.0,../malware_report/Tsunami/analysis_reports_comparison/02_SUSPICIOUS/d32a5945_deepseek_report.txt
fa2eb37c31a6038c0422270722b8d449a1e8bf0856f65bd3840b06563e37cc83," `None`
- ","`Backdoor`;`Botnet`
-",True,trojan.tsunami/kaiten,trojan,tsunami;kaiten;katien,False,False,False,0.0,../malware_report/Tsunami/analysis_reports_comparison/02_SUSPICIOUS/3a2805da_deepseek_report.txt
03c174e6757abf8a3661990e8a5b1911e471304188603c859b92dd3c1ae0b8a3," `None`
- ","`Backdoor`;`Botnet`
-",True,trojan.tsunami/mirai,trojan,tsunami;mirai;genericrxid,False,False,False,0.0,../malware_report/Tsunami/analysis_reports_comparison/02_SUSPICIOUS/efbac464_deepseek_report.txt
16732f097af3bd905dde2ab557e574d1ec5188af1bf4b4020614ee394e3b52c9," `None`
- ","`Backdoor`;`Botnet`
-",True,trojan.tsunami/mirai,trojan,tsunami;mirai;kaiten,False,False,False,0.0,../malware_report/Tsunami/analysis_reports_comparison/02_SUSPICIOUS/61721b6b_deepseek_report.txt
af3c74458d3cba5c2367c962db37cc1528b784b7e2259779f49397d35c810e30," `None`
- ","`Botnet`;`Backdoor`
-",True,trojan.tsunami/kaiten,trojan,tsunami;kaiten;avskt,False,False,False,0.0,../malware_report/Tsunami/analysis_reports_comparison/02_SUSPICIOUS/85c18af4_deepseek_report.txt
15b4e2421206bbf30c54d1198f344c39b34b2b9569234a740010e070f3475930," `None`
- ","`Backdoor`;`Botnet`
-",True,trojan.tsunami/kaiten,trojan,tsunami;kaiten;gafgyt,False,False,False,0.0,../malware_report/Tsunami/analysis_reports_comparison/02_SUSPICIOUS/67e3bc3c_deepseek_report.txt
d335c83c0dd5bc9a078e796016f9a9f845ff89ee434c63c7a2e7b360e8be3e95," `None`
- ","`Reconnaissance`
-",True,trojan.tsunami/gjirtfg,trojan,tsunami;gjirtfg;cpsno,False,False,False,0.0,../malware_report/Tsunami/analysis_reports_comparison/03_SECURITY_TOOL/e54613f1_deepseek_report.txt
5b596e575e54854497ccae1ae6799f2094304aec0e9ed9c08ba162dda9fed849," `Mirai`
- ","`Botnet`;`Backdoor`
-",True,trojan.tsunami/kaiten,trojan,tsunami;kaiten;ddos,False,False,False,0.0,../malware_report/Tsunami/analysis_reports_comparison/01_MALICIOUS/dcf15a6a_deepseek_report.txt
93fafd14d9725310d84eb8ffabb239910a57e89d54a2d2e2d559ee75beda6ffb," `Mirai`
- ","`Botnet`;`Backdoor`
-",True,trojan.tsunami/gjirfg,trojan,tsunami;gjirfg;kaiten,False,False,False,0.0,../malware_report/Tsunami/analysis_reports_comparison/01_MALICIOUS/afd3bd4b_deepseek_report.txt
5852bd82f475a4238d238e42fb3ce2fcff6230365460fcb05eb614fb5db39ff1," `Mirai`
- ","`Botnet`;`DDoS`
-",True,trojan.tsunami/flooder,trojan,tsunami;flooder;sfpjl,False,False,False,0.0,../malware_report/Tsunami/analysis_reports_comparison/01_MALICIOUS/6b84db22_deepseek_report.txt
0eef04af376d3a676ae0dd4d372f906e2cb65235beff38c7f1db787b93b1e8b7," `Mirai`
- ","`Botnet`;`Backdoor`
-",True,trojan.tsunami/kaiten,trojan,tsunami;kaiten;ddos,False,False,False,0.0,../malware_report/Tsunami/analysis_reports_comparison/01_MALICIOUS/928084f3_deepseek_report.txt
9e591d106e024a7541886bf8810232d8af2f0ba6eaebfc2a2821874fe86668e9," `None`
- ","`Backdoor`;`Botnet`
-",True,trojan.tsunami/gafgyt,trojan,tsunami;gafgyt;bashlite,False,False,False,0.0,../malware_report/Tsunami/analysis_reports_comparison/01_MALICIOUS/f0068077_deepseek_report.txt
484696e94096aa115d747b30dcf999de1f47d3091d4a3b08c3f1e9c130c5f7cb," `Mirai`
- ","`Botnet`;`Backdoor`
-",True,trojan.tsunami/gjirfg,trojan,tsunami;gjirfg;kaiten,False,False,False,0.0,../malware_report/Tsunami/analysis_reports_comparison/01_MALICIOUS/3a55634e_deepseek_report.txt
21654c6c26b23d238ab2fea14f9968abda399bd2eadbc9e3f54f41397f185b47," `Mirai`
- ","`Botnet`;`Backdoor`
-",True,trojan.tsunami/gjirfg,trojan,tsunami;gjirfg;kaiten,False,False,False,0.0,../malware_report/Tsunami/analysis_reports_comparison/01_MALICIOUS/d6474872_deepseek_report.txt
5f4a5f8c6ef02f76b5d21981c4093294ec243535dfe1142a807fa5623a6c6576," `Mirai`
- ","`Botnet`;`Backdoor`
-",True,trojan.tsunami/kaiten,trojan,tsunami;kaiten;ddos,False,False,False,0.0,../malware_report/Tsunami/analysis_reports_comparison/01_MALICIOUS/eb5b29b8_deepseek_report.txt
4d67f431c18d87e82d24aa1479fb5fc1c1a674cb55814076ffdeba569749d129," `Mirai`
- ","`Backdoor`;`Botnet`
-",True,trojan.tsunami/gafgyt,trojan,tsunami;gafgyt;mirai,True,False,True,0.25,../malware_report/Tsunami/analysis_reports_comparison/01_MALICIOUS/cef05155_deepseek_report.txt
aa6ca0d473e29297ea51c2df977a57d6cc5dd6e50dcdb37d8ea3a1e4e93dbb00," `Mirai`
- ","`Botnet`;`Backdoor`
-",True,trojan.tsunami/kaiten,trojan,tsunami;kaiten;ddos,False,False,False,0.0,../malware_report/Tsunami/analysis_reports_comparison/01_MALICIOUS/5352c006_deepseek_report.txt
6c3deb947eaf933fb57e7945afd96465df7456635b55e1c08b6a3394f4ac0142," `Mirai`
- ","`Botnet`;`DDoS`;`Backdoor`
-",True,trojan.mirai/r002c0df625,trojan,mirai;r002c0df625;xslxl,True,False,True,0.25,../malware_report/Tsunami/analysis_reports_comparison/01_MALICIOUS/a2854f9a_deepseek_report.txt
2f6ac03d251cce37ffe68e3f73fe0541fb0b3ead18afb2a43add8251e55e1976," `Mirai`
- ","`Botnet`;`Backdoor`
-",True,trojan.tsunami/kaiten,trojan,tsunami;kaiten;ddos,False,False,False,0.0,../malware_report/Tsunami/analysis_reports_comparison/01_MALICIOUS/a2392d05_deepseek_report.txt
7de81c06a286527b62cd17f8b0b0c5e41b17affcbb06557a034ca096a8ee847e," `Mirai`
- ","`Botnet`;`DDoS`
-",True,trojan.tsunami/flooder,trojan,tsunami;flooder;kaiten,False,False,False,0.0,../malware_report/Tsunami/analysis_reports_comparison/01_MALICIOUS/11e051dc_deepseek_report.txt
85cbeced4d53526b94815b894e09199f8f5f7d4c889643ad1cb23aeaf2f7619f," `Mirai`
- ","`Botnet`;`Backdoor`
-",True,trojan.tsunami/gjirfg,trojan,tsunami;gjirfg;kaiten,False,False,False,0.0,../malware_report/Tsunami/analysis_reports_comparison/01_MALICIOUS/d63b2f32_deepseek_report.txt
9144a2ae2850eea4168bc7fd324e2872b90febb0ab5b46198ee04cd36d595075," `Mirai`
- ","`Botnet`;`Backdoor`
-",True,trojan.tsunami/kaiten,trojan,tsunami;kaiten;mirai,True,False,True,0.25,../malware_report/Tsunami/analysis_reports_comparison/01_MALICIOUS/043ed6b8_deepseek_report.txt
df8ddf7f9f8f0be6b0ee2f7b566514e846b9e9f226e9f6c91f7c2bda334036a1," `Mirai`
- ","`Botnet`;`Backdoor`;`Privilege Escalation`
-",True,trojan.tsunami/gjirfg,trojan,tsunami;gjirfg;gafgyt,False,False,False,0.0,../malware_report/Tsunami/analysis_reports_comparison/01_MALICIOUS/31be9e4a_deepseek_report.txt
7b5b699825639a2cfe86150ea9f5bb16b74a77be122a06f88cd31aca0c66d5b8," `Mirai`
- ","`Botnet`;`Backdoor`
-",True,trojan.tsunami/kaiten,trojan,tsunami;kaiten;katien,False,False,False,0.0,../malware_report/Tsunami/analysis_reports_comparison/01_MALICIOUS/224dd1e1_deepseek_report.txt
b5ebcd614676d598bad295035905850626e2235032485dc096586e3fd50cf7df," `Mirai`
- ","`Botnet`;`Backdoor`
-",True,trojan.tsunami/kaiten,trojan,tsunami;kaiten;ddos,False,False,False,0.0,../malware_report/Tsunami/analysis_reports_comparison/01_MALICIOUS/d96f8ca6_deepseek_report.txt
c00251907b1fbb570f74ed618cf5430bf0548342d52a807c9a921ff87928c06c," `Mirai`
- ","`Botnet`;`Backdoor`
-",True,trojan.tsunami/kaiten,trojan,tsunami;kaiten;flooder,False,False,False,0.0,../malware_report/Tsunami/analysis_reports_comparison/01_MALICIOUS/f06e2465_deepseek_report.txt
bd465b724e2da32004c7ac77772ff7a2663db0a1d5922148bbe4290b7353f176," `Mirai`
- ","`Backdoor`;`Botnet`
-",True,trojan.tsunami/gafgyt,trojan,tsunami;gafgyt;bashlite,False,False,False,0.0,../malware_report/Tsunami/analysis_reports_comparison/01_MALICIOUS/9d24443e_deepseek_report.txt
b14a68c8a5da01d27b995e0365514eb60fb16ac4d6eb3472f35ad4015e0cdfc5," `Mirai`
- ","`Botnet`;`DDoS`
-",True,trojan.tsunami/flooder,trojan,tsunami;flooder;kaiten,False,False,False,0.0,../malware_report/Tsunami/analysis_reports_comparison/01_MALICIOUS/33de50a0_deepseek_report.txt
9ba92450f666e49fb0756af35668306a34dd4140f21580a73d17256f1e0f19be," `Mirai`
- ","`Botnet`;`Backdoor`
-",True,trojan.tsunami/gafgyt,trojan,tsunami;gafgyt;adzox,False,False,False,0.0,../malware_report/Tsunami/analysis_reports_comparison/01_MALICIOUS/6bb0df29_deepseek_report.txt
d1c40223f574cf3b585a2fbb5bdd119b19980902a8f6a6f9904f44fb23c26367," `Mirai`
- ","`Botnet`;`DDoS`
-",True,trojan.tsunami/gjirfg,trojan,tsunami;gjirfg;flooder,False,False,False,0.0,../malware_report/Tsunami/analysis_reports_comparison/01_MALICIOUS/9c80867d_deepseek_report.txt
e99e54e0e6321b10c685f5f57bf7240343a72de38a562a3aba1aa0712d707bd9," `Mirai`
- ","`Botnet`;`Backdoor`
-",True,trojan.tsunami/gjirfg,trojan,tsunami;gjirfg;kaiten,False,False,False,0.0,../malware_report/Tsunami/analysis_reports_comparison/01_MALICIOUS/80985742_deepseek_report.txt
c907e8ae0842b40e8d8b660591d14bd2d4ea355028b658cea6d942457498d30e," `Mirai`
- ","`Botnet`;`Backdoor`
-",True,trojan.tsunami/gjifg,trojan,tsunami;gjifg;kaiten,False,False,False,0.0,../malware_report/Tsunami/analysis_reports_comparison/01_MALICIOUS/f7bbf4cb_deepseek_report.txt
11213be34dc773301961d0328cddf010ae2c430b4d63692ef86515d106ec206e," `Mirai`
- ","`Botnet`;`Backdoor`
-",True,trojan.tsunami/gafgyt,trojan,tsunami;gafgyt;mirai,True,False,True,0.25,../malware_report/Tsunami/analysis_reports_comparison/01_MALICIOUS/b8dc2b04_deepseek_report.txt
91a55c8ad534fb2c4f3f1d1357c326bf5211d044a993c4b0969292e7b9d7b071," `Mirai`
- ","`Botnet`;`DDoS`;`Evasion`
-",True,trojan.mirai/cnzai,trojan,mirai;cnzai;r002c0df625,True,False,True,0.25,../malware_report/Tsunami/analysis_reports_comparison/01_MALICIOUS/f8fa5f41_deepseek_report.txt
b5ae6ed97d31d6d4ea51aad337f2d0952568a5613190e3e8f9f5fa330bcb744a," `Mirai`
- ","`Botnet`;`Backdoor`
-",True,,,,False,False,False,0.0,../malware_report/Tsunami/analysis_reports_comparison/01_MALICIOUS/2f90e24f_deepseek_report.txt
fa6b4490ff2bcba3ca378dbd3ba746fcd8d331d5c82bc81729064c611b133193," `Mirai`
- ","`Botnet`;`Backdoor`
-",True,trojan.tsunami/kaiten,trojan,tsunami;kaiten;ddos,False,False,False,0.0,../malware_report/Tsunami/analysis_reports_comparison/01_MALICIOUS/90c7f42e_deepseek_report.txt
6590a35bea87343378cf2769e9a512a44ed62fda91d2b82767cc441dcc9751fc," `Mirai`
- ","`Botnet`;`Backdoor`
-",True,trojan.tsunami/gjirfg,trojan,tsunami;gjirfg;kaiten,False,False,False,0.0,../malware_report/Tsunami/analysis_reports_comparison/01_MALICIOUS/60580a36_deepseek_report.txt
95873fc49a604829eb612e666b20287fe0976311b2e2e6a295626bae3a72c4ac," `Mirai`
- ","`Botnet`;`Backdoor`;`Evasion`
-",True,trojan.mirai/ivhxb,trojan,mirai;ivhxb;r002c0dh325,True,False,True,0.25,../malware_report/Tsunami/analysis_reports_comparison/01_MALICIOUS/cc8f9f53_deepseek_report.txt
1abe51046fdf338e3ed8d3166adefa3db0be42e43484ea381f58e228297a0220," `Mirai`
- ","`Botnet`;`Backdoor`
-",True,trojan.tsunami/kaiten,trojan,tsunami;kaiten;ddos,False,False,False,0.0,../malware_report/Tsunami/analysis_reports_comparison/01_MALICIOUS/e3ecb281_deepseek_report.txt
1e5c55437e316570ee7939d5bcc4898182e0e25c2d5a9816e1be830146bb5dda," `Mirai`
- ","`Botnet`;`Backdoor`
-",True,,,,False,False,False,0.0,../malware_report/Tsunami/analysis_reports_comparison/01_MALICIOUS/1549472a_deepseek_report.txt
749eb7fd01d545c73582592fd8a78d632c9f66a57769d13484d1e1599b05a28c," `Mirai`
- ","`Botnet`;`Backdoor`;`Persistence`
-",True,trojan.tsunami/lfdmu,trojan,tsunami;lfdmu,False,False,False,0.0,../malware_report/Tsunami/analysis_reports_comparison/01_MALICIOUS/0ebec751_deepseek_report.txt
a8715e839217f5a42bc8ef43dbede42fb4d8df858ca57ea1ba19a2d592c15e24," `Mirai`
- ","`Botnet`;`Backdoor`
-",True,trojan.tsunami/kaiten,trojan,tsunami;kaiten;ddos,False,False,False,0.0,../malware_report/Tsunami/analysis_reports_comparison/01_MALICIOUS/bc2a81eb_deepseek_report.txt
06a5c38e860b79332d060760d9d5fd0944abdacda79c3ac75eb1079870f437ba," `Mirai`
- ","`Botnet`;`Backdoor`
-",True,trojan.tsunami/gafgyt,trojan,tsunami;gafgyt;bashlite,False,False,False,0.0,../malware_report/Tsunami/analysis_reports_comparison/01_MALICIOUS/ff80ce56_deepseek_report.txt
6c2ddfac018f28f75d48bd9306e2202f439789fc0378acf082c39e168dc69034," `Mirai`
- ","`Botnet`;`Backdoor`
-",True,trojan.tsunami/flooder,trojan,tsunami;flooder;genericrxwa,False,False,False,0.0,../malware_report/Tsunami/analysis_reports_comparison/01_MALICIOUS/29fee2a6_deepseek_report.txt
a1f211877e5ac29682f07d0b97d02ee936ed02f3355b68d7163b3336164d85f6," `Mirai`
- ","`Backdoor`;`Persistence`
-",True,trojan.tsunami/wqslj,trojan,tsunami;wqslj,False,False,False,0.0,../malware_report/Tsunami/analysis_reports_comparison/01_MALICIOUS/7a537c91_deepseek_report.txt
7a44cf5e4f75ce61edc23828f21a542357e19ba66c70bd26b50bbce051382505," `Mirai`
- ","`Botnet`;`Backdoor`
-",True,trojan.tsunami/kaiten,trojan,tsunami;kaiten;ddos,False,False,False,0.0,../malware_report/Tsunami/analysis_reports_comparison/01_MALICIOUS/e5feb55b_deepseek_report.txt
d092162fa98aafd0df807c828575c799335c9e562a353296c1f9439a8f9c3f3d," `Mirai`
- ","`Botnet`;`DDoS`
-",True,trojan.tsunami/mirai,trojan,tsunami;mirai;ajgl,True,False,True,0.25,../malware_report/Tsunami/analysis_reports_comparison/01_MALICIOUS/a32873df_deepseek_report.txt
289d4584e3f81619b3ac0db00a405af9992aecda3e1b5c1b1e66bb75707f0c0b," `Mirai`
- ","`Botnet`;`Backdoor`
-",True,trojan.tsunami/kaiten,trojan,tsunami;kaiten;flooder,False,False,False,0.0,../malware_report/Tsunami/analysis_reports_comparison/01_MALICIOUS/0342c2c4_deepseek_report.txt
e010b606a46f32743cd70ccb96dbf9cd385e41c9296b74d379af5a2c5c009edf," `Mirai`
- ","`Botnet`;`Backdoor`
-",True,trojan.tsunami/gjirfg,trojan,tsunami;gjirfg;kaiten,False,False,False,0.0,../malware_report/Tsunami/analysis_reports_comparison/01_MALICIOUS/67b4cb6c_deepseek_report.txt
4bc5744a6653ff02f2521e86165d043fdd6841550fd476abb4c7a6fa75333e96," `Mirai`
- ","`Botnet`;`DDoS`
-",True,trojan.tsunami/mirai,trojan,tsunami;mirai;ajfl,True,False,True,0.25,../malware_report/Tsunami/analysis_reports_comparison/01_MALICIOUS/cf8cdc19_deepseek_report.txt
7233d3141ad8d592387d9e5c558b7284994b24593558137b3423640ebdf0ea8e," `None`
- ","`Botnet`;`Backdoor`
-",True,trojan.tsunami/kaiten,trojan,tsunami;kaiten;ddos,False,False,False,0.0,../malware_report/Tsunami/analysis_reports_comparison/01_MALICIOUS/88200b15_deepseek_report.txt
9008df169663a3987b7dd62d5ae24a5d2b61e650978abde357e43095fd91b2bf," `Mirai`
- ","`Botnet`;`Backdoor`
-",True,trojan.tsunami/kaiten,trojan,tsunami;kaiten;ddos,False,False,False,0.0,../malware_report/Tsunami/analysis_reports_comparison/01_MALICIOUS/0091ad94_deepseek_report.txt
4c8c73e1bc632f41fd0cf5f8371024786e98488bdf34df84250430935205ddfe," `Mirai`
- ","`Botnet`;`DDoS`
-",True,trojan.tsunami/kaiten,trojan,tsunami;kaiten;ddos,False,True,True,0.25,../malware_report/Tsunami/analysis_reports_comparison/01_MALICIOUS/24128c60_deepseek_report.txt
0467a733f88f0a3b1042d532ca9d10edd2c2c1b09d46baadf1b83dc3be49aa35," `Mirai`
- ","`Botnet`;`Backdoor`;`Persistence`
-",True,trojan.tsunami/kykpz,trojan,tsunami;kykpz,False,False,False,0.0,../malware_report/Tsunami/analysis_reports_comparison/01_MALICIOUS/b9996f0c_deepseek_report.txt
a8307da20118deb2114dbb4a7070ec6fc62b2d372548518aef0dc01143063f0a," `Mirai`
- ","`Botnet`;`Backdoor`
-",True,trojan.tsunami/gafgyt,trojan,tsunami;gafgyt;mirai,True,False,True,0.25,../malware_report/Tsunami/analysis_reports_comparison/01_MALICIOUS/387f3977_deepseek_report.txt
4255ef4bfb99f58cdf97bf7bdb01210855be2694222dc103e2deab58cc92e19b," `Mirai`
- ","`Botnet`;`Backdoor`
-",True,trojan.tsunami/gjirfg,trojan,tsunami;gjirfg;kaiten,False,False,False,0.0,../malware_report/Tsunami/analysis_reports_comparison/01_MALICIOUS/c7143ff5_deepseek_report.txt
58df02cc367f5e445584bdaf399989c65734ac1cb349197550be2aca109ca871," `Mirai`
- ","`Botnet`;`Backdoor`
-",True,trojan.tsunami/mirai,trojan,tsunami;mirai;akrm,True,False,True,0.25,../malware_report/Tsunami/analysis_reports_comparison/01_MALICIOUS/bc4ebd1f_deepseek_report.txt
baa9acf37b7b2613ba0a00105fdbcd165e8ee6d2adb9bbd9be1165b2687d0a33," `Mirai`
- ","`Botnet`;`DDoS`
-",True,trojan.tsunami/flooder,trojan,tsunami;flooder;mirai,True,False,True,0.25,../malware_report/Tsunami/analysis_reports_comparison/01_MALICIOUS/df3e6e33_deepseek_report.txt
751cc3b22fe346290630e3bdb80d41c558bd6b8493c8e8b7fdd6ce699984bb21," `Mirai`
- ","`Botnet`;`DDoS`
-",True,trojan.tsunami/gafgyt,trojan,tsunami;gafgyt;flooder,False,False,False,0.0,../malware_report/Tsunami/analysis_reports_comparison/01_MALICIOUS/50e156ed_deepseek_report.txt
73adcaa30bfcaf249c983a758dcf1ef620b9dc6e05b5611d33dd486f4a30a6cf," `Mirai`
- ","`Botnet`;`Backdoor`
-",True,trojan.ddos/obnfn,trojan,ddos;obnfn;mirai,True,False,True,0.25,../malware_report/Tsunami/analysis_reports_comparison/01_MALICIOUS/749fae50_deepseek_report.txt
56aa516cb6b3cae5c0ef4da08523024e245405656c4ef234ebceaf99e7c60acc," `Mirai`
- ","`Botnet`;`Backdoor`
-",True,trojan.tsunami/gjifg,trojan,tsunami;gjifg;kaiten,False,False,False,0.0,../malware_report/Tsunami/analysis_reports_comparison/01_MALICIOUS/d2543c4a_deepseek_report.txt
c8b65b91abe397986ce3fc18691d74a022199b9574258e43028ae4701a1d0c2d," `Mirai`
- ","`Botnet`;`Backdoor`
-",True,trojan.tsunami/gafgyt,trojan,tsunami;gafgyt;bashlite,False,False,False,0.0,../malware_report/Tsunami/analysis_reports_comparison/01_MALICIOUS/07a7af6a_deepseek_report.txt
a6b03e495f7f816ce4de8b4cce6cc46982f8c7be4159f7081dec6598979a8b2f," `Mirai`
- ","`Botnet`;`Backdoor`
-",True,trojan.tsunami/gafgyt,trojan,tsunami;gafgyt;etkxs,False,False,False,0.0,../malware_report/Tsunami/analysis_reports_comparison/01_MALICIOUS/6e68eba8_deepseek_report.txt
7bfd44d5db818732f710809434fa4c3c2dbc001c27016710edba58e047283f1f," `Mirai`
- ","`Botnet`;`Backdoor`
-",True,trojan.tsunami/kaiten,trojan,tsunami;kaiten;ddos,False,False,False,0.0,../malware_report/Tsunami/analysis_reports_comparison/01_MALICIOUS/e0774b72_deepseek_report.txt
470edc890dbc27bf067dfd2667ff90e2f70270a073767bd9511bdf525f6d9ba1," `Mirai`
- ","`Botnet`;`Backdoor`
-",True,trojan.tsunami/kaiten,trojan,tsunami;kaiten;gafgyt,False,False,False,0.0,../malware_report/Tsunami/analysis_reports_comparison/01_MALICIOUS/c9268822_deepseek_report.txt
a2c652f77969aab337c95776c4face7ca59c296fbf58d5b6e338fcf83ba4661a," `None`
- ","`Backdoor`;`Botnet`
-",True,trojan.tsunami/gjirfg,trojan,tsunami;gjirfg;kaiten,False,False,False,0.0,../malware_report/Tsunami/analysis_reports_comparison/01_MALICIOUS/d2c3ec4c_deepseek_report.txt
5c383b1ee8c797d0239dc1f4012f9bf979586099e43b988d7fdba3f0f4f5c7ce," `Mirai`
- ","`Botnet`;`Backdoor`
-",True,trojan.tsunami/gjirfg,trojan,tsunami;gjirfg;kaiten,False,False,False,0.0,../malware_report/Tsunami/analysis_reports_comparison/01_MALICIOUS/d5a26fae_deepseek_report.txt
3b65d645e10460a316e29664bd130092727f5ad7da9919c2a249496c21440983," `Mirai`
- ","`Botnet`;`Backdoor`
-",True,trojan.tsunami/kaiten,trojan,tsunami;kaiten;ddos,False,False,False,0.0,../malware_report/Tsunami/analysis_reports_comparison/01_MALICIOUS/5e4dfdb2_deepseek_report.txt
ba8974ba77237f464c7255f65e60ee26db18429a2af95b6d561096c90c180acb," `Mirai`
- ","`Botnet`;`Backdoor`
-",True,trojan.tsunami/gafgyt,trojan,tsunami;gafgyt;bashlite,False,False,False,0.0,../malware_report/Tsunami/analysis_reports_comparison/01_MALICIOUS/34839de9_deepseek_report.txt
039704e9624f6695984a7963651e08485ddbe1c9c318af55f32d4f9c56a08bf0," `Mirai`
- ","`Backdoor`;`Botnet`;`Evasion`
-",True,trojan.tsunami/cucpc,trojan,tsunami;cucpc,False,False,False,0.0,../malware_report/Tsunami/analysis_reports_comparison/01_MALICIOUS/19d77753_deepseek_report.txt
643eeca9603e46925da2151d0e901a72ef1eb1b04aa3f6848ed583d9e1d1a141," `Mirai`
- ","`Botnet`;`Backdoor`
-",True,trojan.tsunami/gafgyt,trojan,tsunami;gafgyt;hcfxn,False,False,False,0.0,../malware_report/Tsunami/analysis_reports_comparison/01_MALICIOUS/4ec5e01b_deepseek_report.txt
7c4e9e95a27147623ec5b3be81c76c131a0871d75f50b148b93e88ef6ee0b468," `Mirai`
- ","`Botnet`;`Backdoor`;`Evasion`
-",True,,,,False,False,False,0.0,../malware_report/Tsunami/analysis_reports_comparison/01_MALICIOUS/76dede4d_deepseek_report.txt
107a6337ab6c1dfa2c01e6174d23bf4d4847482c9155d57ca7fb16f5782b6be3," `Mirai`
- ","`Botnet`;`DDoS`
-",True,trojan.tsunami/flooder,trojan,tsunami;flooder;kaiten,False,False,False,0.0,../malware_report/Tsunami/analysis_reports_comparison/01_MALICIOUS/1769f7f5_deepseek_report.txt
7217b974542ea8e3d69211c4280f10b451f0a5d9df60a8ea091d89aa73a78160," `Mirai`
- ","`Botnet`;`Backdoor`;`Persistence`
-",True,trojan.tsunami/fqgqa,trojan,tsunami;fqgqa,False,False,False,0.0,../malware_report/Tsunami/analysis_reports_comparison/01_MALICIOUS/50ba3c96_deepseek_report.txt
65a309ab11cd67c5b85b4ab4040267c5b6e717fa4550406386fd8606395eb9f4," `None`
- ","`Backdoor`;`Botnet`
-",True,trojan.tsunami/gjirfg,trojan,tsunami;gjirfg;kaiten,False,False,False,0.0,../malware_report/Tsunami/analysis_reports_comparison/01_MALICIOUS/69e5b6ba_deepseek_report.txt
96a47e74c42f7cb2799ef064f413aeaeaf667662a3983b4e66556a827aa2481a," `Mirai`
- ","`Botnet`;`Backdoor`;`Evasion`;`Worm`
-",True,trojan.tsunami/sagnt,trojan,tsunami;sagnt;sshscan,False,False,False,0.0,../malware_report/Tsunami/analysis_reports_comparison/01_MALICIOUS/b8c4ef88_deepseek_report.txt
31bb97ce0b8274599f47a8630b58a303d2f3dde966df511cd3dc3f993780ceec," `Mirai`
- ","`Botnet`;`DDoS`;`Backdoor`
-",True,trojan.mirai/cmlxg,trojan,mirai;cmlxg;r002c0df625,True,False,True,0.25,../malware_report/Tsunami/analysis_reports_comparison/01_MALICIOUS/dd3128c1_deepseek_report.txt
f998aeb84da8b84723ca9fdbdeb565dbc7938bd0a0ce5f0981307b3e24bdf712," `Mirai`
- ","`Botnet`;`Backdoor`;`Evasion`
-",True,trojan.tsunami/r002c0dch24,trojan,tsunami;r002c0dch24;scanner,False,False,False,0.0,../malware_report/Tsunami/analysis_reports_comparison/01_MALICIOUS/e85a0ae3_deepseek_report.txt
6fdc6218b22fe56a22805e2cfe77f0e4c3c35bf7416f792f9aac0f49d8fe61ee," `Mirai`
- ","`Botnet`;`Backdoor`
-",True,trojan.tsunami/kaiten,trojan,tsunami;kaiten;mirai,True,False,True,0.25,../malware_report/Tsunami/analysis_reports_comparison/01_MALICIOUS/091f5771_deepseek_report.txt
02acdc11b6e22b8fa19ebafb10190ac28a7f0e5ee569a058c2df825337e4447a," `None`
- ","`Trojan`;`Backdoor`
-",True,trojan.tsunami/ghwon,trojan,tsunami;ghwon,False,True,True,0.333,../malware_report/Tsunami/analysis_reports_comparison/01_MALICIOUS/2c878190_deepseek_report.txt
800c90c7b4eaf5562a0bcd6b640fd0a29a34aef48522fe579583d3866ca038f4," `Mirai`
- ","`Botnet`;`Backdoor`
-",True,trojan.tsunami/kaiten,trojan,tsunami;kaiten;ddos,False,False,False,0.0,../malware_report/Tsunami/analysis_reports_comparison/01_MALICIOUS/38b0de3a_deepseek_report.txt
e123ae2cdf715332757929bd9e18e6d38b175009676257911679404ac9e23ec9," `None`
- ","`Botnet`;`Backdoor`
-",True,trojan.tsunami/kaiten,trojan,tsunami;kaiten;katien,False,False,False,0.0,../malware_report/Tsunami/analysis_reports_comparison/01_MALICIOUS/d778a983_deepseek_report.txt
4817893f8e724cbc5186e17f46d316223b7683dcbc9643e364b5913f8d2a9197," `Mirai`
- ","`Backdoor`;`Persistence`;`Evasion`
-",True,trojan.gafgyt/tsunami,trojan,gafgyt;tsunami;mirai,True,False,True,0.25,../malware_report/Tsunami/analysis_reports_comparison/01_MALICIOUS/b828fa20_deepseek_report.txt
48e8752ed600212718a91a2d06bd709fbfd08199449a51d415dc57467b5cffe5," `Mirai`
- ","`Botnet`;`Backdoor`
-",True,trojan.tsunami/kaiten,trojan,tsunami;kaiten;ddos,False,False,False,0.0,../malware_report/Tsunami/analysis_reports_comparison/01_MALICIOUS/7aeb473b_deepseek_report.txt
214f8e9e3621a502d208941e1ef0a9d2f17b3ad952881d51e4fec4cad3bbfea7," `Mirai`
- ","`Botnet`;`Backdoor`
-",True,trojan.tsunami/kaiten,trojan,tsunami;kaiten;bossabot,False,False,False,0.0,../malware_report/Tsunami/analysis_reports_comparison/01_MALICIOUS/c3738033_deepseek_report.txt
8e9cd77c31ba14b925208fa5e3d9f5675909f0a5ebc2399bdd9e36279314abd1," `Mirai`
- ","`Backdoor`;`Persistence`;`Evasion`
-",True,trojan.tsunami/vsntg725,trojan,tsunami;vsntg725;wpzxg,False,False,False,0.0,../malware_report/Tsunami/analysis_reports_comparison/01_MALICIOUS/ed44bc43_deepseek_report.txt
a2a6ff1fef59ee49883572b54f7a76e152131e37c00fb1f3054c3a847a2e939c," `Mirai`
- ","`Botnet`;`Backdoor`
-",True,trojan.tsunami/kaiten,trojan,tsunami;kaiten;ddos,False,False,False,0.0,../malware_report/Tsunami/analysis_reports_comparison/01_MALICIOUS/aa32eaa5_deepseek_report.txt
07e61f83fb1edcd125f9b25902098f5b8cd61579e5bf50045f22533e09b7b5bf," `Mirai`
- ","`Botnet`;`Backdoor`;`DDoS`
-",True,trojan.tsunami/kaiten,trojan,tsunami;kaiten;ddos,False,True,True,0.25,../malware_report/Tsunami/analysis_reports_comparison/01_MALICIOUS/746adbe3_deepseek_report.txt
15082619f1f2fc0d34de15cf4da69f0f9f33d9c9820d4a53d5bfce9b7c8deec1," `Mirai`
- ","`Botnet`;`Backdoor`
-",True,,,,False,False,False,0.0,../malware_report/Tsunami/analysis_reports_comparison/01_MALICIOUS/b4e64dfd_deepseek_report.txt
5b9f3c84b447f851c68ae6ed26bc6f9c1f804b0668839c179a99cb4001922d1b," `Mirai`
- ","`Botnet`;`Backdoor`
-",True,trojan.tsunami/kaiten,trojan,tsunami;kaiten;mirai,True,False,True,0.25,../malware_report/Tsunami/analysis_reports_comparison/01_MALICIOUS/f869e321_deepseek_report.txt
fac919fc38c456cd30216a6d190fc258049ceb9ede4cefcc60f666d66178f641," `Mirai`
- ","`Botnet`;`Backdoor`
-",True,trojan.tsunami/gjirfg,trojan,tsunami;gjirfg;kaiten,False,False,False,0.0,../malware_report/Tsunami/analysis_reports_comparison/01_MALICIOUS/edafc20f_deepseek_report.txt
d16ace611411d40819b9595771c9f4a43edbf813422ffcbb3565f559275a3217," `Mirai`
- ","`Botnet`;`Backdoor`
-",True,trojan.tsunami/mirai,trojan,tsunami;mirai;genericrxid,True,False,True,0.25,../malware_report/Tsunami/analysis_reports_comparison/01_MALICIOUS/67e430a0_deepseek_report.txt
8a04585157033b86cb2c104f441d236bc3255b46127355f8342b75ab40eb3e35," `Mirai`
- ","`Botnet`;`Backdoor`
-",True,,,,False,False,False,0.0,../malware_report/Tsunami/analysis_reports_comparison/01_MALICIOUS/e4284512_deepseek_report.txt
2f1854f309c913068700c0c3efec3a84ea48e62393df38bab9c8233053e2b19b," `Mirai`
- ","`Botnet`;`Backdoor`;`Evasion`
-",True,trojan.tsunami/r002c0dkd24,trojan,tsunami;r002c0dkd24;scanner,False,False,False,0.0,../malware_report/Tsunami/analysis_reports_comparison/01_MALICIOUS/4b06b8e7_deepseek_report.txt
cfa10209f65661337c3cc322a27bf23d78ec5229f46da093675557532426be4d," `Mirai`
- ","`Botnet`;`Backdoor`
-",True,trojan.tsunami/kaiten,trojan,tsunami;kaiten;ddos,False,False,False,0.0,../malware_report/Tsunami/analysis_reports_comparison/01_MALICIOUS/c1d00c96_deepseek_report.txt
7b35cd2a604c911aae05d41d2e4fe0d28ee435902db341ed4e00e6d9712b7c9d," `Mirai`
- ","`Botnet`;`DDoS`
-",True,trojan.tsunami/gjirfg,trojan,tsunami;gjirfg;flooder,False,False,False,0.0,../malware_report/Tsunami/analysis_reports_comparison/01_MALICIOUS/0465e76e_deepseek_report.txt
e9d042dd2e68d5fda2e9f47987f5d9bb4779142f15d2bdf9a81eb84ba68e2093," `Mirai`
- ","`Botnet`;`Backdoor`
-",True,trojan.tsunami/kaiten,trojan,tsunami;kaiten;mirai,True,False,True,0.25,../malware_report/Tsunami/analysis_reports_comparison/01_MALICIOUS/bd5683cf_deepseek_report.txt
0a8873f0627ffb1a2d06f809e5bf5faf0be6d0eecb7f60f1d469305d9b1ed3b2," `Mirai`
- ","`Botnet`;`DDoS`
-",True,trojan.tsunami/kaiten,trojan,tsunami;kaiten;ddos,False,True,True,0.25,../malware_report/Tsunami/analysis_reports_comparison/01_MALICIOUS/35251de0_deepseek_report.txt
9c7a12678651d72127c3c6e4dac250439fa4a3be0a8728754cea327c86a529a2," `None`
- ","`Backdoor`;`Botnet`
-",True,trojan.tsunami/hwhzk,trojan,tsunami;hwhzk;kaiten,False,False,False,0.0,../malware_report/Tsunami/analysis_reports_comparison/01_MALICIOUS/255426e6_deepseek_report.txt
abf7496f2d15f512bd700b19bf671caa88c3150ed8fea5efe74f9b8ff7a0eb74," `Mirai`
- ","`Botnet`;`Backdoor`
-",True,trojan.tsunami/kaiten,trojan,tsunami;kaiten;mirai,True,False,True,0.25,../malware_report/Tsunami/analysis_reports_comparison/01_MALICIOUS/4c8e6aab_deepseek_report.txt
ae6526a182d2c809ff9b67eca62b53f9acac75247b0bc6423d43ac60dc1832fa," `Mirai`
- ","`Backdoor`;`Evasion`;`Botnet`
-",True,trojan.gafgyt/gjif,trojan,gafgyt;gjif;tsunami,False,False,False,0.0,../malware_report/Tsunami/analysis_reports_comparison/01_MALICIOUS/86268c1e_deepseek_report.txt
8d8129af0b4c7f0e3a14d7e7302e9ae9ddef9b32ec69bfc71584d16c52cd8e12," `Mirai`
- ","`Botnet`;`Backdoor`
-",True,trojan.tsunami/kaiten,trojan,tsunami;kaiten;mirai,True,False,True,0.25,../malware_report/Tsunami/analysis_reports_comparison/01_MALICIOUS/cd7c3af2_deepseek_report.txt
8d833eef6f817c6fe2ce2b58b3ef99344bbe2b8558a427bb0cdec9aba3f3ebbb," `Mirai`
- ","`Botnet`;`DDoS`;`Backdoor`
-",True,trojan.mirai/r002c0dh825,trojan,mirai;r002c0dh825;teenf,True,False,True,0.25,../malware_report/Tsunami/analysis_reports_comparison/01_MALICIOUS/86db4661_deepseek_report.txt
a64ddaa1e3747b10863af3b60e79bbef1295a71ffdf3dd15a390d5926a6c3c13," `Mirai`
- ","`Botnet`;`Backdoor`;`Persistence`
-",True,trojan.tsunami/vfmhx,trojan,tsunami;vfmhx,False,False,False,0.0,../malware_report/Tsunami/analysis_reports_comparison/01_MALICIOUS/a8ca736b_deepseek_report.txt
4e21f5e14cc94b4fbd2c1df83799592a39e9ee15075daf1ab73bb361e64efdf8," `Mirai`
- ","`Botnet`;`Backdoor`
-",True,trojan.tsunami/mirai,trojan,tsunami;mirai;akro,True,False,True,0.25,../malware_report/Tsunami/analysis_reports_comparison/01_MALICIOUS/0b3fdf2f_deepseek_report.txt
652fa22ab66830da2cef315848d74a49fe41809c36b691b202cc1e8643ecccda," `None`
- ","`Backdoor`;`Botnet`
-",True,trojan.tsunami/gafgyt,trojan,tsunami;gafgyt;mirai,False,False,False,0.0,../malware_report/Tsunami/analysis_reports_comparison/01_MALICIOUS/3b9260f9_deepseek_report.txt
66ecd76d6fa64d245441d776e4f919072ed63a6655328fa25b3e214394e43447," `Mirai`
- ","`Botnet`;`Backdoor`;`Evasion`
-",True,trojan.gafgyt/tsunami,trojan,gafgyt;tsunami;mirai,True,False,True,0.25,../malware_report/Tsunami/analysis_reports_comparison/01_MALICIOUS/23853b93_deepseek_report.txt
2a02cf799a0231ff1faf3f5a02f4399fbe4492f0d68081e27f93c181b37731f1," `Mirai`
- ","`Backdoor`;`Botnet`;`Evasion`
-",True,trojan.tsunami/zbxir,trojan,tsunami;zbxir,False,False,False,0.0,../malware_report/Tsunami/analysis_reports_comparison/01_MALICIOUS/f157859f_deepseek_report.txt
656639f032e8e10efc8c581cf03bd2a75c89cdb71cf25e857f2bca1d8b983c42," `Mirai`
- ","`Botnet`;`Backdoor`
-",True,trojan.tsunami/gafgyt,trojan,tsunami;gafgyt;bashlite,False,False,False,0.0,../malware_report/Tsunami/analysis_reports_comparison/01_MALICIOUS/6f6eb8e6_deepseek_report.txt
af4ec309bbf6f3ab2c41f2558518ca279bd29be453fbc8787370c8047e456678," `Mirai`
- ","`Backdoor`;`Botnet`
-",True,,,,False,False,False,0.0,../malware_report/Tsunami/analysis_reports_comparison/01_MALICIOUS/9fb83b7f_deepseek_report.txt
0d951f0b27ef765e05e78913adee33c6e56b700056379dd7ae6667caa46202df," `Mirai`
- ","`Botnet`;`DDoS`
-",True,trojan.tsunami/gjifg,trojan,tsunami;gjifg;kaiten,False,False,False,0.0,../malware_report/Tsunami/analysis_reports_comparison/01_MALICIOUS/f0f735db_deepseek_report.txt
260c2a708a46ed6b55bd4f60a91158981c92e470f079de52db1d98239bd93ee7," `Mirai`
- ","`Botnet`;`DDoS`;`Backdoor`
-",True,trojan.tsunami/kaiten,trojan,tsunami;kaiten;ddos,False,True,True,0.25,../malware_report/Tsunami/analysis_reports_comparison/01_MALICIOUS/feab8218_deepseek_report.txt
46389c117c5f41b60e10f965b3674b3b77189b504b0aeb5c2da67adf55a7129f," `Mirai`
- ","`Backdoor`;`Persistence`;`Evasion`
-",True,trojan.tsunami/gafgyt,trojan,tsunami;gafgyt;fegr,False,False,False,0.0,../malware_report/Tsunami/analysis_reports_comparison/01_MALICIOUS/fd48e061_deepseek_report.txt
9863f63c6344f8ceb8ba3de22d50b64a9cc2cab50dff9239f8385580e1a21fd2," `Mirai`
- ","`Botnet`;`Backdoor`
-",True,trojan.tsunami/gjirfg,trojan,tsunami;gjirfg;gafgyt,False,False,False,0.0,../malware_report/Tsunami/analysis_reports_comparison/01_MALICIOUS/8404edf5_deepseek_report.txt
6932cde23efbd8c3e0a678cccb4ffd2dbfeeff653639819aa4eaf71cfb02df10," `Mirai`
- ","`Botnet`;`Backdoor`
-",True,trojan.tsunami/gafgyt,trojan,tsunami;gafgyt;bashlite,False,False,False,0.0,../malware_report/Tsunami/analysis_reports_comparison/01_MALICIOUS/448875a9_deepseek_report.txt
c5128b6c8323eeec7765cf1daf5af92cc680a91676b02c4d6182acbdc18bfb01," `Mirai`
- ","`Botnet`;`Backdoor`
-",True,trojan.tsunami/gjirfg,trojan,tsunami;gjirfg;mirai,True,False,True,0.25,../malware_report/Tsunami/analysis_reports_comparison/01_MALICIOUS/119577e4_deepseek_report.txt
938cd2020a8551d57ed522c81a4fca9df0cb22db221381ea0e19f0149ee8100e," `Mirai`
- ","`Botnet`;`Backdoor`
-",True,trojan.tsunami/gjirfg,trojan,tsunami;gjirfg;kaiten,False,False,False,0.0,../malware_report/Tsunami/analysis_reports_comparison/01_MALICIOUS/5890f407_deepseek_report.txt
28443c0a9bfd8a12c12a2aad3cc97d2e8998a9d8825fcf3643d46012f18713f0," `Mirai`
- ","`Botnet`;`Backdoor`;`Persistence`
-",True,trojan.tsunami/mirai,trojan,tsunami;mirai;gafgyt,True,False,True,0.25,../malware_report/Tsunami/analysis_reports_comparison/01_MALICIOUS/299df4c3_deepseek_report.txt
d77eff87c5b489b037194aa8b56f673d6247f24378ba34550c73580232333a59," `Mirai`
- ","`Botnet`;`Backdoor`
-",True,,,,False,False,False,0.0,../malware_report/Tsunami/analysis_reports_comparison/01_MALICIOUS/ed4a1d7a_deepseek_report.txt
e59dd13dc8dbb2c9e3612c6f1188622067ed388f6248567c56479d1677c79e5b," `Mirai`
- ","`Botnet`;`DDoS`
-",True,trojan.tsunami/gjifg,trojan,tsunami;gjifg;kaiten,False,False,False,0.0,../malware_report/Tsunami/analysis_reports_comparison/01_MALICIOUS/0807dcc7_deepseek_report.txt
6c121a7179706dba4f2c76d4995488ebe492b831dc3c3dcc6b6938911b5b041d," `Mirai`
- ","`Botnet`;`Backdoor`
-",True,trojan.tsunami/kaiten,trojan,tsunami;kaiten,False,False,False,0.0,../malware_report/Tsunami/analysis_reports_comparison/01_MALICIOUS/600dd6ad_deepseek_report.txt
657c5eb496b49b7c0e13dec591a6f017fdf39f22bc23680171e1de131d127db8," `Mirai`
- ","`Botnet`;`Backdoor`;`Persistence`
-",True,trojan.tsunami/odafr,trojan,tsunami;odafr;r002c0ph525,False,False,False,0.0,../malware_report/Tsunami/analysis_reports_comparison/01_MALICIOUS/3af3a230_deepseek_report.txt
355807fc92869c656200c3c8a7f41cd204c92a5abf3437324e4a0a6a8a68ed78," `Mirai`
- ","`Botnet`;`Backdoor`
-",True,,,,False,False,False,0.0,../malware_report/Tsunami/analysis_reports_comparison/01_MALICIOUS/4c80720c_deepseek_report.txt
c2ba33b1b92cda9ad3af3ee57dd75c25a4b7c34336239ab1b9e2222ed37c1426," `Mirai`
- ","`Botnet`;`Backdoor`
-",True,trojan.tsunami/gjirfg,trojan,tsunami;gjirfg;kaiten,False,False,False,0.0,../malware_report/Tsunami/analysis_reports_comparison/01_MALICIOUS/bfc6e698_deepseek_report.txt
06049a837635c0f02150578a9f8067d3d06344d96d95c8b2374983385d85833d," `Mirai`
- ","`Botnet`;`Backdoor`
-",True,,,,False,False,False,0.0,../malware_report/Tsunami/analysis_reports_comparison/01_MALICIOUS/d826c8ce_deepseek_report.txt
8d411d1ec4327e5a10b8ffddaacdac17a0a6acab43db81202119604b35c7317b," `Mirai`
- ","`Botnet`;`Backdoor`;`Evasion`
-",True,trojan.tsunami/gafgyt,trojan,tsunami;gafgyt;kaiten,False,False,False,0.0,../malware_report/Tsunami/analysis_reports_comparison/01_MALICIOUS/e06443f0_deepseek_report.txt
b84cf164fde12dd07192aa44f1b943044610539fd979e0f9359d44062f21a612," `Mirai`
- ","`Botnet`;`DDoS`;`Backdoor`;`Persistence`
-",True,trojan.xorddos/ddos,trojan,xorddos;ddos;generica,False,True,True,0.2,../malware_report/XorDDoS/analysis_reports_comparison/01_MALICIOUS/30e37027_deepseek_report.txt
5a7d7f1d53f039e7b69cf8d040cc043d1264b14107a8a73034e6b90d8e81f87a," `Mirai`
- ","`Botnet`;`DDoS`;`Backdoor`
-",True,trojan.xorddos/ddos,trojan,xorddos;ddos;xarcen,False,True,True,0.25,../malware_report/XorDDoS/analysis_reports_comparison/01_MALICIOUS/2b90d5f4_deepseek_report.txt
d920dec25946a86aeaffd5a53ce8c3f05c9a7bac44d5c71481f497de430cb67e," `Mirai`
- ","`Botnet`;`DDoS`;`Backdoor`;`Privilege Escalation`
-",True,trojan.xorddos/ddos,trojan,xorddos;ddos;xarcen,False,True,True,0.167,../malware_report/XorDDoS/analysis_reports_comparison/01_MALICIOUS/54fa95a6_deepseek_report.txt
4aa29c3eed81de247b720f4c42b26c8086c28a9c15a109d64f54d3050501af58," `Mirai`
- ","`Botnet`;`DDoS`;`Backdoor`
-",True,trojan.xorddos/ddos,trojan,xorddos;ddos;cona,False,True,True,0.25,../malware_report/XorDDoS/analysis_reports_comparison/01_MALICIOUS/5028066e_deepseek_report.txt
ba59af366a944351363328241dba1a7c0212d5c95d544bed4b7c0ef5563855f0," `Mirai`
- ","`Botnet`;`Backdoor`;`DDoS`
-",True,,,,False,False,False,0.0,../malware_report/XorDDoS/analysis_reports_comparison/01_MALICIOUS/db61b275_deepseek_report.txt
0e817a2325c215997de15851152a66924874739eeff5da4b434e5d36c83a76eb," `Mirai`
- ","`Botnet`;`DDoS`;`Backdoor`;`Privilege Escalation`
-",True,trojan.xorddos/ddos,trojan,xorddos;ddos;xarcen,False,True,True,0.167,../malware_report/XorDDoS/analysis_reports_comparison/01_MALICIOUS/2546efd1_deepseek_report.txt
03b7cd55327ca641443c2760f5ffaefc872bc61fffb99a9d5171aed2505fa9cb," `Mirai`
- ","`Botnet`;`DDoS`;`Backdoor`;`Persistence`
-",True,,,,False,False,False,0.0,../malware_report/XorDDoS/analysis_reports_comparison/01_MALICIOUS/e300e475_deepseek_report.txt
19f49c94e83ddfebd02212994df5d41b415a117b33cf864cc5571f23d563d86e," `Mirai`
- ","`Botnet`;`DDoS`;`Backdoor`;`Evasion`
-",True,trojan.xorddos/ddos,trojan,xorddos;ddos;xarcen,False,True,True,0.2,../malware_report/XorDDoS/analysis_reports_comparison/01_MALICIOUS/98ae898a_deepseek_report.txt
5fefeaf30b8cd96607ee013a771c619d2bcba75e294f57e98ba86e8b40e51090," `Mirai`
- ","`Botnet`;`DDoS`;`Persistence`
-",True,trojan.xorddos/ddos,trojan,xorddos;ddos;xarcen,False,True,True,0.25,../malware_report/XorDDoS/analysis_reports_comparison/01_MALICIOUS/0a6a12f0_deepseek_report.txt
b242c3eca68edc7c09505570455398cce9b02689287690971762899d1fb2b1a8," `Mirai`
- ","`Backdoor`;`Persistence`;`Botnet`
-",True,,,,False,False,False,0.0,../malware_report/XorDDoS/analysis_reports_comparison/01_MALICIOUS/63129b09_deepseek_report.txt
fb18a78ab398c101ec335992020bdbf6ca35db5d74b6c708d126cf4d4ebf289d," `Mirai`
- ","`Botnet`;`DDoS`;`Backdoor`;`Evasion`
-",True,trojan.xorddos/ddos,trojan,xorddos;ddos;xarcen,False,True,True,0.2,../malware_report/XorDDoS/analysis_reports_comparison/01_MALICIOUS/de5f09c3_deepseek_report.txt
024fbf4b2685736ef0b1bfe8ae62cee0a6ce3da526a7aba21c8c736c993412d8," `Mirai`
- ","`Botnet`;`DDoS`;`Backdoor`;`Persistence`
-",True,trojan.xorddos/ddos,trojan,xorddos;ddos;xarcen,False,True,True,0.2,../malware_report/XorDDoS/analysis_reports_comparison/01_MALICIOUS/d3b5bfec_deepseek_report.txt
e7913c938c682bee1f7290e0a6632cd0fade6ce4d79a3bff40335a071dd585ea," `Mirai`
- ","`Botnet`;`DDoS`;`Backdoor`;`Persistence`
-",True,trojan.xorddos/ddos,trojan,xorddos;ddos;genericrxia,False,True,True,0.2,../malware_report/XorDDoS/analysis_reports_comparison/01_MALICIOUS/8b0bd645_deepseek_report.txt
607581255b01b191d549a550965142f01bd6a7e34c8beb14113553a7d8dfe0ab," `Mirai`
- ","`Botnet`;`DDoS`;`Backdoor`;`Persistence`
-",True,trojan.xorddos/ddos,trojan,xorddos;ddos;xarcen,False,True,True,0.2,../malware_report/XorDDoS/analysis_reports_comparison/01_MALICIOUS/717bf8d5_deepseek_report.txt
a362ac9f3f0030b002616b0e421d4ed1d2604e5b97a5fadd231f7a01fa53375e," `Mirai`
- ","`Botnet`;`DDoS`;`Backdoor`;`Persistence`
-",True,,,,False,False,False,0.0,../malware_report/XorDDoS/analysis_reports_comparison/01_MALICIOUS/650b2928_deepseek_report.txt
5d94a674992e90b629b2399d37a8a749c68b5a1c4dee28c17a6624bf070a163c," `Mirai`
- ","`Botnet`;`DDoS`;`Backdoor`
-",True,trojan.xorddos/ddos,trojan,xorddos;ddos;xarcen,False,True,True,0.25,../malware_report/XorDDoS/analysis_reports_comparison/01_MALICIOUS/8237baa2_deepseek_report.txt
4efe185e41696351835356a55211aeb113994f87887cab3ffbbaacecb589e9f6," `Mirai`
- ","`Botnet`;`DDoS`;`Backdoor`;`Persistence`
-",True,trojan.chinaz/xorddos,trojan;miner,chinaz;xorddos;ddos,False,True,True,0.2,../malware_report/XorDDoS/analysis_reports_comparison/01_MALICIOUS/d81f13ae_deepseek_report.txt
b1b32e4ca117a393ad2dec01b112819864f34261a56b0dbebe5263840f769076," `Mirai`
- ","`Botnet`;`DDoS`;`Backdoor`;`Privilege Escalation`
-",True,trojan.xorddos/ddos,trojan,xorddos;ddos;xarcen,False,True,True,0.167,../malware_report/XorDDoS/analysis_reports_comparison/01_MALICIOUS/8d52c031_deepseek_report.txt
76741721aede86e5d9a78da5dd349cc7f418a993eba77457c00b27aa627f9882," `Mirai`
- ","`Botnet`;`DDoS`;`Backdoor`
-",True,trojan.xorddos/ddos,trojan,xorddos;ddos;xarcen,False,True,True,0.25,../malware_report/XorDDoS/analysis_reports_comparison/01_MALICIOUS/456b334f_deepseek_report.txt
f0925a77cf0d973c935b9f65051bd27bf75887949adc3a06350210a2523961d9," `Mirai`
- ","`Botnet`;`DDoS`;`Backdoor`;`Privilege Escalation`
-",True,trojan.xorddos/ddos,trojan,xorddos;ddos;xarcen,False,True,True,0.167,../malware_report/XorDDoS/analysis_reports_comparison/01_MALICIOUS/e5e4eeca_deepseek_report.txt
ce47e4dfa397b69b82c7081d705d60b075e14143e942942a6d08ea1af09c12eb," `Mirai`
- ","`Botnet`;`DDoS`;`Backdoor`;`Evasion`
-",True,trojan.xorddos/ddos,trojan,xorddos;ddos;cona,False,True,True,0.2,../malware_report/XorDDoS/analysis_reports_comparison/01_MALICIOUS/45733303_deepseek_report.txt
8020ca54f6b00eed7cc01ce2a0002a50ed3b982491a7e34319086ea65a0ca1b2," `Mirai`
- ","`Botnet`;`DDoS`;`Backdoor`;`Privilege Escalation`
-",True,,,,False,False,False,0.0,../malware_report/XorDDoS/analysis_reports_comparison/01_MALICIOUS/9fef8f76_deepseek_report.txt
fee945899687e945bd82927ce499bb2f9d94447644cd1fa6f4a1293b09e3e163," `Mirai`
- ","`Botnet`;`DDoS`;`Backdoor`;`Evasion`
-",True,,,,False,False,False,0.0,../malware_report/XorDDoS/analysis_reports_comparison/01_MALICIOUS/bd62734a_deepseek_report.txt
004fec424e843ff98113f97bde2d6717f99975a2504ab3efa42c12474a62d828," `Mirai`
- ","`Botnet`;`DDoS`;`Backdoor`;`Evasion`
-",True,trojan.xorddos/ddos,trojan,xorddos;ddos;xarcen,False,True,True,0.2,../malware_report/XorDDoS/analysis_reports_comparison/01_MALICIOUS/578a3b07_deepseek_report.txt
69f17c943d7b5f987095d3c288e2e6e5e3f940ae2ce4c35cec24cde07695e977," `Mirai`
- ","`Botnet`;`DDoS`;`Backdoor`;`Privilege Escalation`
-",True,trojan.xorddos/ddos,trojan,xorddos;ddos;xarcen,False,True,True,0.167,../malware_report/XorDDoS/analysis_reports_comparison/01_MALICIOUS/641c4132_deepseek_report.txt
2baf73eae1c5135acf10290b063d0a65827611ba6874a326883d9be3b238a1b6," `Mirai`
- ","`Botnet`;`DDoS`;`Backdoor`;`Persistence`
-",True,,,,False,False,False,0.0,../malware_report/XorDDoS/analysis_reports_comparison/01_MALICIOUS/2b297018_deepseek_report.txt
0f00c2e074c6284c556040012ef23357853ccac4ad1373d1dea683562dc24bca," `Mirai`
- ","`Botnet`;`DDoS`;`Backdoor`
-",True,trojan.xorddos/ddos,trojan,xorddos;ddos;xarcen,False,True,True,0.25,../malware_report/XorDDoS/analysis_reports_comparison/01_MALICIOUS/e3977566_deepseek_report.txt
34d70d58eae0338f35488d9a05ac5d703db7aa97699e9365d85e9a843d7c4979," `Mirai`
- ","`Botnet`;`DDoS`;`Backdoor`;`Persistence`
-",True,,,,False,False,False,0.0,../malware_report/XorDDoS/analysis_reports_comparison/01_MALICIOUS/a8cbd559_deepseek_report.txt
cc50ca026d51679cad2828dcc53d411872a7283c6f81b5b6d1b8c21efef17152," `Mirai`
- ","`Botnet`;`Backdoor`;`Persistence`
-",True,,,,False,False,False,0.0,../malware_report/XorDDoS/analysis_reports_comparison/01_MALICIOUS/9611840c_deepseek_report.txt
dd07bbbf82ae0e39f9b431e798b368c9886cb7d8ab91fd545fa13ff64bc023f5," `Mirai`
- ","`Botnet`;`DDoS`;`Backdoor`;`Evasion`
-",True,,,,False,False,False,0.0,../malware_report/XorDDoS/analysis_reports_comparison/01_MALICIOUS/e9541d0e_deepseek_report.txt
f48d2e608faeb0747b32205489e8ca88a3b10ecfd3c2cc2ff31fabf11fac03b3," `Mirai`
- ","`Botnet`;`DDoS`;`Backdoor`
-",True,trojan.xorddos/ddos,trojan,xorddos;ddos;xarcen,False,True,True,0.25,../malware_report/XorDDoS/analysis_reports_comparison/01_MALICIOUS/b9b831c8_deepseek_report.txt
c3714fc0446a1adaedbc86e3dd0b2121e65b34cc3d40494f709c6873fa0d56bc," `Mirai`
- ","`Botnet`;`DDoS`;`Backdoor`
-",True,trojan.xorddos/ddos,trojan,xorddos;ddos;xarcen,False,True,True,0.25,../malware_report/XorDDoS/analysis_reports_comparison/01_MALICIOUS/3f3d2274_deepseek_report.txt
d360716cab46152dedb9c0b7179d1dc36fc8040be312cf62f76229d1d3145bd7," `Mirai`
- ","`Botnet`;`DDoS`;`Backdoor`;`Persistence`
-",True,trojan.xorddos/ddos,trojan,xorddos;ddos;xarcen,False,True,True,0.2,../malware_report/XorDDoS/analysis_reports_comparison/01_MALICIOUS/ad4ac7cc_deepseek_report.txt
6ddf688bdf16a1d465aef954ff90b372dacd8162bac2c7797ff7b6b4f20afcbc," `Mirai`
- ","`Botnet`;`DDoS`;`Backdoor`;`Persistence`
-",True,trojan.xorddos/ddos,trojan,xorddos;ddos;xarcen,False,True,True,0.2,../malware_report/XorDDoS/analysis_reports_comparison/01_MALICIOUS/1ef66510_deepseek_report.txt
ccc4e17f1cb512b4710372f10908a3852968c7ae547dca563e76d472e7136689," `Mirai`
- ","`Botnet`;`DDoS`;`Backdoor`;`Persistence`
-",True,,,,False,False,False,0.0,../malware_report/XorDDoS/analysis_reports_comparison/01_MALICIOUS/7887fdcd_deepseek_report.txt
5e46e3a298fad9fc1d9e9bb45e7449a7e07e1f36af47e2ecb465929f45ba1b13," `Mirai`
- ","`Botnet`;`DDoS`;`Backdoor`
-",True,,,,False,False,False,0.0,../malware_report/XorDDoS/analysis_reports_comparison/01_MALICIOUS/a4ad1e91_deepseek_report.txt
311c93575efd4eeeb9c6674d0ab8de263b72a8fb060d04450daccc78ec095151," `Mirai`
- ","`Botnet`;`DDoS`;`Backdoor`
-",True,trojan.xorddos/ddos,trojan,xorddos;ddos;xarcen,False,True,True,0.25,../malware_report/XorDDoS/analysis_reports_comparison/01_MALICIOUS/32fe0536_deepseek_report.txt
166564e90d19f28054245a9fd8bffe9ca32426036828858b87aaad49f2ce4fa9," `Mirai`
- ","`Botnet`;`DDoS`;`Backdoor`;`Persistence`
-",True,,,,False,False,False,0.0,../malware_report/XorDDoS/analysis_reports_comparison/01_MALICIOUS/e99ff9fd_deepseek_report.txt
3a8a11b60fd8e2f93d29fb46cdda68fd404b06147a7c717d3619b088e39875ba," `Mirai`
- ","`Botnet`;`DDoS`;`Backdoor`;`Persistence`
-",True,trojan.xorddos/ddos,trojan,xorddos;ddos;xarcen,False,True,True,0.2,../malware_report/XorDDoS/analysis_reports_comparison/01_MALICIOUS/8a1bdf29_deepseek_report.txt
a544fa8b34122876e3e0140c480c967aad0b26d84823ae6fdd1bc961e47d8b15," `Mirai`
- ","`Botnet`;`Backdoor`;`Persistence`
-",True,trojan.xorddos/ddos,trojan,xorddos;ddos;xarcen,False,False,False,0.0,../malware_report/XorDDoS/analysis_reports_comparison/01_MALICIOUS/7839aba8_deepseek_report.txt
352db569c9b058bb1af61d508d8ec7f9bd81fcc1a44fcc03b2b1b85ff2d517f0," `Mirai`
- ","`Botnet`;`Backdoor`;`DDoS`
-",True,,,,False,False,False,0.0,../malware_report/XorDDoS/analysis_reports_comparison/01_MALICIOUS/a29ad5ee_deepseek_report.txt
a912a7975b9d580280600d32647d384da655787e36fc9f471c54d3ba685f0ea5," `Mirai`
- ","`Botnet`;`DDoS`;`Backdoor`;`Persistence`
-",True,trojan.xorddos/ddos,trojan,xorddos;ddos;xarcen,False,True,True,0.2,../malware_report/XorDDoS/analysis_reports_comparison/01_MALICIOUS/cf9ff4e6_deepseek_report.txt
022e101f1d4671796972c9ae6eed81920a59003e751a0fd449b543f630ba36a8," `Mirai`
- ","`Botnet`;`DDoS`;`Backdoor`
-",True,,,,False,False,False,0.0,../malware_report/XorDDoS/analysis_reports_comparison/01_MALICIOUS/0a8eec64_deepseek_report.txt
8f5ebb5b1c09744b4bb0087dca66360530533a1913151eaa04f17b691aae5a6b," `Mirai`
- ","`Backdoor`;`Persistence`
-",True,trojan.xorddos/ddos,trojan,xorddos;ddos;xarcen,False,False,False,0.0,../malware_report/XorDDoS/analysis_reports_comparison/01_MALICIOUS/d1c925b1_deepseek_report.txt
47c0af3e024fb5b38a97768bb9f6dce954fe358ce7f24c46dcc23689e8687a70," `Mirai`
- ","`Botnet`;`DDoS`;`Backdoor`;`Privilege Escalation`
-",True,,,,False,False,False,0.0,../malware_report/XorDDoS/analysis_reports_comparison/01_MALICIOUS/b64b0f20_deepseek_report.txt
304881c7a0bc871272695edb19a0b09b55b74e8d7d46c1fe49e17c07008a0a42," `Mirai`
- ","`Botnet`;`DDoS`;`Backdoor`;`Persistence`
-",True,,,,False,False,False,0.0,../malware_report/XorDDoS/analysis_reports_comparison/01_MALICIOUS/3b536dba_deepseek_report.txt
2f70458e2b77fba49697e3fbba8bea53e27e7ca010fd92ca3919b819d3aee160," `Mirai`
- ","`Botnet`;`DDoS`;`Backdoor`;`Persistence`
-",True,trojan.xorddos/ddos,trojan,xorddos;ddos;xarcen,False,True,True,0.2,../malware_report/XorDDoS/analysis_reports_comparison/01_MALICIOUS/d3b6fb45_deepseek_report.txt
52f74b25e1c3de023526ea8d8d3f93990523506dd3e5535cc53695092c1f982b," `Mirai`
- ","`Botnet`;`DDoS`;`Backdoor`;`Evasion`
-",True,trojan.xorddos/ddos,trojan,xorddos;ddos;xarcen,False,True,True,0.2,../malware_report/XorDDoS/analysis_reports_comparison/01_MALICIOUS/205a69f0_deepseek_report.txt
7a0800d6ebd1082a9ad9838303af2a3d4af7626009267437f483e4deb1ebd9c8," `Mirai`
- ","`Botnet`;`DDoS`;`Backdoor`
-",True,,,,False,False,False,0.0,../malware_report/XorDDoS/analysis_reports_comparison/01_MALICIOUS/9e958da0_deepseek_report.txt
c9bd6d01eb7258fef88ec5c9276431c1db45f063b316f83943e45b6a40a76783," `Mirai`
- ","`Botnet`;`DDoS`;`Backdoor`
-",True,trojan.xorddos/ddos,trojan,xorddos;ddos;xarcen,False,True,True,0.25,../malware_report/XorDDoS/analysis_reports_comparison/01_MALICIOUS/1493041a_deepseek_report.txt
10e43894490d98a91f3d409a83d984556d619e91782333033ad3d7fb1b9def8b," `Mirai`
- ","`Botnet`;`DDoS`;`Backdoor`;`Evasion`
-",True,trojan.xorddos/ddos,trojan,xorddos;ddos;xarcen,False,True,True,0.2,../malware_report/XorDDoS/analysis_reports_comparison/01_MALICIOUS/2edf4fa4_deepseek_report.txt
309310036d4a92c12131cc0a0455005a0c9f7e73a102081c2e146e77640fbc55," `Mirai`
- ","`Botnet`;`DDoS`;`Persistence`
-",True,trojan.xorddos/ddos,trojan,xorddos;ddos;xarcen,False,True,True,0.25,../malware_report/XorDDoS/analysis_reports_comparison/01_MALICIOUS/58d4f26b_deepseek_report.txt
9b07f8dd4226016f440718802503181965fd5cadd87f46f4151604718bf664e0," `Mirai`
- ","`Botnet`;`DDoS`;`Backdoor`;`Persistence`
-",True,,,,False,False,False,0.0,../malware_report/XorDDoS/analysis_reports_comparison/01_MALICIOUS/0df8760f_deepseek_report.txt
ea40ecec0b30982fbb1662e67f97f0e9d6f43d2d587f2f588525fae683abea73," `Mirai`
- ","`Botnet`;`DDoS`;`Backdoor`
-",True,trojan.xorddos/ddos,trojan,xorddos;ddos;xarcen,False,True,True,0.25,../malware_report/XorDDoS/analysis_reports_comparison/01_MALICIOUS/ea2d900b_deepseek_report.txt
09898756f3e900900093fe4890680734f41ece38362912f4da2a3994a12a833e," `Mirai`
- ","`Botnet`;`DDoS`;`Backdoor`
-",True,trojan.xorddos/ddos,trojan,xorddos;ddos;xarcen,False,True,True,0.25,../malware_report/XorDDoS/analysis_reports_comparison/01_MALICIOUS/88ead5d6_deepseek_report.txt
d2d0a9fc3491d0689529b251d666f36b739acfbf4f7fe8190b6ebabb887b7154," `Mirai`
- ","`Botnet`;`DDoS`;`Backdoor`;`Persistence`
-",True,trojan.xorddos/ddos,trojan,xorddos;ddos;xarcen,False,True,True,0.2,../malware_report/XorDDoS/analysis_reports_comparison/01_MALICIOUS/f9dfc749_deepseek_report.txt
b1b1f6cdf63abcfcecaa72c2537e6dbbb04f1cf9c86dba056da424751bcb58a4," `Mirai`
- ","`Botnet`;`DDoS`;`Backdoor`;`Persistence`
-",True,trojan.xorddos/ddos,trojan,xorddos;ddos;genericrxia,False,True,True,0.2,../malware_report/XorDDoS/analysis_reports_comparison/01_MALICIOUS/14f6c22a_deepseek_report.txt
71ef590b32ef90a021be7bafd074b7698ffefab7f935e371568bef5eb2543f19," `Mirai`
- ","`Botnet`;`DDoS`;`Backdoor`
-",True,trojan.xorddos/ddos,trojan,xorddos;ddos;xarcen,False,True,True,0.25,../malware_report/XorDDoS/analysis_reports_comparison/01_MALICIOUS/d8c3c39c_deepseek_report.txt
c78548ec4c057ec22c4512f04bbe60229cd805f3f8a1a0e9b0acaa7b041805fc," `Mirai`
- ","`Botnet`;`Backdoor`;`DDoS`
-",True,,,,False,False,False,0.0,../malware_report/XorDDoS/analysis_reports_comparison/01_MALICIOUS/1475d639_deepseek_report.txt
f4a25e8d960c631699e1b9adab8d29e5e4a2ae0d3be1c7739275a6a72b9b0876," `Mirai`
- ","`Botnet`;`DDoS`;`Backdoor`;`Persistence`
-",True,,,,False,False,False,0.0,../malware_report/XorDDoS/analysis_reports_comparison/01_MALICIOUS/1e9f8854_deepseek_report.txt
781274188451c5a4f684d7519a2260481a568c49ad670b1c69ff31c8dfd4ce7b," `Mirai`
- ","`Botnet`;`DDoS`;`Backdoor`
-",True,,,,False,False,False,0.0,../malware_report/XorDDoS/analysis_reports_comparison/01_MALICIOUS/52a6120a_deepseek_report.txt
8642022960d919321ccfcfb0a0cd631db0e5dac3e75014fc0c4cc6ff413c72c5," `Mirai`
- ","`Botnet`;`DDoS`;`Backdoor`;`Persistence`
-",True,trojan.xorddos/ddos,trojan,xorddos;ddos;xarcen,False,True,True,0.2,../malware_report/XorDDoS/analysis_reports_comparison/01_MALICIOUS/dd89d299_deepseek_report.txt
abef3a25396de4952293f2fe47b074e520b41cd2a0103ea7e2cc2e7c54f0eac2," `Mirai`
- ","`Botnet`;`DDoS`;`Persistence`
-",True,,,,False,False,False,0.0,../malware_report/XorDDoS/analysis_reports_comparison/01_MALICIOUS/60db4826_deepseek_report.txt
b277f80d0f288f4284dd071ccf388dad5cb99ac2ba3e6708c0496406dac09799," `Mirai`
- ","`Botnet`;`DDoS`;`Backdoor`;`Persistence`
-",True,,,,False,False,False,0.0,../malware_report/XorDDoS/analysis_reports_comparison/01_MALICIOUS/5e717c6f_deepseek_report.txt
a129dee2cc943b4ba9a7e2ce8f24689026a7b954b4ee562b181e56d748b51fc8," `Mirai`
- ","`Botnet`;`DDoS`;`Backdoor`;`Privilege Escalation`
-",True,,,,False,False,False,0.0,../malware_report/XorDDoS/analysis_reports_comparison/01_MALICIOUS/343cc2d7_deepseek_report.txt
4bdbb20b19dbc9cd358218f4350e1289b6655ab46fc9e1f48a25f94fc1e51038," `Mirai`
- ","`Botnet`;`DDoS`;`Backdoor`;`Persistence`
-",True,,,,False,False,False,0.0,../malware_report/XorDDoS/analysis_reports_comparison/01_MALICIOUS/aa9ccdfc_deepseek_report.txt
303bb187a06415eedc0c5ece5692fe05b03e286435472d0e4fd4ca9386d9acf4," `Mirai`
- ","`Botnet`;`DDoS`;`Backdoor`;`Evasion`
-",True,trojan.xorddos/ddos,trojan,xorddos;ddos;xarcen,False,True,True,0.2,../malware_report/XorDDoS/analysis_reports_comparison/01_MALICIOUS/a489702d_deepseek_report.txt
75bfd448e4274cc4e5804c43768f62a36ccb3fc3b1df06e14d9c892daa2cde19," `Mirai`
- ","`Botnet`;`DDoS`;`Backdoor`
-",True,trojan.xorddos/ddos,trojan,xorddos;ddos;xarcen,False,True,True,0.25,../malware_report/XorDDoS/analysis_reports_comparison/01_MALICIOUS/72071909_deepseek_report.txt
72f61ae2fbc105c21408cbe910da2b939ea98d26cafaf43a9fabe89361db9dec," `Mirai`
- ","`Botnet`;`DDoS`;`Backdoor`
-",True,,,,False,False,False,0.0,../malware_report/XorDDoS/analysis_reports_comparison/01_MALICIOUS/62e47c1b_deepseek_report.txt
0007aa8a69792a6e7fab0cf3078897810ce61a1d15bfdc98509c6aa7b1e99fbc," `Mirai`
- ","`Botnet`;`DDoS`;`Backdoor`
-",True,trojan.xorddos/ddos,trojan,xorddos;ddos;xarcen,False,True,True,0.25,../malware_report/XorDDoS/analysis_reports_comparison/01_MALICIOUS/e6a535c7_deepseek_report.txt
c0b0225201fd3a4c08245e58bbb4b844e0d3426e89b9ac3fc34db37d994fb182," `Mirai`
- ","`Botnet`;`DDoS`;`Backdoor`;`Persistence`
-",True,trojan.xorddos/ddos,trojan,xorddos;ddos;xarcen,False,True,True,0.2,../malware_report/XorDDoS/analysis_reports_comparison/01_MALICIOUS/e456cbb7_deepseek_report.txt
097e7f19094b4c577eda73248fdbfa498ecda99f8f72220978d63c50c7010221," `Mirai`
- ","`Botnet`;`DDoS`;`Backdoor`
-",True,trojan.kaiji/ddos,trojan,kaiji;ddos;otilr,False,True,True,0.25,../malware_report/docker/analysis_reports_comparison/01_MALICIOUS/5c54ae36_deepseek_report.txt
801ed75c8cf57f86e1649c3a583bc8994880f6ab66e6ca8012f0c0a05861434a," `Mirai`
- ","`Botnet`;`DDoS`;`Backdoor`
-",True,trojan.kaiji/ddos,trojan,kaiji;ddos;genericrxlz,False,True,True,0.25,../malware_report/docker/analysis_reports_comparison/01_MALICIOUS/1f617c29_deepseek_report.txt
39facd0a87d60a84ea414a419bc5ecd39d4271bb88ea133478d092380c7b783f," `Mirai`
- ","`Botnet`;`DDoS`;`Backdoor`;`Privilege Escalation`
-",True,trojan.kaiji/ddos,trojan,kaiji;ddos;azmkf,False,True,True,0.167,../malware_report/docker/analysis_reports_comparison/01_MALICIOUS/61c55f24_deepseek_report.txt
72b86cf168181480d745b27f57ef574c8d6208daf36c898eddd0700f41f8a03d," `Mirai`
- ","`Botnet`;`DDoS`;`Persistence`
-",True,trojan.tsunami/exexj,trojan,tsunami;exexj;kaiten,False,False,False,0.0,../malware_report/docker/analysis_reports_comparison/01_MALICIOUS/348c7f2c_deepseek_report.txt
cf0eeb9fe215a0cdb0ec0176bdf1e82fbd3047019968b27673c34b688c3932ac," `Mirai`
- ","`Botnet`;`Backdoor`;`Persistence`;`Evasion`
-",True,trojan.kaiji/ddos,trojan,kaiji;ddos;otilz,False,False,False,0.0,../malware_report/docker/analysis_reports_comparison/01_MALICIOUS/df1d7534_deepseek_report.txt
3e68118ad46b9eb64063b259fca5f6682c5c2cb18fd9a4e7d97969226b2e6fb4," `Mirai`
- ","`Botnet`;`DDoS`;`Backdoor`
-",True,trojan.kaiji/ddos,trojan,kaiji;ddos;sm64,False,True,True,0.25,../malware_report/docker/analysis_reports_comparison/01_MALICIOUS/2e5b8688_deepseek_report.txt
dd3a3094f745b30a62d073b23a601e7db3c6a65e39e1cadf6c1e0390e31cd0a3," `Mirai`
- ","`Botnet`;`DDoS`;`Backdoor`
-",True,trojan.mirai/gafgyt,trojan,mirai;gafgyt;possible,True,False,True,0.25,../malware_report/docker/analysis_reports_comparison/01_MALICIOUS/6c1b04af_deepseek_report.txt
28b2993d7c8c1d8dfce9cd2206b4a3971d0705fd797b9fde05211686297f6bb0," `Mirai`
- ","`Botnet`;`DDoS`;`Backdoor`;`Evasion`
-",True,trojan.kaiji/coekn,trojan,kaiji;coekn;ddos,False,True,True,0.2,../malware_report/docker/analysis_reports_comparison/01_MALICIOUS/ba433b05_deepseek_report.txt
0e574fd30e806fe4298b3cbccb8d1089454f42f52892f87554325cb352646049," `Mirai`
- ","`Botnet`;`DDoS`;`Backdoor`;`Persistence`
-",True,trojan.tsunami/iznqt,trojan,tsunami;iznqt;kaiten,False,False,False,0.0,../malware_report/docker/analysis_reports_comparison/01_MALICIOUS/ba9ed70f_deepseek_report.txt
c0b06e2ddbba4395eebea1bcd3e2dafbcdc7456407783dd5cd9575df20f28bd0," `Mirai`
- ","`Botnet`;`DDoS`;`Backdoor`;`Persistence`
-",True,trojan.kaiji/ddos,trojan,kaiji;ddos;sxyur,False,True,True,0.2,../malware_report/docker/analysis_reports_comparison/01_MALICIOUS/e617645f_deepseek_report.txt
26906f1bcd93d7a8972ac3b7d08ed03d0a321f8a771ed3242ca71f6daa33982b," `Mirai`
- ","`Botnet`;`DDoS`;`Backdoor`;`Persistence`
-",True,,,,False,False,False,0.0,../malware_report/docker/analysis_reports_comparison/01_MALICIOUS/c26882e4_deepseek_report.txt
fe98548300025a46de1e06b94252af601a215b985dad31353596af3c1813efb0," `Mirai`
- ","`Backdoor`;`Persistence`;`Evasion`
-",True,trojan.tsunami/cgayg,trojan,tsunami;cgayg;kaiten,False,False,False,0.0,../malware_report/docker/analysis_reports_comparison/01_MALICIOUS/0cd24e21_deepseek_report.txt
