[MPK] Protection Keys allocated: Config Key=1, FD Key=2
[MPK] FD Integrity Guard initialized (Key 2)
[SCAN] Analyzing executables in: /home/zzh/Compass-Proj1/MirrorShield/ELF_samples/malware/Mozi
[SCAN] Found 51 supported executable(s)
Launched vulnerability report window.

[POOL MODE] Using Docker pool with 6 concurrent workers
[POOL MODE] Queue strategy: grouped
[MONITOR] Starting global monitor process...
[MONITOR] Command: sudo /home/zzh/Compass-Proj1/MirrorShield/Wrapper/monitor
[CgroupManager] Warning: No BPF object and no pinned map found
[CgroupManager] Will use bpftool for map operations
[MONITOR] Global monitor started successfully (PID: 317189)
[MONITOR_READER] Started reading monitor output
[POOL MODE] Performing BPF health check and warm-up...
[POOL MODE] Step 1/3: Basic stabilization...
[POOL MODE] Step 2/3: Probe container test - warming up BPF...
[DOCKER] Selected image for libc=glibc: ubuntu:24.04
[POOL MODE] Probe: PID=317323, cgroup=131327
[CgroupManager] Added cgroup 131327 via bpftool
[CgroupManager] Removed cgroup 131327 via bpftool
[POOL MODE] ✓ Probe container completed - BPF warmed up
[POOL MODE] Step 3/3: Final stabilization (0.5s)...
[POOL MODE] ✓ BPF health check PASSED - ready for concurrent execution
Loaded Provider: deepseek | Model: deepseek-chat
[AI-Integration] Initialized with max_workers=7
[AI-Integration] Current Provider: deepseek
[AI-Integration] Started worker pool
[AI] ✓ DeepSeek AI analysis enabled (7 workers)
[DOCKER_POOL] Submitted 51 tasks to queue (queue size: 51)
[DOCKER_POOL] Starting 6 workers...
[DockerWorker-0] Starting: 86881aec90e578e550b6a49cf113910baccd5d7b5e6c1eb37be172eede2e4d09.elf (40_32bit)
[DockerWorker-1] Starting: 832fb4090879c1bebe75bea939a9c5724dbf87898febd425f94f7e03ee687d3b.elf (40_32bit)
[ANALYSISLOG] 86881aec90e578e550b6a49cf113910baccd5d7b5e6c1eb37be172eede2e4d09.elf -> analysislog/86881aec90e578e550b6a49cf113910baccd5d7b5e6c1eb37be172eede2e4d09.elf_2025-12-02_22-54-14_3aa32d6a.jsonl
[DOCKER] Selected image for libc=glibc: arm32v7/ubuntu:22.04
[DockerWorker-2] Starting: c186c0b876a56d0da7b79bc2cae2e2ecf4617518fd9c996568da100e99179693.elf (40_32bit)
[DockerWorker-3] Starting: 4a952be0b1bbb38b70a245305c73c6a29658bb475f4b7a24a7564c7735f5501b.elf (40_32bit)
[DockerWorker-4] Starting: 9a963fb204c95bf85dcc0ef4986b889eea513c622249307095c8afe0aca44e1c.elf (8_32bit)
[ANALYSISLOG] 4a952be0b1bbb38b70a245305c73c6a29658bb475f4b7a24a7564c7735f5501b.elf -> analysislog/4a952be0b1bbb38b70a245305c73c6a29658bb475f4b7a24a7564c7735f5501b.elf_2025-12-02_22-54-14_9014b21a.jsonl
[DOCKER] Selected image for libc=glibc: arm32v7/ubuntu:22.04
[ANALYSISLOG] c186c0b876a56d0da7b79bc2cae2e2ecf4617518fd9c996568da100e99179693.elf -> analysislog/c186c0b876a56d0da7b79bc2cae2e2ecf4617518fd9c996568da100e99179693.elf_2025-12-02_22-54-14_0a0b842f.jsonl
[DOCKER] Selected image for libc=glibc: arm32v7/ubuntu:22.04
[ANALYSISLOG] 832fb4090879c1bebe75bea939a9c5724dbf87898febd425f94f7e03ee687d3b.elf -> analysislog/832fb4090879c1bebe75bea939a9c5724dbf87898febd425f94f7e03ee687d3b.elf_2025-12-02_22-54-14_c6b26363.jsonl
[DOCKER] Selected image for libc=glibc: arm32v7/ubuntu:22.04
[ANALYSISLOG] 9a963fb204c95bf85dcc0ef4986b889eea513c622249307095c8afe0aca44e1c.elf -> analysislog/9a963fb204c95bf85dcc0ef4986b889eea513c622249307095c8afe0aca44e1c.elf_2025-12-02_22-54-14_9f5e8f1f.jsonl
[DOCKER] Detected dockcross image, forcing platform to linux/amd64
[DOCKER] Selected image for libc=glibc: dockcross/linux-mips:latest
[DockerWorker-5] Starting: 4b41223ca64ab6ef4b3b9c9d4257902a32f9fa8cdf4d9f6261b24b8dee81d233.elf (8_32bit)
[DOCKER_POOL] 6 workers started
[DOCKER_POOL] Waiting for all tasks to complete...
[ANALYSISLOG] 4b41223ca64ab6ef4b3b9c9d4257902a32f9fa8cdf4d9f6261b24b8dee81d233.elf -> analysislog/4b41223ca64ab6ef4b3b9c9d4257902a32f9fa8cdf4d9f6261b24b8dee81d233.elf_2025-12-02_22-54-14_e02b32a2.jsonl
[DOCKER] Detected dockcross image, forcing platform to linux/amd64
[DOCKER] Selected image for libc=glibc: dockcross/linux-mips:latest
[CgroupManager] Added cgroup 131413 via bpftool
[CgroupManager] Added cgroup 131757 via bpftool
[CgroupManager] Added cgroup 131499 via bpftool
[EventRouter] DEBUG: EXEC #49 filename='/bin/true', triggers=['c186c0b876a56d0da7b79bc2cae2e2ecf4617518fd9c996568da100e99179693.elf', '/tmp/c186c0b876a56d0da7b79bc2cae2e2ecf4617518fd9c996568da100e99179693.elf']
[EventRouter] DEBUG: EXEC #33 filename='/bin/true', triggers=['86881aec90e578e550b6a49cf113910baccd5d7b5e6c1eb37be172eede2e4d09.elf', '/tmp/86881aec90e578e550b6a49cf113910baccd5d7b5e6c1eb37be172eede2e4d09.elf']
[CgroupManager] Added cgroup 131671 via bpftool
[CgroupManager] Added cgroup 131585 via bpftool
[CgroupManager] Added cgroup 131843 via bpftool
[EventRouter] DEBUG: EXEC #49 filename='/bin/true', triggers=['832fb4090879c1bebe75bea939a9c5724dbf87898febd425f94f7e03ee687d3b.elf', '/tmp/832fb4090879c1bebe75bea939a9c5724dbf87898febd425f94f7e03ee687d3b.elf']
[EventRouter] DEBUG: EXEC #35 filename='/bin/true', triggers=['4a952be0b1bbb38b70a245305c73c6a29658bb475f4b7a24a7564c7735f5501b.elf', '/tmp/4a952be0b1bbb38b70a245305c73c6a29658bb475f4b7a24a7564c7735f5501b.elf']
[EventRouter] ARM detected at event 123 for cgroup 131499
[EventRouter] Discarded 122 pre-ARM events for cgroup 131499
[EventRouter] ARM detected at event 143 for cgroup 131757
[EventRouter] Discarded 142 pre-ARM events for cgroup 131757
[EventRouter] ARM detected at event 123 for cgroup 131843
[EventRouter] Discarded 122 pre-ARM events for cgroup 131843
[EventRouter] ARM detected at event 126 for cgroup 131413
[EventRouter] Discarded 125 pre-ARM events for cgroup 131413
[EventRouter] ARM detected at event 144 for cgroup 131671
[EventRouter] Discarded 143 pre-ARM events for cgroup 131671
[EventRouter] ARM detected at event 146 for cgroup 131585
[EventRouter] Discarded 145 pre-ARM events for cgroup 131585
[DOCKER] Container exit code: 135
[DOCKER][STDOUT] BEGIN
qemu-mips: QEMU internal SIGBUS {code=ADRERR, addr=0x4206a8}
Bus error (core dumped)
[DOCKER][STDOUT] END
[DOCKER] Raw stdout saved: analysislog/9a963fb204c95bf85dcc0ef4986b889eea513c622249307095c8afe0aca44e1c.elf_2025-12-02_22-54-14_9f5e8f1f_container_stdout.txt
[POOL] Fatal crash detected (exit=135) - using fast drain mode
[DOCKER] Container exit code: 135
[DOCKER][STDOUT] BEGIN
qemu-arm: QEMU internal SIGBUS {code=ADRERR, addr=0x40024a14}
Bus error (core dumped)
[DOCKER][STDOUT] END
[DOCKER] Raw stdout saved: analysislog/86881aec90e578e550b6a49cf113910baccd5d7b5e6c1eb37be172eede2e4d09.elf_2025-12-02_22-54-14_3aa32d6a_container_stdout.txt
[POOL] Fatal crash detected (exit=135) - using fast drain mode
[DOCKER] Container exit code: 135
[DOCKER][STDOUT] BEGIN
Bus error (core dumped)
[DOCKER][STDOUT] END
[DOCKER] Raw stdout saved: analysislog/c186c0b876a56d0da7b79bc2cae2e2ecf4617518fd9c996568da100e99179693.elf_2025-12-02_22-54-14_0a0b842f_container_stdout.txt
[POOL] Fatal crash detected (exit=135) - using fast drain mode
[CgroupManager] Removed cgroup 131499 via bpftool
[POOL] Stopped BPF monitoring for cgroup 131499
[CgroupManager] Removed cgroup 131413 via bpftool
[POOL] Stopped BPF monitoring for cgroup 131413
[DOCKER] Container exit code: 135
[DOCKER][STDOUT] BEGIN
Bus error (core dumped)
[DOCKER][STDOUT] END
[DOCKER] Raw stdout saved: analysislog/4a952be0b1bbb38b70a245305c73c6a29658bb475f4b7a24a7564c7735f5501b.elf_2025-12-02_22-54-14_9014b21a_container_stdout.txt
[POOL] Fatal crash detected (exit=135) - using fast drain mode
[CgroupManager] Removed cgroup 131757 via bpftool
[POOL] Stopped BPF monitoring for cgroup 131757
[CgroupManager] Removed cgroup 131671 via bpftool
[POOL] Stopped BPF monitoring for cgroup 131671
[POOL] Collected 23 events for analysis (read from log file)
[POOL] Running analyzers on 23 events for 9a963fb204c95bf85dcc0ef4986b889eea513c622249307095c8afe0aca44e1c.elf
[POOL] Analysis completed: 3 findings in 0.00s (19405 events/s)
[AI-Integration] Submitted task: 9f5e8f1f
[AI] 9f5e8f1f queued for DeepSeek analysis
[POOL] Collected 27 events for analysis (read from log file)
[POOL] Running analyzers on 27 events for 86881aec90e578e550b6a49cf113910baccd5d7b5e6c1eb37be172eede2e4d09.elf
[POOL] Analysis completed: 3 findings in 0.00s (22729 events/s)
[AI-Integration] Submitted task: 3aa32d6a
[AI] 3aa32d6a queued for DeepSeek analysis
[POOL] Collected 18 events for analysis (read from log file)
[POOL] Running analyzers on 18 events for c186c0b876a56d0da7b79bc2cae2e2ecf4617518fd9c996568da100e99179693.elf
[POOL] Analysis completed: 3 findings in 0.00s (16196 events/s)
[AI-Integration] Submitted task: 0a0b842f
[AI] 0a0b842f queued for DeepSeek analysis
[CgroupManager] bpftool delete failed: Command '['sudo', '/usr/sbin/bpftool', 'map', 'delete', 'id', '1364', 'key', 'hex', 'ab', '01', '02', '00', '00', '00', '00', '00']' returned non-zero exit status 254.
[POOL] Cleanup scheduled for 1466c1e17903
[DockerWorker-4] CRASHED (Exploit/Bug): 9a963fb204c95bf85dcc0ef4986b889eea513c622249307095c8afe0aca44e1c.elf - Crashed: Bus Error (SIGBUS) (1.05s)
[DockerWorker-4] Starting: fac304cd1e585eb8ff37f87dd9b232edde171204a9870257dcee1bc0deb4717f.elf (8_32bit)
[ANALYSISLOG] fac304cd1e585eb8ff37f87dd9b232edde171204a9870257dcee1bc0deb4717f.elf -> analysislog/fac304cd1e585eb8ff37f87dd9b232edde171204a9870257dcee1bc0deb4717f.elf_2025-12-02_22-54-15_ebaf239b.jsonl
[DOCKER] Detected dockcross image, forcing platform to linux/amd64
[DOCKER] Selected image for libc=glibc: dockcross/linux-mips:latest
[POOL] Collected 18 events for analysis (read from log file)
[POOL] Running analyzers on 18 events for 4a952be0b1bbb38b70a245305c73c6a29658bb475f4b7a24a7564c7735f5501b.elf
[POOL] Analysis completed: 3 findings in 0.00s (16333 events/s)
[AI-Integration] Submitted task: 9014b21a
[AI] 9014b21a queued for DeepSeek analysis
[CgroupManager] bpftool delete failed: Command '['sudo', '/usr/sbin/bpftool', 'map', 'delete', 'id', '1364', 'key', 'hex', '55', '01', '02', '00', '00', '00', '00', '00']' returned non-zero exit status 254.
[POOL] Cleanup scheduled for c6032bae4deb
[DockerWorker-0] CRASHED (Exploit/Bug): 86881aec90e578e550b6a49cf113910baccd5d7b5e6c1eb37be172eede2e4d09.elf - Crashed: Bus Error (SIGBUS) (1.07s)
[DockerWorker-0] Starting: 14af8f514fc5f60b0457325acd4a241204a1f521df88649559a58c8561db7f41.elf (8_32bit)
[ANALYSISLOG] 14af8f514fc5f60b0457325acd4a241204a1f521df88649559a58c8561db7f41.elf -> analysislog/14af8f514fc5f60b0457325acd4a241204a1f521df88649559a58c8561db7f41.elf_2025-12-02_22-54-15_71294f98.jsonl
[DOCKER] Detected dockcross image, forcing platform to linux/amd64
[DOCKER] Selected image for libc=glibc: dockcross/linux-mips:latest
[CgroupManager] bpftool delete failed: Command '['sudo', '/usr/sbin/bpftool', 'map', 'delete', 'id', '1364', 'key', 'hex', 'ad', '02', '02', '00', '00', '00', '00', '00']' returned non-zero exit status 254.
[POOL] Cleanup scheduled for dc3e4d785ffc
[DockerWorker-2] CRASHED (Exploit/Bug): c186c0b876a56d0da7b79bc2cae2e2ecf4617518fd9c996568da100e99179693.elf - Crashed: Bus Error (SIGBUS) (1.07s)
[DockerWorker-2] Starting: 91996022b87d6650742603c95ec20f35d4dc48d808bfba066ad75d36104fe51c.elf (8_32bit)
[ANALYSISLOG] 91996022b87d6650742603c95ec20f35d4dc48d808bfba066ad75d36104fe51c.elf -> analysislog/91996022b87d6650742603c95ec20f35d4dc48d808bfba066ad75d36104fe51c.elf_2025-12-02_22-54-15_6a31480e.jsonl
[DOCKER] Detected dockcross image, forcing platform to linux/amd64
[DOCKER] Selected image for libc=glibc: dockcross/linux-mips:latest
[CgroupManager] bpftool delete failed: Command '['sudo', '/usr/sbin/bpftool', 'map', 'delete', 'id', '1364', 'key', 'hex', '57', '02', '02', '00', '00', '00', '00', '00']' returned non-zero exit status 254.
[POOL] Cleanup scheduled for 0e27cd227302
[DockerWorker-3] CRASHED (Exploit/Bug): 4a952be0b1bbb38b70a245305c73c6a29658bb475f4b7a24a7564c7735f5501b.elf - Crashed: Bus Error (SIGBUS) (1.08s)
[DockerWorker-3] Starting: 122d5a734cac70d4c2c6c562ccefbdb1086bfc149a81e437e8ec1475e37977d0.elf (8_32bit)
[ANALYSISLOG] 122d5a734cac70d4c2c6c562ccefbdb1086bfc149a81e437e8ec1475e37977d0.elf -> analysislog/122d5a734cac70d4c2c6c562ccefbdb1086bfc149a81e437e8ec1475e37977d0.elf_2025-12-02_22-54-15_0fbc43c6.jsonl
[DOCKER] Detected dockcross image, forcing platform to linux/amd64
[DOCKER] Selected image for libc=glibc: dockcross/linux-mips:latest
[CgroupManager] Added cgroup 132015 via bpftool
[CgroupManager] Added cgroup 132187 via bpftool
[CgroupManager] Added cgroup 132101 via bpftool
[EventRouter] DEBUG: EXEC #32 filename='/bin/true', triggers=['91996022b87d6650742603c95ec20f35d4dc48d808bfba066ad75d36104fe51c.elf', '/tmp/91996022b87d6650742603c95ec20f35d4dc48d808bfba066ad75d36104fe51c.elf']
[EventRouter] DEBUG: EXEC #50 filename='/bin/true', triggers=['14af8f514fc5f60b0457325acd4a241204a1f521df88649559a58c8561db7f41.elf', '/tmp/14af8f514fc5f60b0457325acd4a241204a1f521df88649559a58c8561db7f41.elf']
[CgroupManager] Added cgroup 131929 via bpftool
[EventRouter] DEBUG: EXEC #33 filename='/bin/true', triggers=['122d5a734cac70d4c2c6c562ccefbdb1086bfc149a81e437e8ec1475e37977d0.elf', '/tmp/122d5a734cac70d4c2c6c562ccefbdb1086bfc149a81e437e8ec1475e37977d0.elf']
[EventRouter] DEBUG: EXEC #33 filename='/bin/true', triggers=['fac304cd1e585eb8ff37f87dd9b232edde171204a9870257dcee1bc0deb4717f.elf', '/tmp/fac304cd1e585eb8ff37f87dd9b232edde171204a9870257dcee1bc0deb4717f.elf']
[EventRouter] ARM detected at event 105 for cgroup 132101
[EventRouter] Discarded 104 pre-ARM events for cgroup 132101
[EventRouter] ARM detected at event 88 for cgroup 132015
[EventRouter] Discarded 87 pre-ARM events for cgroup 132015
[EventRouter] ARM detected at event 89 for cgroup 132187
[EventRouter] Discarded 88 pre-ARM events for cgroup 132187
[EventRouter] ARM detected at event 89 for cgroup 131929
[EventRouter] Discarded 88 pre-ARM events for cgroup 131929
[DOCKER] Container exit code: 135
[DOCKER][STDOUT] BEGIN
qemu-mips: QEMU internal SIGBUS {code=ADRERR, addr=0x421000}
Bus error (core dumped)
[DOCKER][STDOUT] END
[DOCKER] Raw stdout saved: analysislog/fac304cd1e585eb8ff37f87dd9b232edde171204a9870257dcee1bc0deb4717f.elf_2025-12-02_22-54-15_ebaf239b_container_stdout.txt
[POOL] Fatal crash detected (exit=135) - using fast drain mode
[CgroupManager] Removed cgroup 131929 via bpftool
[POOL] Stopped BPF monitoring for cgroup 131929
[DOCKER] Container exit code: 135
[DOCKER][STDOUT] BEGIN
qemu-mips: QEMU internal SIGBUS {code=ADRERR, addr=0x4206a8}
Bus error (core dumped)
[DOCKER][STDOUT] END
[DOCKER] Raw stdout saved: analysislog/122d5a734cac70d4c2c6c562ccefbdb1086bfc149a81e437e8ec1475e37977d0.elf_2025-12-02_22-54-15_0fbc43c6_container_stdout.txt
[POOL] Fatal crash detected (exit=135) - using fast drain mode
[DOCKER] Container exit code: 139
[DOCKER][STDOUT] BEGIN
qemu: uncaught target signal 11 (Segmentation fault) - core dumped
Segmentation fault (core dumped)
[DOCKER][STDOUT] END
[DOCKER] Raw stdout saved: analysislog/14af8f514fc5f60b0457325acd4a241204a1f521df88649559a58c8561db7f41.elf_2025-12-02_22-54-15_71294f98_container_stdout.txt
[POOL] Fatal crash detected (exit=139) - using fast drain mode
[CgroupManager] Removed cgroup 132187 via bpftool
[POOL] Stopped BPF monitoring for cgroup 132187
[CgroupManager] Removed cgroup 132101 via bpftool
[POOL] Stopped BPF monitoring for cgroup 132101
[POOL] Collected 23 events for analysis (read from log file)
[POOL] Running analyzers on 23 events for fac304cd1e585eb8ff37f87dd9b232edde171204a9870257dcee1bc0deb4717f.elf
[POOL] Analysis completed: 2 findings in 0.00s (20911 events/s)
[AI-Integration] Submitted task: ebaf239b
[AI] ebaf239b queued for DeepSeek analysis
[CgroupManager] bpftool delete failed: Command '['sudo', '/usr/sbin/bpftool', 'map', 'delete', 'id', '1364', 'key', 'hex', '59', '03', '02', '00', '00', '00', '00', '00']' returned non-zero exit status 254.
[POOL] Cleanup scheduled for d9bcdaf41b28
[DockerWorker-4] CRASHED (Exploit/Bug): fac304cd1e585eb8ff37f87dd9b232edde171204a9870257dcee1bc0deb4717f.elf - Crashed: Bus Error (SIGBUS) (1.16s)
[DockerWorker-4] Starting: e65661661f9680908bded3fc72eb36c8b9827ceb197d5dcb0bb65ee85638e63b.elf (8_32bit)
[ANALYSISLOG] e65661661f9680908bded3fc72eb36c8b9827ceb197d5dcb0bb65ee85638e63b.elf -> analysislog/e65661661f9680908bded3fc72eb36c8b9827ceb197d5dcb0bb65ee85638e63b.elf_2025-12-02_22-54-16_68ebd9c3.jsonl
[DOCKER] Detected dockcross image, forcing platform to linux/amd64
[DOCKER] Selected image for libc=glibc: dockcross/linux-mips:latest
[POOL] Collected 23 events for analysis (read from log file)
[POOL] Running analyzers on 23 events for 122d5a734cac70d4c2c6c562ccefbdb1086bfc149a81e437e8ec1475e37977d0.elf
[POOL] Analysis completed: 1 findings in 0.00s (19734 events/s)
[AI-Integration] Submitted task: 0fbc43c6
[AI] 0fbc43c6 queued for DeepSeek analysis
[POOL] Collected 29 events for analysis (read from log file)
[POOL] Running analyzers on 29 events for 14af8f514fc5f60b0457325acd4a241204a1f521df88649559a58c8561db7f41.elf
[POOL] Analysis completed: 4 findings in 0.00s (22922 events/s)
[AI-Integration] Submitted task: 71294f98
[AI] 71294f98 queued for DeepSeek analysis
[CgroupManager] bpftool delete failed: Command '['sudo', '/usr/sbin/bpftool', 'map', 'delete', 'id', '1364', 'key', 'hex', '5b', '04', '02', '00', '00', '00', '00', '00']' returned non-zero exit status 254.
[POOL] Cleanup scheduled for b7a2766cc370
[DockerWorker-3] CRASHED (Exploit/Bug): 122d5a734cac70d4c2c6c562ccefbdb1086bfc149a81e437e8ec1475e37977d0.elf - Crashed: Bus Error (SIGBUS) (1.24s)
[DockerWorker-3] Starting: f7375f0ae0287b6aa966ae8ade9cadbd13821544a242f8418554ec462b71f8fd.elf (8_32bit)
[ANALYSISLOG] f7375f0ae0287b6aa966ae8ade9cadbd13821544a242f8418554ec462b71f8fd.elf -> analysislog/f7375f0ae0287b6aa966ae8ade9cadbd13821544a242f8418554ec462b71f8fd.elf_2025-12-02_22-54-16_d733ea46.jsonl
[DOCKER] Detected dockcross image, forcing platform to linux/amd64
[DOCKER] Selected image for libc=glibc: dockcross/linux-mips:latest
[CgroupManager] bpftool delete failed: Command '['sudo', '/usr/sbin/bpftool', 'map', 'delete', 'id', '1364', 'key', 'hex', '05', '04', '02', '00', '00', '00', '00', '00']' returned non-zero exit status 254.
[POOL] Cleanup scheduled for 420205fc82e2
[DockerWorker-0] CRASHED (Exploit/Bug): 14af8f514fc5f60b0457325acd4a241204a1f521df88649559a58c8561db7f41.elf - Crashed: Segmentation Fault (SIGSEGV) (1.25s)
[DockerWorker-0] Starting: d7ac7aece9743a9256b9fd0084e18fbd7e05a8d25a562cea2878b3de64cae876.elf (8_32bit)
[ANALYSISLOG] d7ac7aece9743a9256b9fd0084e18fbd7e05a8d25a562cea2878b3de64cae876.elf -> analysislog/d7ac7aece9743a9256b9fd0084e18fbd7e05a8d25a562cea2878b3de64cae876.elf_2025-12-02_22-54-16_d5e11aa6.jsonl
[DOCKER] Detected dockcross image, forcing platform to linux/amd64
[DOCKER] Selected image for libc=glibc: dockcross/linux-mips:latest
[DOCKER] Container exit code: 0
[DOCKER][STDOUT] BEGIN
sh: 1: killall: not found
sh: 1: iptables: not found
sh: 1: iptables: not found
sh: 1: iptables: not found
sh: 1: iptables: not found
sh: 1: iptables: not found
sh: 1: iptables: not found
sh: 1: iptables: not found
sh: 1: iptables: not found
[DOCKER][STDOUT] END
[DOCKER] Raw stdout saved: analysislog/4b41223ca64ab6ef4b3b9c9d4257902a32f9fa8cdf4d9f6261b24b8dee81d233.elf_2025-12-02_22-54-14_e02b32a2_container_stdout.txt
[CgroupManager] Added cgroup 132273 via bpftool
[CgroupManager] Added cgroup 132359 via bpftool
[CgroupManager] Added cgroup 132445 via bpftool
[EventRouter] DEBUG: EXEC #33 filename='/bin/true', triggers=['f7375f0ae0287b6aa966ae8ade9cadbd13821544a242f8418554ec462b71f8fd.elf', '/tmp/f7375f0ae0287b6aa966ae8ade9cadbd13821544a242f8418554ec462b71f8fd.elf']
[EventRouter] DEBUG: EXEC #33 filename='/bin/true', triggers=['e65661661f9680908bded3fc72eb36c8b9827ceb197d5dcb0bb65ee85638e63b.elf', '/tmp/e65661661f9680908bded3fc72eb36c8b9827ceb197d5dcb0bb65ee85638e63b.elf']
[EventRouter] ARM detected at event 88 for cgroup 132273
[EventRouter] Discarded 87 pre-ARM events for cgroup 132273
[EventRouter] ARM detected at event 88 for cgroup 132359
[EventRouter] Discarded 87 pre-ARM events for cgroup 132359
[EventRouter] ARM detected at event 129 for cgroup 132445
[EventRouter] Discarded 128 pre-ARM events for cgroup 132445
[DOCKER] Container exit code: 135
[DOCKER][STDOUT] BEGIN
qemu-mips: QEMU internal SIGBUS {code=ADRERR, addr=0x4206a8}
Bus error (core dumped)
[DOCKER][STDOUT] END
[DOCKER] Raw stdout saved: analysislog/d7ac7aece9743a9256b9fd0084e18fbd7e05a8d25a562cea2878b3de64cae876.elf_2025-12-02_22-54-16_d5e11aa6_container_stdout.txt
[POOL] Fatal crash detected (exit=135) - using fast drain mode
[CgroupManager] Removed cgroup 132445 via bpftool
[POOL] Stopped BPF monitoring for cgroup 132445
[POOL] Collected 193 events for analysis (read from log file)
[POOL] Running analyzers on 193 events for 4b41223ca64ab6ef4b3b9c9d4257902a32f9fa8cdf4d9f6261b24b8dee81d233.elf
[POOL] Analysis completed: 10 findings in 0.00s (146216 events/s)
[AI-Integration] Submitted task: e02b32a2
[AI] e02b32a2 queued for DeepSeek analysis
[CgroupManager] Removed cgroup 131843 via bpftool
[POOL] Cleanup scheduled for eeeb85445994
[DockerWorker-5] ✓ Completed: 4b41223ca64ab6ef4b3b9c9d4257902a32f9fa8cdf4d9f6261b24b8dee81d233.elf (193 events) (3.13s)
[DockerWorker-5] Starting: b5cf68c7cb5bb2d21d60bf6654926f61566d95bfd7c9f9e182d032f1da5b4605.elf (8_32bit)
[ANALYSISLOG] b5cf68c7cb5bb2d21d60bf6654926f61566d95bfd7c9f9e182d032f1da5b4605.elf -> analysislog/b5cf68c7cb5bb2d21d60bf6654926f61566d95bfd7c9f9e182d032f1da5b4605.elf_2025-12-02_22-54-17_27214ac2.jsonl
[DOCKER] Detected dockcross image, forcing platform to linux/amd64
[DOCKER] Selected image for libc=glibc: dockcross/linux-mips:latest
[DOCKER] Container exit code: 135
[DOCKER][STDOUT] BEGIN
qemu-mips: QEMU internal SIGBUS {code=ADRERR, addr=0x4206a8}
Bus error (core dumped)
[DOCKER][STDOUT] END
[DOCKER] Raw stdout saved: analysislog/e65661661f9680908bded3fc72eb36c8b9827ceb197d5dcb0bb65ee85638e63b.elf_2025-12-02_22-54-16_68ebd9c3_container_stdout.txt
[POOL] Fatal crash detected (exit=135) - using fast drain mode
[CgroupManager] Removed cgroup 132359 via bpftool
[POOL] Stopped BPF monitoring for cgroup 132359
[POOL] Collected 23 events for analysis (read from log file)
[POOL] Running analyzers on 23 events for d7ac7aece9743a9256b9fd0084e18fbd7e05a8d25a562cea2878b3de64cae876.elf
[POOL] Analysis completed: 1 findings in 0.00s (19534 events/s)
[AI-Integration] Submitted task: d5e11aa6
[AI] d5e11aa6 queued for DeepSeek analysis
[CgroupManager] bpftool delete failed: Command '['sudo', '/usr/sbin/bpftool', 'map', 'delete', 'id', '1364', 'key', 'hex', '5d', '05', '02', '00', '00', '00', '00', '00']' returned non-zero exit status 254.
[POOL] Cleanup scheduled for 5760c517fbdc
[DockerWorker-0] CRASHED (Exploit/Bug): d7ac7aece9743a9256b9fd0084e18fbd7e05a8d25a562cea2878b3de64cae876.elf - Crashed: Bus Error (SIGBUS) (1.02s)
[DockerWorker-0] Starting: fc108bc7b13a8280e5f9a706de05968b7236f2acbe2ef4ac024c73224960b243.elf (8_32bit)
[ANALYSISLOG] fc108bc7b13a8280e5f9a706de05968b7236f2acbe2ef4ac024c73224960b243.elf -> analysislog/fc108bc7b13a8280e5f9a706de05968b7236f2acbe2ef4ac024c73224960b243.elf_2025-12-02_22-54-17_24975c04.jsonl
[DOCKER] Detected dockcross image, forcing platform to linux/amd64
[DOCKER] Selected image for libc=glibc: dockcross/linux-mips:latest
[POOL] Collected 23 events for analysis (read from log file)
[POOL] Running analyzers on 23 events for e65661661f9680908bded3fc72eb36c8b9827ceb197d5dcb0bb65ee85638e63b.elf
[POOL] Analysis completed: 0 findings in 0.00s (20282 events/s)
[AI-Integration] Submitted task: 68ebd9c3
[AI] 68ebd9c3 queued for DeepSeek analysis
[CgroupManager] bpftool delete failed: Command '['sudo', '/usr/sbin/bpftool', 'map', 'delete', 'id', '1364', 'key', 'hex', '07', '05', '02', '00', '00', '00', '00', '00']' returned non-zero exit status 254.
[POOL] Cleanup scheduled for 198264c1bdab
[DockerWorker-4] CRASHED (Exploit/Bug): e65661661f9680908bded3fc72eb36c8b9827ceb197d5dcb0bb65ee85638e63b.elf - Crashed: Bus Error (SIGBUS) (1.26s)
[DockerWorker-4] Starting: 4293c1d8574dc87c58360d6bac3daa182f64f7785c9d41da5e0741d2b1817fc7.elf (8_32bit)
[ANALYSISLOG] 4293c1d8574dc87c58360d6bac3daa182f64f7785c9d41da5e0741d2b1817fc7.elf -> analysislog/4293c1d8574dc87c58360d6bac3daa182f64f7785c9d41da5e0741d2b1817fc7.elf_2025-12-02_22-54-17_8913a8df.jsonl
[DOCKER] Detected dockcross image, forcing platform to linux/amd64
[DOCKER] Selected image for libc=glibc: dockcross/linux-mips:latest
[CgroupManager] Added cgroup 132531 via bpftool
[EventRouter] DEBUG: EXEC #33 filename='/bin/true', triggers=['b5cf68c7cb5bb2d21d60bf6654926f61566d95bfd7c9f9e182d032f1da5b4605.elf', '/tmp/b5cf68c7cb5bb2d21d60bf6654926f61566d95bfd7c9f9e182d032f1da5b4605.elf']
[CgroupManager] Added cgroup 132617 via bpftool
[EventRouter] DEBUG: EXEC #34 filename='/bin/true', triggers=['fc108bc7b13a8280e5f9a706de05968b7236f2acbe2ef4ac024c73224960b243.elf', '/tmp/fc108bc7b13a8280e5f9a706de05968b7236f2acbe2ef4ac024c73224960b243.elf']
[DOCKER] Container exit code: 0
[DOCKER][STDOUT] BEGIN
sh: 1: killall: not found
sh: 1: iptables: not found
sh: 1: iptables: not found
sh: 1: iptables: not found
sh: 1: iptables: not found
sh: 1: iptables: not found
sh: 1: iptables: not found
sh: 1: iptables: not found
sh: 1: iptables: not found
[DOCKER][STDOUT] END
[DOCKER] Raw stdout saved: analysislog/91996022b87d6650742603c95ec20f35d4dc48d808bfba066ad75d36104fe51c.elf_2025-12-02_22-54-15_6a31480e_container_stdout.txt
[EventRouter] ARM detected at event 88 for cgroup 132531
[EventRouter] Discarded 87 pre-ARM events for cgroup 132531
[CgroupManager] Added cgroup 132703 via bpftool
[DOCKER] Container exit code: 0
[DOCKER][STDOUT] BEGIN
sh: 1: cannot create /proc/sys/vm/drop_caches: Read-only file system
sh: 1: iptables: not found
sh: 1: iptables: not found
sh: 1: iptables: not found
sh: 1: iptables: not found
sh: 1: iptables: not found
sh: 1: iptables: not found
sh: 1: iptables: not found
sh: 1: iptables: not found
sh: 1: iptables: not found
sh: 1: iptables: not found
sh: 1: iptables: not found
sh: 1: iptables: not found
sh: 1: iptables: not found
sh: 1: iptables: not found
sh: 1: cfgtool: not found
sh: 1: cfgtool: not found
sh: 1: iptables: not found
sh: 1: iptables: not found
sh: 1: iptables: not found
sh: 1: iptables: not found
sh: 1: iptables: not found
sh: 1: iptables: not found
sh: 1: iptables: not found
sh: 1: iptables: not found
sh: 1: iptables: not found
sh: 1: iptables: not found
qemu: uncaught target signal 11 (Segmentation fault) - core dumped
[DOCKER][STDOUT] END
[DOCKER] Raw stdout saved: analysislog/832fb4090879c1bebe75bea939a9c5724dbf87898febd425f94f7e03ee687d3b.elf_2025-12-02_22-54-14_c6b26363_container_stdout.txt
[EventRouter] DEBUG: EXEC #33 filename='/bin/true', triggers=['4293c1d8574dc87c58360d6bac3daa182f64f7785c9d41da5e0741d2b1817fc7.elf', '/tmp/4293c1d8574dc87c58360d6bac3daa182f64f7785c9d41da5e0741d2b1817fc7.elf']
[EventRouter] ARM detected at event 89 for cgroup 132617
[EventRouter] Discarded 88 pre-ARM events for cgroup 132617
[EventRouter] ARM detected at event 90 for cgroup 132703
[EventRouter] Discarded 89 pre-ARM events for cgroup 132703
[DOCKER] Container exit code: 135
[DOCKER][STDOUT] BEGIN
qemu-mips: QEMU internal SIGBUS {code=ADRERR, addr=0x4206a8}
Bus error (core dumped)
[DOCKER][STDOUT] END
[DOCKER] Raw stdout saved: analysislog/fc108bc7b13a8280e5f9a706de05968b7236f2acbe2ef4ac024c73224960b243.elf_2025-12-02_22-54-17_24975c04_container_stdout.txt
[POOL] Fatal crash detected (exit=135) - using fast drain mode
[CgroupManager] Removed cgroup 132617 via bpftool
[POOL] Stopped BPF monitoring for cgroup 132617
[POOL] Collected 195 events for analysis (read from log file)
[POOL] Running analyzers on 195 events for 91996022b87d6650742603c95ec20f35d4dc48d808bfba066ad75d36104fe51c.elf
[POOL] Analysis completed: 1 findings in 0.00s (135652 events/s)
[AI-Integration] Submitted task: 6a31480e
[AI] 6a31480e queued for DeepSeek analysis
[CgroupManager] Removed cgroup 132015 via bpftool
[POOL] Cleanup scheduled for b816dbdc88bb
[DockerWorker-2] ✓ Completed: 91996022b87d6650742603c95ec20f35d4dc48d808bfba066ad75d36104fe51c.elf (195 events) (3.16s)
[DockerWorker-2] Starting: 585488837a26f33f0b5a8e9f7f36ecba800df61f0344ec55f8986a0b3fad904d.elf (8_32bit)
[ANALYSISLOG] 585488837a26f33f0b5a8e9f7f36ecba800df61f0344ec55f8986a0b3fad904d.elf -> analysislog/585488837a26f33f0b5a8e9f7f36ecba800df61f0344ec55f8986a0b3fad904d.elf_2025-12-02_22-54-18_45a7eafb.jsonl
[DOCKER] Detected dockcross image, forcing platform to linux/amd64
[DOCKER] Selected image for libc=glibc: dockcross/linux-mips:latest
[POOL] Collected 7736 events for analysis (read from log file)
[POOL] Running analyzers on 7736 events for 832fb4090879c1bebe75bea939a9c5724dbf87898febd425f94f7e03ee687d3b.elf
[POOL] Analysis completed: 3 findings in 0.00s (1653584 events/s)
[AI-Integration] Submitted task: c6b26363
[AI] c6b26363 queued for DeepSeek analysis
[POOL] Collected 23 events for analysis (read from log file)
[POOL] Running analyzers on 23 events for fc108bc7b13a8280e5f9a706de05968b7236f2acbe2ef4ac024c73224960b243.elf
[POOL] Analysis completed: 0 findings in 0.00s (21247 events/s)
[AI-Integration] Submitted task: 24975c04
[AI] 24975c04 queued for DeepSeek analysis
[CgroupManager] Removed cgroup 131585 via bpftool
[POOL] Cleanup scheduled for 763daa6b3a65
[DockerWorker-1] ✓ Completed: 832fb4090879c1bebe75bea939a9c5724dbf87898febd425f94f7e03ee687d3b.elf (7736 events) (4.33s)
[DockerWorker-1] Starting: c00d0c1cafff75f1a77cc5dc02f70994064e1c2a9bdcb34cf86692cd6ac9acef.elf (8_32bit)
[ANALYSISLOG] c00d0c1cafff75f1a77cc5dc02f70994064e1c2a9bdcb34cf86692cd6ac9acef.elf -> analysislog/c00d0c1cafff75f1a77cc5dc02f70994064e1c2a9bdcb34cf86692cd6ac9acef.elf_2025-12-02_22-54-18_26bcefa6.jsonl
[DOCKER] Detected dockcross image, forcing platform to linux/amd64
[DOCKER] Selected image for libc=glibc: dockcross/linux-mips:latest
[CgroupManager] bpftool delete failed: Command '['sudo', '/usr/sbin/bpftool', 'map', 'delete', 'id', '1364', 'key', 'hex', '09', '06', '02', '00', '00', '00', '00', '00']' returned non-zero exit status 254.
[POOL] Cleanup scheduled for 33a25bfad0af
[DockerWorker-0] CRASHED (Exploit/Bug): fc108bc7b13a8280e5f9a706de05968b7236f2acbe2ef4ac024c73224960b243.elf - Crashed: Bus Error (SIGBUS) (1.02s)
[DockerWorker-0] Starting: 7b83dc70b31afea07e747011543d41f0170e0ef70d617f54f3fcb2ff4214840a.elf (8_32bit)
[ANALYSISLOG] 7b83dc70b31afea07e747011543d41f0170e0ef70d617f54f3fcb2ff4214840a.elf -> analysislog/7b83dc70b31afea07e747011543d41f0170e0ef70d617f54f3fcb2ff4214840a.elf_2025-12-02_22-54-18_ab8bd3f9.jsonl
[DOCKER] Detected dockcross image, forcing platform to linux/amd64
[DOCKER] Selected image for libc=glibc: dockcross/linux-mips:latest
[CgroupManager] Added cgroup 132789 via bpftool
[CgroupManager] Added cgroup 132875 via bpftool
[CgroupManager] Added cgroup 132961 via bpftool
[EventRouter] DEBUG: EXEC #34 filename='/bin/true', triggers=['585488837a26f33f0b5a8e9f7f36ecba800df61f0344ec55f8986a0b3fad904d.elf', '/tmp/585488837a26f33f0b5a8e9f7f36ecba800df61f0344ec55f8986a0b3fad904d.elf']
[EventRouter] DEBUG: EXEC #34 filename='/bin/true', triggers=['c00d0c1cafff75f1a77cc5dc02f70994064e1c2a9bdcb34cf86692cd6ac9acef.elf', '/tmp/c00d0c1cafff75f1a77cc5dc02f70994064e1c2a9bdcb34cf86692cd6ac9acef.elf']
[EventRouter] ARM detected at event 89 for cgroup 132875
[EventRouter] Discarded 88 pre-ARM events for cgroup 132875
[DOCKER] Container exit code: 0
[DOCKER][STDOUT] BEGIN
sh: 1: killall: not found
sh: 1: iptables: not found
sh: 1: iptables: not found
sh: 1: iptables: not found
sh: 1: iptables: not found
sh: 1: iptables: not found
sh: 1: iptables: not found
sh: 1: iptables: not found
sh: 1: iptables: not found
[DOCKER][STDOUT] END
[DOCKER] Raw stdout saved: analysislog/f7375f0ae0287b6aa966ae8ade9cadbd13821544a242f8418554ec462b71f8fd.elf_2025-12-02_22-54-16_d733ea46_container_stdout.txt
[EventRouter] ARM detected at event 88 for cgroup 132789
[EventRouter] Discarded 87 pre-ARM events for cgroup 132789
[EventRouter] ARM detected at event 128 for cgroup 132961
[EventRouter] Discarded 127 pre-ARM events for cgroup 132961
[DOCKER] Container exit code: 135
[DOCKER][STDOUT] BEGIN
qemu-mips: QEMU internal SIGBUS {code=ADRERR, addr=0x4206a8}
Bus error (core dumped)
[DOCKER][STDOUT] END
[DOCKER] Raw stdout saved: analysislog/c00d0c1cafff75f1a77cc5dc02f70994064e1c2a9bdcb34cf86692cd6ac9acef.elf_2025-12-02_22-54-18_26bcefa6_container_stdout.txt
[POOL] Fatal crash detected (exit=135) - using fast drain mode
[CgroupManager] Removed cgroup 132875 via bpftool
[POOL] Stopped BPF monitoring for cgroup 132875
[DOCKER] Container exit code: 135
[DOCKER][STDOUT] BEGIN
qemu-mips: QEMU internal SIGBUS {code=ADRERR, addr=0x4206a8}
Bus error (core dumped)
[DOCKER][STDOUT] END
[DOCKER] Raw stdout saved: analysislog/585488837a26f33f0b5a8e9f7f36ecba800df61f0344ec55f8986a0b3fad904d.elf_2025-12-02_22-54-18_45a7eafb_container_stdout.txt
[POOL] Fatal crash detected (exit=135) - using fast drain mode
[CgroupManager] Removed cgroup 132789 via bpftool
[POOL] Stopped BPF monitoring for cgroup 132789
[DOCKER] Container exit code: 135
[DOCKER][STDOUT] BEGIN
qemu-mips: QEMU internal SIGBUS {code=ADRERR, addr=0x4206a8}
Bus error (core dumped)
[DOCKER][STDOUT] END
[DOCKER] Raw stdout saved: analysislog/7b83dc70b31afea07e747011543d41f0170e0ef70d617f54f3fcb2ff4214840a.elf_2025-12-02_22-54-18_ab8bd3f9_container_stdout.txt
[POOL] Fatal crash detected (exit=135) - using fast drain mode
[CgroupManager] Removed cgroup 132961 via bpftool
[POOL] Stopped BPF monitoring for cgroup 132961
[POOL] Collected 23 events for analysis (read from log file)
[POOL] Running analyzers on 23 events for c00d0c1cafff75f1a77cc5dc02f70994064e1c2a9bdcb34cf86692cd6ac9acef.elf
[POOL] Analysis completed: 0 findings in 0.00s (20265 events/s)
[AI-Integration] Submitted task: 26bcefa6
[AI] 26bcefa6 queued for DeepSeek analysis
[CgroupManager] bpftool delete failed: Command '['sudo', '/usr/sbin/bpftool', 'map', 'delete', 'id', '1364', 'key', 'hex', '0b', '07', '02', '00', '00', '00', '00', '00']' returned non-zero exit status 254.
[POOL] Cleanup scheduled for 5ab949ecc046
[DockerWorker-1] CRASHED (Exploit/Bug): c00d0c1cafff75f1a77cc5dc02f70994064e1c2a9bdcb34cf86692cd6ac9acef.elf - Crashed: Bus Error (SIGBUS) (1.03s)
[DockerWorker-1] Starting: 974688d36925cb33cf7f4673265f72f4d5949b6c22027e0fc54b6db2f440830a.elf (8_32bit)
[ANALYSISLOG] 974688d36925cb33cf7f4673265f72f4d5949b6c22027e0fc54b6db2f440830a.elf -> analysislog/974688d36925cb33cf7f4673265f72f4d5949b6c22027e0fc54b6db2f440830a.elf_2025-12-02_22-54-19_3475a643.jsonl
[DOCKER] Detected dockcross image, forcing platform to linux/amd64
[DOCKER] Selected image for libc=glibc: dockcross/linux-mips:latest
[POOL] Collected 195 events for analysis (read from log file)
[POOL] Running analyzers on 195 events for f7375f0ae0287b6aa966ae8ade9cadbd13821544a242f8418554ec462b71f8fd.elf
[POOL] Analysis completed: 1 findings in 0.00s (150035 events/s)
[AI-Integration] Submitted task: d733ea46
[AI] d733ea46 queued for DeepSeek analysis
[CgroupManager] Removed cgroup 132273 via bpftool
[POOL] Cleanup scheduled for 02f262bbe6a2
[DockerWorker-3] ✓ Completed: f7375f0ae0287b6aa966ae8ade9cadbd13821544a242f8418554ec462b71f8fd.elf (195 events) (3.08s)
[DockerWorker-3] Starting: 450d79cc40e93304fca3d435b88b317fe1a5bbdecb04356843c51c188c099174.elf (8_32bit)
[ANALYSISLOG] 450d79cc40e93304fca3d435b88b317fe1a5bbdecb04356843c51c188c099174.elf -> analysislog/450d79cc40e93304fca3d435b88b317fe1a5bbdecb04356843c51c188c099174.elf_2025-12-02_22-54-19_2ba0317d.jsonl
[DOCKER] Detected dockcross image, forcing platform to linux/amd64
[DOCKER] Selected image for libc=glibc: dockcross/linux-mips:latest
[POOL] Collected 23 events for analysis (read from log file)
[POOL] Running analyzers on 23 events for 585488837a26f33f0b5a8e9f7f36ecba800df61f0344ec55f8986a0b3fad904d.elf
[POOL] Analysis completed: 0 findings in 0.00s (21322 events/s)
[AI-Integration] Submitted task: 45a7eafb
[AI] 45a7eafb queued for DeepSeek analysis
[CgroupManager] bpftool delete failed: Command '['sudo', '/usr/sbin/bpftool', 'map', 'delete', 'id', '1364', 'key', 'hex', 'b5', '06', '02', '00', '00', '00', '00', '00']' returned non-zero exit status 254.
[POOL] Cleanup scheduled for e09c4ba80f63
[DockerWorker-2] CRASHED (Exploit/Bug): 585488837a26f33f0b5a8e9f7f36ecba800df61f0344ec55f8986a0b3fad904d.elf - Crashed: Bus Error (SIGBUS) (1.21s)
[DockerWorker-2] Starting: 198ae3d435ddc6dc243d99cfca51a3a61a03f6058fbe24dfe93ee306778c64b7.elf (8_32bit)
[ANALYSISLOG] 198ae3d435ddc6dc243d99cfca51a3a61a03f6058fbe24dfe93ee306778c64b7.elf -> analysislog/198ae3d435ddc6dc243d99cfca51a3a61a03f6058fbe24dfe93ee306778c64b7.elf_2025-12-02_22-54-19_e54e56ec.jsonl
[DOCKER] Detected dockcross image, forcing platform to linux/amd64
[DOCKER] Selected image for libc=glibc: dockcross/linux-mips:latest
[POOL] Collected 23 events for analysis (read from log file)
[POOL] Running analyzers on 23 events for 7b83dc70b31afea07e747011543d41f0170e0ef70d617f54f3fcb2ff4214840a.elf
[POOL] Analysis completed: 0 findings in 0.00s (21681 events/s)
[AI-Integration] Submitted task: ab8bd3f9
[AI] ab8bd3f9 queued for DeepSeek analysis
[CgroupManager] bpftool delete failed: Command '['sudo', '/usr/sbin/bpftool', 'map', 'delete', 'id', '1364', 'key', 'hex', '61', '07', '02', '00', '00', '00', '00', '00']' returned non-zero exit status 254.
[POOL] Cleanup scheduled for f76ec0261675
[DockerWorker-0] CRASHED (Exploit/Bug): 7b83dc70b31afea07e747011543d41f0170e0ef70d617f54f3fcb2ff4214840a.elf - Crashed: Bus Error (SIGBUS) (1.21s)
[DockerWorker-0] Starting: 2076e024ebc54a5fb3bf3a3d10f1bb73fdde763510dd5854139220be24e1cd57.elf (8_32bit)
[ANALYSISLOG] 2076e024ebc54a5fb3bf3a3d10f1bb73fdde763510dd5854139220be24e1cd57.elf -> analysislog/2076e024ebc54a5fb3bf3a3d10f1bb73fdde763510dd5854139220be24e1cd57.elf_2025-12-02_22-54-19_b72e8dd5.jsonl
[DOCKER] Detected dockcross image, forcing platform to linux/amd64
[DOCKER] Selected image for libc=glibc: dockcross/linux-mipsel:latest
[DOCKER] Container exit code: 0
[DOCKER][STDOUT] BEGIN
sh: 1: killall: not found
sh: 1: iptables: not found
sh: 1: iptables: not found
sh: 1: iptables: not found
sh: 1: iptables: not found
sh: 1: iptables: not found
sh: 1: iptables: not found
sh: 1: iptables: not found
sh: 1: iptables: not found
[DOCKER][STDOUT] END
[DOCKER] Raw stdout saved: analysislog/b5cf68c7cb5bb2d21d60bf6654926f61566d95bfd7c9f9e182d032f1da5b4605.elf_2025-12-02_22-54-17_27214ac2_container_stdout.txt
[CgroupManager] Added cgroup 133047 via bpftool
[CgroupManager] Added cgroup 133133 via bpftool
[CgroupManager] Added cgroup 133219 via bpftool
[EventRouter] DEBUG: EXEC #33 filename='/bin/true', triggers=['974688d36925cb33cf7f4673265f72f4d5949b6c22027e0fc54b6db2f440830a.elf', '/tmp/974688d36925cb33cf7f4673265f72f4d5949b6c22027e0fc54b6db2f440830a.elf']
[CgroupManager] Added cgroup 133305 via bpftool
[EventRouter] DEBUG: EXEC #50 filename='/bin/true', triggers=['450d79cc40e93304fca3d435b88b317fe1a5bbdecb04356843c51c188c099174.elf', '/tmp/450d79cc40e93304fca3d435b88b317fe1a5bbdecb04356843c51c188c099174.elf']
[EventRouter] DEBUG: EXEC #33 filename='/bin/true', triggers=['198ae3d435ddc6dc243d99cfca51a3a61a03f6058fbe24dfe93ee306778c64b7.elf', '/tmp/198ae3d435ddc6dc243d99cfca51a3a61a03f6058fbe24dfe93ee306778c64b7.elf']
[EventRouter] DEBUG: EXEC #49 filename='/bin/true', triggers=['2076e024ebc54a5fb3bf3a3d10f1bb73fdde763510dd5854139220be24e1cd57.elf', '/tmp/2076e024ebc54a5fb3bf3a3d10f1bb73fdde763510dd5854139220be24e1cd57.elf']
[DOCKER] Container exit code: 0
[DOCKER][STDOUT] BEGIN
sh: 1: killall: not found
sh: 1: iptables: not found
sh: 1: iptables: not found
sh: 1: iptables: not found
sh: 1: iptables: not found
sh: 1: iptables: not found
sh: 1: iptables: not found
sh: 1: iptables: not found
sh: 1: iptables: not found
[DOCKER][STDOUT] END
[DOCKER] Raw stdout saved: analysislog/4293c1d8574dc87c58360d6bac3daa182f64f7785c9d41da5e0741d2b1817fc7.elf_2025-12-02_22-54-17_8913a8df_container_stdout.txt
[EventRouter] ARM detected at event 127 for cgroup 133305
[EventRouter] Discarded 126 pre-ARM events for cgroup 133305
[EventRouter] ARM detected at event 89 for cgroup 133047
[EventRouter] Discarded 88 pre-ARM events for cgroup 133047
[EventRouter] ARM detected at event 89 for cgroup 133219
[EventRouter] Discarded 88 pre-ARM events for cgroup 133219
[EventRouter] ARM detected at event 106 for cgroup 133133
[EventRouter] Discarded 105 pre-ARM events for cgroup 133133
[DOCKER] Container exit code: 135
[DOCKER][STDOUT] BEGIN
qemu-mips: QEMU internal SIGBUS {code=ADRERR, addr=0x4206a8}
Bus error (core dumped)
[DOCKER][STDOUT] END
[DOCKER] Raw stdout saved: analysislog/974688d36925cb33cf7f4673265f72f4d5949b6c22027e0fc54b6db2f440830a.elf_2025-12-02_22-54-19_3475a643_container_stdout.txt
[POOL] Fatal crash detected (exit=135) - using fast drain mode
[CgroupManager] Removed cgroup 133047 via bpftool
[POOL] Stopped BPF monitoring for cgroup 133047
[POOL] Collected 195 events for analysis (read from log file)
[POOL] Running analyzers on 195 events for b5cf68c7cb5bb2d21d60bf6654926f61566d95bfd7c9f9e182d032f1da5b4605.elf
[POOL] Analysis completed: 1 findings in 0.00s (164522 events/s)
[AI-Integration] Submitted task: 27214ac2
[AI] 27214ac2 queued for DeepSeek analysis
[DOCKER] Container exit code: 135
[DOCKER][STDOUT] BEGIN
qemu-mipsel: QEMU internal SIGBUS {code=ADRERR, addr=0x420d70}
Bus error (core dumped)
[DOCKER][STDOUT] END
[DOCKER] Raw stdout saved: analysislog/2076e024ebc54a5fb3bf3a3d10f1bb73fdde763510dd5854139220be24e1cd57.elf_2025-12-02_22-54-19_b72e8dd5_container_stdout.txt
[POOL] Fatal crash detected (exit=135) - using fast drain mode
[CgroupManager] Removed cgroup 132531 via bpftool
[POOL] Cleanup scheduled for 8e6ed34b3922
[DockerWorker-5] ✓ Completed: b5cf68c7cb5bb2d21d60bf6654926f61566d95bfd7c9f9e182d032f1da5b4605.elf (195 events) (3.23s)
[DockerWorker-5] Starting: 58b017692224c462b4ae6fc935df96300f33d1e0e40b309c7b31792240d99102.elf (8_32bit)
[ANALYSISLOG] 58b017692224c462b4ae6fc935df96300f33d1e0e40b309c7b31792240d99102.elf -> analysislog/58b017692224c462b4ae6fc935df96300f33d1e0e40b309c7b31792240d99102.elf_2025-12-02_22-54-20_3f27a3e9.jsonl
[DOCKER] Detected dockcross image, forcing platform to linux/amd64
[DOCKER] Selected image for libc=glibc: dockcross/linux-mips:latest
[CgroupManager] Removed cgroup 133305 via bpftool
[POOL] Stopped BPF monitoring for cgroup 133305
[DOCKER] Container exit code: 135
[DOCKER][STDOUT] BEGIN
qemu-mips: QEMU internal SIGBUS {code=ADRERR, addr=0x4206a8}
Bus error (core dumped)
[DOCKER][STDOUT] END
[DOCKER] Raw stdout saved: analysislog/198ae3d435ddc6dc243d99cfca51a3a61a03f6058fbe24dfe93ee306778c64b7.elf_2025-12-02_22-54-19_e54e56ec_container_stdout.txt
[POOL] Fatal crash detected (exit=135) - using fast drain mode
[CgroupManager] Removed cgroup 133219 via bpftool
[POOL] Stopped BPF monitoring for cgroup 133219
[POOL] Collected 196 events for analysis (read from log file)
[POOL] Running analyzers on 196 events for 4293c1d8574dc87c58360d6bac3daa182f64f7785c9d41da5e0741d2b1817fc7.elf
[POOL] Collected 23 events for analysis (read from log file)
[POOL] Running analyzers on 23 events for 974688d36925cb33cf7f4673265f72f4d5949b6c22027e0fc54b6db2f440830a.elf
[POOL] Analysis completed: 0 findings in 0.00s (21507 events/s)
[AI-Integration] Submitted task: 3475a643
[AI] 3475a643 queued for DeepSeek analysis
[POOL] Analysis completed: 1 findings in 0.01s (17623 events/s)
[AI-Integration] Submitted task: 8913a8df
[AI] 8913a8df queued for DeepSeek analysis
[CgroupManager] bpftool delete failed: Command '['sudo', '/usr/sbin/bpftool', 'map', 'delete', 'id', '1364', 'key', 'hex', 'b7', '07', '02', '00', '00', '00', '00', '00']' returned non-zero exit status 254.
[POOL] Cleanup scheduled for 91e3b8248d48
[DockerWorker-1] CRASHED (Exploit/Bug): 974688d36925cb33cf7f4673265f72f4d5949b6c22027e0fc54b6db2f440830a.elf - Crashed: Bus Error (SIGBUS) (1.21s)
[DockerWorker-1] Starting: 91643002be04f1f63ddf2ab5122f1fa600b364ead3441f64511d3049c4aa57f6.elf (8_32bit)
[ANALYSISLOG] 91643002be04f1f63ddf2ab5122f1fa600b364ead3441f64511d3049c4aa57f6.elf -> analysislog/91643002be04f1f63ddf2ab5122f1fa600b364ead3441f64511d3049c4aa57f6.elf_2025-12-02_22-54-20_e8c5f70d.jsonl
[DOCKER] Detected dockcross image, forcing platform to linux/amd64
[DOCKER] Selected image for libc=glibc: dockcross/linux-mipsel:latest
[CgroupManager] Removed cgroup 132703 via bpftool
[POOL] Cleanup scheduled for 7b8a54470138
[DockerWorker-4] ✓ Completed: 4293c1d8574dc87c58360d6bac3daa182f64f7785c9d41da5e0741d2b1817fc7.elf (196 events) (3.11s)
[DockerWorker-4] Starting: 3a2b0298688a91a60adfc4e5b6febc3ee73d6b9fa23c0413cd6eea8da7a2b630.elf (8_32bit)
[ANALYSISLOG] 3a2b0298688a91a60adfc4e5b6febc3ee73d6b9fa23c0413cd6eea8da7a2b630.elf -> analysislog/3a2b0298688a91a60adfc4e5b6febc3ee73d6b9fa23c0413cd6eea8da7a2b630.elf_2025-12-02_22-54-20_415f3701.jsonl
[DOCKER] Detected dockcross image, forcing platform to linux/amd64
[DOCKER] Selected image for libc=glibc: dockcross/linux-mips:latest
[DOCKER] Container exit code: 135
[DOCKER][STDOUT] BEGIN
qemu-mips: QEMU internal SIGBUS {code=ADRERR, addr=0x41fb68}
Bus error (core dumped)
[DOCKER][STDOUT] END
[DOCKER] Raw stdout saved: analysislog/450d79cc40e93304fca3d435b88b317fe1a5bbdecb04356843c51c188c099174.elf_2025-12-02_22-54-19_2ba0317d_container_stdout.txt
[POOL] Fatal crash detected (exit=135) - using fast drain mode
[CgroupManager] Removed cgroup 133133 via bpftool
[POOL] Stopped BPF monitoring for cgroup 133133
[POOL] Collected 23 events for analysis (read from log file)
[POOL] Running analyzers on 23 events for 2076e024ebc54a5fb3bf3a3d10f1bb73fdde763510dd5854139220be24e1cd57.elf
[POOL] Analysis completed: 0 findings in 0.00s (21536 events/s)
[AI-Integration] Submitted task: b72e8dd5
[AI] b72e8dd5 queued for DeepSeek analysis
[CgroupManager] bpftool delete failed: Command '['sudo', '/usr/sbin/bpftool', 'map', 'delete', 'id', '1364', 'key', 'hex', 'b9', '08', '02', '00', '00', '00', '00', '00']' returned non-zero exit status 254.
[POOL] Cleanup scheduled for 5b6ec8fe0d36
[DockerWorker-0] CRASHED (Exploit/Bug): 2076e024ebc54a5fb3bf3a3d10f1bb73fdde763510dd5854139220be24e1cd57.elf - Crashed: Bus Error (SIGBUS) (1.12s)
[DockerWorker-0] Starting: 740d845232b2b60e8b52c9eac3f464504db0e9c057ee90b2b6f88a8b4d5289ce.elf (8_32bit)
[ANALYSISLOG] 740d845232b2b60e8b52c9eac3f464504db0e9c057ee90b2b6f88a8b4d5289ce.elf -> analysislog/740d845232b2b60e8b52c9eac3f464504db0e9c057ee90b2b6f88a8b4d5289ce.elf_2025-12-02_22-54-20_d13324b4.jsonl
[DOCKER] Detected dockcross image, forcing platform to linux/amd64
[DOCKER] Selected image for libc=glibc: dockcross/linux-mips:latest
[POOL] Collected 23 events for analysis (read from log file)
[POOL] Running analyzers on 23 events for 198ae3d435ddc6dc243d99cfca51a3a61a03f6058fbe24dfe93ee306778c64b7.elf
[POOL] Analysis completed: 0 findings in 0.00s (20151 events/s)
[AI-Integration] Submitted task: e54e56ec
[AI] e54e56ec queued for DeepSeek analysis
[CgroupManager] bpftool delete failed: Command '['sudo', '/usr/sbin/bpftool', 'map', 'delete', 'id', '1364', 'key', 'hex', '63', '08', '02', '00', '00', '00', '00', '00']' returned non-zero exit status 254.
[POOL] Cleanup scheduled for a7ced25be526
[DockerWorker-2] CRASHED (Exploit/Bug): 198ae3d435ddc6dc243d99cfca51a3a61a03f6058fbe24dfe93ee306778c64b7.elf - Crashed: Bus Error (SIGBUS) (1.37s)
[DockerWorker-2] Starting: 232cc44af01cef65bb8a7016914e618bd0a2ff3667a304b45b8241aa29c21d51.elf (8_32bit)
[ANALYSISLOG] 232cc44af01cef65bb8a7016914e618bd0a2ff3667a304b45b8241aa29c21d51.elf -> analysislog/232cc44af01cef65bb8a7016914e618bd0a2ff3667a304b45b8241aa29c21d51.elf_2025-12-02_22-54-21_7b906b7f.jsonl
[DOCKER] Detected dockcross image, forcing platform to linux/amd64
[DOCKER] Selected image for libc=glibc: dockcross/linux-mips:latest
[CgroupManager] Added cgroup 133477 via bpftool
[POOL] Collected 23 events for analysis (read from log file)
[POOL] Running analyzers on 23 events for 450d79cc40e93304fca3d435b88b317fe1a5bbdecb04356843c51c188c099174.elf
[POOL] Analysis completed: 0 findings in 0.00s (21393 events/s)
[AI-Integration] Submitted task: 2ba0317d
[AI] 2ba0317d queued for DeepSeek analysis
[CgroupManager] Added cgroup 133563 via bpftool
[EventRouter] DEBUG: EXEC #34 filename='/bin/true', triggers=['91643002be04f1f63ddf2ab5122f1fa600b364ead3441f64511d3049c4aa57f6.elf', '/tmp/91643002be04f1f63ddf2ab5122f1fa600b364ead3441f64511d3049c4aa57f6.elf']
[CgroupManager] Added cgroup 133391 via bpftool
[CgroupManager] bpftool delete failed: Command '['sudo', '/usr/sbin/bpftool', 'map', 'delete', 'id', '1364', 'key', 'hex', '0d', '08', '02', '00', '00', '00', '00', '00']' returned non-zero exit status 254.
[POOL] Cleanup scheduled for 0361b36acbe3
[DockerWorker-3] CRASHED (Exploit/Bug): 450d79cc40e93304fca3d435b88b317fe1a5bbdecb04356843c51c188c099174.elf - Crashed: Bus Error (SIGBUS) (1.56s)
[DockerWorker-3] Starting: b89dcbaf68519d6fbcd3d3cda59c9d1dcc0865f9a3c17847d283c0ad26f74d30.elf (8_32bit)
[ANALYSISLOG] b89dcbaf68519d6fbcd3d3cda59c9d1dcc0865f9a3c17847d283c0ad26f74d30.elf -> analysislog/b89dcbaf68519d6fbcd3d3cda59c9d1dcc0865f9a3c17847d283c0ad26f74d30.elf_2025-12-02_22-54-21_e53c2873.jsonl
[DOCKER] Detected dockcross image, forcing platform to linux/amd64
[DOCKER] Selected image for libc=glibc: dockcross/linux-mips:latest
[EventRouter] DEBUG: EXEC #33 filename='/bin/true', triggers=['3a2b0298688a91a60adfc4e5b6febc3ee73d6b9fa23c0413cd6eea8da7a2b630.elf', '/tmp/3a2b0298688a91a60adfc4e5b6febc3ee73d6b9fa23c0413cd6eea8da7a2b630.elf']
[EventRouter] DEBUG: EXEC #50 filename='/bin/true', triggers=['58b017692224c462b4ae6fc935df96300f33d1e0e40b309c7b31792240d99102.elf', '/tmp/58b017692224c462b4ae6fc935df96300f33d1e0e40b309c7b31792240d99102.elf']
[CgroupManager] Added cgroup 133649 via bpftool
[EventRouter] DEBUG: EXEC #35 filename='/bin/true', triggers=['740d845232b2b60e8b52c9eac3f464504db0e9c057ee90b2b6f88a8b4d5289ce.elf', '/tmp/740d845232b2b60e8b52c9eac3f464504db0e9c057ee90b2b6f88a8b4d5289ce.elf']
[EventRouter] ARM detected at event 96 for cgroup 133477
[EventRouter] Discarded 95 pre-ARM events for cgroup 133477
[EventRouter] ARM detected at event 105 for cgroup 133391
[EventRouter] Discarded 104 pre-ARM events for cgroup 133391
[EventRouter] ARM detected at event 89 for cgroup 133563
[EventRouter] Discarded 88 pre-ARM events for cgroup 133563
[CgroupManager] Added cgroup 133735 via bpftool
[EventRouter] DEBUG: EXEC #35 filename='/bin/true', triggers=['232cc44af01cef65bb8a7016914e618bd0a2ff3667a304b45b8241aa29c21d51.elf', '/tmp/232cc44af01cef65bb8a7016914e618bd0a2ff3667a304b45b8241aa29c21d51.elf']
[EventRouter] ARM detected at event 91 for cgroup 133649
[EventRouter] Discarded 90 pre-ARM events for cgroup 133649
[CgroupManager] Added cgroup 133821 via bpftool
[DOCKER] Container exit code: 135
[DOCKER][STDOUT] BEGIN
qemu-mips: QEMU internal SIGBUS {code=ADRERR, addr=0x4206a8}
Bus error (core dumped)
[DOCKER][STDOUT] END
[DOCKER] Raw stdout saved: analysislog/58b017692224c462b4ae6fc935df96300f33d1e0e40b309c7b31792240d99102.elf_2025-12-02_22-54-20_3f27a3e9_container_stdout.txt
[POOL] Fatal crash detected (exit=135) - using fast drain mode
[EventRouter] DEBUG: EXEC #32 filename='/bin/true', triggers=['b89dcbaf68519d6fbcd3d3cda59c9d1dcc0865f9a3c17847d283c0ad26f74d30.elf', '/tmp/b89dcbaf68519d6fbcd3d3cda59c9d1dcc0865f9a3c17847d283c0ad26f74d30.elf']
[CgroupManager] Removed cgroup 133391 via bpftool
[POOL] Stopped BPF monitoring for cgroup 133391
[EventRouter] ARM detected at event 90 for cgroup 133735
[EventRouter] Discarded 89 pre-ARM events for cgroup 133735
[DOCKER] Container exit code: 135
[DOCKER][STDOUT] BEGIN
qemu-mips: QEMU internal SIGBUS {code=ADRERR, addr=0x4206a8}
Bus error (core dumped)
[DOCKER][STDOUT] END
[DOCKER] Raw stdout saved: analysislog/3a2b0298688a91a60adfc4e5b6febc3ee73d6b9fa23c0413cd6eea8da7a2b630.elf_2025-12-02_22-54-20_415f3701_container_stdout.txt
[POOL] Fatal crash detected (exit=135) - using fast drain mode
[CgroupManager] Removed cgroup 133563 via bpftool
[POOL] Stopped BPF monitoring for cgroup 133563
[EventRouter] ARM detected at event 87 for cgroup 133821
[EventRouter] Discarded 86 pre-ARM events for cgroup 133821
[DOCKER] Container exit code: 135
[DOCKER][STDOUT] BEGIN
qemu-mips: QEMU internal SIGBUS {code=ADRERR, addr=0x4206a8}
Bus error (core dumped)
[DOCKER][STDOUT] END
[DOCKER] Raw stdout saved: analysislog/740d845232b2b60e8b52c9eac3f464504db0e9c057ee90b2b6f88a8b4d5289ce.elf_2025-12-02_22-54-20_d13324b4_container_stdout.txt
[POOL] Fatal crash detected (exit=135) - using fast drain mode
[CgroupManager] Removed cgroup 133649 via bpftool
[POOL] Stopped BPF monitoring for cgroup 133649
[POOL] Collected 23 events for analysis (read from log file)
[POOL] Running analyzers on 23 events for 58b017692224c462b4ae6fc935df96300f33d1e0e40b309c7b31792240d99102.elf
[POOL] Analysis completed: 0 findings in 0.00s (21536 events/s)
[AI-Integration] Submitted task: 3f27a3e9
[AI] 3f27a3e9 queued for DeepSeek analysis
[CgroupManager] bpftool delete failed: Command '['sudo', '/usr/sbin/bpftool', 'map', 'delete', 'id', '1364', 'key', 'hex', '0f', '09', '02', '00', '00', '00', '00', '00']' returned non-zero exit status 254.
[POOL] Cleanup scheduled for 08112398e24a
[DockerWorker-5] CRASHED (Exploit/Bug): 58b017692224c462b4ae6fc935df96300f33d1e0e40b309c7b31792240d99102.elf - Crashed: Bus Error (SIGBUS) (1.26s)
[DockerWorker-5] Starting: 419fd7c658a345fd2e0e3061fb1ebcc3b95385a3520a600aa4612a73453786ed.elf (8_32bit)
[ANALYSISLOG] 419fd7c658a345fd2e0e3061fb1ebcc3b95385a3520a600aa4612a73453786ed.elf -> analysislog/419fd7c658a345fd2e0e3061fb1ebcc3b95385a3520a600aa4612a73453786ed.elf_2025-12-02_22-54-21_6af38af5.jsonl
[DOCKER] Detected dockcross image, forcing platform to linux/amd64
[DOCKER] Selected image for libc=glibc: dockcross/linux-mips:latest
[DOCKER] Container exit code: 135
[DOCKER][STDOUT] BEGIN
qemu-mips: QEMU internal SIGBUS {code=ADRERR, addr=0x4206a8}
Bus error (core dumped)
[DOCKER][STDOUT] END
[DOCKER] Raw stdout saved: analysislog/232cc44af01cef65bb8a7016914e618bd0a2ff3667a304b45b8241aa29c21d51.elf_2025-12-02_22-54-21_7b906b7f_container_stdout.txt
[POOL] Fatal crash detected (exit=135) - using fast drain mode
[CgroupManager] Removed cgroup 133735 via bpftool
[POOL] Stopped BPF monitoring for cgroup 133735
[POOL] Collected 23 events for analysis (read from log file)
[POOL] Running analyzers on 23 events for 3a2b0298688a91a60adfc4e5b6febc3ee73d6b9fa23c0413cd6eea8da7a2b630.elf
[POOL] Analysis completed: 0 findings in 0.00s (21303 events/s)
[AI-Integration] Submitted task: 415f3701
[AI] 415f3701 queued for DeepSeek analysis
[CgroupManager] bpftool delete failed: Command '['sudo', '/usr/sbin/bpftool', 'map', 'delete', 'id', '1364', 'key', 'hex', 'bb', '09', '02', '00', '00', '00', '00', '00']' returned non-zero exit status 254.
[POOL] Cleanup scheduled for a33f01a8ec12
[DockerWorker-4] CRASHED (Exploit/Bug): 3a2b0298688a91a60adfc4e5b6febc3ee73d6b9fa23c0413cd6eea8da7a2b630.elf - Crashed: Bus Error (SIGBUS) (1.14s)
[DockerWorker-4] Starting: 30c382cb63dfc23e100745f21de7089d0af6b5db3505c138b304c4e89e430d38.elf (8_32bit)
[ANALYSISLOG] 30c382cb63dfc23e100745f21de7089d0af6b5db3505c138b304c4e89e430d38.elf -> analysislog/30c382cb63dfc23e100745f21de7089d0af6b5db3505c138b304c4e89e430d38.elf_2025-12-02_22-54-21_507a026f.jsonl
[DOCKER] Detected dockcross image, forcing platform to linux/amd64
[DOCKER] Selected image for libc=glibc: dockcross/linux-mips:latest
[DOCKER] Container exit code: 135
[DOCKER][STDOUT] BEGIN
qemu-mips: QEMU internal SIGBUS {code=ADRERR, addr=0x4206a8}
Bus error (core dumped)
[DOCKER][STDOUT] END
[DOCKER] Raw stdout saved: analysislog/b89dcbaf68519d6fbcd3d3cda59c9d1dcc0865f9a3c17847d283c0ad26f74d30.elf_2025-12-02_22-54-21_e53c2873_container_stdout.txt
[POOL] Fatal crash detected (exit=135) - using fast drain mode
[CgroupManager] Removed cgroup 133821 via bpftool
[POOL] Stopped BPF monitoring for cgroup 133821
[POOL] Collected 23 events for analysis (read from log file)
[POOL] Running analyzers on 23 events for 740d845232b2b60e8b52c9eac3f464504db0e9c057ee90b2b6f88a8b4d5289ce.elf
[POOL] Analysis completed: 0 findings in 0.00s (21158 events/s)
[AI-Integration] Submitted task: d13324b4
[AI] d13324b4 queued for DeepSeek analysis
[CgroupManager] bpftool delete failed: Command '['sudo', '/usr/sbin/bpftool', 'map', 'delete', 'id', '1364', 'key', 'hex', '11', '0a', '02', '00', '00', '00', '00', '00']' returned non-zero exit status 254.
[POOL] Cleanup scheduled for aa3f204c67b5
[DockerWorker-0] CRASHED (Exploit/Bug): 740d845232b2b60e8b52c9eac3f464504db0e9c057ee90b2b6f88a8b4d5289ce.elf - Crashed: Bus Error (SIGBUS) (1.17s)
[DockerWorker-0] Starting: b1d57fd6bcd109a99d5023d76767aa6fdb520138e4eaad2a9a48afb3b6fb98b6.elf (8_32bit)
[ANALYSISLOG] b1d57fd6bcd109a99d5023d76767aa6fdb520138e4eaad2a9a48afb3b6fb98b6.elf -> analysislog/b1d57fd6bcd109a99d5023d76767aa6fdb520138e4eaad2a9a48afb3b6fb98b6.elf_2025-12-02_22-54-22_5fe36efe.jsonl
[DOCKER] Detected dockcross image, forcing platform to linux/amd64
[DOCKER] Selected image for libc=glibc: dockcross/linux-mips:latest
[POOL] Collected 23 events for analysis (read from log file)
[POOL] Running analyzers on 23 events for 232cc44af01cef65bb8a7016914e618bd0a2ff3667a304b45b8241aa29c21d51.elf
[POOL] Analysis completed: 0 findings in 0.00s (21200 events/s)
[AI-Integration] Submitted task: 7b906b7f
[AI] 7b906b7f queued for DeepSeek analysis
[CgroupManager] bpftool delete failed: Command '['sudo', '/usr/sbin/bpftool', 'map', 'delete', 'id', '1364', 'key', 'hex', '67', '0a', '02', '00', '00', '00', '00', '00']' returned non-zero exit status 254.
[POOL] Cleanup scheduled for 3265e9a54479
[DockerWorker-2] CRASHED (Exploit/Bug): 232cc44af01cef65bb8a7016914e618bd0a2ff3667a304b45b8241aa29c21d51.elf - Crashed: Bus Error (SIGBUS) (1.15s)
[DockerWorker-2] Starting: c36c93da186dfa73c1d6575e968be3f83a21a825465bb688e09a42ec402dc378.elf (8_32bit)
[ANALYSISLOG] c36c93da186dfa73c1d6575e968be3f83a21a825465bb688e09a42ec402dc378.elf -> analysislog/c36c93da186dfa73c1d6575e968be3f83a21a825465bb688e09a42ec402dc378.elf_2025-12-02_22-54-22_4ee747f5.jsonl
[DOCKER] Detected dockcross image, forcing platform to linux/amd64
[DOCKER] Selected image for libc=glibc: dockcross/linux-mips:latest
[POOL] Collected 23 events for analysis (read from log file)
[POOL] Running analyzers on 23 events for b89dcbaf68519d6fbcd3d3cda59c9d1dcc0865f9a3c17847d283c0ad26f74d30.elf
[POOL] Analysis completed: 0 findings in 0.00s (21265 events/s)
[AI-Integration] Submitted task: e53c2873
[AI] e53c2873 queued for DeepSeek analysis
[CgroupManager] bpftool delete failed: Command '['sudo', '/usr/sbin/bpftool', 'map', 'delete', 'id', '1364', 'key', 'hex', 'bd', '0a', '02', '00', '00', '00', '00', '00']' returned non-zero exit status 254.
[POOL] Cleanup scheduled for 4d4226ad7538
[DockerWorker-3] CRASHED (Exploit/Bug): b89dcbaf68519d6fbcd3d3cda59c9d1dcc0865f9a3c17847d283c0ad26f74d30.elf - Crashed: Bus Error (SIGBUS) (1.13s)
[DockerWorker-3] Starting: 457ced8306ea5170af06155dfe1e16120e92f43895db3b36e51cd93132948323.elf (8_32bit)
[ANALYSISLOG] 457ced8306ea5170af06155dfe1e16120e92f43895db3b36e51cd93132948323.elf -> analysislog/457ced8306ea5170af06155dfe1e16120e92f43895db3b36e51cd93132948323.elf_2025-12-02_22-54-22_16a53189.jsonl
[DOCKER] Detected dockcross image, forcing platform to linux/amd64
[DOCKER] Selected image for libc=glibc: dockcross/linux-mips:latest
[CgroupManager] Added cgroup 133907 via bpftool
[CgroupManager] Added cgroup 133993 via bpftool
[CgroupManager] Added cgroup 134079 via bpftool
[EventRouter] DEBUG: EXEC #34 filename='/bin/true', triggers=['419fd7c658a345fd2e0e3061fb1ebcc3b95385a3520a600aa4612a73453786ed.elf', '/tmp/419fd7c658a345fd2e0e3061fb1ebcc3b95385a3520a600aa4612a73453786ed.elf']
[EventRouter] DEBUG: EXEC #34 filename='/bin/true', triggers=['30c382cb63dfc23e100745f21de7089d0af6b5db3505c138b304c4e89e430d38.elf', '/tmp/30c382cb63dfc23e100745f21de7089d0af6b5db3505c138b304c4e89e430d38.elf']
[CgroupManager] Added cgroup 134165 via bpftool
[EventRouter] DEBUG: EXEC #33 filename='/bin/true', triggers=['c36c93da186dfa73c1d6575e968be3f83a21a825465bb688e09a42ec402dc378.elf', '/tmp/c36c93da186dfa73c1d6575e968be3f83a21a825465bb688e09a42ec402dc378.elf']
[CgroupManager] Added cgroup 134251 via bpftool
[EventRouter] DEBUG: EXEC #50 filename='/bin/true', triggers=['457ced8306ea5170af06155dfe1e16120e92f43895db3b36e51cd93132948323.elf', '/tmp/457ced8306ea5170af06155dfe1e16120e92f43895db3b36e51cd93132948323.elf']
[EventRouter] ARM detected at event 89 for cgroup 133907
[EventRouter] Discarded 88 pre-ARM events for cgroup 133907
[EventRouter] ARM detected at event 106 for cgroup 134079
[EventRouter] Discarded 105 pre-ARM events for cgroup 134079
[EventRouter] ARM detected at event 90 for cgroup 133993
[EventRouter] Discarded 89 pre-ARM events for cgroup 133993
[EventRouter] ARM detected at event 88 for cgroup 134165
[EventRouter] Discarded 87 pre-ARM events for cgroup 134165
[EventRouter] ARM detected at event 105 for cgroup 134251
[EventRouter] Discarded 104 pre-ARM events for cgroup 134251
[DOCKER] Container exit code: 135
[DOCKER][STDOUT] BEGIN
qemu-mips: QEMU internal SIGBUS {code=ADRERR, addr=0x4206a8}
Bus error (core dumped)
[DOCKER][STDOUT] END
[DOCKER] Raw stdout saved: analysislog/419fd7c658a345fd2e0e3061fb1ebcc3b95385a3520a600aa4612a73453786ed.elf_2025-12-02_22-54-21_6af38af5_container_stdout.txt
[POOL] Fatal crash detected (exit=135) - using fast drain mode
[CgroupManager] Removed cgroup 133907 via bpftool
[POOL] Stopped BPF monitoring for cgroup 133907
[DOCKER] Container exit code: 139
[DOCKER][STDOUT] BEGIN
Segmentation fault (core dumped)
[DOCKER][STDOUT] END
[DOCKER] Raw stdout saved: analysislog/30c382cb63dfc23e100745f21de7089d0af6b5db3505c138b304c4e89e430d38.elf_2025-12-02_22-54-21_507a026f_container_stdout.txt
[POOL] Fatal crash detected (exit=139) - using fast drain mode
[CgroupManager] Removed cgroup 133993 via bpftool
[POOL] Stopped BPF monitoring for cgroup 133993
[DOCKER] Container exit code: 135
[DOCKER][STDOUT] BEGIN
qemu-mips: QEMU internal SIGBUS {code=ADRERR, addr=0x4206a8}
Bus error (core dumped)
[DOCKER][STDOUT] END
[DOCKER] Raw stdout saved: analysislog/c36c93da186dfa73c1d6575e968be3f83a21a825465bb688e09a42ec402dc378.elf_2025-12-02_22-54-22_4ee747f5_container_stdout.txt
[POOL] Fatal crash detected (exit=135) - using fast drain mode
[CgroupManager] Removed cgroup 134165 via bpftool
[POOL] Stopped BPF monitoring for cgroup 134165
[POOL] Collected 23 events for analysis (read from log file)
[POOL] Running analyzers on 23 events for 419fd7c658a345fd2e0e3061fb1ebcc3b95385a3520a600aa4612a73453786ed.elf
[POOL] Analysis completed: 0 findings in 0.00s (21740 events/s)
[AI-Integration] Submitted task: 6af38af5
[AI] 6af38af5 queued for DeepSeek analysis
[DOCKER] Container exit code: 135
[DOCKER][STDOUT] BEGIN
qemu-mips: QEMU internal SIGBUS {code=ADRERR, addr=0x4206a8}
Bus error (core dumped)
[DOCKER][STDOUT] END
[DOCKER] Raw stdout saved: analysislog/457ced8306ea5170af06155dfe1e16120e92f43895db3b36e51cd93132948323.elf_2025-12-02_22-54-22_16a53189_container_stdout.txt
[POOL] Fatal crash detected (exit=135) - using fast drain mode
[CgroupManager] Removed cgroup 134251 via bpftool
[POOL] Stopped BPF monitoring for cgroup 134251
[CgroupManager] bpftool delete failed: Command '['sudo', '/usr/sbin/bpftool', 'map', 'delete', 'id', '1364', 'key', 'hex', '13', '0b', '02', '00', '00', '00', '00', '00']' returned non-zero exit status 254.
[POOL] Cleanup scheduled for c9f1e1a87979
[DockerWorker-5] CRASHED (Exploit/Bug): 419fd7c658a345fd2e0e3061fb1ebcc3b95385a3520a600aa4612a73453786ed.elf - Crashed: Bus Error (SIGBUS) (1.31s)
[DockerWorker-5] Starting: 83c8577430ab9faec1486c411e8f16db8b40a44aa56e7ea075b8608f4c4a42f7.elf (8_32bit)
[ANALYSISLOG] 83c8577430ab9faec1486c411e8f16db8b40a44aa56e7ea075b8608f4c4a42f7.elf -> analysislog/83c8577430ab9faec1486c411e8f16db8b40a44aa56e7ea075b8608f4c4a42f7.elf_2025-12-02_22-54-23_8f6d1a10.jsonl
[DOCKER] Detected dockcross image, forcing platform to linux/amd64
[DOCKER] Selected image for libc=glibc: dockcross/linux-mips:latest
[POOL] Collected 24 events for analysis (read from log file)
[POOL] Running analyzers on 24 events for 30c382cb63dfc23e100745f21de7089d0af6b5db3505c138b304c4e89e430d38.elf
[POOL] Analysis completed: 1 findings in 0.00s (20580 events/s)
[AI-Integration] Submitted task: 507a026f
[AI] 507a026f queued for DeepSeek analysis
[CgroupManager] bpftool delete failed: Command '['sudo', '/usr/sbin/bpftool', 'map', 'delete', 'id', '1364', 'key', 'hex', '69', '0b', '02', '00', '00', '00', '00', '00']' returned non-zero exit status 254.
[POOL] Cleanup scheduled for 638919eeb9cc
[DockerWorker-4] CRASHED (Exploit/Bug): 30c382cb63dfc23e100745f21de7089d0af6b5db3505c138b304c4e89e430d38.elf - Crashed: Segmentation Fault (SIGSEGV) (1.30s)
[DockerWorker-4] Starting: cd471c39505fef91fbc9f5914a4bb9fbbdd4460bdf0664def557dde222c06e66.elf (8_32bit)
[ANALYSISLOG] cd471c39505fef91fbc9f5914a4bb9fbbdd4460bdf0664def557dde222c06e66.elf -> analysislog/cd471c39505fef91fbc9f5914a4bb9fbbdd4460bdf0664def557dde222c06e66.elf_2025-12-02_22-54-23_e136b494.jsonl
[DOCKER] Detected dockcross image, forcing platform to linux/amd64
[DOCKER] Selected image for libc=glibc: dockcross/linux-mips:latest
[DOCKER] Container exit code: 0
[POOL] Collected 23 events for analysis (read from log file)
[POOL] Running analyzers on 23 events for c36c93da186dfa73c1d6575e968be3f83a21a825465bb688e09a42ec402dc378.elf
[POOL] Analysis completed: 0 findings in 0.00s (20167 events/s)
[AI-Integration] Submitted task: 4ee747f5
[AI] 4ee747f5 queued for DeepSeek analysis
[CgroupManager] bpftool delete failed: Command '['sudo', '/usr/sbin/bpftool', 'map', 'delete', 'id', '1364', 'key', 'hex', '15', '0c', '02', '00', '00', '00', '00', '00']' returned non-zero exit status 254.
[POOL] Cleanup scheduled for c2d32b373512
[DockerWorker-2] CRASHED (Exploit/Bug): c36c93da186dfa73c1d6575e968be3f83a21a825465bb688e09a42ec402dc378.elf - Crashed: Bus Error (SIGBUS) (1.19s)
[DockerWorker-2] Starting: a5cae1a63747e60ed69d3a522d889beda4514014f06c7a33868eef217c45ccdc.elf (8_32bit)
[ANALYSISLOG] a5cae1a63747e60ed69d3a522d889beda4514014f06c7a33868eef217c45ccdc.elf -> analysislog/a5cae1a63747e60ed69d3a522d889beda4514014f06c7a33868eef217c45ccdc.elf_2025-12-02_22-54-23_d1d680f7.jsonl
[DOCKER] Detected dockcross image, forcing platform to linux/amd64
[DOCKER] Selected image for libc=glibc: dockcross/linux-mips:latest
[POOL] Collected 23 events for analysis (read from log file)
[POOL] Running analyzers on 23 events for 457ced8306ea5170af06155dfe1e16120e92f43895db3b36e51cd93132948323.elf
[POOL] Analysis completed: 0 findings in 0.00s (21779 events/s)
[AI-Integration] Submitted task: 16a53189
[AI] 16a53189 queued for DeepSeek analysis
[CgroupManager] bpftool delete failed: Command '['sudo', '/usr/sbin/bpftool', 'map', 'delete', 'id', '1364', 'key', 'hex', '6b', '0c', '02', '00', '00', '00', '00', '00']' returned non-zero exit status 254.
[POOL] Cleanup scheduled for 15025a94b5f2
[DockerWorker-3] CRASHED (Exploit/Bug): 457ced8306ea5170af06155dfe1e16120e92f43895db3b36e51cd93132948323.elf - Crashed: Bus Error (SIGBUS) (1.16s)
[DockerWorker-3] Starting: d2bcf89297b6e4b93ab6200647a71ffcb325a6beba972983cdf5a6d32e1e79b8.elf (8_32bit)
[ANALYSISLOG] d2bcf89297b6e4b93ab6200647a71ffcb325a6beba972983cdf5a6d32e1e79b8.elf -> analysislog/d2bcf89297b6e4b93ab6200647a71ffcb325a6beba972983cdf5a6d32e1e79b8.elf_2025-12-02_22-54-23_ef849d46.jsonl
[DOCKER] Detected dockcross image, forcing platform to linux/amd64
[DOCKER] Selected image for libc=glibc: dockcross/linux-mips:latest
[CgroupManager] Added cgroup 134337 via bpftool
[CgroupManager] Added cgroup 134509 via bpftool
[CgroupManager] Added cgroup 134423 via bpftool
[EventRouter] DEBUG: EXEC #34 filename='/bin/true', triggers=['cd471c39505fef91fbc9f5914a4bb9fbbdd4460bdf0664def557dde222c06e66.elf', '/tmp/cd471c39505fef91fbc9f5914a4bb9fbbdd4460bdf0664def557dde222c06e66.elf']
[EventRouter] DEBUG: EXEC #34 filename='/bin/true', triggers=['a5cae1a63747e60ed69d3a522d889beda4514014f06c7a33868eef217c45ccdc.elf', '/tmp/a5cae1a63747e60ed69d3a522d889beda4514014f06c7a33868eef217c45ccdc.elf']
[CgroupManager] Added cgroup 134595 via bpftool
[EventRouter] DEBUG: EXEC #33 filename='/bin/true', triggers=['d2bcf89297b6e4b93ab6200647a71ffcb325a6beba972983cdf5a6d32e1e79b8.elf', '/tmp/d2bcf89297b6e4b93ab6200647a71ffcb325a6beba972983cdf5a6d32e1e79b8.elf']
[POOL] Collected 31 events for analysis (read from log file)
[POOL] Running analyzers on 31 events for 91643002be04f1f63ddf2ab5122f1fa600b364ead3441f64511d3049c4aa57f6.elf
[POOL] Analysis completed: 0 findings in 0.00s (28643 events/s)
[AI-Integration] Submitted task: e8c5f70d
[AI] e8c5f70d queued for DeepSeek analysis
[CgroupManager] Removed cgroup 133477 via bpftool
[POOL] Cleanup scheduled for 11b5da605ef9
[DockerWorker-1] ✓ Completed: 91643002be04f1f63ddf2ab5122f1fa600b364ead3441f64511d3049c4aa57f6.elf (31 events) (3.04s)
[DockerWorker-1] Starting: e40c4ba7c5a6122be47636a59952f82aee24c8c3825a6e4449bb04d0e2ced0eb.elf (8_32bit)
[ANALYSISLOG] e40c4ba7c5a6122be47636a59952f82aee24c8c3825a6e4449bb04d0e2ced0eb.elf -> analysislog/e40c4ba7c5a6122be47636a59952f82aee24c8c3825a6e4449bb04d0e2ced0eb.elf_2025-12-02_22-54-23_e6086807.jsonl
[DOCKER] Detected dockcross image, forcing platform to linux/amd64
[DOCKER] Selected image for libc=glibc: dockcross/linux-mips:latest
[EventRouter] ARM detected at event 89 for cgroup 134337
[EventRouter] Discarded 88 pre-ARM events for cgroup 134337
[EventRouter] ARM detected at event 123 for cgroup 134423
[EventRouter] Discarded 122 pre-ARM events for cgroup 134423
[EventRouter] ARM detected at event 90 for cgroup 134509
[EventRouter] Discarded 89 pre-ARM events for cgroup 134509
[EventRouter] ARM detected at event 89 for cgroup 134595
[EventRouter] Discarded 88 pre-ARM events for cgroup 134595
[DOCKER] Container exit code: 135
[DOCKER][STDOUT] BEGIN
qemu-mips: QEMU internal SIGBUS {code=ADRERR, addr=0x4206a8}
Bus error (core dumped)
[DOCKER][STDOUT] END
[DOCKER] Raw stdout saved: analysislog/a5cae1a63747e60ed69d3a522d889beda4514014f06c7a33868eef217c45ccdc.elf_2025-12-02_22-54-23_d1d680f7_container_stdout.txt
[POOL] Fatal crash detected (exit=135) - using fast drain mode
[CgroupManager] Removed cgroup 134509 via bpftool
[POOL] Stopped BPF monitoring for cgroup 134509
[CgroupManager] Added cgroup 134681 via bpftool
[DOCKER] Container exit code: 135
[DOCKER][STDOUT] BEGIN
qemu-mips: QEMU internal SIGBUS {code=ADRERR, addr=0x4206a8}
Bus error (core dumped)
[DOCKER][STDOUT] END
[DOCKER] Raw stdout saved: analysislog/d2bcf89297b6e4b93ab6200647a71ffcb325a6beba972983cdf5a6d32e1e79b8.elf_2025-12-02_22-54-23_ef849d46_container_stdout.txt
[POOL] Fatal crash detected (exit=135) - using fast drain mode
[CgroupManager] Removed cgroup 134595 via bpftool
[POOL] Stopped BPF monitoring for cgroup 134595
[EventRouter] DEBUG: EXEC #33 filename='/bin/true', triggers=['e40c4ba7c5a6122be47636a59952f82aee24c8c3825a6e4449bb04d0e2ced0eb.elf', '/tmp/e40c4ba7c5a6122be47636a59952f82aee24c8c3825a6e4449bb04d0e2ced0eb.elf']
[EventRouter] ARM detected at event 88 for cgroup 134681
[EventRouter] Discarded 87 pre-ARM events for cgroup 134681
[POOL] Collected 23 events for analysis (read from log file)
[POOL] Running analyzers on 23 events for a5cae1a63747e60ed69d3a522d889beda4514014f06c7a33868eef217c45ccdc.elf
[POOL] Analysis completed: 0 findings in 0.00s (21379 events/s)
[AI-Integration] Submitted task: d1d680f7
[AI] d1d680f7 queued for DeepSeek analysis
[CgroupManager] bpftool delete failed: Command '['sudo', '/usr/sbin/bpftool', 'map', 'delete', 'id', '1364', 'key', 'hex', '6d', '0d', '02', '00', '00', '00', '00', '00']' returned non-zero exit status 254.
[POOL] Cleanup scheduled for 65953d619c96
[DockerWorker-2] CRASHED (Exploit/Bug): a5cae1a63747e60ed69d3a522d889beda4514014f06c7a33868eef217c45ccdc.elf - Crashed: Bus Error (SIGBUS) (1.03s)
[DockerWorker-2] Starting: dc3906b6cf2e391537c1dfb599b3e5c0d58cccb3ed8b942cb1bcb064413b93e0.elf (8_32bit)
[ANALYSISLOG] dc3906b6cf2e391537c1dfb599b3e5c0d58cccb3ed8b942cb1bcb064413b93e0.elf -> analysislog/dc3906b6cf2e391537c1dfb599b3e5c0d58cccb3ed8b942cb1bcb064413b93e0.elf_2025-12-02_22-54-24_f188b525.jsonl
[DOCKER] Detected dockcross image, forcing platform to linux/amd64
[DOCKER] Selected image for libc=glibc: dockcross/linux-mips:latest
[POOL] Collected 23 events for analysis (read from log file)
[POOL] Running analyzers on 23 events for d2bcf89297b6e4b93ab6200647a71ffcb325a6beba972983cdf5a6d32e1e79b8.elf
[POOL] Analysis completed: 0 findings in 0.00s (21098 events/s)
[AI-Integration] Submitted task: ef849d46
[AI] ef849d46 queued for DeepSeek analysis
[CgroupManager] bpftool delete failed: Command '['sudo', '/usr/sbin/bpftool', 'map', 'delete', 'id', '1364', 'key', 'hex', 'c3', '0d', '02', '00', '00', '00', '00', '00']' returned non-zero exit status 254.
[POOL] Cleanup scheduled for 6c51c832126c
[DockerWorker-3] CRASHED (Exploit/Bug): d2bcf89297b6e4b93ab6200647a71ffcb325a6beba972983cdf5a6d32e1e79b8.elf - Crashed: Bus Error (SIGBUS) (1.04s)
[DockerWorker-3] Starting: b5e9117593832b5f51c006c16132e4bf853b928d5fe3a54ef6982bf63d57b8c8.elf (8_32bit)
[ANALYSISLOG] b5e9117593832b5f51c006c16132e4bf853b928d5fe3a54ef6982bf63d57b8c8.elf -> analysislog/b5e9117593832b5f51c006c16132e4bf853b928d5fe3a54ef6982bf63d57b8c8.elf_2025-12-02_22-54-24_7e5644f8.jsonl
[DOCKER] Detected dockcross image, forcing platform to linux/amd64
[DOCKER] Selected image for libc=glibc: dockcross/linux-mips:latest
[DOCKER] Container exit code: 0
[DOCKER][STDOUT] BEGIN
sh: 1: killall: not found
sh: 1: iptables: not found
sh: 1: iptables: not found
sh: 1: iptables: not found
sh: 1: iptables: not found
sh: 1: iptables: not found
sh: 1: iptables: not found
sh: 1: iptables: not found
sh: 1: iptables: not found
[DOCKER][STDOUT] END
[DOCKER] Raw stdout saved: analysislog/b1d57fd6bcd109a99d5023d76767aa6fdb520138e4eaad2a9a48afb3b6fb98b6.elf_2025-12-02_22-54-22_5fe36efe_container_stdout.txt
[CgroupManager] Added cgroup 134767 via bpftool
[CgroupManager] Added cgroup 134853 via bpftool
[EventRouter] DEBUG: EXEC #33 filename='/bin/true', triggers=['b5e9117593832b5f51c006c16132e4bf853b928d5fe3a54ef6982bf63d57b8c8.elf', '/tmp/b5e9117593832b5f51c006c16132e4bf853b928d5fe3a54ef6982bf63d57b8c8.elf']
[EventRouter] DEBUG: EXEC #33 filename='/bin/true', triggers=['dc3906b6cf2e391537c1dfb599b3e5c0d58cccb3ed8b942cb1bcb064413b93e0.elf', '/tmp/dc3906b6cf2e391537c1dfb599b3e5c0d58cccb3ed8b942cb1bcb064413b93e0.elf']
[EventRouter] ARM detected at event 88 for cgroup 134853
[EventRouter] Discarded 87 pre-ARM events for cgroup 134853
[EventRouter] ARM detected at event 88 for cgroup 134767
[EventRouter] Discarded 87 pre-ARM events for cgroup 134767
[DOCKER] Container exit code: 135
[DOCKER][STDOUT] BEGIN
qemu-mips: QEMU internal SIGBUS {code=ADRERR, addr=0x4206a8}
Bus error (core dumped)
[DOCKER][STDOUT] END
[DOCKER] Raw stdout saved: analysislog/b5e9117593832b5f51c006c16132e4bf853b928d5fe3a54ef6982bf63d57b8c8.elf_2025-12-02_22-54-24_7e5644f8_container_stdout.txt
[POOL] Fatal crash detected (exit=135) - using fast drain mode
[POOL] Collected 193 events for analysis (read from log file)
[POOL] Running analyzers on 193 events for b1d57fd6bcd109a99d5023d76767aa6fdb520138e4eaad2a9a48afb3b6fb98b6.elf
[POOL] Analysis completed: 1 findings in 0.00s (160478 events/s)
[AI-Integration] Submitted task: 5fe36efe
[AI] 5fe36efe queued for DeepSeek analysis
[CgroupManager] Removed cgroup 134853 via bpftool
[POOL] Stopped BPF monitoring for cgroup 134853
[CgroupManager] Removed cgroup 134079 via bpftool
[POOL] Cleanup scheduled for bd9af0ff39bb
[DockerWorker-0] ✓ Completed: b1d57fd6bcd109a99d5023d76767aa6fdb520138e4eaad2a9a48afb3b6fb98b6.elf (193 events) (3.13s)
[DockerWorker-0] Starting: ce55be505a910483a8426f03b351a9cee55ea43e5bd96aa569a50603eafbc0ef.elf (8_32bit)
[ANALYSISLOG] ce55be505a910483a8426f03b351a9cee55ea43e5bd96aa569a50603eafbc0ef.elf -> analysislog/ce55be505a910483a8426f03b351a9cee55ea43e5bd96aa569a50603eafbc0ef.elf_2025-12-02_22-54-25_aa105365.jsonl
[DOCKER] Detected dockcross image, forcing platform to linux/amd64
[DOCKER] Selected image for libc=glibc: dockcross/linux-mips:latest
[DOCKER] Container exit code: 135
[DOCKER][STDOUT] BEGIN
qemu-mips: QEMU internal SIGBUS {code=ADRERR, addr=0x4206a8}
Bus error (core dumped)
[DOCKER][STDOUT] END
[DOCKER] Raw stdout saved: analysislog/dc3906b6cf2e391537c1dfb599b3e5c0d58cccb3ed8b942cb1bcb064413b93e0.elf_2025-12-02_22-54-24_f188b525_container_stdout.txt
[POOL] Fatal crash detected (exit=135) - using fast drain mode
[CgroupManager] Removed cgroup 134767 via bpftool
[POOL] Stopped BPF monitoring for cgroup 134767
[POOL] Collected 23 events for analysis (read from log file)
[POOL] Running analyzers on 23 events for b5e9117593832b5f51c006c16132e4bf853b928d5fe3a54ef6982bf63d57b8c8.elf
[POOL] Analysis completed: 0 findings in 0.00s (20843 events/s)
[AI-Integration] Submitted task: 7e5644f8
[AI] 7e5644f8 queued for DeepSeek analysis
[CgroupManager] bpftool delete failed: Command '['sudo', '/usr/sbin/bpftool', 'map', 'delete', 'id', '1364', 'key', 'hex', 'c5', '0e', '02', '00', '00', '00', '00', '00']' returned non-zero exit status 254.
[POOL] Cleanup scheduled for 3b95d5737136
[DockerWorker-3] CRASHED (Exploit/Bug): b5e9117593832b5f51c006c16132e4bf853b928d5fe3a54ef6982bf63d57b8c8.elf - Crashed: Bus Error (SIGBUS) (1.00s)
[DockerWorker-3] Starting: afabcb4d54a59adfbebb5ec6d22292aa30d47b21f3ae680248fbbb004984add9.elf (8_32bit)
[ANALYSISLOG] afabcb4d54a59adfbebb5ec6d22292aa30d47b21f3ae680248fbbb004984add9.elf -> analysislog/afabcb4d54a59adfbebb5ec6d22292aa30d47b21f3ae680248fbbb004984add9.elf_2025-12-02_22-54-25_0f7712b9.jsonl
[DOCKER] Detected dockcross image, forcing platform to linux/amd64
[DOCKER] Selected image for libc=glibc: dockcross/linux-mips:latest
[POOL] Collected 23 events for analysis (read from log file)
[POOL] Running analyzers on 23 events for dc3906b6cf2e391537c1dfb599b3e5c0d58cccb3ed8b942cb1bcb064413b93e0.elf
[POOL] Analysis completed: 0 findings in 0.00s (21662 events/s)
[AI-Integration] Submitted task: f188b525
[AI] f188b525 queued for DeepSeek analysis
[CgroupManager] bpftool delete failed: Command '['sudo', '/usr/sbin/bpftool', 'map', 'delete', 'id', '1364', 'key', 'hex', '6f', '0e', '02', '00', '00', '00', '00', '00']' returned non-zero exit status 254.
[POOL] Cleanup scheduled for b1b659ebac35
[DockerWorker-2] CRASHED (Exploit/Bug): dc3906b6cf2e391537c1dfb599b3e5c0d58cccb3ed8b942cb1bcb064413b93e0.elf - Crashed: Bus Error (SIGBUS) (1.21s)
[DockerWorker-2] Starting: fd851655a0cc12da68cc0a81320476fb69a4a00835b5ad7341b55ea36f2cdbf7.elf (8_32bit)
[ANALYSISLOG] fd851655a0cc12da68cc0a81320476fb69a4a00835b5ad7341b55ea36f2cdbf7.elf -> analysislog/fd851655a0cc12da68cc0a81320476fb69a4a00835b5ad7341b55ea36f2cdbf7.elf_2025-12-02_22-54-25_e4358b2c.jsonl
[DOCKER] Detected dockcross image, forcing platform to linux/amd64
[DOCKER] Selected image for libc=glibc: dockcross/linux-mips:latest
[CgroupManager] Added cgroup 134939 via bpftool
[EventRouter] DEBUG: EXEC #33 filename='/bin/true', triggers=['ce55be505a910483a8426f03b351a9cee55ea43e5bd96aa569a50603eafbc0ef.elf', '/tmp/ce55be505a910483a8426f03b351a9cee55ea43e5bd96aa569a50603eafbc0ef.elf']
[EventRouter] ARM detected at event 88 for cgroup 134939
[EventRouter] Discarded 87 pre-ARM events for cgroup 134939
[CgroupManager] Added cgroup 135025 via bpftool
[EventRouter] DEBUG: EXEC #34 filename='/bin/true', triggers=['afabcb4d54a59adfbebb5ec6d22292aa30d47b21f3ae680248fbbb004984add9.elf', '/tmp/afabcb4d54a59adfbebb5ec6d22292aa30d47b21f3ae680248fbbb004984add9.elf']
[DOCKER] Container exit code: 0
[DOCKER][STDOUT] BEGIN
sh: 1: killall: not found
sh: 1: iptables: not found
sh: 1: iptables: not found
sh: 1: iptables: not found
sh: 1: iptables: not found
sh: 1: iptables: not found
sh: 1: iptables: not found
sh: 1: iptables: not found
sh: 1: iptables: not found
[DOCKER][STDOUT] END
[DOCKER] Raw stdout saved: analysislog/cd471c39505fef91fbc9f5914a4bb9fbbdd4460bdf0664def557dde222c06e66.elf_2025-12-02_22-54-23_e136b494_container_stdout.txt
[CgroupManager] Added cgroup 135111 via bpftool
[EventRouter] DEBUG: EXEC #34 filename='/bin/true', triggers=['fd851655a0cc12da68cc0a81320476fb69a4a00835b5ad7341b55ea36f2cdbf7.elf', '/tmp/fd851655a0cc12da68cc0a81320476fb69a4a00835b5ad7341b55ea36f2cdbf7.elf']
[DOCKER] Container exit code: 0
[DOCKER][STDOUT] BEGIN
sh: 1: killall: not found
sh: 1: iptables: not found
sh: 1: iptables: not found
sh: 1: iptables: not found
sh: 1: iptables: not found
sh: 1: iptables: not found
sh: 1: iptables: not found
sh: 1: iptables: not found
sh: 1: iptables: not found
[DOCKER][STDOUT] END
[DOCKER] Raw stdout saved: analysislog/83c8577430ab9faec1486c411e8f16db8b40a44aa56e7ea075b8608f4c4a42f7.elf_2025-12-02_22-54-23_8f6d1a10_container_stdout.txt
[DOCKER] Container exit code: 135
[DOCKER][STDOUT] BEGIN
Bus error (core dumped)
[DOCKER][STDOUT] END
[DOCKER] Raw stdout saved: analysislog/ce55be505a910483a8426f03b351a9cee55ea43e5bd96aa569a50603eafbc0ef.elf_2025-12-02_22-54-25_aa105365_container_stdout.txt
[POOL] Fatal crash detected (exit=135) - using fast drain mode
[CgroupManager] Removed cgroup 134939 via bpftool
[POOL] Stopped BPF monitoring for cgroup 134939
[EventRouter] ARM detected at event 89 for cgroup 135025
[EventRouter] Discarded 88 pre-ARM events for cgroup 135025
[EventRouter] ARM detected at event 89 for cgroup 135111
[EventRouter] Discarded 88 pre-ARM events for cgroup 135111
[DOCKER] Container exit code: 135
[DOCKER][STDOUT] BEGIN
qemu-mips: QEMU internal SIGBUS {code=ADRERR, addr=0x4206a8}
Bus error (core dumped)
[DOCKER][STDOUT] END
[DOCKER] Raw stdout saved: analysislog/afabcb4d54a59adfbebb5ec6d22292aa30d47b21f3ae680248fbbb004984add9.elf_2025-12-02_22-54-25_0f7712b9_container_stdout.txt
[POOL] Fatal crash detected (exit=135) - using fast drain mode
[CgroupManager] Removed cgroup 135025 via bpftool
[POOL] Stopped BPF monitoring for cgroup 135025
[POOL] Collected 24 events for analysis (read from log file)
[POOL] Running analyzers on 24 events for ce55be505a910483a8426f03b351a9cee55ea43e5bd96aa569a50603eafbc0ef.elf
[POOL] Analysis completed: 1 findings in 0.00s (21009 events/s)
[AI-Integration] Submitted task: aa105365
[AI] aa105365 queued for DeepSeek analysis
[CgroupManager] bpftool delete failed: Command '['sudo', '/usr/sbin/bpftool', 'map', 'delete', 'id', '1364', 'key', 'hex', '1b', '0f', '02', '00', '00', '00', '00', '00']' returned non-zero exit status 254.
[POOL] Cleanup scheduled for 089f709452b7
[DockerWorker-0] CRASHED (Exploit/Bug): ce55be505a910483a8426f03b351a9cee55ea43e5bd96aa569a50603eafbc0ef.elf - Crashed: Bus Error (SIGBUS) (1.09s)
[DockerWorker-0] Starting: d6dd3935268ed0fc0817220590bbbdb1cfe12b518e314e2db243ee28e9050d74.elf (8_32bit)
[ANALYSISLOG] d6dd3935268ed0fc0817220590bbbdb1cfe12b518e314e2db243ee28e9050d74.elf -> analysislog/d6dd3935268ed0fc0817220590bbbdb1cfe12b518e314e2db243ee28e9050d74.elf_2025-12-02_22-54-26_ba64f6f6.jsonl
[DOCKER] Detected dockcross image, forcing platform to linux/amd64
[DOCKER] Selected image for libc=glibc: dockcross/linux-mips:latest
[DOCKER] Container exit code: 135
[DOCKER][STDOUT] BEGIN
qemu-mips: QEMU internal SIGBUS {code=ADRERR, addr=0x4206a8}
Bus error (core dumped)
[DOCKER][STDOUT] END
[DOCKER] Raw stdout saved: analysislog/fd851655a0cc12da68cc0a81320476fb69a4a00835b5ad7341b55ea36f2cdbf7.elf_2025-12-02_22-54-25_e4358b2c_container_stdout.txt
[POOL] Fatal crash detected (exit=135) - using fast drain mode
[CgroupManager] Removed cgroup 135111 via bpftool
[POOL] Stopped BPF monitoring for cgroup 135111
[DOCKER] Container exit code: 0
[DOCKER][STDOUT] BEGIN
sh: 1: killall: not found
sh: 1: iptables: not found
sh: 1: iptables: not found
sh: 1: iptables: not found
sh: 1: iptables: not found
sh: 1: iptables: not found
sh: 1: iptables: not found
sh: 1: iptables: not found
sh: 1: iptables: not found
[DOCKER][STDOUT] END
[DOCKER] Raw stdout saved: analysislog/e40c4ba7c5a6122be47636a59952f82aee24c8c3825a6e4449bb04d0e2ced0eb.elf_2025-12-02_22-54-23_e6086807_container_stdout.txt
[POOL] Collected 191 events for analysis (read from log file)
[POOL] Running analyzers on 191 events for cd471c39505fef91fbc9f5914a4bb9fbbdd4460bdf0664def557dde222c06e66.elf
[POOL] Analysis completed: 1 findings in 0.00s (150406 events/s)
[AI-Integration] Submitted task: e136b494
[AI] e136b494 queued for DeepSeek analysis
[CgroupManager] Removed cgroup 134337 via bpftool
[POOL] Cleanup scheduled for 563258e55149
[DockerWorker-4] ✓ Completed: cd471c39505fef91fbc9f5914a4bb9fbbdd4460bdf0664def557dde222c06e66.elf (191 events) (3.18s)
[DockerWorker-4] Starting: f2f45cebd49003b12f095884f9378025ead0236f6687bd35963248e703d274c7.elf (8_32bit)
[ANALYSISLOG] f2f45cebd49003b12f095884f9378025ead0236f6687bd35963248e703d274c7.elf -> analysislog/f2f45cebd49003b12f095884f9378025ead0236f6687bd35963248e703d274c7.elf_2025-12-02_22-54-26_44c265e0.jsonl
[DOCKER] Detected dockcross image, forcing platform to linux/amd64
[DOCKER] Selected image for libc=glibc: dockcross/linux-mips:latest
[POOL] Collected 193 events for analysis (read from log file)
[POOL] Running analyzers on 193 events for 83c8577430ab9faec1486c411e8f16db8b40a44aa56e7ea075b8608f4c4a42f7.elf
[POOL] Analysis completed: 1 findings in 0.00s (142811 events/s)
[AI-Integration] Submitted task: 8f6d1a10
[AI] 8f6d1a10 queued for DeepSeek analysis
[CgroupManager] Removed cgroup 134423 via bpftool
[POOL] Cleanup scheduled for 9eb91f1da021
[DockerWorker-5] ✓ Completed: 83c8577430ab9faec1486c411e8f16db8b40a44aa56e7ea075b8608f4c4a42f7.elf (193 events) (3.34s)
[DockerWorker-5] Starting: 7ef6a8e97530c15fb1d37be2a6cf7b96b4049c8fb79846ed571ffc4eca8ac36e.elf (8_32bit)
[ANALYSISLOG] 7ef6a8e97530c15fb1d37be2a6cf7b96b4049c8fb79846ed571ffc4eca8ac36e.elf -> analysislog/7ef6a8e97530c15fb1d37be2a6cf7b96b4049c8fb79846ed571ffc4eca8ac36e.elf_2025-12-02_22-54-26_e204915d.jsonl
[DOCKER] Detected dockcross image, forcing platform to linux/amd64
[DOCKER] Selected image for libc=glibc: dockcross/linux-mips:latest
[POOL] Collected 23 events for analysis (read from log file)
[POOL] Running analyzers on 23 events for afabcb4d54a59adfbebb5ec6d22292aa30d47b21f3ae680248fbbb004984add9.elf
[POOL] Analysis completed: 0 findings in 0.00s (21167 events/s)
[AI-Integration] Submitted task: 0f7712b9
[AI] 0f7712b9 queued for DeepSeek analysis
[CgroupManager] bpftool delete failed: Command '['sudo', '/usr/sbin/bpftool', 'map', 'delete', 'id', '1364', 'key', 'hex', '71', '0f', '02', '00', '00', '00', '00', '00']' returned non-zero exit status 254.
[POOL] Cleanup scheduled for 1f908e3f6268
[DockerWorker-3] CRASHED (Exploit/Bug): afabcb4d54a59adfbebb5ec6d22292aa30d47b21f3ae680248fbbb004984add9.elf - Crashed: Bus Error (SIGBUS) (1.02s)
[DockerWorker-3] Starting: 37a46c2b4715d5b600b43a4d4a67269e0eb5f501f3ee76e0f3440ab125b7d93e.elf (8_32bit)
[ANALYSISLOG] 37a46c2b4715d5b600b43a4d4a67269e0eb5f501f3ee76e0f3440ab125b7d93e.elf -> analysislog/37a46c2b4715d5b600b43a4d4a67269e0eb5f501f3ee76e0f3440ab125b7d93e.elf_2025-12-02_22-54-26_76375501.jsonl
[DOCKER] Detected dockcross image, forcing platform to linux/amd64
[DOCKER] Selected image for libc=glibc: dockcross/linux-mips:latest
[POOL] Collected 23 events for analysis (read from log file)
[POOL] Running analyzers on 23 events for fd851655a0cc12da68cc0a81320476fb69a4a00835b5ad7341b55ea36f2cdbf7.elf
[POOL] Analysis completed: 0 findings in 0.00s (21383 events/s)
[AI-Integration] Submitted task: e4358b2c
[AI] e4358b2c queued for DeepSeek analysis
[CgroupManager] bpftool delete failed: Command '['sudo', '/usr/sbin/bpftool', 'map', 'delete', 'id', '1364', 'key', 'hex', 'c7', '0f', '02', '00', '00', '00', '00', '00']' returned non-zero exit status 254.
[POOL] Cleanup scheduled for 60a6844a3962
[DockerWorker-2] CRASHED (Exploit/Bug): fd851655a0cc12da68cc0a81320476fb69a4a00835b5ad7341b55ea36f2cdbf7.elf - Crashed: Bus Error (SIGBUS) (1.04s)
[DockerWorker-2] Starting: 678e9279cad14fb0897b03300a4a6f0920b5f1986ae299c5a342e046186ef5cd.elf (8_32bit)
[ANALYSISLOG] 678e9279cad14fb0897b03300a4a6f0920b5f1986ae299c5a342e046186ef5cd.elf -> analysislog/678e9279cad14fb0897b03300a4a6f0920b5f1986ae299c5a342e046186ef5cd.elf_2025-12-02_22-54-26_09ba83a1.jsonl
[DOCKER] Detected dockcross image, forcing platform to linux/amd64
[DOCKER] Selected image for libc=glibc: dockcross/linux-mips:latest
[CgroupManager] Added cgroup 135197 via bpftool
[CgroupManager] Added cgroup 135283 via bpftool
[EventRouter] DEBUG: EXEC #33 filename='/bin/true', triggers=['d6dd3935268ed0fc0817220590bbbdb1cfe12b518e314e2db243ee28e9050d74.elf', '/tmp/d6dd3935268ed0fc0817220590bbbdb1cfe12b518e314e2db243ee28e9050d74.elf']
[EventRouter] DEBUG: EXEC #50 filename='/bin/true', triggers=['f2f45cebd49003b12f095884f9378025ead0236f6687bd35963248e703d274c7.elf', '/tmp/f2f45cebd49003b12f095884f9378025ead0236f6687bd35963248e703d274c7.elf']
[CgroupManager] Added cgroup 135369 via bpftool
[CgroupManager] Added cgroup 135455 via bpftool
[POOL] Collected 193 events for analysis (read from log file)
[POOL] Running analyzers on 193 events for e40c4ba7c5a6122be47636a59952f82aee24c8c3825a6e4449bb04d0e2ced0eb.elf
[POOL] Analysis completed: 0 findings in 0.00s (161309 events/s)
[AI-Integration] Submitted task: e6086807
[AI] e6086807 queued for DeepSeek analysis
[EventRouter] DEBUG: EXEC #50 filename='/bin/true', triggers=['37a46c2b4715d5b600b43a4d4a67269e0eb5f501f3ee76e0f3440ab125b7d93e.elf', '/tmp/37a46c2b4715d5b600b43a4d4a67269e0eb5f501f3ee76e0f3440ab125b7d93e.elf']
[EventRouter] DEBUG: EXEC #34 filename='/bin/true', triggers=['7ef6a8e97530c15fb1d37be2a6cf7b96b4049c8fb79846ed571ffc4eca8ac36e.elf', '/tmp/7ef6a8e97530c15fb1d37be2a6cf7b96b4049c8fb79846ed571ffc4eca8ac36e.elf']
[CgroupManager] Removed cgroup 134681 via bpftool
[POOL] Cleanup scheduled for a6db4fde2367
[DockerWorker-1] ✓ Completed: e40c4ba7c5a6122be47636a59952f82aee24c8c3825a6e4449bb04d0e2ced0eb.elf (193 events) (3.07s)
[DockerWorker-1] Starting: 484e15ad4cd6a56af0b2534347418957942ff51d1daf5e368dfec418283c9b41.elf (8_32bit)
[ANALYSISLOG] 484e15ad4cd6a56af0b2534347418957942ff51d1daf5e368dfec418283c9b41.elf -> analysislog/484e15ad4cd6a56af0b2534347418957942ff51d1daf5e368dfec418283c9b41.elf_2025-12-02_22-54-26_4715da3e.jsonl
[DOCKER] Detected dockcross image, forcing platform to linux/amd64
[DOCKER] Selected image for libc=glibc: dockcross/linux-mips:latest
[CgroupManager] Added cgroup 135541 via bpftool
[EventRouter] ARM detected at event 123 for cgroup 135283
[EventRouter] Discarded 122 pre-ARM events for cgroup 135283
[EventRouter] ARM detected at event 89 for cgroup 135197
[EventRouter] Discarded 88 pre-ARM events for cgroup 135197
[EventRouter] DEBUG: EXEC #34 filename='/bin/true', triggers=['678e9279cad14fb0897b03300a4a6f0920b5f1986ae299c5a342e046186ef5cd.elf', '/tmp/678e9279cad14fb0897b03300a4a6f0920b5f1986ae299c5a342e046186ef5cd.elf']
[EventRouter] ARM detected at event 106 for cgroup 135369
[EventRouter] Discarded 105 pre-ARM events for cgroup 135369
[EventRouter] ARM detected at event 105 for cgroup 135455
[EventRouter] Discarded 104 pre-ARM events for cgroup 135455
[DOCKER] Container exit code: 135
[DOCKER][STDOUT] BEGIN
qemu-mips: QEMU internal SIGBUS {code=ADRERR, addr=0x41fb68}
Bus error (core dumped)
[DOCKER][STDOUT] END
[DOCKER] Raw stdout saved: analysislog/d6dd3935268ed0fc0817220590bbbdb1cfe12b518e314e2db243ee28e9050d74.elf_2025-12-02_22-54-26_ba64f6f6_container_stdout.txt
[POOL] Fatal crash detected (exit=135) - using fast drain mode
[EventRouter] ARM detected at event 90 for cgroup 135541
[EventRouter] Discarded 89 pre-ARM events for cgroup 135541
[CgroupManager] Removed cgroup 135197 via bpftool
[POOL] Stopped BPF monitoring for cgroup 135197
[CgroupManager] Added cgroup 135627 via bpftool
[EventRouter] DEBUG: EXEC #33 filename='/bin/true', triggers=['484e15ad4cd6a56af0b2534347418957942ff51d1daf5e368dfec418283c9b41.elf', '/tmp/484e15ad4cd6a56af0b2534347418957942ff51d1daf5e368dfec418283c9b41.elf']
[DOCKER] Container exit code: 135
[DOCKER][STDOUT] BEGIN
qemu-mips: QEMU internal SIGBUS {code=ADRERR, addr=0x4206a8}
Bus error (core dumped)
[DOCKER][STDOUT] END
[DOCKER] Raw stdout saved: analysislog/f2f45cebd49003b12f095884f9378025ead0236f6687bd35963248e703d274c7.elf_2025-12-02_22-54-26_44c265e0_container_stdout.txt
[POOL] Fatal crash detected (exit=135) - using fast drain mode
[CgroupManager] Removed cgroup 135283 via bpftool
[POOL] Stopped BPF monitoring for cgroup 135283
[DOCKER] Container exit code: 135
[DOCKER][STDOUT] BEGIN
qemu-mips: QEMU internal SIGBUS {code=ADRERR, addr=0x4206a8}
Bus error (core dumped)
[DOCKER][STDOUT] END
[DOCKER] Raw stdout saved: analysislog/7ef6a8e97530c15fb1d37be2a6cf7b96b4049c8fb79846ed571ffc4eca8ac36e.elf_2025-12-02_22-54-26_e204915d_container_stdout.txt
[POOL] Fatal crash detected (exit=135) - using fast drain mode
[CgroupManager] Removed cgroup 135369 via bpftool
[POOL] Stopped BPF monitoring for cgroup 135369
[EventRouter] ARM detected at event 89 for cgroup 135627
[EventRouter] Discarded 88 pre-ARM events for cgroup 135627
[POOL] Collected 23 events for analysis (read from log file)
[POOL] Running analyzers on 23 events for d6dd3935268ed0fc0817220590bbbdb1cfe12b518e314e2db243ee28e9050d74.elf
[POOL] Analysis completed: 0 findings in 0.00s (21672 events/s)
[AI-Integration] Submitted task: ba64f6f6
[AI] ba64f6f6 queued for DeepSeek analysis
[CgroupManager] bpftool delete failed: Command '['sudo', '/usr/sbin/bpftool', 'map', 'delete', 'id', '1364', 'key', 'hex', '1d', '10', '02', '00', '00', '00', '00', '00']' returned non-zero exit status 254.
[POOL] Cleanup scheduled for badab9790f80
[DockerWorker-0] CRASHED (Exploit/Bug): d6dd3935268ed0fc0817220590bbbdb1cfe12b518e314e2db243ee28e9050d74.elf - Crashed: Bus Error (SIGBUS) (1.19s)
[DockerWorker-0] Starting: 80b9c649200490d6b2b6fd5a24e158afe934aea9396761fc6a292fda5cd4a0f7.elf (8_32bit)
[ANALYSISLOG] 80b9c649200490d6b2b6fd5a24e158afe934aea9396761fc6a292fda5cd4a0f7.elf -> analysislog/80b9c649200490d6b2b6fd5a24e158afe934aea9396761fc6a292fda5cd4a0f7.elf_2025-12-02_22-54-27_96aec859.jsonl
[DOCKER] Detected dockcross image, forcing platform to linux/amd64
[DOCKER] Selected image for libc=glibc: dockcross/linux-mips:latest
[DOCKER] Container exit code: 135
[DOCKER][STDOUT] BEGIN
qemu-mips: QEMU internal SIGBUS {code=ADRERR, addr=0x4206a8}
Bus error (core dumped)
[DOCKER][STDOUT] END
[DOCKER] Raw stdout saved: analysislog/37a46c2b4715d5b600b43a4d4a67269e0eb5f501f3ee76e0f3440ab125b7d93e.elf_2025-12-02_22-54-26_76375501_container_stdout.txt
[POOL] Fatal crash detected (exit=135) - using fast drain mode
[CgroupManager] Removed cgroup 135455 via bpftool
[POOL] Stopped BPF monitoring for cgroup 135455
[POOL] Collected 23 events for analysis (read from log file)
[POOL] Running analyzers on 23 events for f2f45cebd49003b12f095884f9378025ead0236f6687bd35963248e703d274c7.elf
[POOL] Analysis completed: 0 findings in 0.00s (21312 events/s)
[AI-Integration] Submitted task: 44c265e0
[AI] 44c265e0 queued for DeepSeek analysis
[CgroupManager] bpftool delete failed: Command '['sudo', '/usr/sbin/bpftool', 'map', 'delete', 'id', '1364', 'key', 'hex', '73', '10', '02', '00', '00', '00', '00', '00']' returned non-zero exit status 254.
[POOL] Cleanup scheduled for 17abcf85847a
[DockerWorker-4] CRASHED (Exploit/Bug): f2f45cebd49003b12f095884f9378025ead0236f6687bd35963248e703d274c7.elf - Crashed: Bus Error (SIGBUS) (1.17s)
[DOCKER] Container exit code: 135
[DOCKER][STDOUT] BEGIN
qemu-mips: QEMU internal SIGBUS {code=ADRERR, addr=0x4206a8}
Bus error (core dumped)
[DOCKER][STDOUT] END
[DOCKER] Raw stdout saved: analysislog/678e9279cad14fb0897b03300a4a6f0920b5f1986ae299c5a342e046186ef5cd.elf_2025-12-02_22-54-26_09ba83a1_container_stdout.txt
[POOL] Fatal crash detected (exit=135) - using fast drain mode
[CgroupManager] Removed cgroup 135541 via bpftool
[POOL] Stopped BPF monitoring for cgroup 135541
[POOL] Collected 23 events for analysis (read from log file)
[POOL] Running analyzers on 23 events for 7ef6a8e97530c15fb1d37be2a6cf7b96b4049c8fb79846ed571ffc4eca8ac36e.elf
[POOL] Analysis completed: 0 findings in 0.00s (21195 events/s)
[AI-Integration] Submitted task: e204915d
[AI] e204915d queued for DeepSeek analysis
[CgroupManager] bpftool delete failed: Command '['sudo', '/usr/sbin/bpftool', 'map', 'delete', 'id', '1364', 'key', 'hex', 'c9', '10', '02', '00', '00', '00', '00', '00']' returned non-zero exit status 254.
[POOL] Cleanup scheduled for 21a195621e01
[DockerWorker-5] CRASHED (Exploit/Bug): 7ef6a8e97530c15fb1d37be2a6cf7b96b4049c8fb79846ed571ffc4eca8ac36e.elf - Crashed: Bus Error (SIGBUS) (1.24s)
[DOCKER] Container exit code: 135
[DOCKER][STDOUT] BEGIN
qemu-mips: QEMU internal SIGBUS {code=ADRERR, addr=0x4206a8}
Bus error (core dumped)
[DOCKER][STDOUT] END
[DOCKER] Raw stdout saved: analysislog/484e15ad4cd6a56af0b2534347418957942ff51d1daf5e368dfec418283c9b41.elf_2025-12-02_22-54-26_4715da3e_container_stdout.txt
[POOL] Fatal crash detected (exit=135) - using fast drain mode
[CgroupManager] Removed cgroup 135627 via bpftool
[POOL] Stopped BPF monitoring for cgroup 135627
[POOL] Collected 23 events for analysis (read from log file)
[POOL] Running analyzers on 23 events for 37a46c2b4715d5b600b43a4d4a67269e0eb5f501f3ee76e0f3440ab125b7d93e.elf
[POOL] Analysis completed: 0 findings in 0.00s (21579 events/s)
[AI-Integration] Submitted task: 76375501
[AI] 76375501 queued for DeepSeek analysis
[CgroupManager] bpftool delete failed: Command '['sudo', '/usr/sbin/bpftool', 'map', 'delete', 'id', '1364', 'key', 'hex', '1f', '11', '02', '00', '00', '00', '00', '00']' returned non-zero exit status 254.
[POOL] Cleanup scheduled for bba4ae25d893
[DockerWorker-3] CRASHED (Exploit/Bug): 37a46c2b4715d5b600b43a4d4a67269e0eb5f501f3ee76e0f3440ab125b7d93e.elf - Crashed: Bus Error (SIGBUS) (1.33s)
[POOL] Collected 23 events for analysis (read from log file)
[POOL] Running analyzers on 23 events for 678e9279cad14fb0897b03300a4a6f0920b5f1986ae299c5a342e046186ef5cd.elf
[POOL] Analysis completed: 0 findings in 0.00s (21843 events/s)
[AI-Integration] Submitted task: 09ba83a1
[AI] 09ba83a1 queued for DeepSeek analysis
[CgroupManager] bpftool delete failed: Command '['sudo', '/usr/sbin/bpftool', 'map', 'delete', 'id', '1364', 'key', 'hex', '75', '11', '02', '00', '00', '00', '00', '00']' returned non-zero exit status 254.
[POOL] Cleanup scheduled for 5216568ed91e
[DockerWorker-2] CRASHED (Exploit/Bug): 678e9279cad14fb0897b03300a4a6f0920b5f1986ae299c5a342e046186ef5cd.elf - Crashed: Bus Error (SIGBUS) (1.32s)
[POOL] Collected 23 events for analysis (read from log file)
[POOL] Running analyzers on 23 events for 484e15ad4cd6a56af0b2534347418957942ff51d1daf5e368dfec418283c9b41.elf
[POOL] Analysis completed: 0 findings in 0.00s (21388 events/s)
[AI-Integration] Submitted task: 4715da3e
[AI] 4715da3e queued for DeepSeek analysis
[CgroupManager] Added cgroup 135713 via bpftool
[CgroupManager] bpftool delete failed: Command '['sudo', '/usr/sbin/bpftool', 'map', 'delete', 'id', '1364', 'key', 'hex', 'cb', '11', '02', '00', '00', '00', '00', '00']' returned non-zero exit status 254.
[POOL] Cleanup scheduled for 02a3cacaf574
[DockerWorker-1] CRASHED (Exploit/Bug): 484e15ad4cd6a56af0b2534347418957942ff51d1daf5e368dfec418283c9b41.elf - Crashed: Bus Error (SIGBUS) (1.19s)
[EventRouter] DEBUG: EXEC #35 filename='/bin/true', triggers=['80b9c649200490d6b2b6fd5a24e158afe934aea9396761fc6a292fda5cd4a0f7.elf', '/tmp/80b9c649200490d6b2b6fd5a24e158afe934aea9396761fc6a292fda5cd4a0f7.elf']
[EventRouter] ARM detected at event 90 for cgroup 135713
[EventRouter] Discarded 89 pre-ARM events for cgroup 135713
[DOCKER] Container exit code: 135
[DOCKER][STDOUT] BEGIN
qemu-mips: QEMU internal SIGBUS {code=ADRERR, addr=0x4206a8}
Bus error (core dumped)
[DOCKER][STDOUT] END
[DOCKER] Raw stdout saved: analysislog/80b9c649200490d6b2b6fd5a24e158afe934aea9396761fc6a292fda5cd4a0f7.elf_2025-12-02_22-54-27_96aec859_container_stdout.txt
[POOL] Fatal crash detected (exit=135) - using fast drain mode
[CgroupManager] Removed cgroup 135713 via bpftool
[POOL] Stopped BPF monitoring for cgroup 135713
[POOL] Collected 23 events for analysis (read from log file)
[POOL] Running analyzers on 23 events for 80b9c649200490d6b2b6fd5a24e158afe934aea9396761fc6a292fda5cd4a0f7.elf
[POOL] Analysis completed: 0 findings in 0.00s (20951 events/s)
[AI-Integration] Submitted task: 96aec859
[AI] 96aec859 queued for DeepSeek analysis
[CgroupManager] bpftool delete failed: Command '['sudo', '/usr/sbin/bpftool', 'map', 'delete', 'id', '1364', 'key', 'hex', '21', '12', '02', '00', '00', '00', '00', '00']' returned non-zero exit status 254.
[POOL] Cleanup scheduled for ea0d7056185b
[DockerWorker-0] CRASHED (Exploit/Bug): 80b9c649200490d6b2b6fd5a24e158afe934aea9396761fc6a292fda5cd4a0f7.elf - Crashed: Bus Error (SIGBUS) (1.27s)
[DOCKER_POOL] All tasks completed, stopping workers...



!!!!!!!!!!!!!!!!!!!!!!!!!!!!!!!!!!!!!!!!!!!!!!!!!!!!!!!!!!!!
!!! [CRITICAL AUDIT ALERT] STATS MANIPULATION DETECTED !!!
!!! MEMORY (Untrusted): T=51, S=11, F=0, C=40
!!! ANCHOR (Hardware):  T=44, S=11, F=0, C=33
!!! Mismatch detected! Attackers may be hiding crashes or failures.
!!!!!!!!!!!!!!!!!!!!!!!!!!!!!!!!!!!!!!!!!!!!!!!!!!!!!!!!!!!!



[DOCKER_POOL] All workers stopped

================================================================================
[DOCKER_POOL] Execution Summary
================================================================================
Total tasks:     51
Successful:      11   (21.6%) - Normal execution
Crashes/Exploits:40   (78.4%) - SEGFAULT/BUS/ILL (Potential Vulnerabilities)
System Failed:   0    (0.0%) - Docker/Infrastructure errors

Performance:
  Total time:    82.69s
  Average time:  1.62s per task
  Throughput:    0.62 tasks/s

By Architecture:
  40_32bit    : 1 OK, 3 Crash, 0 Fail / 4 Total
  8_32bit     : 10 OK, 37 Crash, 0 Fail / 47 Total

--------------------------------------------------------------------------------
[ATTENTION] DETECTED 40 CRASHES / EXPLOIT ATTEMPTS:
(These binaries triggered segmentation faults or illegal instructions)
--------------------------------------------------------------------------------
  - 9a963fb204c95bf85dcc0ef4986b889eea513c622249307095c8afe0aca44e1c.elf (8_32bit)
    Reason: Crashed: Bus Error (SIGBUS)
    Captured: 23 events before crash

  - 86881aec90e578e550b6a49cf113910baccd5d7b5e6c1eb37be172eede2e4d09.elf (40_32bit)
    Reason: Crashed: Bus Error (SIGBUS)
    Captured: 27 events before crash

  - c186c0b876a56d0da7b79bc2cae2e2ecf4617518fd9c996568da100e99179693.elf (40_32bit)
    Reason: Crashed: Bus Error (SIGBUS)
    Captured: 18 events before crash

  - 4a952be0b1bbb38b70a245305c73c6a29658bb475f4b7a24a7564c7735f5501b.elf (40_32bit)
    Reason: Crashed: Bus Error (SIGBUS)
    Captured: 18 events before crash

  - fac304cd1e585eb8ff37f87dd9b232edde171204a9870257dcee1bc0deb4717f.elf (8_32bit)
    Reason: Crashed: Bus Error (SIGBUS)
    Captured: 23 events before crash

  - 122d5a734cac70d4c2c6c562ccefbdb1086bfc149a81e437e8ec1475e37977d0.elf (8_32bit)
    Reason: Crashed: Bus Error (SIGBUS)
    Captured: 23 events before crash

  - 14af8f514fc5f60b0457325acd4a241204a1f521df88649559a58c8561db7f41.elf (8_32bit)
    Reason: Crashed: Segmentation Fault (SIGSEGV)
    Captured: 29 events before crash

  - d7ac7aece9743a9256b9fd0084e18fbd7e05a8d25a562cea2878b3de64cae876.elf (8_32bit)
    Reason: Crashed: Bus Error (SIGBUS)
    Captured: 23 events before crash

  - e65661661f9680908bded3fc72eb36c8b9827ceb197d5dcb0bb65ee85638e63b.elf (8_32bit)
    Reason: Crashed: Bus Error (SIGBUS)
    Captured: 23 events before crash

  - fc108bc7b13a8280e5f9a706de05968b7236f2acbe2ef4ac024c73224960b243.elf (8_32bit)
    Reason: Crashed: Bus Error (SIGBUS)
    Captured: 23 events before crash

  - c00d0c1cafff75f1a77cc5dc02f70994064e1c2a9bdcb34cf86692cd6ac9acef.elf (8_32bit)
    Reason: Crashed: Bus Error (SIGBUS)
    Captured: 23 events before crash

  - 585488837a26f33f0b5a8e9f7f36ecba800df61f0344ec55f8986a0b3fad904d.elf (8_32bit)
    Reason: Crashed: Bus Error (SIGBUS)
    Captured: 23 events before crash

  - 7b83dc70b31afea07e747011543d41f0170e0ef70d617f54f3fcb2ff4214840a.elf (8_32bit)
    Reason: Crashed: Bus Error (SIGBUS)
    Captured: 23 events before crash

  - 974688d36925cb33cf7f4673265f72f4d5949b6c22027e0fc54b6db2f440830a.elf (8_32bit)
    Reason: Crashed: Bus Error (SIGBUS)
    Captured: 23 events before crash

  - 2076e024ebc54a5fb3bf3a3d10f1bb73fdde763510dd5854139220be24e1cd57.elf (8_32bit)
    Reason: Crashed: Bus Error (SIGBUS)
    Captured: 23 events before crash

  - 198ae3d435ddc6dc243d99cfca51a3a61a03f6058fbe24dfe93ee306778c64b7.elf (8_32bit)
    Reason: Crashed: Bus Error (SIGBUS)
    Captured: 23 events before crash

  - 450d79cc40e93304fca3d435b88b317fe1a5bbdecb04356843c51c188c099174.elf (8_32bit)
    Reason: Crashed: Bus Error (SIGBUS)
    Captured: 23 events before crash

  - 58b017692224c462b4ae6fc935df96300f33d1e0e40b309c7b31792240d99102.elf (8_32bit)
    Reason: Crashed: Bus Error (SIGBUS)
    Captured: 23 events before crash

  - 3a2b0298688a91a60adfc4e5b6febc3ee73d6b9fa23c0413cd6eea8da7a2b630.elf (8_32bit)
    Reason: Crashed: Bus Error (SIGBUS)
    Captured: 23 events before crash

  - 740d845232b2b60e8b52c9eac3f464504db0e9c057ee90b2b6f88a8b4d5289ce.elf (8_32bit)
    Reason: Crashed: Bus Error (SIGBUS)
    Captured: 23 events before crash

  - 232cc44af01cef65bb8a7016914e618bd0a2ff3667a304b45b8241aa29c21d51.elf (8_32bit)
    Reason: Crashed: Bus Error (SIGBUS)
    Captured: 23 events before crash

  - b89dcbaf68519d6fbcd3d3cda59c9d1dcc0865f9a3c17847d283c0ad26f74d30.elf (8_32bit)
    Reason: Crashed: Bus Error (SIGBUS)
    Captured: 23 events before crash

  - 419fd7c658a345fd2e0e3061fb1ebcc3b95385a3520a600aa4612a73453786ed.elf (8_32bit)
    Reason: Crashed: Bus Error (SIGBUS)
    Captured: 23 events before crash

  - 30c382cb63dfc23e100745f21de7089d0af6b5db3505c138b304c4e89e430d38.elf (8_32bit)
    Reason: Crashed: Segmentation Fault (SIGSEGV)
    Captured: 24 events before crash

  - c36c93da186dfa73c1d6575e968be3f83a21a825465bb688e09a42ec402dc378.elf (8_32bit)
    Reason: Crashed: Bus Error (SIGBUS)
    Captured: 23 events before crash

  - 457ced8306ea5170af06155dfe1e16120e92f43895db3b36e51cd93132948323.elf (8_32bit)
    Reason: Crashed: Bus Error (SIGBUS)
    Captured: 23 events before crash

  - a5cae1a63747e60ed69d3a522d889beda4514014f06c7a33868eef217c45ccdc.elf (8_32bit)
    Reason: Crashed: Bus Error (SIGBUS)
    Captured: 23 events before crash

  - d2bcf89297b6e4b93ab6200647a71ffcb325a6beba972983cdf5a6d32e1e79b8.elf (8_32bit)
    Reason: Crashed: Bus Error (SIGBUS)
    Captured: 23 events before crash

  - b5e9117593832b5f51c006c16132e4bf853b928d5fe3a54ef6982bf63d57b8c8.elf (8_32bit)
    Reason: Crashed: Bus Error (SIGBUS)
    Captured: 23 events before crash

  - dc3906b6cf2e391537c1dfb599b3e5c0d58cccb3ed8b942cb1bcb064413b93e0.elf (8_32bit)
    Reason: Crashed: Bus Error (SIGBUS)
    Captured: 23 events before crash

  - ce55be505a910483a8426f03b351a9cee55ea43e5bd96aa569a50603eafbc0ef.elf (8_32bit)
    Reason: Crashed: Bus Error (SIGBUS)
    Captured: 24 events before crash

  - afabcb4d54a59adfbebb5ec6d22292aa30d47b21f3ae680248fbbb004984add9.elf (8_32bit)
    Reason: Crashed: Bus Error (SIGBUS)
    Captured: 23 events before crash

  - fd851655a0cc12da68cc0a81320476fb69a4a00835b5ad7341b55ea36f2cdbf7.elf (8_32bit)
    Reason: Crashed: Bus Error (SIGBUS)
    Captured: 23 events before crash

  - d6dd3935268ed0fc0817220590bbbdb1cfe12b518e314e2db243ee28e9050d74.elf (8_32bit)
    Reason: Crashed: Bus Error (SIGBUS)
    Captured: 23 events before crash

  - f2f45cebd49003b12f095884f9378025ead0236f6687bd35963248e703d274c7.elf (8_32bit)
    Reason: Crashed: Bus Error (SIGBUS)
    Captured: 23 events before crash

  - 7ef6a8e97530c15fb1d37be2a6cf7b96b4049c8fb79846ed571ffc4eca8ac36e.elf (8_32bit)
    Reason: Crashed: Bus Error (SIGBUS)
    Captured: 23 events before crash

  - 37a46c2b4715d5b600b43a4d4a67269e0eb5f501f3ee76e0f3440ab125b7d93e.elf (8_32bit)
    Reason: Crashed: Bus Error (SIGBUS)
    Captured: 23 events before crash

  - 678e9279cad14fb0897b03300a4a6f0920b5f1986ae299c5a342e046186ef5cd.elf (8_32bit)
    Reason: Crashed: Bus Error (SIGBUS)
    Captured: 23 events before crash

  - 484e15ad4cd6a56af0b2534347418957942ff51d1daf5e368dfec418283c9b41.elf (8_32bit)
    Reason: Crashed: Bus Error (SIGBUS)
    Captured: 23 events before crash

  - 80b9c649200490d6b2b6fd5a24e158afe934aea9396761fc6a292fda5cd4a0f7.elf (8_32bit)
    Reason: Crashed: Bus Error (SIGBUS)
    Captured: 23 events before crash

================================================================================

================================================================================



[EVENT ROUTER STATS]
  Total events routed: 10433
  Events compressed: 1585
  Compression ratio: 13.2% (12018 -> 10433)
  Events dropped: 0
  Unknown cgroups: 46
  Queue overflows: 0
  Active cgroups: 0

  Shard distribution (16 shards):
    Shard 1: 8214 events, 0 overflows, 1034 compressed
    Shard 3: 480 events, 0 overflows, 81 compressed
    Shard 5: 179 events, 0 overflows, 257 compressed
    Shard 7: 303 events, 0 overflows, 42 compressed
    Shard 9: 309 events, 0 overflows, 42 compressed
    Shard 11: 162 events, 0 overflows, 2 compressed
    Shard 13: 133 events, 0 overflows, 0 compressed
    Shard 15: 653 events, 0 overflows, 127 compressed
[MONITOR_READER] Stopping...
[AI-Integration] Job 0a0b842f analyzed via deepseek
[AI-Integration] Job 3aa32d6a analyzed via deepseek
[AI-Integration] Job 0fbc43c6 analyzed via deepseek
[AI-Integration] Job 9014b21a analyzed via deepseek
[AI-Integration] Job 71294f98 analyzed via deepseek
[AI-Integration] Job ebaf239b analyzed via deepseek
[AI-Integration] Job 9f5e8f1f analyzed via deepseek

[MONITOR] Stopping global monitor process...
[MONITOR_READER] Monitor process terminated
[MONITOR_READER] Stopped
[MONITOR] ✓ Global monitor process terminated

[AI] Waiting for DeepSeek analysis to complete...
[DEEPSEEK] Waiting for 0 tasks to complete...
[AI-Integration] Job d5e11aa6 analyzed via deepseek
[AI-Integration] Job 68ebd9c3 analyzed via deepseek
[AI-Integration] Job 6a31480e analyzed via deepseek
[AI-Integration] Job 26bcefa6 analyzed via deepseek
[AI-Integration] Job e02b32a2 analyzed via deepseek
[AI-Integration] Job 24975c04 analyzed via deepseek
[AI-Integration] Job c6b26363 analyzed via deepseek
[AI-Integration] Job 45a7eafb analyzed via deepseek
[AI-Integration] Job d733ea46 analyzed via deepseek
[AI-Integration] Job ab8bd3f9 analyzed via deepseek
[AI-Integration] Job 3475a643 analyzed via deepseek
[AI-Integration] Job 27214ac2 analyzed via deepseek
[AI-Integration] Job 8913a8df analyzed via deepseek
[AI-Integration] Job b72e8dd5 analyzed via deepseek
[AI-Integration] Job e54e56ec analyzed via deepseek
[AI-Integration] Job 2ba0317d analyzed via deepseek
[AI-Integration] Job 3f27a3e9 analyzed via deepseek
[AI-Integration] Job 415f3701 analyzed via deepseek
[AI-Integration] Job 7b906b7f analyzed via deepseek
[AI-Integration] Job d13324b4 analyzed via deepseek
[AI-Integration] Job e53c2873 analyzed via deepseek
[AI-Integration] Job 507a026f analyzed via deepseek
[AI-Integration] Job 4ee747f5 analyzed via deepseek
[AI-Integration] Job 6af38af5 analyzed via deepseek
[AI-Integration] Job d1d680f7 analyzed via deepseek
[AI-Integration] Job e8c5f70d analyzed via deepseek
[AI-Integration] Job 16a53189 analyzed via deepseek
[AI-Integration] Job ef849d46 analyzed via deepseek
[AI-Integration] Job 7e5644f8 analyzed via deepseek
[AI-Integration] Job 5fe36efe analyzed via deepseek
[AI-Integration] Job aa105365 analyzed via deepseek
[AI-Integration] Job f188b525 analyzed via deepseek
[AI-Integration] Job 0f7712b9 analyzed via deepseek
[AI-Integration] Job 8f6d1a10 analyzed via deepseek
[AI-Integration] Job e136b494 analyzed via deepseek
[AI-Integration] Job ba64f6f6 analyzed via deepseek
[AI-Integration] Job e4358b2c analyzed via deepseek
[AI-Integration] Job 44c265e0 analyzed via deepseek
[AI-Integration] Job e6086807 analyzed via deepseek
[AI-Integration] Job e204915d analyzed via deepseek
[AI-Integration] Job 09ba83a1 analyzed via deepseek
[AI-Integration] Job 76375501 analyzed via deepseek
[AI-Integration] Job 4715da3e analyzed via deepseek
[AI-Integration] Job 96aec859 analyzed via deepseek
[DEEPSEEK] All tasks completed
[AI] Analysis complete:
  Total analyzed: 51
  Successful: 51
  Failed: 0
  In progress: 0
  Queued: 0
[AI-Integration] Waiting for tasks to complete...
[AI-Integration] Stopped
[AI] ✓ DeepSeek integration stopped

[EVENT ROUTER] Statistics:
  Events routed: 10433
  Unknown cgroups: 46
  Queue overflows: 0

[MONITOR READER] Statistics:
  Lines read: 19179
  Events parsed: 19179
  Parse errors: 0

[WRAPPER] Total execution time: 123.91 seconds
Would you like to exit the wrapper? [y/N]: 
Monitor terminated.
Terminating report window...
[WRAPPER] Performing final docker cleanup (prune)...
[WRAPPER] ✓ Docker container prune completed
