[MPK] Protection Keys allocated: Config Key=1, FD Key=2
[CONFIG] Analysis logs will be written to: ../ELF_samples/benign_report/arm32_add/raw
[SCAN] Analyzing executables in: /home/zzh/Compass-Proj1/MirrorShield/ELF_samples/benign/arm_32_added
[SCAN] Found 200 supported executable(s)
[INFO] Writing vulnerability reports to session file /home/zzh/Compass-Proj1/MirrorShield/Wrapper/report/report_session_2026-01-29_21-45-49_05693b99.log

[POOL MODE] Using Docker pool with 6 concurrent workers
[POOL MODE] Queue strategy: grouped
[MONITOR] Starting global monitor process...
[MONITOR] Command: sudo /home/zzh/Compass-Proj1/MirrorShield/Wrapper/monitor
[CgroupManager] Warning: No BPF object and no pinned map found
[CgroupManager] Will use bpftool for map operations
[MONITOR] Global monitor started successfully (PID: 59818)
[MONITOR_READER] Started reading monitor output
[POOL MODE] Performing BPF health check and warm-up...
[POOL MODE] Step 1/3: Basic stabilization...
[POOL MODE] Step 2/3: Probe container test - warming up BPF...
[DOCKER] Selected image for libc=glibc: ubuntu:24.04
[POOL MODE] Probe: PID=59915, cgroup=38784
[CgroupManager] Added cgroup 38784 via bpftool
[CgroupManager] Removed cgroup 38784 via bpftool
[POOL MODE] ✓ Probe container completed - BPF warmed up
[POOL MODE] Step 3/3: Final stabilization (0.5s)...
[POOL MODE] ✓ BPF health check PASSED - ready for concurrent execution
Loaded Provider: deepseek | Model: deepseek-chat
[AI-Integration] Initialized with max_workers=6
[AI-Integration] Current Provider: deepseek
[AI-Integration] Started worker pool
[AI] ✓ DeepSeek AI analysis enabled (6 workers)
[DOCKER_POOL] Submitted 200 tasks to queue (queue size: 200)
[DOCKER_POOL] Starting 6 workers...
[DockerWorker-0] Starting: eb05d613478f1c12bc336ac84c909f27bfb464e0c04003a25d130898a135d62a.elf (40_32bit)
[DockerWorker-1] Starting: 42b50a616c6ff741a95b5f8afeb0d72c23f441c17434cc52adfbf8bf1c063682.elf (40_32bit)
[ANALYSISLOG] eb05d613478f1c12bc336ac84c909f27bfb464e0c04003a25d130898a135d62a.elf -> ../ELF_samples/benign_report/arm32_add/raw/eb05d613478f1c12bc336ac84c909f27bfb464e0c04003a25d130898a135d62a.elf_2026-01-29_21-45-56_b9ac11d8.jsonl
[DOCKER] Selected image for libc=glibc: arm32v7/ubuntu:22.04
[DockerWorker-2] Starting: 8d98c1b13b50527f5e94f0ba948c5980e911c4636dd1d86f78960905d483c16c.elf (40_32bit)
[DockerWorker-3] Starting: 95a88d8a3c1eac950ae3fd141211a4e7ed02cf5a774ed220bc099ff78bb24db4.elf (40_32bit)
[ANALYSISLOG] 42b50a616c6ff741a95b5f8afeb0d72c23f441c17434cc52adfbf8bf1c063682.elf -> ../ELF_samples/benign_report/arm32_add/raw/42b50a616c6ff741a95b5f8afeb0d72c23f441c17434cc52adfbf8bf1c063682.elf_2026-01-29_21-45-56_f60ea704.jsonl
[DOCKER] Selected image for libc=glibc: arm32v7/ubuntu:22.04
[DockerWorker-4] Starting: 7075fbfe1ed5ea48fd58fa1b4a32938b3b73c314ed2fdf0b7f1f508a43f3cf31.elf (40_32bit)
[ANALYSISLOG] 95a88d8a3c1eac950ae3fd141211a4e7ed02cf5a774ed220bc099ff78bb24db4.elf -> ../ELF_samples/benign_report/arm32_add/raw/95a88d8a3c1eac950ae3fd141211a4e7ed02cf5a774ed220bc099ff78bb24db4.elf_2026-01-29_21-45-56_2a4eb97a.jsonl
[DOCKER] Selected image for libc=glibc: arm32v7/ubuntu:22.04
[ANALYSISLOG] 7075fbfe1ed5ea48fd58fa1b4a32938b3b73c314ed2fdf0b7f1f508a43f3cf31.elf -> ../ELF_samples/benign_report/arm32_add/raw/7075fbfe1ed5ea48fd58fa1b4a32938b3b73c314ed2fdf0b7f1f508a43f3cf31.elf_2026-01-29_21-45-56_830362b5.jsonl
[DOCKER] Selected image for libc=glibc: arm32v7/ubuntu:22.04
[ANALYSISLOG] 8d98c1b13b50527f5e94f0ba948c5980e911c4636dd1d86f78960905d483c16c.elf -> ../ELF_samples/benign_report/arm32_add/raw/8d98c1b13b50527f5e94f0ba948c5980e911c4636dd1d86f78960905d483c16c.elf_2026-01-29_21-45-56_eecbd313.jsonl
[DOCKER] Selected image for libc=glibc: arm32v7/ubuntu:22.04
[DockerWorker-5] Starting: 14c094b03cfab4566fd428d3e658f2c0c347e69873e42a0dfdb89270c41bba79.elf (40_32bit)
[DOCKER_POOL] 6 workers started
[DOCKER_POOL] Waiting for all tasks to complete...
[ANALYSISLOG] 14c094b03cfab4566fd428d3e658f2c0c347e69873e42a0dfdb89270c41bba79.elf -> ../ELF_samples/benign_report/arm32_add/raw/14c094b03cfab4566fd428d3e658f2c0c347e69873e42a0dfdb89270c41bba79.elf_2026-01-29_21-45-56_1d673ef6.jsonl
[DOCKER] Selected image for libc=glibc: arm32v7/ubuntu:22.04
[CgroupManager] Added cgroup 38870 via bpftool
[CgroupManager] Added cgroup 38956 via bpftool
[CgroupManager] Added cgroup 39128 via bpftool
[CgroupManager] Added cgroup 39042 via bpftool
[EventRouter] DEBUG: EXEC #34 filename='/bin/true', triggers=['7075fbfe1ed5ea48fd58fa1b4a32938b3b73c314ed2fdf0b7f1f508a43f3cf31.elf', '/tmp/7075fbfe1ed5ea48fd58fa1b4a32938b3b73c314ed2fdf0b7f1f508a43f3cf31.elf']
[EventRouter] DEBUG: EXEC #34 filename='/bin/true', triggers=['14c094b03cfab4566fd428d3e658f2c0c347e69873e42a0dfdb89270c41bba79.elf', '/tmp/14c094b03cfab4566fd428d3e658f2c0c347e69873e42a0dfdb89270c41bba79.elf']
[EventRouter] DEBUG: EXEC #33 filename='/bin/true', triggers=['95a88d8a3c1eac950ae3fd141211a4e7ed02cf5a774ed220bc099ff78bb24db4.elf', '/tmp/95a88d8a3c1eac950ae3fd141211a4e7ed02cf5a774ed220bc099ff78bb24db4.elf']
[CgroupManager] Added cgroup 39214 via bpftool
[CgroupManager] Added cgroup 39300 via bpftool
[EventRouter] DEBUG: EXEC #34 filename='/bin/true', triggers=['8d98c1b13b50527f5e94f0ba948c5980e911c4636dd1d86f78960905d483c16c.elf', '/tmp/8d98c1b13b50527f5e94f0ba948c5980e911c4636dd1d86f78960905d483c16c.elf']
[EventRouter] DEBUG: EXEC #33 filename='/bin/true', triggers=['42b50a616c6ff741a95b5f8afeb0d72c23f441c17434cc52adfbf8bf1c063682.elf', '/tmp/42b50a616c6ff741a95b5f8afeb0d72c23f441c17434cc52adfbf8bf1c063682.elf']
[EventRouter] ARM detected at event 127 for cgroup 38870
[EventRouter] Discarded 126 pre-ARM events for cgroup 38870
[EventRouter] ARM detected at event 129 for cgroup 38956
[EventRouter] Discarded 128 pre-ARM events for cgroup 38956
[DOCKER] Container exit code: 0
[DOCKER][STDOUT] BEGIN
95a88d8a3c1eac950ae3fd141211a4e7ed02cf5a774ed220bc099ff78bb24db4.elf
[DOCKER][STDOUT] END
[DOCKER] Raw stdout saved: ../ELF_samples/benign_report/arm32_add/raw/95a88d8a3c1eac950ae3fd141211a4e7ed02cf5a774ed220bc099ff78bb24db4.elf_2026-01-29_21-45-56_2a4eb97a_container_stdout.txt
[EventRouter] ARM detected at event 162 for cgroup 39214
[EventRouter] Discarded 161 pre-ARM events for cgroup 39214
[EventRouter] ARM detected at event 130 for cgroup 39128
[EventRouter] Discarded 129 pre-ARM events for cgroup 39128
[EventRouter] ARM detected at event 144 for cgroup 39300
[EventRouter] Discarded 143 pre-ARM events for cgroup 39300
[EventRouter] ARM detected at event 131 for cgroup 39042
[EventRouter] Discarded 130 pre-ARM events for cgroup 39042
[DOCKER] Container exit code: 0
[DOCKER][STDOUT] BEGIN
0
[DOCKER][STDOUT] END
[DOCKER] Raw stdout saved: ../ELF_samples/benign_report/arm32_add/raw/eb05d613478f1c12bc336ac84c909f27bfb464e0c04003a25d130898a135d62a.elf_2026-01-29_21-45-56_b9ac11d8_container_stdout.txt
[DOCKER] Container exit code: 0
[DOCKER][STDOUT] BEGIN
14c094b03cfab4566fd428d3e658f2c0c347e69873e42a0dfdb89270c41bba79.elf
[DOCKER][STDOUT] END
[DOCKER] Raw stdout saved: ../ELF_samples/benign_report/arm32_add/raw/14c094b03cfab4566fd428d3e658f2c0c347e69873e42a0dfdb89270c41bba79.elf_2026-01-29_21-45-56_1d673ef6_container_stdout.txt
[DOCKER] Container exit code: 0
[DOCKER][STDOUT] BEGIN
Linux
[DOCKER][STDOUT] END
[DOCKER] Raw stdout saved: ../ELF_samples/benign_report/arm32_add/raw/42b50a616c6ff741a95b5f8afeb0d72c23f441c17434cc52adfbf8bf1c063682.elf_2026-01-29_21-45-56_f60ea704_container_stdout.txt
[DOCKER] Container exit code: 0
[DOCKER][STDOUT] BEGIN
786a02f742015903c6c6fd852552d272912f4740e15847618a86e217f71f5419d25e1031afee585313896444934eb04b903a685b1448b755d56f701afe9be2ce  -
[DOCKER][STDOUT] END
[DOCKER] Raw stdout saved: ../ELF_samples/benign_report/arm32_add/raw/7075fbfe1ed5ea48fd58fa1b4a32938b3b73c314ed2fdf0b7f1f508a43f3cf31.elf_2026-01-29_21-45-56_830362b5_container_stdout.txt
[DOCKER] Container exit code: 1
[DOCKER][STDOUT] BEGIN
/tmp/8d98c1b13b50527f5e94f0ba948c5980e911c4636dd1d86f78960905d483c16c.elf: missing operand
Try '/tmp/8d98c1b13b50527f5e94f0ba948c5980e911c4636dd1d86f78960905d483c16c.elf --help' for more information.
[DOCKER][STDOUT] END
[DOCKER] Raw stdout saved: ../ELF_samples/benign_report/arm32_add/raw/8d98c1b13b50527f5e94f0ba948c5980e911c4636dd1d86f78960905d483c16c.elf_2026-01-29_21-45-56_eecbd313_container_stdout.txt
[POOL] Collected 16 events for analysis (read from log file)
[POOL] Running analyzers on 16 events for 95a88d8a3c1eac950ae3fd141211a4e7ed02cf5a774ed220bc099ff78bb24db4.elf
[POOL] Analysis completed: 0 findings in 0.00s (14360 events/s)
[AI-Integration] Submitted task: 2a4eb97a
[AI] 2a4eb97a queued for DeepSeek analysis
[CgroupManager] Removed cgroup 38956 via bpftool
[POOL] Cleanup scheduled for 692000b313fc
[DockerWorker-3] ✓ Completed: 95a88d8a3c1eac950ae3fd141211a4e7ed02cf5a774ed220bc099ff78bb24db4.elf (16 events) (1.14s)
[DockerWorker-3] Starting: 695705ee821e1f81f3efcda25b9e0e324524c6171be0da57f09daa36f44aaaef.elf (40_32bit)
[ANALYSISLOG] 695705ee821e1f81f3efcda25b9e0e324524c6171be0da57f09daa36f44aaaef.elf -> ../ELF_samples/benign_report/arm32_add/raw/695705ee821e1f81f3efcda25b9e0e324524c6171be0da57f09daa36f44aaaef.elf_2026-01-29_21-45-57_a1d99ba0.jsonl
[DOCKER] Selected image for libc=glibc: arm32v7/ubuntu:22.04
[POOL] Collected 14 events for analysis (read from log file)
[POOL] Running analyzers on 14 events for eb05d613478f1c12bc336ac84c909f27bfb464e0c04003a25d130898a135d62a.elf
[POOL] Analysis completed: 0 findings in 0.00s (13153 events/s)
[AI-Integration] Submitted task: b9ac11d8
[AI] b9ac11d8 queued for DeepSeek analysis
[POOL] Collected 16 events for analysis (read from log file)
[POOL] Running analyzers on 16 events for 14c094b03cfab4566fd428d3e658f2c0c347e69873e42a0dfdb89270c41bba79.elf
[POOL] Analysis completed: 0 findings in 0.00s (15338 events/s)
[AI-Integration] Submitted task: 1d673ef6
[AI] 1d673ef6 queued for DeepSeek analysis
[POOL] Collected 14 events for analysis (read from log file)
[POOL] Running analyzers on 14 events for 42b50a616c6ff741a95b5f8afeb0d72c23f441c17434cc52adfbf8bf1c063682.elf
[POOL] Analysis completed: 0 findings in 0.00s (13147 events/s)
[AI-Integration] Submitted task: f60ea704
[AI] f60ea704 queued for DeepSeek analysis
[POOL] Collected 14 events for analysis (read from log file)
[POOL] Running analyzers on 14 events for 7075fbfe1ed5ea48fd58fa1b4a32938b3b73c314ed2fdf0b7f1f508a43f3cf31.elf
[POOL] Analysis completed: 0 findings in 0.00s (13263 events/s)
[AI-Integration] Submitted task: 830362b5
[AI] 830362b5 queued for DeepSeek analysis
[CgroupManager] Removed cgroup 39128 via bpftool
[POOL] Cleanup scheduled for 496e05ef3e8d
[DockerWorker-5] ✓ Completed: 14c094b03cfab4566fd428d3e658f2c0c347e69873e42a0dfdb89270c41bba79.elf (16 events) (1.17s)
[DockerWorker-5] Starting: 0dc858602e2679271f61699cdf11eb77f245974e3d2e8bf01cac975138d8a5fd.elf (40_32bit)
[CgroupManager] Removed cgroup 39214 via bpftool
[ANALYSISLOG] 0dc858602e2679271f61699cdf11eb77f245974e3d2e8bf01cac975138d8a5fd.elf -> ../ELF_samples/benign_report/arm32_add/raw/0dc858602e2679271f61699cdf11eb77f245974e3d2e8bf01cac975138d8a5fd.elf_2026-01-29_21-45-57_30f98a92.jsonl
[DOCKER] Selected image for libc=glibc: arm32v7/ubuntu:22.04
[POOL] Cleanup scheduled for be913d0eb381
[DockerWorker-0] ✓ Completed: eb05d613478f1c12bc336ac84c909f27bfb464e0c04003a25d130898a135d62a.elf (14 events) (1.18s)
[DockerWorker-0] Starting: a702ab21aaf8a52b3568cbfa297f3a22b7207eb45ed8511301ca649718b47844.elf (40_32bit)
[CgroupManager] Removed cgroup 39300 via bpftool
[ANALYSISLOG] a702ab21aaf8a52b3568cbfa297f3a22b7207eb45ed8511301ca649718b47844.elf -> ../ELF_samples/benign_report/arm32_add/raw/a702ab21aaf8a52b3568cbfa297f3a22b7207eb45ed8511301ca649718b47844.elf_2026-01-29_21-45-57_c3af34c1.jsonl
[DOCKER] Selected image for libc=glibc: arm32v7/ubuntu:22.04
[POOL] Cleanup scheduled for 81979984a094
[DockerWorker-1] ✓ Completed: 42b50a616c6ff741a95b5f8afeb0d72c23f441c17434cc52adfbf8bf1c063682.elf (14 events) (1.18s)
[DockerWorker-1] Starting: 58ba0a8f5f51f3be6ea8cf50980eb35e2177e3d067046743f35393721a95fc3b.elf (40_32bit)
[CgroupManager] Removed cgroup 38870 via bpftool
[POOL] Cleanup scheduled for 14a4b93cefd5
[DockerWorker-4] ✓ Completed: 7075fbfe1ed5ea48fd58fa1b4a32938b3b73c314ed2fdf0b7f1f508a43f3cf31.elf (14 events) (1.18s)
[DockerWorker-4] Starting: fc3ee78cdb87b37117e6f1f2f82ddedd59245f816b96d45562d346a246a662d1.elf (40_32bit)
[ANALYSISLOG] fc3ee78cdb87b37117e6f1f2f82ddedd59245f816b96d45562d346a246a662d1.elf -> ../ELF_samples/benign_report/arm32_add/raw/fc3ee78cdb87b37117e6f1f2f82ddedd59245f816b96d45562d346a246a662d1.elf_2026-01-29_21-45-57_0534288e.jsonl
[DOCKER] Selected image for libc=glibc: arm32v7/ubuntu:22.04
[ANALYSISLOG] 58ba0a8f5f51f3be6ea8cf50980eb35e2177e3d067046743f35393721a95fc3b.elf -> ../ELF_samples/benign_report/arm32_add/raw/58ba0a8f5f51f3be6ea8cf50980eb35e2177e3d067046743f35393721a95fc3b.elf_2026-01-29_21-45-57_7c1cb613.jsonl
[DOCKER] Selected image for libc=glibc: arm32v7/ubuntu:22.04
[POOL] Collected 17 events for analysis (read from log file)
[POOL] Running analyzers on 17 events for 8d98c1b13b50527f5e94f0ba948c5980e911c4636dd1d86f78960905d483c16c.elf
[POOL] Analysis completed: 0 findings in 0.00s (15946 events/s)
[AI-Integration] Submitted task: eecbd313
[AI] eecbd313 queued for DeepSeek analysis
[CgroupManager] Removed cgroup 39042 via bpftool
[POOL] Cleanup scheduled for a8617b3af9e8
[DockerWorker-2] ✓ Completed: 8d98c1b13b50527f5e94f0ba948c5980e911c4636dd1d86f78960905d483c16c.elf (17 events) (1.26s)
[DockerWorker-2] Starting: 0f1b9c8de01c4200cdbfd9dbdfa2615c9abedc5cbb4613342bd377618c8b67e1.elf (40_32bit)
[ANALYSISLOG] 0f1b9c8de01c4200cdbfd9dbdfa2615c9abedc5cbb4613342bd377618c8b67e1.elf -> ../ELF_samples/benign_report/arm32_add/raw/0f1b9c8de01c4200cdbfd9dbdfa2615c9abedc5cbb4613342bd377618c8b67e1.elf_2026-01-29_21-45-57_337b0de3.jsonl
[DOCKER] Selected image for libc=glibc: arm32v7/ubuntu:22.04
[CgroupManager] Added cgroup 39386 via bpftool
[CgroupManager] Added cgroup 39558 via bpftool
[CgroupManager] Added cgroup 39730 via bpftool
[CgroupManager] Added cgroup 39472 via bpftool
[EventRouter] DEBUG: EXEC #49 filename='/bin/true', triggers=['58ba0a8f5f51f3be6ea8cf50980eb35e2177e3d067046743f35393721a95fc3b.elf', '/tmp/58ba0a8f5f51f3be6ea8cf50980eb35e2177e3d067046743f35393721a95fc3b.elf']
[EventRouter] DEBUG: EXEC #33 filename='/bin/true', triggers=['695705ee821e1f81f3efcda25b9e0e324524c6171be0da57f09daa36f44aaaef.elf', '/tmp/695705ee821e1f81f3efcda25b9e0e324524c6171be0da57f09daa36f44aaaef.elf']
[CgroupManager] Added cgroup 39644 via bpftool
[CgroupManager] Added cgroup 39816 via bpftool
[EventRouter] DEBUG: EXEC #33 filename='/bin/true', triggers=['fc3ee78cdb87b37117e6f1f2f82ddedd59245f816b96d45562d346a246a662d1.elf', '/tmp/fc3ee78cdb87b37117e6f1f2f82ddedd59245f816b96d45562d346a246a662d1.elf']
[EventRouter] DEBUG: EXEC #49 filename='/bin/true', triggers=['0dc858602e2679271f61699cdf11eb77f245974e3d2e8bf01cac975138d8a5fd.elf', '/tmp/0dc858602e2679271f61699cdf11eb77f245974e3d2e8bf01cac975138d8a5fd.elf']
[EventRouter] DEBUG: EXEC #49 filename='/bin/true', triggers=['a702ab21aaf8a52b3568cbfa297f3a22b7207eb45ed8511301ca649718b47844.elf', '/tmp/a702ab21aaf8a52b3568cbfa297f3a22b7207eb45ed8511301ca649718b47844.elf']
[EventRouter] DEBUG: EXEC #50 filename='/bin/true', triggers=['0f1b9c8de01c4200cdbfd9dbdfa2615c9abedc5cbb4613342bd377618c8b67e1.elf', '/tmp/0f1b9c8de01c4200cdbfd9dbdfa2615c9abedc5cbb4613342bd377618c8b67e1.elf']
[EventRouter] ARM detected at event 127 for cgroup 39386
[EventRouter] Discarded 126 pre-ARM events for cgroup 39386
[EventRouter] ARM detected at event 142 for cgroup 39558
[EventRouter] Discarded 141 pre-ARM events for cgroup 39558
[DOCKER] Container exit code: 1
[DOCKER][STDOUT] BEGIN
/tmp/58ba0a8f5f51f3be6ea8cf50980eb35e2177e3d067046743f35393721a95fc3b.elf: missing operand
Try '/tmp/58ba0a8f5f51f3be6ea8cf50980eb35e2177e3d067046743f35393721a95fc3b.elf --help' for more information.
[DOCKER][STDOUT] END
[DOCKER] Raw stdout saved: ../ELF_samples/benign_report/arm32_add/raw/58ba0a8f5f51f3be6ea8cf50980eb35e2177e3d067046743f35393721a95fc3b.elf_2026-01-29_21-45-57_7c1cb613_container_stdout.txt
[EventRouter] ARM detected at event 164 for cgroup 39816
[EventRouter] Discarded 163 pre-ARM events for cgroup 39816
[EventRouter] ARM detected at event 131 for cgroup 39730
[EventRouter] Discarded 130 pre-ARM events for cgroup 39730
[DOCKER] Container exit code: 0
[EventRouter] ARM detected at event 147 for cgroup 39472
[EventRouter] Discarded 146 pre-ARM events for cgroup 39472
[EventRouter] ARM detected at event 163 for cgroup 39644
[EventRouter] Discarded 162 pre-ARM events for cgroup 39644
[DOCKER] Container exit code: 0
[DOCKER] Container exit code: 0
[DOCKER] Container exit code: 0
[DOCKER][STDOUT] BEGIN
cf83e1357eefb8bdf1542850d66d8007d620e4050b5715dc83f4a921d36ce9ce47d0d13c5d85f2b0ff8318d2877eec2f63b931bd47417a81a538327af927da3e  -
[DOCKER][STDOUT] END
[DOCKER] Raw stdout saved: ../ELF_samples/benign_report/arm32_add/raw/695705ee821e1f81f3efcda25b9e0e324524c6171be0da57f09daa36f44aaaef.elf_2026-01-29_21-45-57_a1d99ba0_container_stdout.txt
[DOCKER] Container exit code: 1
[DOCKER][STDOUT] BEGIN
/tmp/a702ab21aaf8a52b3568cbfa297f3a22b7207eb45ed8511301ca649718b47844.elf: missing operand
Try '/tmp/a702ab21aaf8a52b3568cbfa297f3a22b7207eb45ed8511301ca649718b47844.elf --help' for more information.
[DOCKER][STDOUT] END
[DOCKER] Raw stdout saved: ../ELF_samples/benign_report/arm32_add/raw/a702ab21aaf8a52b3568cbfa297f3a22b7207eb45ed8511301ca649718b47844.elf_2026-01-29_21-45-57_c3af34c1_container_stdout.txt
[POOL] Collected 17 events for analysis (read from log file)
[POOL] Running analyzers on 17 events for 58ba0a8f5f51f3be6ea8cf50980eb35e2177e3d067046743f35393721a95fc3b.elf
[POOL] Analysis completed: 0 findings in 0.00s (15402 events/s)
[AI-Integration] Submitted task: 7c1cb613
[AI] 7c1cb613 queued for DeepSeek analysis
[CgroupManager] Removed cgroup 39558 via bpftool
[POOL] Cleanup scheduled for 830b7f9e9897
[DockerWorker-1] ✓ Completed: 58ba0a8f5f51f3be6ea8cf50980eb35e2177e3d067046743f35393721a95fc3b.elf (17 events) (1.22s)
[DockerWorker-1] Starting: 0190a52c3594cc90582789dbea576bb0063b39b35b57a07f4a3c14ead548a921.elf (40_32bit)
[ANALYSISLOG] 0190a52c3594cc90582789dbea576bb0063b39b35b57a07f4a3c14ead548a921.elf -> ../ELF_samples/benign_report/arm32_add/raw/0190a52c3594cc90582789dbea576bb0063b39b35b57a07f4a3c14ead548a921.elf_2026-01-29_21-45-58_2d8c624e.jsonl
[DOCKER] Selected image for libc=glibc: arm32v7/ubuntu:22.04
[POOL] Collected 14 events for analysis (read from log file)
[POOL] Running analyzers on 14 events for 0f1b9c8de01c4200cdbfd9dbdfa2615c9abedc5cbb4613342bd377618c8b67e1.elf
[POOL] Analysis completed: 0 findings in 0.00s (13123 events/s)
[AI-Integration] Submitted task: 337b0de3
[AI] 337b0de3 queued for DeepSeek analysis
[CgroupManager] Removed cgroup 39816 via bpftool
[POOL] Cleanup scheduled for 73120551def4
[DockerWorker-2] ✓ Completed: 0f1b9c8de01c4200cdbfd9dbdfa2615c9abedc5cbb4613342bd377618c8b67e1.elf (14 events) (1.18s)
[DockerWorker-2] Starting: 1fd8e04c3d5a095cb6456f37539fefe5cd4fb9861fa1b0e7e595217f80af0fcd.elf (40_32bit)
[ANALYSISLOG] 1fd8e04c3d5a095cb6456f37539fefe5cd4fb9861fa1b0e7e595217f80af0fcd.elf -> ../ELF_samples/benign_report/arm32_add/raw/1fd8e04c3d5a095cb6456f37539fefe5cd4fb9861fa1b0e7e595217f80af0fcd.elf_2026-01-29_21-45-58_26619f2b.jsonl
[DOCKER] Selected image for libc=glibc: arm32v7/ubuntu:22.04
[POOL] Collected 13 events for analysis (read from log file)
[POOL] Running analyzers on 13 events for fc3ee78cdb87b37117e6f1f2f82ddedd59245f816b96d45562d346a246a662d1.elf
[POOL] Analysis completed: 0 findings in 0.00s (12493 events/s)
[AI-Integration] Submitted task: 0534288e
[AI] 0534288e queued for DeepSeek analysis
[POOL] Collected 13 events for analysis (read from log file)
[POOL] Running analyzers on 13 events for 0dc858602e2679271f61699cdf11eb77f245974e3d2e8bf01cac975138d8a5fd.elf
[POOL] Analysis completed: 0 findings in 0.00s (12357 events/s)
[AI-Integration] Submitted task: 30f98a92
[AI] 30f98a92 queued for DeepSeek analysis
[CgroupManager] Removed cgroup 39730 via bpftool
[POOL] Cleanup scheduled for fac48dc83491
[DockerWorker-4] ✓ Completed: fc3ee78cdb87b37117e6f1f2f82ddedd59245f816b96d45562d346a246a662d1.elf (13 events) (1.28s)
[DockerWorker-4] Starting: c52f2a381fea9e36a43aa09dd59347547a897de574b5759a4f1244c51220cc03.elf (40_32bit)
[ANALYSISLOG] c52f2a381fea9e36a43aa09dd59347547a897de574b5759a4f1244c51220cc03.elf -> ../ELF_samples/benign_report/arm32_add/raw/c52f2a381fea9e36a43aa09dd59347547a897de574b5759a4f1244c51220cc03.elf_2026-01-29_21-45-58_7ac6f19f.jsonl
[DOCKER] Selected image for libc=glibc: arm32v7/ubuntu:22.04
[POOL] Collected 14 events for analysis (read from log file)
[POOL] Running analyzers on 14 events for 695705ee821e1f81f3efcda25b9e0e324524c6171be0da57f09daa36f44aaaef.elf
[POOL] Analysis completed: 0 findings in 0.00s (12621 events/s)
[AI-Integration] Submitted task: a1d99ba0
[AI] a1d99ba0 queued for DeepSeek analysis
[CgroupManager] Removed cgroup 39472 via bpftool
[POOL] Cleanup scheduled for 705a9bbc8005
[DockerWorker-5] ✓ Completed: 0dc858602e2679271f61699cdf11eb77f245974e3d2e8bf01cac975138d8a5fd.elf (13 events) (1.29s)
[DockerWorker-5] Starting: 022296cb040e6ecd6a4df60d75e3a0ef904f34775bfaaf6b61138bcf2e4edaed.elf (40_32bit)
[ANALYSISLOG] 022296cb040e6ecd6a4df60d75e3a0ef904f34775bfaaf6b61138bcf2e4edaed.elf -> ../ELF_samples/benign_report/arm32_add/raw/022296cb040e6ecd6a4df60d75e3a0ef904f34775bfaaf6b61138bcf2e4edaed.elf_2026-01-29_21-45-58_845d081b.jsonl
[DOCKER] Selected image for libc=glibc: arm32v7/ubuntu:22.04
[CgroupManager] Removed cgroup 39386 via bpftool
[POOL] Cleanup scheduled for 9ea638ccbf9b
[DockerWorker-3] ✓ Completed: 695705ee821e1f81f3efcda25b9e0e324524c6171be0da57f09daa36f44aaaef.elf (14 events) (1.34s)
[DockerWorker-3] Starting: eaec25613a288b4845e4c9336b9bce9a96f66810158223d16ba3d6eec13e8ee0.elf (40_32bit)
[ANALYSISLOG] eaec25613a288b4845e4c9336b9bce9a96f66810158223d16ba3d6eec13e8ee0.elf -> ../ELF_samples/benign_report/arm32_add/raw/eaec25613a288b4845e4c9336b9bce9a96f66810158223d16ba3d6eec13e8ee0.elf_2026-01-29_21-45-58_0702368a.jsonl
[DOCKER] Selected image for libc=glibc: arm32v7/ubuntu:22.04
[POOL] Collected 18 events for analysis (read from log file)
[POOL] Running analyzers on 18 events for a702ab21aaf8a52b3568cbfa297f3a22b7207eb45ed8511301ca649718b47844.elf
[POOL] Analysis completed: 0 findings in 0.00s (16486 events/s)
[AI-Integration] Submitted task: c3af34c1
[AI] c3af34c1 queued for DeepSeek analysis
[CgroupManager] Removed cgroup 39644 via bpftool
[POOL] Cleanup scheduled for b6dbb6d0c16a
[DockerWorker-0] ✓ Completed: a702ab21aaf8a52b3568cbfa297f3a22b7207eb45ed8511301ca649718b47844.elf (18 events) (1.38s)
[DockerWorker-0] Starting: 1bfab164eab92dc696266c9ddf2928b96a44be0fb56eca9cfcd7a796f3df9472.elf (40_32bit)
[ANALYSISLOG] 1bfab164eab92dc696266c9ddf2928b96a44be0fb56eca9cfcd7a796f3df9472.elf -> ../ELF_samples/benign_report/arm32_add/raw/1bfab164eab92dc696266c9ddf2928b96a44be0fb56eca9cfcd7a796f3df9472.elf_2026-01-29_21-45-58_70597e84.jsonl
[DOCKER] Selected image for libc=glibc: arm32v7/ubuntu:22.04
[CgroupManager] Added cgroup 39902 via bpftool
[CgroupManager] Added cgroup 39988 via bpftool
[EventRouter] DEBUG: EXEC #34 filename='/bin/true', triggers=['0190a52c3594cc90582789dbea576bb0063b39b35b57a07f4a3c14ead548a921.elf', '/tmp/0190a52c3594cc90582789dbea576bb0063b39b35b57a07f4a3c14ead548a921.elf']
[CgroupManager] Added cgroup 40246 via bpftool
[EventRouter] DEBUG: EXEC #34 filename='/bin/true', triggers=['1fd8e04c3d5a095cb6456f37539fefe5cd4fb9861fa1b0e7e595217f80af0fcd.elf', '/tmp/1fd8e04c3d5a095cb6456f37539fefe5cd4fb9861fa1b0e7e595217f80af0fcd.elf']
[CgroupManager] Added cgroup 40074 via bpftool
[CgroupManager] Added cgroup 40160 via bpftool
[EventRouter] DEBUG: EXEC #33 filename='/bin/true', triggers=['eaec25613a288b4845e4c9336b9bce9a96f66810158223d16ba3d6eec13e8ee0.elf', '/tmp/eaec25613a288b4845e4c9336b9bce9a96f66810158223d16ba3d6eec13e8ee0.elf']
[CgroupManager] Added cgroup 40332 via bpftool
[EventRouter] DEBUG: EXEC #49 filename='/bin/true', triggers=['c52f2a381fea9e36a43aa09dd59347547a897de574b5759a4f1244c51220cc03.elf', '/tmp/c52f2a381fea9e36a43aa09dd59347547a897de574b5759a4f1244c51220cc03.elf']
[EventRouter] DEBUG: EXEC #49 filename='/bin/true', triggers=['022296cb040e6ecd6a4df60d75e3a0ef904f34775bfaaf6b61138bcf2e4edaed.elf', '/tmp/022296cb040e6ecd6a4df60d75e3a0ef904f34775bfaaf6b61138bcf2e4edaed.elf']
[EventRouter] DEBUG: EXEC #33 filename='/bin/true', triggers=['1bfab164eab92dc696266c9ddf2928b96a44be0fb56eca9cfcd7a796f3df9472.elf', '/tmp/1bfab164eab92dc696266c9ddf2928b96a44be0fb56eca9cfcd7a796f3df9472.elf']
[EventRouter] ARM detected at event 131 for cgroup 39902
[EventRouter] Discarded 130 pre-ARM events for cgroup 39902
[EventRouter] ARM detected at event 142 for cgroup 40074
[EventRouter] Discarded 141 pre-ARM events for cgroup 40074
[EventRouter] ARM detected at event 126 for cgroup 40246
[EventRouter] Discarded 125 pre-ARM events for cgroup 40246
[DOCKER] Container exit code: 1
[DOCKER][STDOUT] BEGIN
/tmp/0190a52c3594cc90582789dbea576bb0063b39b35b57a07f4a3c14ead548a921.elf: 'standard input': Inappropriate ioctl for device
[DOCKER][STDOUT] END
[DOCKER] Raw stdout saved: ../ELF_samples/benign_report/arm32_add/raw/0190a52c3594cc90582789dbea576bb0063b39b35b57a07f4a3c14ead548a921.elf_2026-01-29_21-45-58_2d8c624e_container_stdout.txt
[DOCKER] Container exit code: 0
[EventRouter] ARM detected at event 127 for cgroup 40332
[EventRouter] Discarded 126 pre-ARM events for cgroup 40332
[EventRouter] ARM detected at event 170 for cgroup 39988
[EventRouter] Discarded 169 pre-ARM events for cgroup 39988
[DOCKER] Container exit code: 1
[DOCKER][STDOUT] BEGIN
/tmp/1bfab164eab92dc696266c9ddf2928b96a44be0fb56eca9cfcd7a796f3df9472.elf: missing operand
Try '/tmp/1bfab164eab92dc696266c9ddf2928b96a44be0fb56eca9cfcd7a796f3df9472.elf --help' for more information.
[DOCKER][STDOUT] END
[DOCKER] Raw stdout saved: ../ELF_samples/benign_report/arm32_add/raw/1bfab164eab92dc696266c9ddf2928b96a44be0fb56eca9cfcd7a796f3df9472.elf_2026-01-29_21-45-58_70597e84_container_stdout.txt
[DOCKER] Container exit code: 1
[DOCKER][STDOUT] BEGIN
/tmp/1fd8e04c3d5a095cb6456f37539fefe5cd4fb9861fa1b0e7e595217f80af0fcd.elf: missing operand
Try '/tmp/1fd8e04c3d5a095cb6456f37539fefe5cd4fb9861fa1b0e7e595217f80af0fcd.elf --help' for more information.
[DOCKER][STDOUT] END
[DOCKER] Raw stdout saved: ../ELF_samples/benign_report/arm32_add/raw/1fd8e04c3d5a095cb6456f37539fefe5cd4fb9861fa1b0e7e595217f80af0fcd.elf_2026-01-29_21-45-58_26619f2b_container_stdout.txt
[DOCKER] Container exit code: 1
[DOCKER][STDOUT] BEGIN
/tmp/c52f2a381fea9e36a43aa09dd59347547a897de574b5759a4f1244c51220cc03.elf: missing operand
Try '/tmp/c52f2a381fea9e36a43aa09dd59347547a897de574b5759a4f1244c51220cc03.elf --help' for more information.
[DOCKER][STDOUT] END
[DOCKER] Raw stdout saved: ../ELF_samples/benign_report/arm32_add/raw/c52f2a381fea9e36a43aa09dd59347547a897de574b5759a4f1244c51220cc03.elf_2026-01-29_21-45-58_7ac6f19f_container_stdout.txt
[EventRouter] ARM detected at event 146 for cgroup 40160
[EventRouter] Discarded 145 pre-ARM events for cgroup 40160
[DOCKER] Container exit code: 1
[DOCKER][STDOUT] BEGIN
/tmp/022296cb040e6ecd6a4df60d75e3a0ef904f34775bfaaf6b61138bcf2e4edaed.elf: missing operand
Try '/tmp/022296cb040e6ecd6a4df60d75e3a0ef904f34775bfaaf6b61138bcf2e4edaed.elf --help' for more information.
[DOCKER][STDOUT] END
[DOCKER] Raw stdout saved: ../ELF_samples/benign_report/arm32_add/raw/022296cb040e6ecd6a4df60d75e3a0ef904f34775bfaaf6b61138bcf2e4edaed.elf_2026-01-29_21-45-58_845d081b_container_stdout.txt
[POOL] Collected 17 events for analysis (read from log file)
[POOL] Running analyzers on 17 events for 0190a52c3594cc90582789dbea576bb0063b39b35b57a07f4a3c14ead548a921.elf
[POOL] Analysis completed: 0 findings in 0.00s (15519 events/s)
[AI-Integration] Submitted task: 2d8c624e
[AI] 2d8c624e queued for DeepSeek analysis
[CgroupManager] Removed cgroup 39902 via bpftool
[POOL] Cleanup scheduled for 116f06cb5a8e
[DockerWorker-1] ✓ Completed: 0190a52c3594cc90582789dbea576bb0063b39b35b57a07f4a3c14ead548a921.elf (17 events) (1.26s)
[DockerWorker-1] Starting: d4dcfc1b541af8c7468d123c5fd91377cf891cd5e389c57badebfe2006a98c9e.elf (40_32bit)
[ANALYSISLOG] d4dcfc1b541af8c7468d123c5fd91377cf891cd5e389c57badebfe2006a98c9e.elf -> ../ELF_samples/benign_report/arm32_add/raw/d4dcfc1b541af8c7468d123c5fd91377cf891cd5e389c57badebfe2006a98c9e.elf_2026-01-29_21-45-59_e8a78d12.jsonl
[DOCKER] Selected image for libc=glibc: arm32v7/ubuntu:22.04
[POOL] Collected 13 events for analysis (read from log file)
[POOL] Running analyzers on 13 events for eaec25613a288b4845e4c9336b9bce9a96f66810158223d16ba3d6eec13e8ee0.elf
[POOL] Analysis completed: 0 findings in 0.00s (12505 events/s)
[AI-Integration] Submitted task: 0702368a
[AI] 0702368a queued for DeepSeek analysis
[CgroupManager] Removed cgroup 40246 via bpftool
[POOL] Cleanup scheduled for 4a354f6356ef
[DockerWorker-3] ✓ Completed: eaec25613a288b4845e4c9336b9bce9a96f66810158223d16ba3d6eec13e8ee0.elf (13 events) (1.20s)
[DockerWorker-3] Starting: 283e9b097937050d89b56893e566e9f196b4c910defc6714aa5a8297d5acd756.elf (40_32bit)
[ANALYSISLOG] 283e9b097937050d89b56893e566e9f196b4c910defc6714aa5a8297d5acd756.elf -> ../ELF_samples/benign_report/arm32_add/raw/283e9b097937050d89b56893e566e9f196b4c910defc6714aa5a8297d5acd756.elf_2026-01-29_21-45-59_6f921847.jsonl
[DOCKER] Selected image for libc=glibc: arm32v7/ubuntu:22.04
[POOL] Collected 17 events for analysis (read from log file)
[POOL] Running analyzers on 17 events for 1bfab164eab92dc696266c9ddf2928b96a44be0fb56eca9cfcd7a796f3df9472.elf
[POOL] Analysis completed: 0 findings in 0.00s (15659 events/s)
[AI-Integration] Submitted task: 70597e84
[AI] 70597e84 queued for DeepSeek analysis
[POOL] Collected 21 events for analysis (read from log file)
[POOL] Running analyzers on 21 events for 1fd8e04c3d5a095cb6456f37539fefe5cd4fb9861fa1b0e7e595217f80af0fcd.elf
[POOL] Analysis completed: 0 findings in 0.00s (19171 events/s)
[CgroupManager] Removed cgroup 40332 via bpftool
[POOL] Cleanup scheduled for 288ddd30d4ad
[DockerWorker-0] ✓ Completed: 1bfab164eab92dc696266c9ddf2928b96a44be0fb56eca9cfcd7a796f3df9472.elf (17 events) (1.15s)
[DockerWorker-0] Starting: eb6e14e6d762b6330afb0621d73ea6b8e30380180eec143378ea6f5c00249d1f.elf (40_32bit)
[AI-Integration] Submitted task: 26619f2b
[AI] 26619f2b queued for DeepSeek analysis
[ANALYSISLOG] eb6e14e6d762b6330afb0621d73ea6b8e30380180eec143378ea6f5c00249d1f.elf -> ../ELF_samples/benign_report/arm32_add/raw/eb6e14e6d762b6330afb0621d73ea6b8e30380180eec143378ea6f5c00249d1f.elf_2026-01-29_21-45-59_dd3646f7.jsonl
[DOCKER] Selected image for libc=glibc: arm32v7/ubuntu:22.04
[POOL] Collected 17 events for analysis (read from log file)
[POOL] Running analyzers on 17 events for c52f2a381fea9e36a43aa09dd59347547a897de574b5759a4f1244c51220cc03.elf
[POOL] Analysis completed: 0 findings in 0.00s (15858 events/s)
[AI-Integration] Submitted task: 7ac6f19f
[AI] 7ac6f19f queued for DeepSeek analysis
[POOL] Collected 17 events for analysis (read from log file)
[POOL] Running analyzers on 17 events for 022296cb040e6ecd6a4df60d75e3a0ef904f34775bfaaf6b61138bcf2e4edaed.elf
[POOL] Analysis completed: 0 findings in 0.00s (15921 events/s)
[AI-Integration] Submitted task: 845d081b
[AI] 845d081b queued for DeepSeek analysis
[CgroupManager] Removed cgroup 39988 via bpftool
[POOL] Cleanup scheduled for 2f9f7c75e1ca
[DockerWorker-2] ✓ Completed: 1fd8e04c3d5a095cb6456f37539fefe5cd4fb9861fa1b0e7e595217f80af0fcd.elf (21 events) (1.30s)
[DockerWorker-2] Starting: 47704abca76c0ff5560943fe6cd75009bc00846be492d328cb8e7d092c859eec.elf (40_32bit)
[ANALYSISLOG] 47704abca76c0ff5560943fe6cd75009bc00846be492d328cb8e7d092c859eec.elf -> ../ELF_samples/benign_report/arm32_add/raw/47704abca76c0ff5560943fe6cd75009bc00846be492d328cb8e7d092c859eec.elf_2026-01-29_21-46-00_a3d2042b.jsonl
[DOCKER] Selected image for libc=glibc: arm32v7/ubuntu:22.04
[CgroupManager] Removed cgroup 40074 via bpftool
[POOL] Cleanup scheduled for 7a7197cd5757
[DockerWorker-4] ✓ Completed: c52f2a381fea9e36a43aa09dd59347547a897de574b5759a4f1244c51220cc03.elf (17 events) (1.29s)
[DockerWorker-4] Starting: 37f6f77a27d129cd5a477d9ff31e4403259d512e951443b3d3e0f312774d4935.elf (40_32bit)
[ANALYSISLOG] 37f6f77a27d129cd5a477d9ff31e4403259d512e951443b3d3e0f312774d4935.elf -> ../ELF_samples/benign_report/arm32_add/raw/37f6f77a27d129cd5a477d9ff31e4403259d512e951443b3d3e0f312774d4935.elf_2026-01-29_21-46-00_75ee1eff.jsonl
[DOCKER] Selected image for libc=glibc: arm32v7/ubuntu:22.04
[CgroupManager] Removed cgroup 40160 via bpftool
[POOL] Cleanup scheduled for dbd5367d4be1
[DockerWorker-5] ✓ Completed: 022296cb040e6ecd6a4df60d75e3a0ef904f34775bfaaf6b61138bcf2e4edaed.elf (17 events) (1.29s)
[DockerWorker-5] Starting: 571535ad27c942350f4f9ae4488220d14e00018fbb6c96d8ad4352fcc0a5af3d.elf (40_32bit)
[ANALYSISLOG] 571535ad27c942350f4f9ae4488220d14e00018fbb6c96d8ad4352fcc0a5af3d.elf -> ../ELF_samples/benign_report/arm32_add/raw/571535ad27c942350f4f9ae4488220d14e00018fbb6c96d8ad4352fcc0a5af3d.elf_2026-01-29_21-46-00_375cd00a.jsonl
[DOCKER] Selected image for libc=glibc: arm32v7/ubuntu:22.04
[CgroupManager] Added cgroup 40418 via bpftool
[CgroupManager] Added cgroup 40504 via bpftool
[EventRouter] DEBUG: EXEC #35 filename='/bin/true', triggers=['d4dcfc1b541af8c7468d123c5fd91377cf891cd5e389c57badebfe2006a98c9e.elf', '/tmp/d4dcfc1b541af8c7468d123c5fd91377cf891cd5e389c57badebfe2006a98c9e.elf']
[CgroupManager] Added cgroup 40590 via bpftool
[EventRouter] DEBUG: EXEC #34 filename='/bin/true', triggers=['283e9b097937050d89b56893e566e9f196b4c910defc6714aa5a8297d5acd756.elf', '/tmp/283e9b097937050d89b56893e566e9f196b4c910defc6714aa5a8297d5acd756.elf']
[CgroupManager] Added cgroup 40762 via bpftool
[CgroupManager] Added cgroup 40676 via bpftool
[CgroupManager] Added cgroup 40848 via bpftool
[EventRouter] DEBUG: EXEC #49 filename='/bin/true', triggers=['37f6f77a27d129cd5a477d9ff31e4403259d512e951443b3d3e0f312774d4935.elf', '/tmp/37f6f77a27d129cd5a477d9ff31e4403259d512e951443b3d3e0f312774d4935.elf']
[EventRouter] DEBUG: EXEC #33 filename='/bin/true', triggers=['eb6e14e6d762b6330afb0621d73ea6b8e30380180eec143378ea6f5c00249d1f.elf', '/tmp/eb6e14e6d762b6330afb0621d73ea6b8e30380180eec143378ea6f5c00249d1f.elf']
[EventRouter] DEBUG: EXEC #33 filename='/bin/true', triggers=['571535ad27c942350f4f9ae4488220d14e00018fbb6c96d8ad4352fcc0a5af3d.elf', '/tmp/571535ad27c942350f4f9ae4488220d14e00018fbb6c96d8ad4352fcc0a5af3d.elf']
[EventRouter] DEBUG: EXEC #33 filename='/bin/true', triggers=['47704abca76c0ff5560943fe6cd75009bc00846be492d328cb8e7d092c859eec.elf', '/tmp/47704abca76c0ff5560943fe6cd75009bc00846be492d328cb8e7d092c859eec.elf']
[EventRouter] ARM detected at event 146 for cgroup 40504
[EventRouter] Discarded 145 pre-ARM events for cgroup 40504
[EventRouter] ARM detected at event 142 for cgroup 40762
[EventRouter] Discarded 141 pre-ARM events for cgroup 40762
[DOCKER] Container exit code: 1
[DOCKER][STDOUT] BEGIN
/tmp/283e9b097937050d89b56893e566e9f196b4c910defc6714aa5a8297d5acd756.elf: you must specify a list of bytes, characters, or fields
Try '/tmp/283e9b097937050d89b56893e566e9f196b4c910defc6714aa5a8297d5acd756.elf --help' for more information.
[DOCKER][STDOUT] END
[DOCKER] Raw stdout saved: ../ELF_samples/benign_report/arm32_add/raw/283e9b097937050d89b56893e566e9f196b4c910defc6714aa5a8297d5acd756.elf_2026-01-29_21-45-59_6f921847_container_stdout.txt
[EventRouter] ARM detected at event 131 for cgroup 40418
[EventRouter] Discarded 130 pre-ARM events for cgroup 40418
[DOCKER] Container exit code: 0
[EventRouter] ARM detected at event 145 for cgroup 40848
[EventRouter] Discarded 144 pre-ARM events for cgroup 40848
[EventRouter] ARM detected at event 130 for cgroup 40590
[EventRouter] Discarded 129 pre-ARM events for cgroup 40590
[DOCKER] Container exit code: 0
[EventRouter] ARM detected at event 128 for cgroup 40676
[EventRouter] Discarded 127 pre-ARM events for cgroup 40676
[DOCKER] Container exit code: 0
[DOCKER][STDOUT] BEGIN
da39a3ee5e6b4b0d3255bfef95601890afd80709  -
[DOCKER][STDOUT] END
[DOCKER] Raw stdout saved: ../ELF_samples/benign_report/arm32_add/raw/37f6f77a27d129cd5a477d9ff31e4403259d512e951443b3d3e0f312774d4935.elf_2026-01-29_21-46-00_75ee1eff_container_stdout.txt
[DOCKER] Container exit code: 1
[DOCKER][STDOUT] BEGIN
/tmp/47704abca76c0ff5560943fe6cd75009bc00846be492d328cb8e7d092c859eec.elf: missing file operand
Try '/tmp/47704abca76c0ff5560943fe6cd75009bc00846be492d328cb8e7d092c859eec.elf --help' for more information.
[DOCKER][STDOUT] END
[DOCKER] Raw stdout saved: ../ELF_samples/benign_report/arm32_add/raw/47704abca76c0ff5560943fe6cd75009bc00846be492d328cb8e7d092c859eec.elf_2026-01-29_21-46-00_a3d2042b_container_stdout.txt
[DOCKER] Container exit code: 1
[DOCKER][STDOUT] BEGIN
/tmp/eb6e14e6d762b6330afb0621d73ea6b8e30380180eec143378ea6f5c00249d1f.elf: missing operand
Try '/tmp/eb6e14e6d762b6330afb0621d73ea6b8e30380180eec143378ea6f5c00249d1f.elf --help' for more information.
[DOCKER][STDOUT] END
[DOCKER] Raw stdout saved: ../ELF_samples/benign_report/arm32_add/raw/eb6e14e6d762b6330afb0621d73ea6b8e30380180eec143378ea6f5c00249d1f.elf_2026-01-29_21-45-59_dd3646f7_container_stdout.txt
[POOL] Collected 17 events for analysis (read from log file)
[POOL] Running analyzers on 17 events for 283e9b097937050d89b56893e566e9f196b4c910defc6714aa5a8297d5acd756.elf
[POOL] Analysis completed: 0 findings in 0.00s (15392 events/s)
[AI-Integration] Submitted task: 6f921847
[AI] 6f921847 queued for DeepSeek analysis
[CgroupManager] Removed cgroup 40504 via bpftool
[POOL] Cleanup scheduled for 9728bfddd1be
[DockerWorker-3] ✓ Completed: 283e9b097937050d89b56893e566e9f196b4c910defc6714aa5a8297d5acd756.elf (17 events) (1.22s)
[DockerWorker-3] Starting: b9eb54e551db3f4f572ec752b5dab3a223f774bc11087adc8f4db8a64de5a595.elf (40_32bit)
[ANALYSISLOG] b9eb54e551db3f4f572ec752b5dab3a223f774bc11087adc8f4db8a64de5a595.elf -> ../ELF_samples/benign_report/arm32_add/raw/b9eb54e551db3f4f572ec752b5dab3a223f774bc11087adc8f4db8a64de5a595.elf_2026-01-29_21-46-01_2ef8df56.jsonl
[DOCKER] Selected image for libc=glibc: arm32v7/ubuntu:22.04
[POOL] Collected 13 events for analysis (read from log file)
[POOL] Running analyzers on 13 events for d4dcfc1b541af8c7468d123c5fd91377cf891cd5e389c57badebfe2006a98c9e.elf
[POOL] Analysis completed: 0 findings in 0.00s (12405 events/s)
[AI-Integration] Submitted task: e8a78d12
[AI] e8a78d12 queued for DeepSeek analysis
[CgroupManager] Removed cgroup 40418 via bpftool
[POOL] Cleanup scheduled for 7249705b2743
[DockerWorker-1] ✓ Completed: d4dcfc1b541af8c7468d123c5fd91377cf891cd5e389c57badebfe2006a98c9e.elf (13 events) (1.29s)
[DockerWorker-1] Starting: e8100fc2f7dfe9909da20af4918a513b4b6af6c74d2d4c6dd2b6a99d31f9790e.elf (40_32bit)
[ANALYSISLOG] e8100fc2f7dfe9909da20af4918a513b4b6af6c74d2d4c6dd2b6a99d31f9790e.elf -> ../ELF_samples/benign_report/arm32_add/raw/e8100fc2f7dfe9909da20af4918a513b4b6af6c74d2d4c6dd2b6a99d31f9790e.elf_2026-01-29_21-46-01_7dcf4976.jsonl
[DOCKER] Selected image for libc=glibc: arm32v7/ubuntu:22.04
[POOL] Collected 13 events for analysis (read from log file)
[POOL] Running analyzers on 13 events for 571535ad27c942350f4f9ae4488220d14e00018fbb6c96d8ad4352fcc0a5af3d.elf
[POOL] Analysis completed: 0 findings in 0.00s (12321 events/s)
[AI-Integration] Submitted task: 375cd00a
[AI] 375cd00a queued for DeepSeek analysis
[POOL] Collected 16 events for analysis (read from log file)
[POOL] Running analyzers on 16 events for 37f6f77a27d129cd5a477d9ff31e4403259d512e951443b3d3e0f312774d4935.elf
[POOL] Analysis completed: 0 findings in 0.00s (14600 events/s)
[AI-Integration] Submitted task: 75ee1eff
[AI] 75ee1eff queued for DeepSeek analysis
[CgroupManager] Removed cgroup 40848 via bpftool
[POOL] Cleanup scheduled for d257995deaf4
[DockerWorker-5] ✓ Completed: 571535ad27c942350f4f9ae4488220d14e00018fbb6c96d8ad4352fcc0a5af3d.elf (13 events) (1.23s)
[DockerWorker-5] Starting: c757bf39a017d6a8c4632bdacc12510b467d7eb5ce7f9e80b04a3e8732a6eca5.elf (40_32bit)
[ANALYSISLOG] c757bf39a017d6a8c4632bdacc12510b467d7eb5ce7f9e80b04a3e8732a6eca5.elf -> ../ELF_samples/benign_report/arm32_add/raw/c757bf39a017d6a8c4632bdacc12510b467d7eb5ce7f9e80b04a3e8732a6eca5.elf_2026-01-29_21-46-01_d82f1d26.jsonl
[DOCKER] Selected image for libc=glibc: arm32v7/ubuntu:22.04
[CgroupManager] Removed cgroup 40762 via bpftool
[POOL] Cleanup scheduled for baf7563cec1d
[DockerWorker-4] ✓ Completed: 37f6f77a27d129cd5a477d9ff31e4403259d512e951443b3d3e0f312774d4935.elf (16 events) (1.25s)
[DockerWorker-4] Starting: 32029988c9c568f2fa32cc1ef645f613a8c198a6ee1048d3d3cb11e3f8694bf2.elf (40_32bit)
[ANALYSISLOG] 32029988c9c568f2fa32cc1ef645f613a8c198a6ee1048d3d3cb11e3f8694bf2.elf -> ../ELF_samples/benign_report/arm32_add/raw/32029988c9c568f2fa32cc1ef645f613a8c198a6ee1048d3d3cb11e3f8694bf2.elf_2026-01-29_21-46-01_7c3ace3a.jsonl
[DOCKER] Selected image for libc=glibc: arm32v7/ubuntu:22.04
[POOL] Collected 17 events for analysis (read from log file)
[POOL] Running analyzers on 17 events for 47704abca76c0ff5560943fe6cd75009bc00846be492d328cb8e7d092c859eec.elf
[POOL] Analysis completed: 0 findings in 0.00s (15476 events/s)
[AI-Integration] Submitted task: a3d2042b
[AI] a3d2042b queued for DeepSeek analysis
[CgroupManager] Removed cgroup 40676 via bpftool
[POOL] Cleanup scheduled for 7ca38661cbbe
[DockerWorker-2] ✓ Completed: 47704abca76c0ff5560943fe6cd75009bc00846be492d328cb8e7d092c859eec.elf (17 events) (1.31s)
[DockerWorker-2] Starting: 2ace9f2318d1e0165d74a8c0ebb3507410fbc04450768b0dbf67855cb5f0920b.elf (40_32bit)
[ANALYSISLOG] 2ace9f2318d1e0165d74a8c0ebb3507410fbc04450768b0dbf67855cb5f0920b.elf -> ../ELF_samples/benign_report/arm32_add/raw/2ace9f2318d1e0165d74a8c0ebb3507410fbc04450768b0dbf67855cb5f0920b.elf_2026-01-29_21-46-01_3bb6550e.jsonl
[DOCKER] Selected image for libc=glibc: arm32v7/ubuntu:22.04
[POOL] Collected 17 events for analysis (read from log file)
[POOL] Running analyzers on 17 events for eb6e14e6d762b6330afb0621d73ea6b8e30380180eec143378ea6f5c00249d1f.elf
[POOL] Analysis completed: 0 findings in 0.00s (15936 events/s)
[AI-Integration] Submitted task: dd3646f7
[AI] dd3646f7 queued for DeepSeek analysis
[CgroupManager] Removed cgroup 40590 via bpftool
[POOL] Cleanup scheduled for 58332311eda6
[DockerWorker-0] ✓ Completed: eb6e14e6d762b6330afb0621d73ea6b8e30380180eec143378ea6f5c00249d1f.elf (17 events) (1.39s)
[DockerWorker-0] Starting: 93cb640df95b5e5dba21b67d52d396f38d00170f3b1fca86e8a338002972d666.elf (40_32bit)
[ANALYSISLOG] 93cb640df95b5e5dba21b67d52d396f38d00170f3b1fca86e8a338002972d666.elf -> ../ELF_samples/benign_report/arm32_add/raw/93cb640df95b5e5dba21b67d52d396f38d00170f3b1fca86e8a338002972d666.elf_2026-01-29_21-46-01_a32a1141.jsonl
[DOCKER] Selected image for libc=glibc: arm32v7/ubuntu:22.04
[CgroupManager] Added cgroup 40934 via bpftool
[EventRouter] DEBUG: EXEC #33 filename='/bin/true', triggers=['b9eb54e551db3f4f572ec752b5dab3a223f774bc11087adc8f4db8a64de5a595.elf', '/tmp/b9eb54e551db3f4f572ec752b5dab3a223f774bc11087adc8f4db8a64de5a595.elf']
[CgroupManager] Added cgroup 41020 via bpftool
[EventRouter] DEBUG: EXEC #33 filename='/bin/true', triggers=['e8100fc2f7dfe9909da20af4918a513b4b6af6c74d2d4c6dd2b6a99d31f9790e.elf', '/tmp/e8100fc2f7dfe9909da20af4918a513b4b6af6c74d2d4c6dd2b6a99d31f9790e.elf']
[CgroupManager] Added cgroup 41106 via bpftool
[CgroupManager] Added cgroup 41192 via bpftool
[EventRouter] DEBUG: EXEC #49 filename='/bin/true', triggers=['32029988c9c568f2fa32cc1ef645f613a8c198a6ee1048d3d3cb11e3f8694bf2.elf', '/tmp/32029988c9c568f2fa32cc1ef645f613a8c198a6ee1048d3d3cb11e3f8694bf2.elf']
[EventRouter] DEBUG: EXEC #34 filename='/bin/true', triggers=['c757bf39a017d6a8c4632bdacc12510b467d7eb5ce7f9e80b04a3e8732a6eca5.elf', '/tmp/c757bf39a017d6a8c4632bdacc12510b467d7eb5ce7f9e80b04a3e8732a6eca5.elf']
[CgroupManager] Added cgroup 41278 via bpftool
[CgroupManager] Added cgroup 41364 via bpftool
[EventRouter] DEBUG: EXEC #33 filename='/bin/true', triggers=['2ace9f2318d1e0165d74a8c0ebb3507410fbc04450768b0dbf67855cb5f0920b.elf', '/tmp/2ace9f2318d1e0165d74a8c0ebb3507410fbc04450768b0dbf67855cb5f0920b.elf']
[EventRouter] DEBUG: EXEC #50 filename='/bin/true', triggers=['93cb640df95b5e5dba21b67d52d396f38d00170f3b1fca86e8a338002972d666.elf', '/tmp/93cb640df95b5e5dba21b67d52d396f38d00170f3b1fca86e8a338002972d666.elf']
[EventRouter] ARM detected at event 127 for cgroup 40934
[EventRouter] Discarded 126 pre-ARM events for cgroup 40934
[EventRouter] ARM detected at event 126 for cgroup 41020
[EventRouter] Discarded 125 pre-ARM events for cgroup 41020
[DOCKER] Container exit code: 1
[DOCKER][STDOUT] BEGIN
/tmp/e8100fc2f7dfe9909da20af4918a513b4b6af6c74d2d4c6dd2b6a99d31f9790e.elf: missing operand
Try '/tmp/e8100fc2f7dfe9909da20af4918a513b4b6af6c74d2d4c6dd2b6a99d31f9790e.elf --help' for more information.
[DOCKER][STDOUT] END
[DOCKER] Raw stdout saved: ../ELF_samples/benign_report/arm32_add/raw/e8100fc2f7dfe9909da20af4918a513b4b6af6c74d2d4c6dd2b6a99d31f9790e.elf_2026-01-29_21-46-01_7dcf4976_container_stdout.txt
[EventRouter] ARM detected at event 143 for cgroup 41192
[EventRouter] Discarded 142 pre-ARM events for cgroup 41192
[DOCKER] Container exit code: 1
[DOCKER][STDOUT] BEGIN
/tmp/32029988c9c568f2fa32cc1ef645f613a8c198a6ee1048d3d3cb11e3f8694bf2.elf: missing operand
Try '/tmp/32029988c9c568f2fa32cc1ef645f613a8c198a6ee1048d3d3cb11e3f8694bf2.elf --help' for more information.
[DOCKER][STDOUT] END
[DOCKER] Raw stdout saved: ../ELF_samples/benign_report/arm32_add/raw/32029988c9c568f2fa32cc1ef645f613a8c198a6ee1048d3d3cb11e3f8694bf2.elf_2026-01-29_21-46-01_7c3ace3a_container_stdout.txt
[DOCKER] Container exit code: 1
[DOCKER][STDOUT] BEGIN
/tmp/b9eb54e551db3f4f572ec752b5dab3a223f774bc11087adc8f4db8a64de5a595.elf: missing operand
Try '/tmp/b9eb54e551db3f4f572ec752b5dab3a223f774bc11087adc8f4db8a64de5a595.elf --help' for more information.
[DOCKER][STDOUT] END
[DOCKER] Raw stdout saved: ../ELF_samples/benign_report/arm32_add/raw/b9eb54e551db3f4f572ec752b5dab3a223f774bc11087adc8f4db8a64de5a595.elf_2026-01-29_21-46-01_2ef8df56_container_stdout.txt
[EventRouter] ARM detected at event 146 for cgroup 41106
[EventRouter] Discarded 145 pre-ARM events for cgroup 41106
[EventRouter] ARM detected at event 159 for cgroup 41364
[EventRouter] Discarded 158 pre-ARM events for cgroup 41364
[DOCKER] Container exit code: 1
[DOCKER][STDOUT] BEGIN
/tmp/93cb640df95b5e5dba21b67d52d396f38d00170f3b1fca86e8a338002972d666.elf: missing file operand
Try '/tmp/93cb640df95b5e5dba21b67d52d396f38d00170f3b1fca86e8a338002972d666.elf --help' for more information.
[DOCKER][STDOUT] END
[DOCKER] Raw stdout saved: ../ELF_samples/benign_report/arm32_add/raw/93cb640df95b5e5dba21b67d52d396f38d00170f3b1fca86e8a338002972d666.elf_2026-01-29_21-46-01_a32a1141_container_stdout.txt
[EventRouter] ARM detected at event 129 for cgroup 41278
[EventRouter] Discarded 128 pre-ARM events for cgroup 41278
[DOCKER] Container exit code: 0
[DOCKER][STDOUT] BEGIN
d14a028c2a3a2bc9476102bb288234c415a2b01f828ea62ac5b3e42f  -
[DOCKER][STDOUT] END
[DOCKER] Raw stdout saved: ../ELF_samples/benign_report/arm32_add/raw/2ace9f2318d1e0165d74a8c0ebb3507410fbc04450768b0dbf67855cb5f0920b.elf_2026-01-29_21-46-01_3bb6550e_container_stdout.txt
[DOCKER] Container exit code: 0
[DOCKER][STDOUT] BEGIN
786a02f742015903c6c6fd852552d272912f4740e15847618a86e217f71f5419d25e1031afee585313896444934eb04b903a685b1448b755d56f701afe9be2ce  -
[DOCKER][STDOUT] END
[DOCKER] Raw stdout saved: ../ELF_samples/benign_report/arm32_add/raw/c757bf39a017d6a8c4632bdacc12510b467d7eb5ce7f9e80b04a3e8732a6eca5.elf_2026-01-29_21-46-01_d82f1d26_container_stdout.txt
[POOL] Collected 17 events for analysis (read from log file)
[POOL] Running analyzers on 17 events for e8100fc2f7dfe9909da20af4918a513b4b6af6c74d2d4c6dd2b6a99d31f9790e.elf
[POOL] Analysis completed: 0 findings in 0.00s (14643 events/s)
[AI-Integration] Submitted task: 7dcf4976
[AI] 7dcf4976 queued for DeepSeek analysis
[CgroupManager] Removed cgroup 41020 via bpftool
[POOL] Cleanup scheduled for 2f79c6d212fd
[DockerWorker-1] ✓ Completed: e8100fc2f7dfe9909da20af4918a513b4b6af6c74d2d4c6dd2b6a99d31f9790e.elf (17 events) (1.17s)
[DockerWorker-1] Starting: 42ba7a3a7947181e4b904719605c70d4f93e79f12b5c731d07aebede30cfd69e.elf (40_32bit)
[ANALYSISLOG] 42ba7a3a7947181e4b904719605c70d4f93e79f12b5c731d07aebede30cfd69e.elf -> ../ELF_samples/benign_report/arm32_add/raw/42ba7a3a7947181e4b904719605c70d4f93e79f12b5c731d07aebede30cfd69e.elf_2026-01-29_21-46-02_3a9a6022.jsonl
[DOCKER] Selected image for libc=glibc: arm32v7/ubuntu:22.04
[POOL] Collected 17 events for analysis (read from log file)
[POOL] Running analyzers on 17 events for 32029988c9c568f2fa32cc1ef645f613a8c198a6ee1048d3d3cb11e3f8694bf2.elf
[POOL] Analysis completed: 0 findings in 0.00s (15604 events/s)
[AI-Integration] Submitted task: 7c3ace3a
[AI] 7c3ace3a queued for DeepSeek analysis
[POOL] Collected 17 events for analysis (read from log file)
[POOL] Running analyzers on 17 events for b9eb54e551db3f4f572ec752b5dab3a223f774bc11087adc8f4db8a64de5a595.elf
[POOL] Analysis completed: 0 findings in 0.00s (15580 events/s)
[AI-Integration] Submitted task: 2ef8df56
[AI] 2ef8df56 queued for DeepSeek analysis
[CgroupManager] Removed cgroup 41192 via bpftool
[POOL] Cleanup scheduled for f4c6f61e5af2
[DockerWorker-4] ✓ Completed: 32029988c9c568f2fa32cc1ef645f613a8c198a6ee1048d3d3cb11e3f8694bf2.elf (17 events) (1.16s)
[DockerWorker-4] Starting: 1d239a4d402351ea580c34f795d3b05da69412d1f76fd074727ecab8f43e3c04.elf (40_32bit)
[ANALYSISLOG] 1d239a4d402351ea580c34f795d3b05da69412d1f76fd074727ecab8f43e3c04.elf -> ../ELF_samples/benign_report/arm32_add/raw/1d239a4d402351ea580c34f795d3b05da69412d1f76fd074727ecab8f43e3c04.elf_2026-01-29_21-46-02_b39df376.jsonl
[DOCKER] Selected image for libc=glibc: arm32v7/ubuntu:22.04
[CgroupManager] Removed cgroup 40934 via bpftool
[POOL] Cleanup scheduled for c5df5b7be29d
[DockerWorker-3] ✓ Completed: b9eb54e551db3f4f572ec752b5dab3a223f774bc11087adc8f4db8a64de5a595.elf (17 events) (1.27s)
[DockerWorker-3] Starting: 529ea56cd055acdedb655b0d8526d4119e5210b8dfb1c8869069ad8e93742b2b.elf (40_32bit)
[ANALYSISLOG] 529ea56cd055acdedb655b0d8526d4119e5210b8dfb1c8869069ad8e93742b2b.elf -> ../ELF_samples/benign_report/arm32_add/raw/529ea56cd055acdedb655b0d8526d4119e5210b8dfb1c8869069ad8e93742b2b.elf_2026-01-29_21-46-02_08cd46ec.jsonl
[DOCKER] Selected image for libc=glibc: arm32v7/ubuntu:22.04
[POOL] Collected 17 events for analysis (read from log file)
[POOL] Running analyzers on 17 events for 93cb640df95b5e5dba21b67d52d396f38d00170f3b1fca86e8a338002972d666.elf
[POOL] Analysis completed: 0 findings in 0.00s (15597 events/s)
[AI-Integration] Submitted task: a32a1141
[AI] a32a1141 queued for DeepSeek analysis
[CgroupManager] Removed cgroup 41364 via bpftool
[POOL] Cleanup scheduled for bc29e7ff433e
[DockerWorker-0] ✓ Completed: 93cb640df95b5e5dba21b67d52d396f38d00170f3b1fca86e8a338002972d666.elf (17 events) (1.12s)
[DockerWorker-0] Starting: 16464db57b5924db63bd0d1b3628e4b56e237d4f112b764081492b478cdd486c.elf (40_32bit)
[ANALYSISLOG] 16464db57b5924db63bd0d1b3628e4b56e237d4f112b764081492b478cdd486c.elf -> ../ELF_samples/benign_report/arm32_add/raw/16464db57b5924db63bd0d1b3628e4b56e237d4f112b764081492b478cdd486c.elf_2026-01-29_21-46-02_2a2b5463.jsonl
[DOCKER] Selected image for libc=glibc: arm32v7/ubuntu:22.04
[POOL] Collected 14 events for analysis (read from log file)
[POOL] Running analyzers on 14 events for 2ace9f2318d1e0165d74a8c0ebb3507410fbc04450768b0dbf67855cb5f0920b.elf
[POOL] Analysis completed: 0 findings in 0.00s (13212 events/s)
[POOL] Collected 14 events for analysis (read from log file)
[POOL] Running analyzers on 14 events for c757bf39a017d6a8c4632bdacc12510b467d7eb5ce7f9e80b04a3e8732a6eca5.elf
[POOL] Analysis completed: 0 findings in 0.00s (13314 events/s)
[AI-Integration] Submitted task: d82f1d26
[AI] d82f1d26 queued for DeepSeek analysis
[AI-Integration] Submitted task: 3bb6550e
[AI] 3bb6550e queued for DeepSeek analysis
[CgroupManager] Removed cgroup 41106 via bpftool
[POOL] Cleanup scheduled for 3e271c068be2
[DockerWorker-5] ✓ Completed: c757bf39a017d6a8c4632bdacc12510b467d7eb5ce7f9e80b04a3e8732a6eca5.elf (14 events) (1.31s)
[DockerWorker-5] Starting: edb6a7b7662640795d3ed43c599c5aea934e53b7cb22769f46f3da2e4f429138.elf (40_32bit)
[ANALYSISLOG] edb6a7b7662640795d3ed43c599c5aea934e53b7cb22769f46f3da2e4f429138.elf -> ../ELF_samples/benign_report/arm32_add/raw/edb6a7b7662640795d3ed43c599c5aea934e53b7cb22769f46f3da2e4f429138.elf_2026-01-29_21-46-02_620b6d0f.jsonl
[DOCKER] Selected image for libc=glibc: arm32v7/ubuntu:22.04
[CgroupManager] Removed cgroup 41278 via bpftool
[POOL] Cleanup scheduled for b4850933320c
[DockerWorker-2] ✓ Completed: 2ace9f2318d1e0165d74a8c0ebb3507410fbc04450768b0dbf67855cb5f0920b.elf (14 events) (1.25s)
[DockerWorker-2] Starting: 4cfda2421e5e10b3c875473ce2270aa8404a2da95f25bb39c6d51f28a31472d4.elf (40_32bit)
[ANALYSISLOG] 4cfda2421e5e10b3c875473ce2270aa8404a2da95f25bb39c6d51f28a31472d4.elf -> ../ELF_samples/benign_report/arm32_add/raw/4cfda2421e5e10b3c875473ce2270aa8404a2da95f25bb39c6d51f28a31472d4.elf_2026-01-29_21-46-02_c507f97c.jsonl
[DOCKER] Selected image for libc=glibc: arm32v7/ubuntu:22.04
[CgroupManager] Added cgroup 41450 via bpftool
[EventRouter] DEBUG: EXEC #34 filename='/bin/true', triggers=['42ba7a3a7947181e4b904719605c70d4f93e79f12b5c731d07aebede30cfd69e.elf', '/tmp/42ba7a3a7947181e4b904719605c70d4f93e79f12b5c731d07aebede30cfd69e.elf']
[CgroupManager] Added cgroup 41536 via bpftool
[CgroupManager] Added cgroup 41622 via bpftool
[EventRouter] DEBUG: EXEC #33 filename='/bin/true', triggers=['529ea56cd055acdedb655b0d8526d4119e5210b8dfb1c8869069ad8e93742b2b.elf', '/tmp/529ea56cd055acdedb655b0d8526d4119e5210b8dfb1c8869069ad8e93742b2b.elf']
[EventRouter] DEBUG: EXEC #33 filename='/bin/true', triggers=['1d239a4d402351ea580c34f795d3b05da69412d1f76fd074727ecab8f43e3c04.elf', '/tmp/1d239a4d402351ea580c34f795d3b05da69412d1f76fd074727ecab8f43e3c04.elf']
[CgroupManager] Added cgroup 41708 via bpftool
[CgroupManager] Added cgroup 41880 via bpftool
[CgroupManager] Added cgroup 41794 via bpftool
[EventRouter] DEBUG: EXEC #35 filename='/bin/true', triggers=['16464db57b5924db63bd0d1b3628e4b56e237d4f112b764081492b478cdd486c.elf', '/tmp/16464db57b5924db63bd0d1b3628e4b56e237d4f112b764081492b478cdd486c.elf']
[EventRouter] ARM detected at event 130 for cgroup 41450
[EventRouter] Discarded 129 pre-ARM events for cgroup 41450
[EventRouter] DEBUG: EXEC #33 filename='/bin/true', triggers=['4cfda2421e5e10b3c875473ce2270aa8404a2da95f25bb39c6d51f28a31472d4.elf', '/tmp/4cfda2421e5e10b3c875473ce2270aa8404a2da95f25bb39c6d51f28a31472d4.elf']
[EventRouter] DEBUG: EXEC #33 filename='/bin/true', triggers=['edb6a7b7662640795d3ed43c599c5aea934e53b7cb22769f46f3da2e4f429138.elf', '/tmp/edb6a7b7662640795d3ed43c599c5aea934e53b7cb22769f46f3da2e4f429138.elf']
[DOCKER] Container exit code: 1
[DOCKER][STDOUT] BEGIN
/tmp/42ba7a3a7947181e4b904719605c70d4f93e79f12b5c731d07aebede30cfd69e.elf: missing operand
Try '/tmp/42ba7a3a7947181e4b904719605c70d4f93e79f12b5c731d07aebede30cfd69e.elf --help' for more information.
[DOCKER][STDOUT] END
[DOCKER] Raw stdout saved: ../ELF_samples/benign_report/arm32_add/raw/42ba7a3a7947181e4b904719605c70d4f93e79f12b5c731d07aebede30cfd69e.elf_2026-01-29_21-46-02_3a9a6022_container_stdout.txt
[EventRouter] ARM detected at event 127 for cgroup 41536
[EventRouter] Discarded 126 pre-ARM events for cgroup 41536
[EventRouter] ARM detected at event 126 for cgroup 41622
[EventRouter] Discarded 125 pre-ARM events for cgroup 41622
[DOCKER] Container exit code: 1
[DOCKER] Container exit code: 139
[DOCKER][STDOUT] BEGIN
qemu: uncaught target signal 11 (Segmentation fault) - core dumped
Segmentation fault (core dumped)
[DOCKER][STDOUT] END
[DOCKER] Raw stdout saved: ../ELF_samples/benign_report/arm32_add/raw/529ea56cd055acdedb655b0d8526d4119e5210b8dfb1c8869069ad8e93742b2b.elf_2026-01-29_21-46-02_08cd46ec_container_stdout.txt
[POOL] Fatal crash detected (exit=139) - using fast drain mode
[CgroupManager] Removed cgroup 41536 via bpftool
[POOL] Stopped BPF monitoring for cgroup 41536
[EventRouter] ARM detected at event 129 for cgroup 41880
[EventRouter] Discarded 128 pre-ARM events for cgroup 41880
[EventRouter] ARM detected at event 129 for cgroup 41794
[EventRouter] Discarded 128 pre-ARM events for cgroup 41794
[EventRouter] ARM detected at event 129 for cgroup 41708
[EventRouter] Discarded 128 pre-ARM events for cgroup 41708
[DOCKER] Container exit code: 0
[DOCKER] Container exit code: 0
[DOCKER][STDOUT] BEGIN
/tmp/tmp.kRP5YVribO
[DOCKER][STDOUT] END
[DOCKER] Raw stdout saved: ../ELF_samples/benign_report/arm32_add/raw/4cfda2421e5e10b3c875473ce2270aa8404a2da95f25bb39c6d51f28a31472d4.elf_2026-01-29_21-46-02_c507f97c_container_stdout.txt
[DOCKER] Container exit code: 0
[POOL] Collected 14 events for analysis (read from log file)
[POOL] Running analyzers on 14 events for 529ea56cd055acdedb655b0d8526d4119e5210b8dfb1c8869069ad8e93742b2b.elf
[POOL] Analysis completed: 2 findings in 0.00s (11941 events/s)
[AI-Integration] Submitted task: 08cd46ec
[AI] 08cd46ec queued for DeepSeek analysis
[CgroupManager] bpftool delete failed: Command '['sudo', '/usr/sbin/bpftool', 'map', 'delete', 'id', '243', 'key', 'hex', '40', 'a2', '00', '00', '00', '00', '00', '00']' returned non-zero exit status 254.
[POOL] Cleanup scheduled for 5374b0d97f36
[DockerWorker-3] CRASHED (Exploit/Bug): 529ea56cd055acdedb655b0d8526d4119e5210b8dfb1c8869069ad8e93742b2b.elf - Crashed: Segmentation Fault (SIGSEGV) (1.04s)
[DockerWorker-3] Starting: 558ea8c97629c65f5c74dc13fbd573bfb21010dadb40099ca3cbca2c9cc75934.elf (40_32bit)
[ANALYSISLOG] 558ea8c97629c65f5c74dc13fbd573bfb21010dadb40099ca3cbca2c9cc75934.elf -> ../ELF_samples/benign_report/arm32_add/raw/558ea8c97629c65f5c74dc13fbd573bfb21010dadb40099ca3cbca2c9cc75934.elf_2026-01-29_21-46-03_8b67c687.jsonl
[DOCKER] Selected image for libc=glibc: arm32v7/ubuntu:22.04
[POOL] Collected 17 events for analysis (read from log file)
[POOL] Running analyzers on 17 events for 42ba7a3a7947181e4b904719605c70d4f93e79f12b5c731d07aebede30cfd69e.elf
[POOL] Analysis completed: 0 findings in 0.00s (15645 events/s)
[AI-Integration] Submitted task: 3a9a6022
[AI] 3a9a6022 queued for DeepSeek analysis
[CgroupManager] Removed cgroup 41450 via bpftool
[POOL] Cleanup scheduled for 9ac7f4d15510
[DockerWorker-1] ✓ Completed: 42ba7a3a7947181e4b904719605c70d4f93e79f12b5c731d07aebede30cfd69e.elf (17 events) (1.13s)
[DockerWorker-1] Starting: 1b4d41502797658a3748603016b568e78c8d67cd99e1b34cf93f9bebd5372323.elf (40_32bit)
[ANALYSISLOG] 1b4d41502797658a3748603016b568e78c8d67cd99e1b34cf93f9bebd5372323.elf -> ../ELF_samples/benign_report/arm32_add/raw/1b4d41502797658a3748603016b568e78c8d67cd99e1b34cf93f9bebd5372323.elf_2026-01-29_21-46-03_f6da132e.jsonl
[DOCKER] Selected image for libc=glibc: arm32v7/ubuntu:22.04
[POOL] Collected 13 events for analysis (read from log file)
[POOL] Running analyzers on 13 events for 1d239a4d402351ea580c34f795d3b05da69412d1f76fd074727ecab8f43e3c04.elf
[POOL] Analysis completed: 0 findings in 0.00s (12321 events/s)
[AI-Integration] Submitted task: b39df376
[AI] b39df376 queued for DeepSeek analysis
[CgroupManager] Removed cgroup 41622 via bpftool
[POOL] Cleanup scheduled for fbdceba33f5d
[DockerWorker-4] ✓ Completed: 1d239a4d402351ea580c34f795d3b05da69412d1f76fd074727ecab8f43e3c04.elf (13 events) (1.20s)
[DockerWorker-4] Starting: dae86b302caccbbe9bb84cdc21b9dd7a72ad0a21202e546b0aa76950de08a52e.elf (40_32bit)
[ANALYSISLOG] dae86b302caccbbe9bb84cdc21b9dd7a72ad0a21202e546b0aa76950de08a52e.elf -> ../ELF_samples/benign_report/arm32_add/raw/dae86b302caccbbe9bb84cdc21b9dd7a72ad0a21202e546b0aa76950de08a52e.elf_2026-01-29_21-46-03_457982e2.jsonl
[DOCKER] Selected image for libc=glibc: arm32v7/ubuntu:22.04
[POOL] Collected 15 events for analysis (read from log file)
[POOL] Running analyzers on 15 events for edb6a7b7662640795d3ed43c599c5aea934e53b7cb22769f46f3da2e4f429138.elf
[POOL] Analysis completed: 0 findings in 0.00s (14233 events/s)
[AI-Integration] Submitted task: 620b6d0f
[AI] 620b6d0f queued for DeepSeek analysis
[POOL] Collected 19 events for analysis (read from log file)
[POOL] Running analyzers on 19 events for 4cfda2421e5e10b3c875473ce2270aa8404a2da95f25bb39c6d51f28a31472d4.elf
[POOL] Analysis completed: 0 findings in 0.00s (17471 events/s)
[AI-Integration] Submitted task: c507f97c
[AI] c507f97c queued for DeepSeek analysis
[CgroupManager] Removed cgroup 41880 via bpftool
[POOL] Cleanup scheduled for 87c7b6a4be6e
[DockerWorker-5] ✓ Completed: edb6a7b7662640795d3ed43c599c5aea934e53b7cb22769f46f3da2e4f429138.elf (15 events) (1.22s)
[DockerWorker-5] Starting: 9ea570df7a97d1b469f305568d132c63aa2ea38af24276f1fff219f3ea8eeaf0.elf (40_32bit)
[ANALYSISLOG] 9ea570df7a97d1b469f305568d132c63aa2ea38af24276f1fff219f3ea8eeaf0.elf -> ../ELF_samples/benign_report/arm32_add/raw/9ea570df7a97d1b469f305568d132c63aa2ea38af24276f1fff219f3ea8eeaf0.elf_2026-01-29_21-46-03_7085d112.jsonl
[DOCKER] Selected image for libc=glibc: arm32v7/ubuntu:22.04
[CgroupManager] Removed cgroup 41794 via bpftool
[POOL] Cleanup scheduled for ea537000c53a
[DockerWorker-2] ✓ Completed: 4cfda2421e5e10b3c875473ce2270aa8404a2da95f25bb39c6d51f28a31472d4.elf (19 events) (1.22s)
[DockerWorker-2] Starting: d7f62e3c0a347162993730b404d2907037958a40f7b9e331ff21da6fabafc0c3.elf (40_32bit)
[ANALYSISLOG] d7f62e3c0a347162993730b404d2907037958a40f7b9e331ff21da6fabafc0c3.elf -> ../ELF_samples/benign_report/arm32_add/raw/d7f62e3c0a347162993730b404d2907037958a40f7b9e331ff21da6fabafc0c3.elf_2026-01-29_21-46-03_1f4ccf51.jsonl
[DOCKER] Selected image for libc=glibc: arm32v7/ubuntu:22.04
[POOL] Collected 15 events for analysis (read from log file)
[POOL] Running analyzers on 15 events for 16464db57b5924db63bd0d1b3628e4b56e237d4f112b764081492b478cdd486c.elf
[POOL] Analysis completed: 0 findings in 0.00s (14229 events/s)
[AI-Integration] Submitted task: 2a2b5463
[AI] 2a2b5463 queued for DeepSeek analysis
[CgroupManager] Added cgroup 41966 via bpftool
[CgroupManager] Removed cgroup 41708 via bpftool
[POOL] Cleanup scheduled for e106eeac054b
[DockerWorker-0] ✓ Completed: 16464db57b5924db63bd0d1b3628e4b56e237d4f112b764081492b478cdd486c.elf (15 events) (1.36s)
[DockerWorker-0] Starting: 53e2af05ada6eafaeacfda2442996332f6f23256d0b8d2a7bebad8089ec75f6c.elf (40_32bit)
[ANALYSISLOG] 53e2af05ada6eafaeacfda2442996332f6f23256d0b8d2a7bebad8089ec75f6c.elf -> ../ELF_samples/benign_report/arm32_add/raw/53e2af05ada6eafaeacfda2442996332f6f23256d0b8d2a7bebad8089ec75f6c.elf_2026-01-29_21-46-03_ec2d636a.jsonl
[DOCKER] Selected image for libc=glibc: arm32v7/ubuntu:22.04
[CgroupManager] Added cgroup 42052 via bpftool
[EventRouter] DEBUG: EXEC #34 filename='/bin/true', triggers=['558ea8c97629c65f5c74dc13fbd573bfb21010dadb40099ca3cbca2c9cc75934.elf', '/tmp/558ea8c97629c65f5c74dc13fbd573bfb21010dadb40099ca3cbca2c9cc75934.elf']
[CgroupManager] Added cgroup 42138 via bpftool
[EventRouter] DEBUG: EXEC #33 filename='/bin/true', triggers=['dae86b302caccbbe9bb84cdc21b9dd7a72ad0a21202e546b0aa76950de08a52e.elf', '/tmp/dae86b302caccbbe9bb84cdc21b9dd7a72ad0a21202e546b0aa76950de08a52e.elf']
[EventRouter] ARM detected at event 127 for cgroup 41966
[EventRouter] Discarded 126 pre-ARM events for cgroup 41966
[DOCKER] Container exit code: 125
[DOCKER][STDOUT] BEGIN
Try '/tmp/558ea8c97629c65f5c74dc13fbd573bfb21010dadb40099ca3cbca2c9cc75934.elf --help' for more information.
[DOCKER][STDOUT] END
[AI-Integration] Job 2a4eb97a analyzed via deepseek
[DOCKER] Raw stdout saved: ../ELF_samples/benign_report/arm32_add/raw/558ea8c97629c65f5c74dc13fbd573bfb21010dadb40099ca3cbca2c9cc75934.elf_2026-01-29_21-46-03_8b67c687_container_stdout.txt
[CgroupManager] Added cgroup 42224 via bpftool
[EventRouter] ARM detected at event 164 for cgroup 42052
[EventRouter] Discarded 163 pre-ARM events for cgroup 42052
[CgroupManager] Added cgroup 42310 via bpftool
[DOCKER] Container exit code: 125
[DOCKER][STDOUT] BEGIN
/tmp/1b4d41502797658a3748603016b568e78c8d67cd99e1b34cf93f9bebd5372323.elf: missing operand
Try '/tmp/1b4d41502797658a3748603016b568e78c8d67cd99e1b34cf93f9bebd5372323.elf --help' for more information.
[DOCKER][STDOUT] END
[DOCKER] Raw stdout saved: ../ELF_samples/benign_report/arm32_add/raw/1b4d41502797658a3748603016b568e78c8d67cd99e1b34cf93f9bebd5372323.elf_2026-01-29_21-46-03_f6da132e_container_stdout.txt
[EventRouter] DEBUG: EXEC #34 filename='/bin/true', triggers=['9ea570df7a97d1b469f305568d132c63aa2ea38af24276f1fff219f3ea8eeaf0.elf', '/tmp/9ea570df7a97d1b469f305568d132c63aa2ea38af24276f1fff219f3ea8eeaf0.elf']
[CgroupManager] Added cgroup 42396 via bpftool
[EventRouter] ARM detected at event 128 for cgroup 42138
[EventRouter] Discarded 127 pre-ARM events for cgroup 42138
[EventRouter] DEBUG: EXEC #34 filename='/bin/true', triggers=['53e2af05ada6eafaeacfda2442996332f6f23256d0b8d2a7bebad8089ec75f6c.elf', '/tmp/53e2af05ada6eafaeacfda2442996332f6f23256d0b8d2a7bebad8089ec75f6c.elf']
[AI-Integration] Job b9ac11d8 analyzed via deepseek
[DOCKER] Container exit code: 0
[DOCKER][STDOUT] BEGIN
4294967295 0
[DOCKER][STDOUT] END
[DOCKER] Raw stdout saved: ../ELF_samples/benign_report/arm32_add/raw/dae86b302caccbbe9bb84cdc21b9dd7a72ad0a21202e546b0aa76950de08a52e.elf_2026-01-29_21-46-03_457982e2_container_stdout.txt
[EventRouter] ARM detected at event 181 for cgroup 42310
[EventRouter] Discarded 180 pre-ARM events for cgroup 42310
[EventRouter] ARM detected at event 127 for cgroup 42224
[EventRouter] Discarded 126 pre-ARM events for cgroup 42224
[DOCKER] Container exit code: 1
[DOCKER][STDOUT] BEGIN
/tmp/9ea570df7a97d1b469f305568d132c63aa2ea38af24276f1fff219f3ea8eeaf0.elf: missing operand
Try '/tmp/9ea570df7a97d1b469f305568d132c63aa2ea38af24276f1fff219f3ea8eeaf0.elf --help' for more information.
[DOCKER][STDOUT] END
[DOCKER] Raw stdout saved: ../ELF_samples/benign_report/arm32_add/raw/9ea570df7a97d1b469f305568d132c63aa2ea38af24276f1fff219f3ea8eeaf0.elf_2026-01-29_21-46-03_7085d112_container_stdout.txt
[EventRouter] ARM detected at event 128 for cgroup 42396
[EventRouter] Discarded 127 pre-ARM events for cgroup 42396
[DOCKER] Container exit code: 1
[DOCKER][STDOUT] BEGIN
/tmp/53e2af05ada6eafaeacfda2442996332f6f23256d0b8d2a7bebad8089ec75f6c.elf: missing file operand
Try '/tmp/53e2af05ada6eafaeacfda2442996332f6f23256d0b8d2a7bebad8089ec75f6c.elf --help' for more information.
[DOCKER][STDOUT] END
[DOCKER] Raw stdout saved: ../ELF_samples/benign_report/arm32_add/raw/53e2af05ada6eafaeacfda2442996332f6f23256d0b8d2a7bebad8089ec75f6c.elf_2026-01-29_21-46-03_ec2d636a_container_stdout.txt
[DOCKER] Container exit code: 1
[DOCKER][STDOUT] BEGIN
not a tty
[DOCKER][STDOUT] END
[DOCKER] Raw stdout saved: ../ELF_samples/benign_report/arm32_add/raw/d7f62e3c0a347162993730b404d2907037958a40f7b9e331ff21da6fabafc0c3.elf_2026-01-29_21-46-03_1f4ccf51_container_stdout.txt
[POOL] Collected 20 events for analysis (read from log file)
[POOL] Running analyzers on 20 events for 558ea8c97629c65f5c74dc13fbd573bfb21010dadb40099ca3cbca2c9cc75934.elf
[POOL] Analysis completed: 0 findings in 0.00s (17171 events/s)
[AI-Integration] Submitted task: 8b67c687
[AI] 8b67c687 queued for DeepSeek analysis
[CgroupManager] Removed cgroup 41966 via bpftool
[POOL] Cleanup scheduled for 0a3420486292
[DockerWorker-3] ✓ Completed: 558ea8c97629c65f5c74dc13fbd573bfb21010dadb40099ca3cbca2c9cc75934.elf (20 events) (1.12s)
[DockerWorker-3] Starting: 412159633e14e83c56fd8f102f178703b60970ba1d9239e3e12302a7cb061ab2.elf (40_32bit)
[ANALYSISLOG] 412159633e14e83c56fd8f102f178703b60970ba1d9239e3e12302a7cb061ab2.elf -> ../ELF_samples/benign_report/arm32_add/raw/412159633e14e83c56fd8f102f178703b60970ba1d9239e3e12302a7cb061ab2.elf_2026-01-29_21-46-04_7c106248.jsonl
[DOCKER] Selected image for libc=glibc: arm32v7/ubuntu:22.04
[POOL] Collected 17 events for analysis (read from log file)
[POOL] Running analyzers on 17 events for 1b4d41502797658a3748603016b568e78c8d67cd99e1b34cf93f9bebd5372323.elf
[POOL] Analysis completed: 0 findings in 0.00s (15851 events/s)
[AI-Integration] Submitted task: f6da132e
[AI] f6da132e queued for DeepSeek analysis
[CgroupManager] Removed cgroup 42052 via bpftool
[POOL] Cleanup scheduled for 556928361fe3
[DockerWorker-1] ✓ Completed: 1b4d41502797658a3748603016b568e78c8d67cd99e1b34cf93f9bebd5372323.elf (17 events) (1.15s)
[DockerWorker-1] Starting: 4a1c517f4c8655096f9f07b97b96d5ff1cadf497744d641174131b90b0d57a18.elf (40_32bit)
[ANALYSISLOG] 4a1c517f4c8655096f9f07b97b96d5ff1cadf497744d641174131b90b0d57a18.elf -> ../ELF_samples/benign_report/arm32_add/raw/4a1c517f4c8655096f9f07b97b96d5ff1cadf497744d641174131b90b0d57a18.elf_2026-01-29_21-46-04_a1823712.jsonl
[DOCKER] Selected image for libc=glibc: arm32v7/ubuntu:22.04
[AI-Integration] Job eecbd313 analyzed via deepseek
[POOL] Collected 14 events for analysis (read from log file)
[POOL] Running analyzers on 14 events for dae86b302caccbbe9bb84cdc21b9dd7a72ad0a21202e546b0aa76950de08a52e.elf
[POOL] Analysis completed: 0 findings in 0.00s (12012 events/s)
[AI-Integration] Submitted task: 457982e2
[AI] 457982e2 queued for DeepSeek analysis
[CgroupManager] Removed cgroup 42138 via bpftool
[POOL] Cleanup scheduled for 874f0a61bc2c
[DockerWorker-4] ✓ Completed: dae86b302caccbbe9bb84cdc21b9dd7a72ad0a21202e546b0aa76950de08a52e.elf (14 events) (1.18s)
[DockerWorker-4] Starting: 90a0b65d4b4971dda66a123caf13da4eeb09659505f3a3480c15762983117607.elf (40_32bit)
[ANALYSISLOG] 90a0b65d4b4971dda66a123caf13da4eeb09659505f3a3480c15762983117607.elf -> ../ELF_samples/benign_report/arm32_add/raw/90a0b65d4b4971dda66a123caf13da4eeb09659505f3a3480c15762983117607.elf_2026-01-29_21-46-04_6c029569.jsonl
[DOCKER] Selected image for libc=glibc: arm32v7/ubuntu:22.04
[AI-Integration] Job 830362b5 analyzed via deepseek
[POOL] Collected 17 events for analysis (read from log file)
[POOL] Running analyzers on 17 events for 9ea570df7a97d1b469f305568d132c63aa2ea38af24276f1fff219f3ea8eeaf0.elf
[POOL] Analysis completed: 0 findings in 0.00s (15794 events/s)
[AI-Integration] Submitted task: 7085d112
[AI] 7085d112 queued for DeepSeek analysis
[CgroupManager] Removed cgroup 42224 via bpftool
[POOL] Cleanup scheduled for b40498cb6032
[DockerWorker-5] ✓ Completed: 9ea570df7a97d1b469f305568d132c63aa2ea38af24276f1fff219f3ea8eeaf0.elf (17 events) (1.12s)
[DockerWorker-5] Starting: e2d9a44019f3bbf9d763e397840eca0d595b519c35db805934fdef02ec4e0032.elf (40_32bit)
[ANALYSISLOG] e2d9a44019f3bbf9d763e397840eca0d595b519c35db805934fdef02ec4e0032.elf -> ../ELF_samples/benign_report/arm32_add/raw/e2d9a44019f3bbf9d763e397840eca0d595b519c35db805934fdef02ec4e0032.elf_2026-01-29_21-46-04_8a4e41cf.jsonl
[DOCKER] Selected image for libc=glibc: arm32v7/ubuntu:22.04
[POOL] Collected 17 events for analysis (read from log file)
[POOL] Running analyzers on 17 events for 53e2af05ada6eafaeacfda2442996332f6f23256d0b8d2a7bebad8089ec75f6c.elf
[POOL] Analysis completed: 0 findings in 0.00s (15986 events/s)
[AI-Integration] Submitted task: ec2d636a
[AI] ec2d636a queued for DeepSeek analysis
[CgroupManager] Added cgroup 42482 via bpftool
[CgroupManager] Removed cgroup 42396 via bpftool
[POOL] Cleanup scheduled for 3cb810c8392b
[DockerWorker-0] ✓ Completed: 53e2af05ada6eafaeacfda2442996332f6f23256d0b8d2a7bebad8089ec75f6c.elf (17 events) (1.09s)
[DockerWorker-0] Starting: 663f32f53959705069a451f6614d6fee64c728dac079e424c5b8ae190d1f8405.elf (40_32bit)
[ANALYSISLOG] 663f32f53959705069a451f6614d6fee64c728dac079e424c5b8ae190d1f8405.elf -> ../ELF_samples/benign_report/arm32_add/raw/663f32f53959705069a451f6614d6fee64c728dac079e424c5b8ae190d1f8405.elf_2026-01-29_21-46-04_b8552ce6.jsonl
[DOCKER] Selected image for libc=glibc: arm32v7/ubuntu:22.04
[EventRouter] DEBUG: EXEC #33 filename='/bin/true', triggers=['412159633e14e83c56fd8f102f178703b60970ba1d9239e3e12302a7cb061ab2.elf', '/tmp/412159633e14e83c56fd8f102f178703b60970ba1d9239e3e12302a7cb061ab2.elf']
[POOL] Collected 14 events for analysis (read from log file)
[POOL] Running analyzers on 14 events for d7f62e3c0a347162993730b404d2907037958a40f7b9e331ff21da6fabafc0c3.elf
[POOL] Analysis completed: 0 findings in 0.00s (12270 events/s)
[AI-Integration] Submitted task: 1f4ccf51
[AI] 1f4ccf51 queued for DeepSeek analysis
[CgroupManager] Added cgroup 42568 via bpftool
[CgroupManager] Removed cgroup 42310 via bpftool
[POOL] Cleanup scheduled for b7badc908501
[DockerWorker-2] ✓ Completed: d7f62e3c0a347162993730b404d2907037958a40f7b9e331ff21da6fabafc0c3.elf (14 events) (1.20s)
[DockerWorker-2] Starting: 6519f080ad214393e511e6683f7109ba91ed57bc3f82084be8ce6705733b2659.elf (40_32bit)
[ANALYSISLOG] 6519f080ad214393e511e6683f7109ba91ed57bc3f82084be8ce6705733b2659.elf -> ../ELF_samples/benign_report/arm32_add/raw/6519f080ad214393e511e6683f7109ba91ed57bc3f82084be8ce6705733b2659.elf_2026-01-29_21-46-05_956c7c5d.jsonl
[DOCKER] Selected image for libc=glibc: arm32v7/ubuntu:22.04
[EventRouter] DEBUG: EXEC #33 filename='/bin/true', triggers=['4a1c517f4c8655096f9f07b97b96d5ff1cadf497744d641174131b90b0d57a18.elf', '/tmp/4a1c517f4c8655096f9f07b97b96d5ff1cadf497744d641174131b90b0d57a18.elf']
[AI-Integration] Job f60ea704 analyzed via deepseek
[CgroupManager] Added cgroup 42654 via bpftool
[EventRouter] DEBUG: EXEC #49 filename='/bin/true', triggers=['90a0b65d4b4971dda66a123caf13da4eeb09659505f3a3480c15762983117607.elf', '/tmp/90a0b65d4b4971dda66a123caf13da4eeb09659505f3a3480c15762983117607.elf']
[EventRouter] ARM detected at event 128 for cgroup 42482
[EventRouter] Discarded 127 pre-ARM events for cgroup 42482
[DOCKER] Container exit code: 0
[DOCKER][STDOUT] BEGIN
HOSTNAME=b873065ba208
HOME=/root
PATH=/usr/local/sbin:/usr/local/bin:/usr/sbin:/usr/bin:/sbin:/bin
PWD=/tmp
[DOCKER][STDOUT] END
[DOCKER] Raw stdout saved: ../ELF_samples/benign_report/arm32_add/raw/412159633e14e83c56fd8f102f178703b60970ba1d9239e3e12302a7cb061ab2.elf_2026-01-29_21-46-04_7c106248_container_stdout.txt
[CgroupManager] Added cgroup 42740 via bpftool
[EventRouter] ARM detected at event 129 for cgroup 42568
[EventRouter] Discarded 128 pre-ARM events for cgroup 42568
[DOCKER] Container exit code: 1
[DOCKER][STDOUT] BEGIN
/tmp/4a1c517f4c8655096f9f07b97b96d5ff1cadf497744d641174131b90b0d57a18.elf: missing operand
Try '/tmp/4a1c517f4c8655096f9f07b97b96d5ff1cadf497744d641174131b90b0d57a18.elf --help' for more information.
[DOCKER][STDOUT] END
[DOCKER] Raw stdout saved: ../ELF_samples/benign_report/arm32_add/raw/4a1c517f4c8655096f9f07b97b96d5ff1cadf497744d641174131b90b0d57a18.elf_2026-01-29_21-46-04_a1823712_container_stdout.txt
[EventRouter] DEBUG: EXEC #34 filename='/bin/true', triggers=['e2d9a44019f3bbf9d763e397840eca0d595b519c35db805934fdef02ec4e0032.elf', '/tmp/e2d9a44019f3bbf9d763e397840eca0d595b519c35db805934fdef02ec4e0032.elf']
[CgroupManager] Added cgroup 42826 via bpftool
[EventRouter] DEBUG: EXEC #34 filename='/bin/true', triggers=['663f32f53959705069a451f6614d6fee64c728dac079e424c5b8ae190d1f8405.elf', '/tmp/663f32f53959705069a451f6614d6fee64c728dac079e424c5b8ae190d1f8405.elf']
[CgroupManager] Added cgroup 42912 via bpftool
[EventRouter] DEBUG: EXEC #34 filename='/bin/true', triggers=['6519f080ad214393e511e6683f7109ba91ed57bc3f82084be8ce6705733b2659.elf', '/tmp/6519f080ad214393e511e6683f7109ba91ed57bc3f82084be8ce6705733b2659.elf']
[EventRouter] ARM detected at event 161 for cgroup 42654
[EventRouter] Discarded 160 pre-ARM events for cgroup 42654
[AI-Integration] Job 1d673ef6 analyzed via deepseek
[DOCKER] Container exit code: 1
[DOCKER][STDOUT] BEGIN
/tmp/90a0b65d4b4971dda66a123caf13da4eeb09659505f3a3480c15762983117607.elf: missing file operand
Try '/tmp/90a0b65d4b4971dda66a123caf13da4eeb09659505f3a3480c15762983117607.elf --help' for more information.
[DOCKER][STDOUT] END
[DOCKER] Raw stdout saved: ../ELF_samples/benign_report/arm32_add/raw/90a0b65d4b4971dda66a123caf13da4eeb09659505f3a3480c15762983117607.elf_2026-01-29_21-46-04_6c029569_container_stdout.txt
[EventRouter] ARM detected at event 169 for cgroup 42912
[EventRouter] Discarded 168 pre-ARM events for cgroup 42912
[EventRouter] ARM detected at event 146 for cgroup 42740
[EventRouter] Discarded 145 pre-ARM events for cgroup 42740
[EventRouter] ARM detected at event 130 for cgroup 42826
[EventRouter] Discarded 129 pre-ARM events for cgroup 42826
[DOCKER] Container exit code: 1
[DOCKER][STDOUT] BEGIN
/tmp/e2d9a44019f3bbf9d763e397840eca0d595b519c35db805934fdef02ec4e0032.elf: missing operand
Try '/tmp/e2d9a44019f3bbf9d763e397840eca0d595b519c35db805934fdef02ec4e0032.elf --help' for more information.
[DOCKER][STDOUT] END
[DOCKER] Raw stdout saved: ../ELF_samples/benign_report/arm32_add/raw/e2d9a44019f3bbf9d763e397840eca0d595b519c35db805934fdef02ec4e0032.elf_2026-01-29_21-46-04_8a4e41cf_container_stdout.txt
[DOCKER] Container exit code: 0
[DOCKER][STDOUT] BEGIN
Filesystem     1K-blocks      Used Available Use% Mounted on
overlay        199767352 108522204  81024656  58% /
tmpfs              65536         0     65536   0% /dev
shm                65536         0     65536   0% /dev/shm
/dev/nvme0n1p9 199767352 108522208  81024652  58% /usr/sbin/docker-init
tmpfs           15895484         0  15895484   0% /proc/asound
tmpfs           15895484         0  15895484   0% /proc/acpi
tmpfs           15895484         0  15895484   0% /proc/scsi
tmpfs           15895484         0  15895484   0% /sys/firmware
tmpfs           15895484         0  15895484   0% /sys/devices/virtual/powercap
tmpfs           15895484         0  15895484   0% /sys/devices/system/cpu/cpu0/thermal_throttle
tmpfs           15895484         0  15895484   0% /sys/devices/system/cpu/cpu1/thermal_throttle
tmpfs           15895484         0  15895484   0% /sys/devices/system/cpu/cpu2/thermal_throttle
tmpfs           15895484         0  15895484   0% /sys/devices/system/cpu/cpu3/thermal_throttle
tmpfs           15895484         0  15895484   0% /sys/devices/system/cpu/cpu4/thermal_throttle
tmpfs           15895484         0  15895484   0% /sys/devices/system/cpu/cpu5/thermal_throttle
tmpfs           15895484         0  15895484   0% /sys/devices/system/cpu/cpu6/thermal_throttle
tmpfs           15895484         0  15895484   0% /sys/devices/system/cpu/cpu7/thermal_throttle
[DOCKER][STDOUT] END
[DOCKER] Raw stdout saved: ../ELF_samples/benign_report/arm32_add/raw/6519f080ad214393e511e6683f7109ba91ed57bc3f82084be8ce6705733b2659.elf_2026-01-29_21-46-05_956c7c5d_container_stdout.txt
[DOCKER] Container exit code: 0
[DOCKER][STDOUT] BEGIN
786a02f742015903c6c6fd852552d272912f4740e15847618a86e217f71f5419d25e1031afee585313896444934eb04b903a685b1448b755d56f701afe9be2ce  -
[DOCKER][STDOUT] END
[DOCKER] Raw stdout saved: ../ELF_samples/benign_report/arm32_add/raw/663f32f53959705069a451f6614d6fee64c728dac079e424c5b8ae190d1f8405.elf_2026-01-29_21-46-04_b8552ce6_container_stdout.txt
[POOL] Collected 14 events for analysis (read from log file)
[POOL] Running analyzers on 14 events for 412159633e14e83c56fd8f102f178703b60970ba1d9239e3e12302a7cb061ab2.elf
[POOL] Analysis completed: 0 findings in 0.00s (12890 events/s)
[AI-Integration] Submitted task: 7c106248
[AI] 7c106248 queued for DeepSeek analysis
[CgroupManager] Removed cgroup 42482 via bpftool
[POOL] Cleanup scheduled for b873065ba208
[DockerWorker-3] ✓ Completed: 412159633e14e83c56fd8f102f178703b60970ba1d9239e3e12302a7cb061ab2.elf (14 events) (1.12s)
[DockerWorker-3] Starting: bfd761e138ee99fbe1180af2d939efc218a91c3f016079d883f9892d7b4ced1a.elf (40_32bit)
[ANALYSISLOG] bfd761e138ee99fbe1180af2d939efc218a91c3f016079d883f9892d7b4ced1a.elf -> ../ELF_samples/benign_report/arm32_add/raw/bfd761e138ee99fbe1180af2d939efc218a91c3f016079d883f9892d7b4ced1a.elf_2026-01-29_21-46-05_5cdc7a6d.jsonl
[DOCKER] Selected image for libc=glibc: arm32v7/ubuntu:22.04
[POOL] Collected 17 events for analysis (read from log file)
[POOL] Running analyzers on 17 events for 4a1c517f4c8655096f9f07b97b96d5ff1cadf497744d641174131b90b0d57a18.elf
[POOL] Analysis completed: 0 findings in 0.00s (15625 events/s)
[AI-Integration] Submitted task: a1823712
[AI] a1823712 queued for DeepSeek analysis
[CgroupManager] Removed cgroup 42568 via bpftool
[POOL] Cleanup scheduled for 05aa7564b047
[DockerWorker-1] ✓ Completed: 4a1c517f4c8655096f9f07b97b96d5ff1cadf497744d641174131b90b0d57a18.elf (17 events) (1.12s)
[DockerWorker-1] Starting: c926be5cf0bf09379ad4f735e98caea26c2ac5452cd5ffb708722e2ea374eb0c.elf (40_32bit)
[ANALYSISLOG] c926be5cf0bf09379ad4f735e98caea26c2ac5452cd5ffb708722e2ea374eb0c.elf -> ../ELF_samples/benign_report/arm32_add/raw/c926be5cf0bf09379ad4f735e98caea26c2ac5452cd5ffb708722e2ea374eb0c.elf_2026-01-29_21-46-05_4bf51052.jsonl
[DOCKER] Selected image for libc=glibc: arm32v7/ubuntu:22.04
[POOL] Collected 19 events for analysis (read from log file)
[POOL] Running analyzers on 19 events for 90a0b65d4b4971dda66a123caf13da4eeb09659505f3a3480c15762983117607.elf
[POOL] Analysis completed: 0 findings in 0.00s (17100 events/s)
[AI-Integration] Submitted task: 6c029569
[AI] 6c029569 queued for DeepSeek analysis
[CgroupManager] Removed cgroup 42654 via bpftool
[POOL] Cleanup scheduled for 33e245dc2d88
[DockerWorker-4] ✓ Completed: 90a0b65d4b4971dda66a123caf13da4eeb09659505f3a3480c15762983117607.elf (19 events) (1.17s)
[DockerWorker-4] Starting: ca9b81f11d37cf641f5d72b0f9d47c1c870463291a6cda760991de88893e5dbf.elf (40_32bit)
[ANALYSISLOG] ca9b81f11d37cf641f5d72b0f9d47c1c870463291a6cda760991de88893e5dbf.elf -> ../ELF_samples/benign_report/arm32_add/raw/ca9b81f11d37cf641f5d72b0f9d47c1c870463291a6cda760991de88893e5dbf.elf_2026-01-29_21-46-05_095fd24b.jsonl
[DOCKER] Selected image for libc=glibc: arm32v7/ubuntu:22.04
[CgroupManager] Added cgroup 42998 via bpftool
[EventRouter] DEBUG: EXEC #35 filename='/bin/true', triggers=['bfd761e138ee99fbe1180af2d939efc218a91c3f016079d883f9892d7b4ced1a.elf', '/tmp/bfd761e138ee99fbe1180af2d939efc218a91c3f016079d883f9892d7b4ced1a.elf']
[POOL] Collected 17 events for analysis (read from log file)
[POOL] Running analyzers on 17 events for e2d9a44019f3bbf9d763e397840eca0d595b519c35db805934fdef02ec4e0032.elf
[POOL] Analysis completed: 0 findings in 0.00s (15840 events/s)
[AI-Integration] Submitted task: 8a4e41cf
[AI] 8a4e41cf queued for DeepSeek analysis
[CgroupManager] Removed cgroup 42740 via bpftool
[POOL] Cleanup scheduled for 7fd6e910fcdf
[DockerWorker-5] ✓ Completed: e2d9a44019f3bbf9d763e397840eca0d595b519c35db805934fdef02ec4e0032.elf (17 events) (1.17s)
[DockerWorker-5] Starting: 9526362da3844266ca7927c22ba6c07a58c9d214ab61111620b1634480b800c6.elf (40_32bit)
[ANALYSISLOG] 9526362da3844266ca7927c22ba6c07a58c9d214ab61111620b1634480b800c6.elf -> ../ELF_samples/benign_report/arm32_add/raw/9526362da3844266ca7927c22ba6c07a58c9d214ab61111620b1634480b800c6.elf_2026-01-29_21-46-06_98937a31.jsonl
[DOCKER] Selected image for libc=glibc: arm32v7/ubuntu:22.04
[CgroupManager] Added cgroup 43084 via bpftool
[EventRouter] DEBUG: EXEC #32 filename='/bin/true', triggers=['c926be5cf0bf09379ad4f735e98caea26c2ac5452cd5ffb708722e2ea374eb0c.elf', '/tmp/c926be5cf0bf09379ad4f735e98caea26c2ac5452cd5ffb708722e2ea374eb0c.elf']
[POOL] Collected 18 events for analysis (read from log file)
[POOL] Running analyzers on 18 events for 6519f080ad214393e511e6683f7109ba91ed57bc3f82084be8ce6705733b2659.elf
[POOL] Analysis completed: 0 findings in 0.00s (16731 events/s)
[AI-Integration] Submitted task: 956c7c5d
[AI] 956c7c5d queued for DeepSeek analysis
[CgroupManager] Removed cgroup 42912 via bpftool
[POOL] Cleanup scheduled for 2e85817dca60
[DockerWorker-2] ✓ Completed: 6519f080ad214393e511e6683f7109ba91ed57bc3f82084be8ce6705733b2659.elf (18 events) (1.17s)
[DockerWorker-2] Starting: 25b1ef97aed41d878a9d39bbcd00be0b36f6b71e5511f76730f2c344a0caaecf.elf (40_32bit)
[ANALYSISLOG] 25b1ef97aed41d878a9d39bbcd00be0b36f6b71e5511f76730f2c344a0caaecf.elf -> ../ELF_samples/benign_report/arm32_add/raw/25b1ef97aed41d878a9d39bbcd00be0b36f6b71e5511f76730f2c344a0caaecf.elf_2026-01-29_21-46-06_76fc7c43.jsonl
[DOCKER] Selected image for libc=glibc: arm32v7/ubuntu:22.04
[POOL] Collected 14 events for analysis (read from log file)
[POOL] Running analyzers on 14 events for 663f32f53959705069a451f6614d6fee64c728dac079e424c5b8ae190d1f8405.elf
[POOL] Analysis completed: 0 findings in 0.00s (13203 events/s)
[AI-Integration] Submitted task: b8552ce6
[AI] b8552ce6 queued for DeepSeek analysis
[CgroupManager] Removed cgroup 42826 via bpftool
[POOL] Cleanup scheduled for 489e80315855
[DockerWorker-0] ✓ Completed: 663f32f53959705069a451f6614d6fee64c728dac079e424c5b8ae190d1f8405.elf (14 events) (1.25s)
[DockerWorker-0] Starting: ca70c8d2745d4bb591b906bef225f02e0335799cc890e56448c469e2b9366dee.elf (40_32bit)
[ANALYSISLOG] ca70c8d2745d4bb591b906bef225f02e0335799cc890e56448c469e2b9366dee.elf -> ../ELF_samples/benign_report/arm32_add/raw/ca70c8d2745d4bb591b906bef225f02e0335799cc890e56448c469e2b9366dee.elf_2026-01-29_21-46-06_18246c08.jsonl
[DOCKER] Selected image for libc=glibc: arm32v7/ubuntu:22.04
[CgroupManager] Added cgroup 43170 via bpftool
[EventRouter] ARM detected at event 147 for cgroup 42998
[EventRouter] Discarded 146 pre-ARM events for cgroup 42998
[EventRouter] DEBUG: EXEC #34 filename='/bin/true', triggers=['ca9b81f11d37cf641f5d72b0f9d47c1c870463291a6cda760991de88893e5dbf.elf', '/tmp/ca9b81f11d37cf641f5d72b0f9d47c1c870463291a6cda760991de88893e5dbf.elf']
[DOCKER] Container exit code: 0
[EventRouter] ARM detected at event 127 for cgroup 43084
[EventRouter] Discarded 126 pre-ARM events for cgroup 43084
[CgroupManager] Added cgroup 43256 via bpftool
[EventRouter] DEBUG: EXEC #35 filename='/bin/true', triggers=['9526362da3844266ca7927c22ba6c07a58c9d214ab61111620b1634480b800c6.elf', '/tmp/9526362da3844266ca7927c22ba6c07a58c9d214ab61111620b1634480b800c6.elf']
[DOCKER] Container exit code: 1
[DOCKER][STDOUT] BEGIN
/tmp/c926be5cf0bf09379ad4f735e98caea26c2ac5452cd5ffb708722e2ea374eb0c.elf: missing operand
Try '/tmp/c926be5cf0bf09379ad4f735e98caea26c2ac5452cd5ffb708722e2ea374eb0c.elf --help' for more information.
[DOCKER][STDOUT] END
[DOCKER] Raw stdout saved: ../ELF_samples/benign_report/arm32_add/raw/c926be5cf0bf09379ad4f735e98caea26c2ac5452cd5ffb708722e2ea374eb0c.elf_2026-01-29_21-46-05_4bf51052_container_stdout.txt
[CgroupManager] Added cgroup 43342 via bpftool
[EventRouter] DEBUG: EXEC #49 filename='/bin/true', triggers=['25b1ef97aed41d878a9d39bbcd00be0b36f6b71e5511f76730f2c344a0caaecf.elf', '/tmp/25b1ef97aed41d878a9d39bbcd00be0b36f6b71e5511f76730f2c344a0caaecf.elf']
[CgroupManager] Added cgroup 43428 via bpftool
[EventRouter] DEBUG: EXEC #33 filename='/bin/true', triggers=['ca70c8d2745d4bb591b906bef225f02e0335799cc890e56448c469e2b9366dee.elf', '/tmp/ca70c8d2745d4bb591b906bef225f02e0335799cc890e56448c469e2b9366dee.elf']
[EventRouter] ARM detected at event 129 for cgroup 43170
[EventRouter] Discarded 128 pre-ARM events for cgroup 43170
[DOCKER] Container exit code: 0
[EventRouter] ARM detected at event 129 for cgroup 43256
[EventRouter] Discarded 128 pre-ARM events for cgroup 43256
[DOCKER] Container exit code: 1
[EventRouter] ARM detected at event 128 for cgroup 43428
[EventRouter] Discarded 127 pre-ARM events for cgroup 43428
[EventRouter] ARM detected at event 145 for cgroup 43342
[EventRouter] Discarded 144 pre-ARM events for cgroup 43342
[DOCKER] Container exit code: 1
[DOCKER][STDOUT] BEGIN
/tmp/ca70c8d2745d4bb591b906bef225f02e0335799cc890e56448c469e2b9366dee.elf: no SHELL environment variable, and no shell type option given
[DOCKER][STDOUT] END
[DOCKER] Raw stdout saved: ../ELF_samples/benign_report/arm32_add/raw/ca70c8d2745d4bb591b906bef225f02e0335799cc890e56448c469e2b9366dee.elf_2026-01-29_21-46-06_18246c08_container_stdout.txt
[DOCKER] Container exit code: 0
[POOL] Collected 13 events for analysis (read from log file)
[POOL] Running analyzers on 13 events for bfd761e138ee99fbe1180af2d939efc218a91c3f016079d883f9892d7b4ced1a.elf
[POOL] Analysis completed: 0 findings in 0.00s (11612 events/s)
[AI-Integration] Submitted task: 5cdc7a6d
[AI] 5cdc7a6d queued for DeepSeek analysis
[CgroupManager] Removed cgroup 42998 via bpftool
[POOL] Cleanup scheduled for 8cf5c0c67aad
[DockerWorker-3] ✓ Completed: bfd761e138ee99fbe1180af2d939efc218a91c3f016079d883f9892d7b4ced1a.elf (13 events) (1.13s)
[DockerWorker-3] Starting: b7eac3e56df6c36bfa242993854406e29e31c795617d8e740d59856e8924fa59.elf (40_32bit)
[ANALYSISLOG] b7eac3e56df6c36bfa242993854406e29e31c795617d8e740d59856e8924fa59.elf -> ../ELF_samples/benign_report/arm32_add/raw/b7eac3e56df6c36bfa242993854406e29e31c795617d8e740d59856e8924fa59.elf_2026-01-29_21-46-06_62366496.jsonl
[DOCKER] Selected image for libc=glibc: arm32v7/ubuntu:22.04
[POOL] Collected 17 events for analysis (read from log file)
[POOL] Running analyzers on 17 events for c926be5cf0bf09379ad4f735e98caea26c2ac5452cd5ffb708722e2ea374eb0c.elf
[POOL] Analysis completed: 0 findings in 0.00s (15936 events/s)
[AI-Integration] Submitted task: 4bf51052
[AI] 4bf51052 queued for DeepSeek analysis
[CgroupManager] Removed cgroup 43084 via bpftool
[POOL] Cleanup scheduled for 72017153a460
[DockerWorker-1] ✓ Completed: c926be5cf0bf09379ad4f735e98caea26c2ac5452cd5ffb708722e2ea374eb0c.elf (17 events) (1.18s)
[DockerWorker-1] Starting: c109359ce064c67397fed9b6633103070bff76e09f6bde10d82fb4cd138d9029.elf (40_32bit)
[ANALYSISLOG] c109359ce064c67397fed9b6633103070bff76e09f6bde10d82fb4cd138d9029.elf -> ../ELF_samples/benign_report/arm32_add/raw/c109359ce064c67397fed9b6633103070bff76e09f6bde10d82fb4cd138d9029.elf_2026-01-29_21-46-06_964e44b0.jsonl
[DOCKER] Selected image for libc=glibc: arm32v7/ubuntu:22.04
[POOL] Collected 14 events for analysis (read from log file)
[POOL] Running analyzers on 14 events for ca9b81f11d37cf641f5d72b0f9d47c1c870463291a6cda760991de88893e5dbf.elf
[POOL] Analysis completed: 0 findings in 0.00s (12978 events/s)
[AI-Integration] Submitted task: 095fd24b
[AI] 095fd24b queued for DeepSeek analysis
[CgroupManager] Removed cgroup 43170 via bpftool
[POOL] Cleanup scheduled for 4fe259cbeb08
[DockerWorker-4] ✓ Completed: ca9b81f11d37cf641f5d72b0f9d47c1c870463291a6cda760991de88893e5dbf.elf (14 events) (1.13s)
[DockerWorker-4] Starting: c4fd09d669f83113cebdd05f0f9c6367df8f1968b0281273473844dea06c3830.elf (40_32bit)
[ANALYSISLOG] c4fd09d669f83113cebdd05f0f9c6367df8f1968b0281273473844dea06c3830.elf -> ../ELF_samples/benign_report/arm32_add/raw/c4fd09d669f83113cebdd05f0f9c6367df8f1968b0281273473844dea06c3830.elf_2026-01-29_21-46-07_e8074374.jsonl
[DOCKER] Selected image for libc=glibc: arm32v7/ubuntu:22.04
[POOL] Collected 15 events for analysis (read from log file)
[POOL] Running analyzers on 15 events for 9526362da3844266ca7927c22ba6c07a58c9d214ab61111620b1634480b800c6.elf
[POOL] Analysis completed: 0 findings in 0.00s (14188 events/s)
[AI-Integration] Submitted task: 98937a31
[AI] 98937a31 queued for DeepSeek analysis
[CgroupManager] Removed cgroup 43256 via bpftool
[POOL] Cleanup scheduled for b19165e7a269
[DockerWorker-5] ✓ Completed: 9526362da3844266ca7927c22ba6c07a58c9d214ab61111620b1634480b800c6.elf (15 events) (1.13s)
[DockerWorker-5] Starting: 573056f372657aa49833f8a6e3d2cb1e8c61dd8220670684f71042fb2b3d2e69.elf (40_32bit)
[ANALYSISLOG] 573056f372657aa49833f8a6e3d2cb1e8c61dd8220670684f71042fb2b3d2e69.elf -> ../ELF_samples/benign_report/arm32_add/raw/573056f372657aa49833f8a6e3d2cb1e8c61dd8220670684f71042fb2b3d2e69.elf_2026-01-29_21-46-07_65baf876.jsonl
[DOCKER] Selected image for libc=glibc: arm32v7/ubuntu:22.04
[CgroupManager] Added cgroup 43514 via bpftool
[EventRouter] DEBUG: EXEC #33 filename='/bin/true', triggers=['b7eac3e56df6c36bfa242993854406e29e31c795617d8e740d59856e8924fa59.elf', '/tmp/b7eac3e56df6c36bfa242993854406e29e31c795617d8e740d59856e8924fa59.elf']
[POOL] Collected 16 events for analysis (read from log file)
[POOL] Running analyzers on 16 events for ca70c8d2745d4bb591b906bef225f02e0335799cc890e56448c469e2b9366dee.elf
[POOL] Analysis completed: 0 findings in 0.00s (14800 events/s)
[AI-Integration] Submitted task: 18246c08
[AI] 18246c08 queued for DeepSeek analysis
[POOL] Collected 13 events for analysis (read from log file)
[POOL] Running analyzers on 13 events for 25b1ef97aed41d878a9d39bbcd00be0b36f6b71e5511f76730f2c344a0caaecf.elf
[POOL] Analysis completed: 0 findings in 0.00s (12340 events/s)
[AI-Integration] Submitted task: 76fc7c43
[AI] 76fc7c43 queued for DeepSeek analysis
[CgroupManager] Added cgroup 43600 via bpftool
[CgroupManager] Removed cgroup 43342 via bpftool
[POOL] Cleanup scheduled for a80cd63e0f73
[DockerWorker-2] ✓ Completed: 25b1ef97aed41d878a9d39bbcd00be0b36f6b71e5511f76730f2c344a0caaecf.elf (13 events) (1.14s)
[DockerWorker-2] Starting: 2425e1746b975d3a1252b620a009f7e6c66a267ecec6542a0be59abb51531433.elf (40_32bit)
[ANALYSISLOG] 2425e1746b975d3a1252b620a009f7e6c66a267ecec6542a0be59abb51531433.elf -> ../ELF_samples/benign_report/arm32_add/raw/2425e1746b975d3a1252b620a009f7e6c66a267ecec6542a0be59abb51531433.elf_2026-01-29_21-46-07_328a7411.jsonl
[DOCKER] Selected image for libc=glibc: arm32v7/ubuntu:22.04
[CgroupManager] Removed cgroup 43428 via bpftool
[POOL] Cleanup scheduled for e58c4a5d1e4b
[DockerWorker-0] ✓ Completed: ca70c8d2745d4bb591b906bef225f02e0335799cc890e56448c469e2b9366dee.elf (16 events) (1.12s)
[DockerWorker-0] Starting: aca4f33cd984bfedd2465a097ea3d71c18b7d3cd598a23fa88ff4b65795a9a79.elf (40_32bit)
[ANALYSISLOG] aca4f33cd984bfedd2465a097ea3d71c18b7d3cd598a23fa88ff4b65795a9a79.elf -> ../ELF_samples/benign_report/arm32_add/raw/aca4f33cd984bfedd2465a097ea3d71c18b7d3cd598a23fa88ff4b65795a9a79.elf_2026-01-29_21-46-07_ce832eb8.jsonl
[DOCKER] Selected image for libc=glibc: arm32v7/ubuntu:22.04
[EventRouter] DEBUG: EXEC #33 filename='/bin/true', triggers=['c109359ce064c67397fed9b6633103070bff76e09f6bde10d82fb4cd138d9029.elf', '/tmp/c109359ce064c67397fed9b6633103070bff76e09f6bde10d82fb4cd138d9029.elf']
[CgroupManager] Added cgroup 43686 via bpftool
[EventRouter] DEBUG: EXEC #33 filename='/bin/true', triggers=['c4fd09d669f83113cebdd05f0f9c6367df8f1968b0281273473844dea06c3830.elf', '/tmp/c4fd09d669f83113cebdd05f0f9c6367df8f1968b0281273473844dea06c3830.elf']
[EventRouter] ARM detected at event 142 for cgroup 43514
[EventRouter] Discarded 141 pre-ARM events for cgroup 43514
[EventRouter] ARM detected at event 127 for cgroup 43600
[EventRouter] Discarded 126 pre-ARM events for cgroup 43600
[DOCKER] Container exit code: 1
[DOCKER][STDOUT] BEGIN
/tmp/b7eac3e56df6c36bfa242993854406e29e31c795617d8e740d59856e8924fa59.elf: missing file operand
Try '/tmp/b7eac3e56df6c36bfa242993854406e29e31c795617d8e740d59856e8924fa59.elf --help' for more information.
[DOCKER][STDOUT] END
[DOCKER] Raw stdout saved: ../ELF_samples/benign_report/arm32_add/raw/b7eac3e56df6c36bfa242993854406e29e31c795617d8e740d59856e8924fa59.elf_2026-01-29_21-46-06_62366496_container_stdout.txt
[CgroupManager] Added cgroup 43772 via bpftool
[DOCKER] Container exit code: 0
[DOCKER][STDOUT] BEGIN
      0       0       0
[DOCKER][STDOUT] END
[DOCKER] Raw stdout saved: ../ELF_samples/benign_report/arm32_add/raw/c109359ce064c67397fed9b6633103070bff76e09f6bde10d82fb4cd138d9029.elf_2026-01-29_21-46-06_964e44b0_container_stdout.txt
[EventRouter] DEBUG: EXEC #33 filename='/bin/true', triggers=['573056f372657aa49833f8a6e3d2cb1e8c61dd8220670684f71042fb2b3d2e69.elf', '/tmp/573056f372657aa49833f8a6e3d2cb1e8c61dd8220670684f71042fb2b3d2e69.elf']
[CgroupManager] Added cgroup 43944 via bpftool
[EventRouter] ARM detected at event 126 for cgroup 43686
[EventRouter] Discarded 125 pre-ARM events for cgroup 43686
[CgroupManager] Added cgroup 43858 via bpftool
[EventRouter] DEBUG: EXEC #49 filename='/bin/true', triggers=['2425e1746b975d3a1252b620a009f7e6c66a267ecec6542a0be59abb51531433.elf', '/tmp/2425e1746b975d3a1252b620a009f7e6c66a267ecec6542a0be59abb51531433.elf']
[EventRouter] DEBUG: EXEC #34 filename='/bin/true', triggers=['aca4f33cd984bfedd2465a097ea3d71c18b7d3cd598a23fa88ff4b65795a9a79.elf', '/tmp/aca4f33cd984bfedd2465a097ea3d71c18b7d3cd598a23fa88ff4b65795a9a79.elf']
[DOCKER] Container exit code: 0
[DOCKER][STDOUT] BEGIN
00000     0
[DOCKER][STDOUT] END
[DOCKER] Raw stdout saved: ../ELF_samples/benign_report/arm32_add/raw/c4fd09d669f83113cebdd05f0f9c6367df8f1968b0281273473844dea06c3830.elf_2026-01-29_21-46-07_e8074374_container_stdout.txt
[EventRouter] ARM detected at event 128 for cgroup 43772
[EventRouter] Discarded 127 pre-ARM events for cgroup 43772
[EventRouter] ARM detected at event 142 for cgroup 43858
[EventRouter] Discarded 141 pre-ARM events for cgroup 43858
[DOCKER] Container exit code: 1
[DOCKER][STDOUT] BEGIN
/tmp/573056f372657aa49833f8a6e3d2cb1e8c61dd8220670684f71042fb2b3d2e69.elf: you must specify either '--size' or '--reference'
Try '/tmp/573056f372657aa49833f8a6e3d2cb1e8c61dd8220670684f71042fb2b3d2e69.elf --help' for more information.
[DOCKER][STDOUT] END
[DOCKER] Raw stdout saved: ../ELF_samples/benign_report/arm32_add/raw/573056f372657aa49833f8a6e3d2cb1e8c61dd8220670684f71042fb2b3d2e69.elf_2026-01-29_21-46-07_65baf876_container_stdout.txt
[EventRouter] ARM detected at event 127 for cgroup 43944
[EventRouter] Discarded 126 pre-ARM events for cgroup 43944
[DOCKER] Container exit code: 0
[DOCKER][STDOUT] BEGIN
8
[DOCKER][STDOUT] END
[DOCKER] Raw stdout saved: ../ELF_samples/benign_report/arm32_add/raw/2425e1746b975d3a1252b620a009f7e6c66a267ecec6542a0be59abb51531433.elf_2026-01-29_21-46-07_328a7411_container_stdout.txt
[DOCKER] Container exit code: 0
[DOCKER][STDOUT] BEGIN
00000     0
[DOCKER][STDOUT] END
[DOCKER] Raw stdout saved: ../ELF_samples/benign_report/arm32_add/raw/aca4f33cd984bfedd2465a097ea3d71c18b7d3cd598a23fa88ff4b65795a9a79.elf_2026-01-29_21-46-07_ce832eb8_container_stdout.txt
[POOL] Collected 17 events for analysis (read from log file)
[POOL] Running analyzers on 17 events for b7eac3e56df6c36bfa242993854406e29e31c795617d8e740d59856e8924fa59.elf
[POOL] Analysis completed: 0 findings in 0.00s (15476 events/s)
[AI-Integration] Submitted task: 62366496
[AI] 62366496 queued for DeepSeek analysis
[CgroupManager] Removed cgroup 43514 via bpftool
[POOL] Cleanup scheduled for 31143825e855
[DockerWorker-3] ✓ Completed: b7eac3e56df6c36bfa242993854406e29e31c795617d8e740d59856e8924fa59.elf (17 events) (1.18s)
[DockerWorker-3] Starting: fd42d918c4cf32b3d9e1f01cdcea49b70913d6dfce725458cb7e737c506ca255.elf (40_32bit)
[ANALYSISLOG] fd42d918c4cf32b3d9e1f01cdcea49b70913d6dfce725458cb7e737c506ca255.elf -> ../ELF_samples/benign_report/arm32_add/raw/fd42d918c4cf32b3d9e1f01cdcea49b70913d6dfce725458cb7e737c506ca255.elf_2026-01-29_21-46-08_a2657b91.jsonl
[DOCKER] Selected image for libc=glibc: arm32v7/ubuntu:22.04
[POOL] Collected 17 events for analysis (read from log file)
[POOL] Running analyzers on 17 events for c109359ce064c67397fed9b6633103070bff76e09f6bde10d82fb4cd138d9029.elf
[POOL] Analysis completed: 0 findings in 0.00s (15907 events/s)
[AI-Integration] Submitted task: 964e44b0
[AI] 964e44b0 queued for DeepSeek analysis
[CgroupManager] Removed cgroup 43600 via bpftool
[POOL] Cleanup scheduled for 4e2f89e64d5e
[DockerWorker-1] ✓ Completed: c109359ce064c67397fed9b6633103070bff76e09f6bde10d82fb4cd138d9029.elf (17 events) (1.12s)
[DockerWorker-1] Starting: 4f87ff1f75518d596785462d9d4ebf68df3dd938e005938ed68c25b45f870ad1.elf (40_32bit)
[ANALYSISLOG] 4f87ff1f75518d596785462d9d4ebf68df3dd938e005938ed68c25b45f870ad1.elf -> ../ELF_samples/benign_report/arm32_add/raw/4f87ff1f75518d596785462d9d4ebf68df3dd938e005938ed68c25b45f870ad1.elf_2026-01-29_21-46-08_f837c611.jsonl
[DOCKER] Selected image for libc=glibc: arm32v7/ubuntu:22.04
[POOL] Collected 17 events for analysis (read from log file)
[POOL] Running analyzers on 17 events for c4fd09d669f83113cebdd05f0f9c6367df8f1968b0281273473844dea06c3830.elf
[POOL] Analysis completed: 1 findings in 0.00s (14637 events/s)
[AI-Integration] Submitted task: e8074374
[AI] e8074374 queued for DeepSeek analysis
[CgroupManager] Removed cgroup 43686 via bpftool
[POOL] Cleanup scheduled for 0a93b2d05abb
[DockerWorker-4] ✓ Completed: c4fd09d669f83113cebdd05f0f9c6367df8f1968b0281273473844dea06c3830.elf (17 events) (1.11s)
[DockerWorker-4] Starting: e3f48af41fe3e6411b793f5e82d3265da2a594ba17ff1629e9a937907c8bffdf.elf (40_32bit)
[ANALYSISLOG] e3f48af41fe3e6411b793f5e82d3265da2a594ba17ff1629e9a937907c8bffdf.elf -> ../ELF_samples/benign_report/arm32_add/raw/e3f48af41fe3e6411b793f5e82d3265da2a594ba17ff1629e9a937907c8bffdf.elf_2026-01-29_21-46-08_fcba4cba.jsonl
[DOCKER] Selected image for libc=glibc: arm32v7/ubuntu:22.04
[CgroupManager] Added cgroup 44030 via bpftool
[CgroupManager] Added cgroup 44116 via bpftool
[POOL] Collected 18 events for analysis (read from log file)
[POOL] Running analyzers on 18 events for 573056f372657aa49833f8a6e3d2cb1e8c61dd8220670684f71042fb2b3d2e69.elf
[POOL] Analysis completed: 0 findings in 0.00s (16934 events/s)
[AI-Integration] Submitted task: 65baf876
[AI] 65baf876 queued for DeepSeek analysis
[EventRouter] DEBUG: EXEC #34 filename='/bin/true', triggers=['fd42d918c4cf32b3d9e1f01cdcea49b70913d6dfce725458cb7e737c506ca255.elf', '/tmp/fd42d918c4cf32b3d9e1f01cdcea49b70913d6dfce725458cb7e737c506ca255.elf']
[CgroupManager] Removed cgroup 43772 via bpftool
[POOL] Cleanup scheduled for 25841db13896
[DockerWorker-5] ✓ Completed: 573056f372657aa49833f8a6e3d2cb1e8c61dd8220670684f71042fb2b3d2e69.elf (18 events) (1.21s)
[DockerWorker-5] Starting: 05463d43062bc69a94a1cf7c2b42feaebd47143348830d5d210a560144815f29.elf (40_32bit)
[ANALYSISLOG] 05463d43062bc69a94a1cf7c2b42feaebd47143348830d5d210a560144815f29.elf -> ../ELF_samples/benign_report/arm32_add/raw/05463d43062bc69a94a1cf7c2b42feaebd47143348830d5d210a560144815f29.elf_2026-01-29_21-46-08_3c58883e.jsonl
[DOCKER] Selected image for libc=glibc: arm32v7/ubuntu:22.04
[POOL] Collected 17 events for analysis (read from log file)
[POOL] Running analyzers on 17 events for 2425e1746b975d3a1252b620a009f7e6c66a267ecec6542a0be59abb51531433.elf
[POOL] Analysis completed: 0 findings in 0.00s (15486 events/s)
[AI-Integration] Submitted task: 328a7411
[AI] 328a7411 queued for DeepSeek analysis
[EventRouter] DEBUG: EXEC #33 filename='/bin/true', triggers=['4f87ff1f75518d596785462d9d4ebf68df3dd938e005938ed68c25b45f870ad1.elf', '/tmp/4f87ff1f75518d596785462d9d4ebf68df3dd938e005938ed68c25b45f870ad1.elf']
[POOL] Collected 14 events for analysis (read from log file)
[POOL] Running analyzers on 14 events for aca4f33cd984bfedd2465a097ea3d71c18b7d3cd598a23fa88ff4b65795a9a79.elf
[POOL] Analysis completed: 0 findings in 0.00s (13299 events/s)
[AI-Integration] Submitted task: ce832eb8
[AI] ce832eb8 queued for DeepSeek analysis
[CgroupManager] Removed cgroup 43858 via bpftool
[POOL] Cleanup scheduled for eb2ba7289ad2
[DockerWorker-2] ✓ Completed: 2425e1746b975d3a1252b620a009f7e6c66a267ecec6542a0be59abb51531433.elf (17 events) (1.15s)
[DockerWorker-2] Starting: c57d9d4f96cac2cccdbe31ca1a9ab5aa22b05d6c2010269eb486ddf91f5a8d17.elf (40_32bit)
[ANALYSISLOG] c57d9d4f96cac2cccdbe31ca1a9ab5aa22b05d6c2010269eb486ddf91f5a8d17.elf -> ../ELF_samples/benign_report/arm32_add/raw/c57d9d4f96cac2cccdbe31ca1a9ab5aa22b05d6c2010269eb486ddf91f5a8d17.elf_2026-01-29_21-46-08_d5e99cb9.jsonl
[DOCKER] Selected image for libc=glibc: arm32v7/ubuntu:22.04
[CgroupManager] Removed cgroup 43944 via bpftool
[POOL] Cleanup scheduled for 87a75587f132
[DockerWorker-0] ✓ Completed: aca4f33cd984bfedd2465a097ea3d71c18b7d3cd598a23fa88ff4b65795a9a79.elf (14 events) (1.15s)
[DockerWorker-0] Starting: ef081cf14c5e879732d5499b73884683308f40da830ad1905066364dfa291bb1.elf (40_32bit)
[ANALYSISLOG] ef081cf14c5e879732d5499b73884683308f40da830ad1905066364dfa291bb1.elf -> ../ELF_samples/benign_report/arm32_add/raw/ef081cf14c5e879732d5499b73884683308f40da830ad1905066364dfa291bb1.elf_2026-01-29_21-46-08_214b2ec6.jsonl
[DOCKER] Selected image for libc=glibc: arm32v7/ubuntu:22.04
[CgroupManager] Added cgroup 44202 via bpftool
[EventRouter] DEBUG: EXEC #34 filename='/bin/true', triggers=['e3f48af41fe3e6411b793f5e82d3265da2a594ba17ff1629e9a937907c8bffdf.elf', '/tmp/e3f48af41fe3e6411b793f5e82d3265da2a594ba17ff1629e9a937907c8bffdf.elf']
[EventRouter] ARM detected at event 128 for cgroup 44030
[EventRouter] Discarded 127 pre-ARM events for cgroup 44030
[EventRouter] ARM detected at event 142 for cgroup 44116
[EventRouter] Discarded 141 pre-ARM events for cgroup 44116
[DOCKER] Container exit code: 0
[DOCKER][STDOUT] BEGIN
HOSTNAME=dc97f86ba5bc
HOME=/root
PATH=/usr/local/sbin:/usr/local/bin:/usr/sbin:/usr/bin:/sbin:/bin
PWD=/tmp
[DOCKER][STDOUT] END
[DOCKER] Raw stdout saved: ../ELF_samples/benign_report/arm32_add/raw/fd42d918c4cf32b3d9e1f01cdcea49b70913d6dfce725458cb7e737c506ca255.elf_2026-01-29_21-46-08_a2657b91_container_stdout.txt
[EventRouter] ARM detected at event 127 for cgroup 44202
[EventRouter] Discarded 126 pre-ARM events for cgroup 44202
[DOCKER] Container exit code: 0
[DOCKER][STDOUT] BEGIN
/tmp
[DOCKER][STDOUT] END
[DOCKER] Raw stdout saved: ../ELF_samples/benign_report/arm32_add/raw/4f87ff1f75518d596785462d9d4ebf68df3dd938e005938ed68c25b45f870ad1.elf_2026-01-29_21-46-08_f837c611_container_stdout.txt
[CgroupManager] Added cgroup 44374 via bpftool
[CgroupManager] Added cgroup 44288 via bpftool
[CgroupManager] Added cgroup 44460 via bpftool
[DOCKER] Container exit code: 0
[DOCKER][STDOUT] BEGIN
da39a3ee5e6b4b0d3255bfef95601890afd80709  -
[DOCKER][STDOUT] END
[DOCKER] Raw stdout saved: ../ELF_samples/benign_report/arm32_add/raw/e3f48af41fe3e6411b793f5e82d3265da2a594ba17ff1629e9a937907c8bffdf.elf_2026-01-29_21-46-08_fcba4cba_container_stdout.txt
[EventRouter] DEBUG: EXEC #33 filename='/bin/true', triggers=['c57d9d4f96cac2cccdbe31ca1a9ab5aa22b05d6c2010269eb486ddf91f5a8d17.elf', '/tmp/c57d9d4f96cac2cccdbe31ca1a9ab5aa22b05d6c2010269eb486ddf91f5a8d17.elf']
[EventRouter] DEBUG: EXEC #49 filename='/bin/true', triggers=['05463d43062bc69a94a1cf7c2b42feaebd47143348830d5d210a560144815f29.elf', '/tmp/05463d43062bc69a94a1cf7c2b42feaebd47143348830d5d210a560144815f29.elf']
[EventRouter] ARM detected at event 163 for cgroup 44460
[EventRouter] Discarded 162 pre-ARM events for cgroup 44460
[DOCKER] Container exit code: 0
[DOCKER][STDOUT] BEGIN
HOSTNAME=afdb2931b463
HOME=/root
PATH=/usr/local/sbin:/usr/local/bin:/usr/sbin:/usr/bin:/sbin:/bin
PWD=/tmp
[DOCKER][STDOUT] END
[DOCKER] Raw stdout saved: ../ELF_samples/benign_report/arm32_add/raw/ef081cf14c5e879732d5499b73884683308f40da830ad1905066364dfa291bb1.elf_2026-01-29_21-46-08_214b2ec6_container_stdout.txt
[EventRouter] ARM detected at event 126 for cgroup 44374
[EventRouter] Discarded 125 pre-ARM events for cgroup 44374
[DOCKER] Container exit code: 1
[DOCKER][STDOUT] BEGIN
/tmp/c57d9d4f96cac2cccdbe31ca1a9ab5aa22b05d6c2010269eb486ddf91f5a8d17.elf: missing file operand
Try '/tmp/c57d9d4f96cac2cccdbe31ca1a9ab5aa22b05d6c2010269eb486ddf91f5a8d17.elf --help' for more information.
[DOCKER][STDOUT] END
[DOCKER] Raw stdout saved: ../ELF_samples/benign_report/arm32_add/raw/c57d9d4f96cac2cccdbe31ca1a9ab5aa22b05d6c2010269eb486ddf91f5a8d17.elf_2026-01-29_21-46-08_d5e99cb9_container_stdout.txt
[EventRouter] ARM detected at event 143 for cgroup 44288
[EventRouter] Discarded 142 pre-ARM events for cgroup 44288
[DOCKER] Container exit code: 1
[DOCKER][STDOUT] BEGIN
/tmp/05463d43062bc69a94a1cf7c2b42feaebd47143348830d5d210a560144815f29.elf: missing operand
Try '/tmp/05463d43062bc69a94a1cf7c2b42feaebd47143348830d5d210a560144815f29.elf --help' for more information.
[DOCKER][STDOUT] END
[DOCKER] Raw stdout saved: ../ELF_samples/benign_report/arm32_add/raw/05463d43062bc69a94a1cf7c2b42feaebd47143348830d5d210a560144815f29.elf_2026-01-29_21-46-08_3c58883e_container_stdout.txt
[POOL] Collected 14 events for analysis (read from log file)
[POOL] Running analyzers on 14 events for fd42d918c4cf32b3d9e1f01cdcea49b70913d6dfce725458cb7e737c506ca255.elf
[POOL] Analysis completed: 0 findings in 0.00s (13245 events/s)
[AI-Integration] Submitted task: a2657b91
[AI] a2657b91 queued for DeepSeek analysis
[CgroupManager] Removed cgroup 44030 via bpftool
[POOL] Cleanup scheduled for dc97f86ba5bc
[DockerWorker-3] ✓ Completed: fd42d918c4cf32b3d9e1f01cdcea49b70913d6dfce725458cb7e737c506ca255.elf (14 events) (1.19s)
[DockerWorker-3] Starting: 2ab1dc89100941c6e044c8a76dfb4538dd2df4ffc7922d99412cd82728cc3689.elf (40_32bit)
[ANALYSISLOG] 2ab1dc89100941c6e044c8a76dfb4538dd2df4ffc7922d99412cd82728cc3689.elf -> ../ELF_samples/benign_report/arm32_add/raw/2ab1dc89100941c6e044c8a76dfb4538dd2df4ffc7922d99412cd82728cc3689.elf_2026-01-29_21-46-09_a3166c5d.jsonl
[DOCKER] Selected image for libc=glibc: arm32v7/ubuntu:22.04
[POOL] Collected 19 events for analysis (read from log file)
[POOL] Running analyzers on 19 events for 4f87ff1f75518d596785462d9d4ebf68df3dd938e005938ed68c25b45f870ad1.elf
[POOL] Analysis completed: 0 findings in 0.00s (17834 events/s)
[AI-Integration] Submitted task: f837c611
[AI] f837c611 queued for DeepSeek analysis
[CgroupManager] Removed cgroup 44116 via bpftool
[POOL] Cleanup scheduled for 6d7d7aea8432
[DockerWorker-1] ✓ Completed: 4f87ff1f75518d596785462d9d4ebf68df3dd938e005938ed68c25b45f870ad1.elf (19 events) (1.22s)
[DockerWorker-1] Starting: 41ed385e539b608fbd17ce68a5461a54ca962a7bd7d871f26a0b4a39c27974df.elf (40_32bit)
[ANALYSISLOG] 41ed385e539b608fbd17ce68a5461a54ca962a7bd7d871f26a0b4a39c27974df.elf -> ../ELF_samples/benign_report/arm32_add/raw/41ed385e539b608fbd17ce68a5461a54ca962a7bd7d871f26a0b4a39c27974df.elf_2026-01-29_21-46-09_aa5e0787.jsonl
[DOCKER] Selected image for libc=glibc: arm32v7/ubuntu:22.04
[POOL] Collected 17 events for analysis (read from log file)
[POOL] Running analyzers on 17 events for e3f48af41fe3e6411b793f5e82d3265da2a594ba17ff1629e9a937907c8bffdf.elf
[POOL] Analysis completed: 0 findings in 0.00s (15492 events/s)
[AI-Integration] Submitted task: fcba4cba
[AI] fcba4cba queued for DeepSeek analysis
[CgroupManager] Removed cgroup 44202 via bpftool
[POOL] Cleanup scheduled for b764e3343bec
[DockerWorker-4] ✓ Completed: e3f48af41fe3e6411b793f5e82d3265da2a594ba17ff1629e9a937907c8bffdf.elf (17 events) (1.13s)
[DockerWorker-4] Starting: 97fbac347357647958c21e03a0385e7ff066ad44423d28d1005213845089a468.elf (40_32bit)
[ANALYSISLOG] 97fbac347357647958c21e03a0385e7ff066ad44423d28d1005213845089a468.elf -> ../ELF_samples/benign_report/arm32_add/raw/97fbac347357647958c21e03a0385e7ff066ad44423d28d1005213845089a468.elf_2026-01-29_21-46-09_544829a0.jsonl
[DOCKER] Selected image for libc=glibc: arm32v7/ubuntu:22.04
[CgroupManager] Added cgroup 44546 via bpftool
[EventRouter] DEBUG: EXEC #34 filename='/bin/true', triggers=['2ab1dc89100941c6e044c8a76dfb4538dd2df4ffc7922d99412cd82728cc3689.elf', '/tmp/2ab1dc89100941c6e044c8a76dfb4538dd2df4ffc7922d99412cd82728cc3689.elf']
[POOL] Collected 14 events for analysis (read from log file)
[POOL] Running analyzers on 14 events for ef081cf14c5e879732d5499b73884683308f40da830ad1905066364dfa291bb1.elf
[POOL] Analysis completed: 0 findings in 0.00s (12862 events/s)
[AI-Integration] Submitted task: 214b2ec6
[AI] 214b2ec6 queued for DeepSeek analysis
[CgroupManager] Removed cgroup 44460 via bpftool
[POOL] Cleanup scheduled for afdb2931b463
[DockerWorker-0] ✓ Completed: ef081cf14c5e879732d5499b73884683308f40da830ad1905066364dfa291bb1.elf (14 events) (1.14s)
[DockerWorker-0] Starting: 91a14c16b1de0fb56e0407d541eda19e2e3190d570509d1b43e43976a8554788.elf (40_32bit)
[ANALYSISLOG] 91a14c16b1de0fb56e0407d541eda19e2e3190d570509d1b43e43976a8554788.elf -> ../ELF_samples/benign_report/arm32_add/raw/91a14c16b1de0fb56e0407d541eda19e2e3190d570509d1b43e43976a8554788.elf_2026-01-29_21-46-09_6d9d5a08.jsonl
[DOCKER] Selected image for libc=glibc: arm32v7/ubuntu:22.04
[POOL] Collected 17 events for analysis (read from log file)
[POOL] Running analyzers on 17 events for c57d9d4f96cac2cccdbe31ca1a9ab5aa22b05d6c2010269eb486ddf91f5a8d17.elf
[POOL] Analysis completed: 0 findings in 0.00s (15540 events/s)
[AI-Integration] Submitted task: d5e99cb9
[AI] d5e99cb9 queued for DeepSeek analysis
[CgroupManager] Removed cgroup 44374 via bpftool
[POOL] Cleanup scheduled for 115567eeb1a0
[DockerWorker-2] ✓ Completed: c57d9d4f96cac2cccdbe31ca1a9ab5aa22b05d6c2010269eb486ddf91f5a8d17.elf (17 events) (1.17s)
[DockerWorker-2] Starting: b95be086bff9c23d5dcb10ed99ea8c8649e6f0d5ca2bc98f9f343447332e2ac4.elf (40_32bit)
[ANALYSISLOG] b95be086bff9c23d5dcb10ed99ea8c8649e6f0d5ca2bc98f9f343447332e2ac4.elf -> ../ELF_samples/benign_report/arm32_add/raw/b95be086bff9c23d5dcb10ed99ea8c8649e6f0d5ca2bc98f9f343447332e2ac4.elf_2026-01-29_21-46-09_36f31af9.jsonl
[DOCKER] Selected image for libc=glibc: arm32v7/ubuntu:22.04
[POOL] Collected 19 events for analysis (read from log file)
[POOL] Running analyzers on 19 events for 05463d43062bc69a94a1cf7c2b42feaebd47143348830d5d210a560144815f29.elf
[POOL] Analysis completed: 0 findings in 0.00s (17799 events/s)
[AI-Integration] Submitted task: 3c58883e
[AI] 3c58883e queued for DeepSeek analysis
[CgroupManager] Added cgroup 44632 via bpftool
[CgroupManager] Removed cgroup 44288 via bpftool
[POOL] Cleanup scheduled for 16c5f3e2480c
[DockerWorker-5] ✓ Completed: 05463d43062bc69a94a1cf7c2b42feaebd47143348830d5d210a560144815f29.elf (19 events) (1.21s)
[DockerWorker-5] Starting: 4e308fd9aeb40c48049158bc270cd726054d0f8e1a2e1ce3b556b1e94b59c510.elf (40_32bit)
[ANALYSISLOG] 4e308fd9aeb40c48049158bc270cd726054d0f8e1a2e1ce3b556b1e94b59c510.elf -> ../ELF_samples/benign_report/arm32_add/raw/4e308fd9aeb40c48049158bc270cd726054d0f8e1a2e1ce3b556b1e94b59c510.elf_2026-01-29_21-46-09_e7d66af3.jsonl
[DOCKER] Selected image for libc=glibc: arm32v7/ubuntu:22.04
[CgroupManager] Added cgroup 44718 via bpftool
[EventRouter] DEBUG: EXEC #34 filename='/bin/true', triggers=['41ed385e539b608fbd17ce68a5461a54ca962a7bd7d871f26a0b4a39c27974df.elf', '/tmp/41ed385e539b608fbd17ce68a5461a54ca962a7bd7d871f26a0b4a39c27974df.elf']
[EventRouter] DEBUG: EXEC #33 filename='/bin/true', triggers=['97fbac347357647958c21e03a0385e7ff066ad44423d28d1005213845089a468.elf', '/tmp/97fbac347357647958c21e03a0385e7ff066ad44423d28d1005213845089a468.elf']
[EventRouter] ARM detected at event 131 for cgroup 44546
[EventRouter] Discarded 130 pre-ARM events for cgroup 44546
[DOCKER] Container exit code: 0
[DOCKER][STDOUT] BEGIN
Filesystem     1K-blocks      Used Available Use% Mounted on
overlay        199767352 108522244  81024616  58% /
tmpfs              65536         0     65536   0% /dev
shm                65536         0     65536   0% /dev/shm
/dev/nvme0n1p9 199767352 108522244  81024616  58% /usr/sbin/docker-init
tmpfs           15895484         0  15895484   0% /proc/asound
tmpfs           15895484         0  15895484   0% /proc/acpi
tmpfs           15895484         0  15895484   0% /proc/scsi
tmpfs           15895484         0  15895484   0% /sys/firmware
tmpfs           15895484         0  15895484   0% /sys/devices/virtual/powercap
tmpfs           15895484         0  15895484   0% /sys/devices/system/cpu/cpu0/thermal_throttle
tmpfs           15895484         0  15895484   0% /sys/devices/system/cpu/cpu1/thermal_throttle
tmpfs           15895484         0  15895484   0% /sys/devices/system/cpu/cpu2/thermal_throttle
tmpfs           15895484         0  15895484   0% /sys/devices/system/cpu/cpu3/thermal_throttle
tmpfs           15895484         0  15895484   0% /sys/devices/system/cpu/cpu4/thermal_throttle
tmpfs           15895484         0  15895484   0% /sys/devices/system/cpu/cpu5/thermal_throttle
tmpfs           15895484         0  15895484   0% /sys/devices/system/cpu/cpu6/thermal_throttle
tmpfs           15895484         0  15895484   0% /sys/devices/system/cpu/cpu7/thermal_throttle
[DOCKER][STDOUT] END
[DOCKER] Raw stdout saved: ../ELF_samples/benign_report/arm32_add/raw/2ab1dc89100941c6e044c8a76dfb4538dd2df4ffc7922d99412cd82728cc3689.elf_2026-01-29_21-46-09_a3166c5d_container_stdout.txt
[EventRouter] ARM detected at event 127 for cgroup 44632
[EventRouter] Discarded 126 pre-ARM events for cgroup 44632
[DOCKER] Container exit code: 1
[DOCKER][STDOUT] BEGIN
/tmp/41ed385e539b608fbd17ce68a5461a54ca962a7bd7d871f26a0b4a39c27974df.elf: missing operand
Try '/tmp/41ed385e539b608fbd17ce68a5461a54ca962a7bd7d871f26a0b4a39c27974df.elf --help' for more information.
[DOCKER][STDOUT] END
[DOCKER] Raw stdout saved: ../ELF_samples/benign_report/arm32_add/raw/41ed385e539b608fbd17ce68a5461a54ca962a7bd7d871f26a0b4a39c27974df.elf_2026-01-29_21-46-09_aa5e0787_container_stdout.txt
[CgroupManager] Added cgroup 44890 via bpftool
[CgroupManager] Added cgroup 44804 via bpftool
[CgroupManager] Added cgroup 44976 via bpftool
[EventRouter] DEBUG: EXEC #34 filename='/bin/true', triggers=['b95be086bff9c23d5dcb10ed99ea8c8649e6f0d5ca2bc98f9f343447332e2ac4.elf', '/tmp/b95be086bff9c23d5dcb10ed99ea8c8649e6f0d5ca2bc98f9f343447332e2ac4.elf']
[EventRouter] ARM detected at event 129 for cgroup 44718
[EventRouter] Discarded 128 pre-ARM events for cgroup 44718
[EventRouter] DEBUG: EXEC #33 filename='/bin/true', triggers=['91a14c16b1de0fb56e0407d541eda19e2e3190d570509d1b43e43976a8554788.elf', '/tmp/91a14c16b1de0fb56e0407d541eda19e2e3190d570509d1b43e43976a8554788.elf']
[EventRouter] DEBUG: EXEC #50 filename='/bin/true', triggers=['4e308fd9aeb40c48049158bc270cd726054d0f8e1a2e1ce3b556b1e94b59c510.elf', '/tmp/4e308fd9aeb40c48049158bc270cd726054d0f8e1a2e1ce3b556b1e94b59c510.elf']
[DOCKER] Container exit code: 1
[DOCKER][STDOUT] BEGIN
/tmp/97fbac347357647958c21e03a0385e7ff066ad44423d28d1005213845089a468.elf: 'standard input': Inappropriate ioctl for device
[DOCKER][STDOUT] END
[DOCKER] Raw stdout saved: ../ELF_samples/benign_report/arm32_add/raw/97fbac347357647958c21e03a0385e7ff066ad44423d28d1005213845089a468.elf_2026-01-29_21-46-09_544829a0_container_stdout.txt
[EventRouter] ARM detected at event 131 for cgroup 44890
[EventRouter] Discarded 130 pre-ARM events for cgroup 44890
[DOCKER] Container exit code: 1
[DOCKER][STDOUT] BEGIN
/tmp/b95be086bff9c23d5dcb10ed99ea8c8649e6f0d5ca2bc98f9f343447332e2ac4.elf: missing file operand
Try '/tmp/b95be086bff9c23d5dcb10ed99ea8c8649e6f0d5ca2bc98f9f343447332e2ac4.elf --help' for more information.
[DOCKER][STDOUT] END
[DOCKER] Raw stdout saved: ../ELF_samples/benign_report/arm32_add/raw/b95be086bff9c23d5dcb10ed99ea8c8649e6f0d5ca2bc98f9f343447332e2ac4.elf_2026-01-29_21-46-09_36f31af9_container_stdout.txt
[EventRouter] ARM detected at event 145 for cgroup 44976
[EventRouter] Discarded 144 pre-ARM events for cgroup 44976
[EventRouter] ARM detected at event 130 for cgroup 44804
[EventRouter] Discarded 129 pre-ARM events for cgroup 44804
[DOCKER] Container exit code: 125
[DOCKER][STDOUT] BEGIN
/tmp/91a14c16b1de0fb56e0407d541eda19e2e3190d570509d1b43e43976a8554788.elf: missing operand
Try '/tmp/91a14c16b1de0fb56e0407d541eda19e2e3190d570509d1b43e43976a8554788.elf --help' for more information.
[DOCKER][STDOUT] END
[DOCKER] Raw stdout saved: ../ELF_samples/benign_report/arm32_add/raw/91a14c16b1de0fb56e0407d541eda19e2e3190d570509d1b43e43976a8554788.elf_2026-01-29_21-46-09_6d9d5a08_container_stdout.txt
[DOCKER] Container exit code: 0
[DOCKER][STDOUT] BEGIN
Linux
[DOCKER][STDOUT] END
[DOCKER] Raw stdout saved: ../ELF_samples/benign_report/arm32_add/raw/4e308fd9aeb40c48049158bc270cd726054d0f8e1a2e1ce3b556b1e94b59c510.elf_2026-01-29_21-46-09_e7d66af3_container_stdout.txt
[POOL] Collected 18 events for analysis (read from log file)
[POOL] Running analyzers on 18 events for 2ab1dc89100941c6e044c8a76dfb4538dd2df4ffc7922d99412cd82728cc3689.elf
[POOL] Analysis completed: 0 findings in 0.00s (15903 events/s)
[AI-Integration] Submitted task: a3166c5d
[AI] a3166c5d queued for DeepSeek analysis
[CgroupManager] Removed cgroup 44546 via bpftool
[POOL] Cleanup scheduled for 455b8e2e84d2
[DockerWorker-3] ✓ Completed: 2ab1dc89100941c6e044c8a76dfb4538dd2df4ffc7922d99412cd82728cc3689.elf (18 events) (1.12s)
[DockerWorker-3] Starting: 020351acbdeba61d5e6c2beee70423a49c9095e4e5f69b4ff54184130faa015c.elf (40_32bit)
[ANALYSISLOG] 020351acbdeba61d5e6c2beee70423a49c9095e4e5f69b4ff54184130faa015c.elf -> ../ELF_samples/benign_report/arm32_add/raw/020351acbdeba61d5e6c2beee70423a49c9095e4e5f69b4ff54184130faa015c.elf_2026-01-29_21-46-10_c09384e5.jsonl
[DOCKER] Selected image for libc=glibc: arm32v7/ubuntu:22.04
[POOL] Collected 17 events for analysis (read from log file)
[POOL] Running analyzers on 17 events for 41ed385e539b608fbd17ce68a5461a54ca962a7bd7d871f26a0b4a39c27974df.elf
[POOL] Analysis completed: 0 findings in 0.00s (15893 events/s)
[AI-Integration] Submitted task: aa5e0787
[AI] aa5e0787 queued for DeepSeek analysis
[CgroupManager] Removed cgroup 44632 via bpftool
[POOL] Cleanup scheduled for e6914876181c
[DockerWorker-1] ✓ Completed: 41ed385e539b608fbd17ce68a5461a54ca962a7bd7d871f26a0b4a39c27974df.elf (17 events) (1.17s)
[DockerWorker-1] Starting: 7bfbc9caaad3b8e91977b4e6365bfbc215974b41f52ff9d05fa712e08369079b.elf (40_32bit)
[ANALYSISLOG] 7bfbc9caaad3b8e91977b4e6365bfbc215974b41f52ff9d05fa712e08369079b.elf -> ../ELF_samples/benign_report/arm32_add/raw/7bfbc9caaad3b8e91977b4e6365bfbc215974b41f52ff9d05fa712e08369079b.elf_2026-01-29_21-46-10_22605154.jsonl
[DOCKER] Selected image for libc=glibc: arm32v7/ubuntu:22.04
[POOL] Collected 17 events for analysis (read from log file)
[POOL] Running analyzers on 17 events for 97fbac347357647958c21e03a0385e7ff066ad44423d28d1005213845089a468.elf
[POOL] Analysis completed: 0 findings in 0.00s (14673 events/s)
[AI-Integration] Submitted task: 544829a0
[AI] 544829a0 queued for DeepSeek analysis
[CgroupManager] Removed cgroup 44718 via bpftool
[POOL] Cleanup scheduled for 69b8c9047318
[DockerWorker-4] ✓ Completed: 97fbac347357647958c21e03a0385e7ff066ad44423d28d1005213845089a468.elf (17 events) (1.27s)
[DockerWorker-4] Starting: 8de04ae8defa60877ee8f532996cdf58922aea244c40490b38743d9a90d18054.elf (40_32bit)
[ANALYSISLOG] 8de04ae8defa60877ee8f532996cdf58922aea244c40490b38743d9a90d18054.elf -> ../ELF_samples/benign_report/arm32_add/raw/8de04ae8defa60877ee8f532996cdf58922aea244c40490b38743d9a90d18054.elf_2026-01-29_21-46-10_ea7b0598.jsonl
[DOCKER] Selected image for libc=glibc: arm32v7/ubuntu:22.04
[CgroupManager] Added cgroup 45062 via bpftool
[EventRouter] DEBUG: EXEC #32 filename='/bin/true', triggers=['020351acbdeba61d5e6c2beee70423a49c9095e4e5f69b4ff54184130faa015c.elf', '/tmp/020351acbdeba61d5e6c2beee70423a49c9095e4e5f69b4ff54184130faa015c.elf']
[POOL] Collected 17 events for analysis (read from log file)
[POOL] Running analyzers on 17 events for b95be086bff9c23d5dcb10ed99ea8c8649e6f0d5ca2bc98f9f343447332e2ac4.elf
[POOL] Analysis completed: 0 findings in 0.00s (15389 events/s)
[AI-Integration] Submitted task: 36f31af9
[AI] 36f31af9 queued for DeepSeek analysis
[CgroupManager] Removed cgroup 44890 via bpftool
[POOL] Cleanup scheduled for d90845ada79e
[DockerWorker-2] ✓ Completed: b95be086bff9c23d5dcb10ed99ea8c8649e6f0d5ca2bc98f9f343447332e2ac4.elf (17 events) (1.13s)
[DockerWorker-2] Starting: afec611cc23815e8c1252e66d3bdc36755b7b25cb41a99453c531d961998e925.elf (40_32bit)
[ANALYSISLOG] afec611cc23815e8c1252e66d3bdc36755b7b25cb41a99453c531d961998e925.elf -> ../ELF_samples/benign_report/arm32_add/raw/afec611cc23815e8c1252e66d3bdc36755b7b25cb41a99453c531d961998e925.elf_2026-01-29_21-46-10_80685d0d.jsonl
[DOCKER] Selected image for libc=glibc: arm32v7/ubuntu:22.04
[POOL] Collected 17 events for analysis (read from log file)
[POOL] Running analyzers on 17 events for 91a14c16b1de0fb56e0407d541eda19e2e3190d570509d1b43e43976a8554788.elf
[POOL] Analysis completed: 0 findings in 0.00s (15673 events/s)
[AI-Integration] Submitted task: 6d9d5a08
[AI] 6d9d5a08 queued for DeepSeek analysis
[POOL] Collected 14 events for analysis (read from log file)
[POOL] Running analyzers on 14 events for 4e308fd9aeb40c48049158bc270cd726054d0f8e1a2e1ce3b556b1e94b59c510.elf
[POOL] Analysis completed: 0 findings in 0.00s (12998 events/s)
[AI-Integration] Submitted task: e7d66af3
[AI] e7d66af3 queued for DeepSeek analysis
[CgroupManager] Removed cgroup 44804 via bpftool
[POOL] Cleanup scheduled for 6158749591c3
[DockerWorker-0] ✓ Completed: 91a14c16b1de0fb56e0407d541eda19e2e3190d570509d1b43e43976a8554788.elf (17 events) (1.18s)
[DockerWorker-0] Starting: 85318d7aa0dd02d5973f55a69b0632e12370d5857b105c7acc6e54196ea5ffd3.elf (40_32bit)
[ANALYSISLOG] 85318d7aa0dd02d5973f55a69b0632e12370d5857b105c7acc6e54196ea5ffd3.elf -> ../ELF_samples/benign_report/arm32_add/raw/85318d7aa0dd02d5973f55a69b0632e12370d5857b105c7acc6e54196ea5ffd3.elf_2026-01-29_21-46-10_b2c0cedb.jsonl
[DOCKER] Selected image for libc=glibc: arm32v7/ubuntu:22.04
[CgroupManager] Removed cgroup 44976 via bpftool
[POOL] Cleanup scheduled for b33631fe5508
[DockerWorker-5] ✓ Completed: 4e308fd9aeb40c48049158bc270cd726054d0f8e1a2e1ce3b556b1e94b59c510.elf (14 events) (1.14s)
[DockerWorker-5] Starting: a828777e7a0c30ac056d9f9d194eefa8b9b1fc8befe88b86bb1dda8f09209767.elf (40_32bit)
[ANALYSISLOG] a828777e7a0c30ac056d9f9d194eefa8b9b1fc8befe88b86bb1dda8f09209767.elf -> ../ELF_samples/benign_report/arm32_add/raw/a828777e7a0c30ac056d9f9d194eefa8b9b1fc8befe88b86bb1dda8f09209767.elf_2026-01-29_21-46-10_c4fb83ae.jsonl
[DOCKER] Selected image for libc=glibc: arm32v7/ubuntu:22.04
[CgroupManager] Added cgroup 45148 via bpftool
[EventRouter] DEBUG: EXEC #33 filename='/bin/true', triggers=['7bfbc9caaad3b8e91977b4e6365bfbc215974b41f52ff9d05fa712e08369079b.elf', '/tmp/7bfbc9caaad3b8e91977b4e6365bfbc215974b41f52ff9d05fa712e08369079b.elf']
[EventRouter] ARM detected at event 129 for cgroup 45062
[EventRouter] Discarded 128 pre-ARM events for cgroup 45062
[AI-Integration] Job 337b0de3 analyzed via deepseek
[CgroupManager] Added cgroup 45234 via bpftool
[EventRouter] DEBUG: EXEC #33 filename='/bin/true', triggers=['8de04ae8defa60877ee8f532996cdf58922aea244c40490b38743d9a90d18054.elf', '/tmp/8de04ae8defa60877ee8f532996cdf58922aea244c40490b38743d9a90d18054.elf']
[DOCKER] Container exit code: 0
[EventRouter] ARM detected at event 146 for cgroup 45148
[EventRouter] Discarded 145 pre-ARM events for cgroup 45148
[AI-Integration] Job 7c1cb613 analyzed via deepseek
[DOCKER] Container exit code: 1
[DOCKER][STDOUT] BEGIN
/tmp/7bfbc9caaad3b8e91977b4e6365bfbc215974b41f52ff9d05fa712e08369079b.elf: 'standard input': Inappropriate ioctl for device
[DOCKER][STDOUT] END
[DOCKER] Raw stdout saved: ../ELF_samples/benign_report/arm32_add/raw/7bfbc9caaad3b8e91977b4e6365bfbc215974b41f52ff9d05fa712e08369079b.elf_2026-01-29_21-46-10_22605154_container_stdout.txt
[CgroupManager] Added cgroup 45320 via bpftool
[CgroupManager] Added cgroup 45406 via bpftool
[CgroupManager] Added cgroup 45492 via bpftool
[EventRouter] ARM detected at event 127 for cgroup 45234
[EventRouter] Discarded 126 pre-ARM events for cgroup 45234
[EventRouter] DEBUG: EXEC #49 filename='/bin/true', triggers=['a828777e7a0c30ac056d9f9d194eefa8b9b1fc8befe88b86bb1dda8f09209767.elf', '/tmp/a828777e7a0c30ac056d9f9d194eefa8b9b1fc8befe88b86bb1dda8f09209767.elf']
[EventRouter] DEBUG: EXEC #34 filename='/bin/true', triggers=['85318d7aa0dd02d5973f55a69b0632e12370d5857b105c7acc6e54196ea5ffd3.elf', '/tmp/85318d7aa0dd02d5973f55a69b0632e12370d5857b105c7acc6e54196ea5ffd3.elf']
[EventRouter] DEBUG: EXEC #33 filename='/bin/true', triggers=['afec611cc23815e8c1252e66d3bdc36755b7b25cb41a99453c531d961998e925.elf', '/tmp/afec611cc23815e8c1252e66d3bdc36755b7b25cb41a99453c531d961998e925.elf']
[DOCKER] Container exit code: 0
[EventRouter] ARM detected at event 128 for cgroup 45406
[EventRouter] Discarded 127 pre-ARM events for cgroup 45406
[EventRouter] ARM detected at event 143 for cgroup 45492
[EventRouter] Discarded 142 pre-ARM events for cgroup 45492
[DOCKER] Container exit code: 1
[DOCKER][STDOUT] BEGIN
/tmp/a828777e7a0c30ac056d9f9d194eefa8b9b1fc8befe88b86bb1dda8f09209767.elf: no SHELL environment variable, and no shell type option given
[DOCKER][STDOUT] END
[DOCKER] Raw stdout saved: ../ELF_samples/benign_report/arm32_add/raw/a828777e7a0c30ac056d9f9d194eefa8b9b1fc8befe88b86bb1dda8f09209767.elf_2026-01-29_21-46-10_c4fb83ae_container_stdout.txt
[EventRouter] ARM detected at event 127 for cgroup 45320
[EventRouter] Discarded 126 pre-ARM events for cgroup 45320
[DOCKER] Container exit code: 125
[DOCKER][STDOUT] BEGIN
/tmp/afec611cc23815e8c1252e66d3bdc36755b7b25cb41a99453c531d961998e925.elf: missing operand
Try '/tmp/afec611cc23815e8c1252e66d3bdc36755b7b25cb41a99453c531d961998e925.elf --help' for more information.
[DOCKER][STDOUT] END
[DOCKER] Raw stdout saved: ../ELF_samples/benign_report/arm32_add/raw/afec611cc23815e8c1252e66d3bdc36755b7b25cb41a99453c531d961998e925.elf_2026-01-29_21-46-10_80685d0d_container_stdout.txt
[POOL] Collected 13 events for analysis (read from log file)
[POOL] Running analyzers on 13 events for 020351acbdeba61d5e6c2beee70423a49c9095e4e5f69b4ff54184130faa015c.elf
[POOL] Analysis completed: 0 findings in 0.00s (12162 events/s)
[AI-Integration] Submitted task: c09384e5
[AI] c09384e5 queued for DeepSeek analysis
[CgroupManager] Removed cgroup 45062 via bpftool
[POOL] Cleanup scheduled for 26f0fe59d76d
[DockerWorker-3] ✓ Completed: 020351acbdeba61d5e6c2beee70423a49c9095e4e5f69b4ff54184130faa015c.elf (13 events) (1.16s)
[DockerWorker-3] Starting: ddc9d8e069089f9a228be223fd7e1858a67320e65f19f7d2068cee39b3a7749c.elf (40_32bit)
[ANALYSISLOG] ddc9d8e069089f9a228be223fd7e1858a67320e65f19f7d2068cee39b3a7749c.elf -> ../ELF_samples/benign_report/arm32_add/raw/ddc9d8e069089f9a228be223fd7e1858a67320e65f19f7d2068cee39b3a7749c.elf_2026-01-29_21-46-11_4ca37a74.jsonl
[DOCKER] Selected image for libc=glibc: arm32v7/ubuntu:22.04
[DOCKER] Container exit code: 0
[DOCKER][STDOUT] BEGIN
38b060a751ac96384cd9327eb1b1e36a21fdb71114be07434c0cc7bf63f6e1da274edebfe76f65fbd51ad2f14898b95b  -
[DOCKER][STDOUT] END
[DOCKER] Raw stdout saved: ../ELF_samples/benign_report/arm32_add/raw/85318d7aa0dd02d5973f55a69b0632e12370d5857b105c7acc6e54196ea5ffd3.elf_2026-01-29_21-46-10_b2c0cedb_container_stdout.txt
[POOL] Collected 17 events for analysis (read from log file)
[POOL] Running analyzers on 17 events for 7bfbc9caaad3b8e91977b4e6365bfbc215974b41f52ff9d05fa712e08369079b.elf
[POOL] Analysis completed: 0 findings in 0.00s (15621 events/s)
[AI-Integration] Submitted task: 22605154
[AI] 22605154 queued for DeepSeek analysis
[CgroupManager] Removed cgroup 45148 via bpftool
[POOL] Cleanup scheduled for 1dfd22966c0f
[DockerWorker-1] ✓ Completed: 7bfbc9caaad3b8e91977b4e6365bfbc215974b41f52ff9d05fa712e08369079b.elf (17 events) (1.20s)
[DockerWorker-1] Starting: 47c1d28381831019a2bcfed3bd4d2c294c4709e43c6f1daa05526a21c5877389.elf (40_32bit)
[ANALYSISLOG] 47c1d28381831019a2bcfed3bd4d2c294c4709e43c6f1daa05526a21c5877389.elf -> ../ELF_samples/benign_report/arm32_add/raw/47c1d28381831019a2bcfed3bd4d2c294c4709e43c6f1daa05526a21c5877389.elf_2026-01-29_21-46-11_0104592f.jsonl
[DOCKER] Selected image for libc=glibc: arm32v7/ubuntu:22.04
[POOL] Collected 13 events for analysis (read from log file)
[POOL] Running analyzers on 13 events for 8de04ae8defa60877ee8f532996cdf58922aea244c40490b38743d9a90d18054.elf
[POOL] Analysis completed: 0 findings in 0.00s (12175 events/s)
[AI-Integration] Submitted task: ea7b0598
[AI] ea7b0598 queued for DeepSeek analysis
[CgroupManager] Removed cgroup 45234 via bpftool
[POOL] Cleanup scheduled for 050e77d4c14e
[DockerWorker-4] ✓ Completed: 8de04ae8defa60877ee8f532996cdf58922aea244c40490b38743d9a90d18054.elf (13 events) (1.13s)
[DockerWorker-4] Starting: 109e9e58328577373802a7068c401c6834fa967b099b9aae7d85c35a5c5308d3.elf (40_32bit)
[ANALYSISLOG] 109e9e58328577373802a7068c401c6834fa967b099b9aae7d85c35a5c5308d3.elf -> ../ELF_samples/benign_report/arm32_add/raw/109e9e58328577373802a7068c401c6834fa967b099b9aae7d85c35a5c5308d3.elf_2026-01-29_21-46-11_20a1fad9.jsonl
[DOCKER] Selected image for libc=glibc: arm32v7/ubuntu:22.04
[CgroupManager] Added cgroup 45578 via bpftool
[EventRouter] DEBUG: EXEC #34 filename='/bin/true', triggers=['ddc9d8e069089f9a228be223fd7e1858a67320e65f19f7d2068cee39b3a7749c.elf', '/tmp/ddc9d8e069089f9a228be223fd7e1858a67320e65f19f7d2068cee39b3a7749c.elf']
[AI-Integration] Job c3af34c1 analyzed via deepseek
[AI-Integration] Job 0534288e analyzed via deepseek
[POOL] Collected 16 events for analysis (read from log file)
[POOL] Running analyzers on 16 events for a828777e7a0c30ac056d9f9d194eefa8b9b1fc8befe88b86bb1dda8f09209767.elf
[POOL] Analysis completed: 0 findings in 0.00s (14050 events/s)
[AI-Integration] Submitted task: c4fb83ae
[AI] c4fb83ae queued for DeepSeek analysis
[AI-Integration] Job 30f98a92 analyzed via deepseek
[CgroupManager] Removed cgroup 45492 via bpftool
[POOL] Cleanup scheduled for 49dd299fa993
[DockerWorker-5] ✓ Completed: a828777e7a0c30ac056d9f9d194eefa8b9b1fc8befe88b86bb1dda8f09209767.elf (16 events) (1.19s)
[DockerWorker-5] Starting: 3d3679e2239f6aad932eaa7aa2f533e807816a72db3bc5b35875570e9e782200.elf (40_32bit)
[ANALYSISLOG] 3d3679e2239f6aad932eaa7aa2f533e807816a72db3bc5b35875570e9e782200.elf -> ../ELF_samples/benign_report/arm32_add/raw/3d3679e2239f6aad932eaa7aa2f533e807816a72db3bc5b35875570e9e782200.elf_2026-01-29_21-46-11_94790764.jsonl
[DOCKER] Selected image for libc=glibc: arm32v7/ubuntu:22.04
[POOL] Collected 17 events for analysis (read from log file)
[POOL] Running analyzers on 17 events for afec611cc23815e8c1252e66d3bdc36755b7b25cb41a99453c531d961998e925.elf
[POOL] Analysis completed: 0 findings in 0.00s (15663 events/s)
[AI-Integration] Submitted task: 80685d0d
[AI] 80685d0d queued for DeepSeek analysis
[CgroupManager] Removed cgroup 45320 via bpftool
[POOL] Cleanup scheduled for 4635228aa306
[DockerWorker-2] ✓ Completed: afec611cc23815e8c1252e66d3bdc36755b7b25cb41a99453c531d961998e925.elf (17 events) (1.25s)
[DockerWorker-2] Starting: f4f6e275d21422755f40e79046cbcc5b7340e88e3b57c4c2f2731db18edba918.elf (40_32bit)
[ANALYSISLOG] f4f6e275d21422755f40e79046cbcc5b7340e88e3b57c4c2f2731db18edba918.elf -> ../ELF_samples/benign_report/arm32_add/raw/f4f6e275d21422755f40e79046cbcc5b7340e88e3b57c4c2f2731db18edba918.elf_2026-01-29_21-46-12_5911e761.jsonl
[DOCKER] Selected image for libc=glibc: arm32v7/ubuntu:22.04
[CgroupManager] Added cgroup 45664 via bpftool
[POOL] Collected 16 events for analysis (read from log file)
[POOL] Running analyzers on 16 events for 85318d7aa0dd02d5973f55a69b0632e12370d5857b105c7acc6e54196ea5ffd3.elf
[POOL] Analysis completed: 0 findings in 0.00s (14629 events/s)
[AI-Integration] Submitted task: b2c0cedb
[AI] b2c0cedb queued for DeepSeek analysis
[CgroupManager] Removed cgroup 45406 via bpftool
[POOL] Cleanup scheduled for 3f06baca2244
[DockerWorker-0] ✓ Completed: 85318d7aa0dd02d5973f55a69b0632e12370d5857b105c7acc6e54196ea5ffd3.elf (16 events) (1.26s)
[DockerWorker-0] Starting: 681231b08a9b3da3ff2e0420c146f1151048cc165675bb381d5c739d3b937944.elf (40_32bit)
[ANALYSISLOG] 681231b08a9b3da3ff2e0420c146f1151048cc165675bb381d5c739d3b937944.elf -> ../ELF_samples/benign_report/arm32_add/raw/681231b08a9b3da3ff2e0420c146f1151048cc165675bb381d5c739d3b937944.elf_2026-01-29_21-46-12_6d59500f.jsonl
[DOCKER] Selected image for libc=glibc: arm32v7/ubuntu:22.04
[EventRouter] ARM detected at event 127 for cgroup 45578
[EventRouter] Discarded 126 pre-ARM events for cgroup 45578
[EventRouter] DEBUG: EXEC #33 filename='/bin/true', triggers=['47c1d28381831019a2bcfed3bd4d2c294c4709e43c6f1daa05526a21c5877389.elf', '/tmp/47c1d28381831019a2bcfed3bd4d2c294c4709e43c6f1daa05526a21c5877389.elf']
[CgroupManager] Added cgroup 45750 via bpftool
[EventRouter] DEBUG: EXEC #33 filename='/bin/true', triggers=['109e9e58328577373802a7068c401c6834fa967b099b9aae7d85c35a5c5308d3.elf', '/tmp/109e9e58328577373802a7068c401c6834fa967b099b9aae7d85c35a5c5308d3.elf']
[DOCKER] Container exit code: 1
[DOCKER][STDOUT] BEGIN
/tmp/ddc9d8e069089f9a228be223fd7e1858a67320e65f19f7d2068cee39b3a7749c.elf: couldn't get boot time: No such file or directory
[DOCKER][STDOUT] END
[DOCKER] Raw stdout saved: ../ELF_samples/benign_report/arm32_add/raw/ddc9d8e069089f9a228be223fd7e1858a67320e65f19f7d2068cee39b3a7749c.elf_2026-01-29_21-46-11_4ca37a74_container_stdout.txt
[EventRouter] ARM detected at event 128 for cgroup 45664
[EventRouter] Discarded 127 pre-ARM events for cgroup 45664
[DOCKER] Container exit code: 1
[CgroupManager] Added cgroup 45836 via bpftool
[AI-Integration] Job a1d99ba0 analyzed via deepseek
[EventRouter] DEBUG: EXEC #33 filename='/bin/true', triggers=['3d3679e2239f6aad932eaa7aa2f533e807816a72db3bc5b35875570e9e782200.elf', '/tmp/3d3679e2239f6aad932eaa7aa2f533e807816a72db3bc5b35875570e9e782200.elf']
[CgroupManager] Added cgroup 45922 via bpftool
[CgroupManager] Added cgroup 46008 via bpftool
[EventRouter] ARM detected at event 130 for cgroup 45750
[EventRouter] Discarded 129 pre-ARM events for cgroup 45750
[EventRouter] DEBUG: EXEC #33 filename='/bin/true', triggers=['f4f6e275d21422755f40e79046cbcc5b7340e88e3b57c4c2f2731db18edba918.elf', '/tmp/f4f6e275d21422755f40e79046cbcc5b7340e88e3b57c4c2f2731db18edba918.elf']
[EventRouter] DEBUG: EXEC #50 filename='/bin/true', triggers=['681231b08a9b3da3ff2e0420c146f1151048cc165675bb381d5c739d3b937944.elf', '/tmp/681231b08a9b3da3ff2e0420c146f1151048cc165675bb381d5c739d3b937944.elf']
[DOCKER] Container exit code: 1
[DOCKER][STDOUT] BEGIN
/tmp/109e9e58328577373802a7068c401c6834fa967b099b9aae7d85c35a5c5308d3.elf: missing file operand
Try '/tmp/109e9e58328577373802a7068c401c6834fa967b099b9aae7d85c35a5c5308d3.elf --help' for more information.
[DOCKER][STDOUT] END
[DOCKER] Raw stdout saved: ../ELF_samples/benign_report/arm32_add/raw/109e9e58328577373802a7068c401c6834fa967b099b9aae7d85c35a5c5308d3.elf_2026-01-29_21-46-11_20a1fad9_container_stdout.txt
[EventRouter] ARM detected at event 126 for cgroup 45836
[EventRouter] Discarded 125 pre-ARM events for cgroup 45836
[EventRouter] ARM detected at event 126 for cgroup 45922
[EventRouter] Discarded 125 pre-ARM events for cgroup 45922
[EventRouter] ARM detected at event 161 for cgroup 46008
[EventRouter] Discarded 160 pre-ARM events for cgroup 46008
[DOCKER] Container exit code: 1
[DOCKER][STDOUT] BEGIN
/tmp/681231b08a9b3da3ff2e0420c146f1151048cc165675bb381d5c739d3b937944.elf: missing operand
Try '/tmp/681231b08a9b3da3ff2e0420c146f1151048cc165675bb381d5c739d3b937944.elf --help' for more information.
[DOCKER][STDOUT] END
[DOCKER] Raw stdout saved: ../ELF_samples/benign_report/arm32_add/raw/681231b08a9b3da3ff2e0420c146f1151048cc165675bb381d5c739d3b937944.elf_2026-01-29_21-46-12_6d59500f_container_stdout.txt
[POOL] Collected 20 events for analysis (read from log file)
[POOL] Running analyzers on 20 events for ddc9d8e069089f9a228be223fd7e1858a67320e65f19f7d2068cee39b3a7749c.elf
[POOL] Analysis completed: 0 findings in 0.00s (18410 events/s)
[AI-Integration] Submitted task: 4ca37a74
[AI] 4ca37a74 queued for DeepSeek analysis
[CgroupManager] Removed cgroup 45578 via bpftool
[POOL] Cleanup scheduled for e1249c02e5c2
[DockerWorker-3] ✓ Completed: ddc9d8e069089f9a228be223fd7e1858a67320e65f19f7d2068cee39b3a7749c.elf (20 events) (1.16s)
[DockerWorker-3] Starting: 6542c1981310e61569a57310c88c93891e46cbaadd2f8ca7a561ef43dcd1dc7f.elf (40_32bit)
[ANALYSISLOG] 6542c1981310e61569a57310c88c93891e46cbaadd2f8ca7a561ef43dcd1dc7f.elf -> ../ELF_samples/benign_report/arm32_add/raw/6542c1981310e61569a57310c88c93891e46cbaadd2f8ca7a561ef43dcd1dc7f.elf_2026-01-29_21-46-12_b0fa8cec.jsonl
[DOCKER] Selected image for libc=glibc: arm32v7/ubuntu:22.04
[DOCKER] Container exit code: 0
[DOCKER][STDOUT] BEGIN
da39a3ee5e6b4b0d3255bfef95601890afd80709  -
[DOCKER][STDOUT] END
[DOCKER] Raw stdout saved: ../ELF_samples/benign_report/arm32_add/raw/f4f6e275d21422755f40e79046cbcc5b7340e88e3b57c4c2f2731db18edba918.elf_2026-01-29_21-46-12_5911e761_container_stdout.txt
[DOCKER] Container exit code: 0
[DOCKER][STDOUT] BEGIN
total 124
-rwxrwxrwx 1 1000 1000 123464 Jan 29 13:24 3d3679e2239f6aad932eaa7aa2f533e807816a72db3bc5b35875570e9e782200.elf
[DOCKER][STDOUT] END
[DOCKER] Raw stdout saved: ../ELF_samples/benign_report/arm32_add/raw/3d3679e2239f6aad932eaa7aa2f533e807816a72db3bc5b35875570e9e782200.elf_2026-01-29_21-46-11_94790764_container_stdout.txt
[POOL] Collected 13 events for analysis (read from log file)
[POOL] Running analyzers on 13 events for 47c1d28381831019a2bcfed3bd4d2c294c4709e43c6f1daa05526a21c5877389.elf
[POOL] Analysis completed: 0 findings in 0.00s (12153 events/s)
[AI-Integration] Submitted task: 0104592f
[AI] 0104592f queued for DeepSeek analysis
[CgroupManager] Removed cgroup 45664 via bpftool
[POOL] Cleanup scheduled for 86aa464b1403
[DockerWorker-1] ✓ Completed: 47c1d28381831019a2bcfed3bd4d2c294c4709e43c6f1daa05526a21c5877389.elf (13 events) (1.08s)
[DockerWorker-1] Starting: 336fb39e4efa4eb2d4c8a1fef32664704469fb68bdd39d0559c09502e8e8d39b.elf (40_32bit)
[ANALYSISLOG] 336fb39e4efa4eb2d4c8a1fef32664704469fb68bdd39d0559c09502e8e8d39b.elf -> ../ELF_samples/benign_report/arm32_add/raw/336fb39e4efa4eb2d4c8a1fef32664704469fb68bdd39d0559c09502e8e8d39b.elf_2026-01-29_21-46-12_e2d04aed.jsonl
[DOCKER] Selected image for libc=glibc: arm32v7/ubuntu:22.04
[POOL] Collected 17 events for analysis (read from log file)
[POOL] Running analyzers on 17 events for 109e9e58328577373802a7068c401c6834fa967b099b9aae7d85c35a5c5308d3.elf
[POOL] Analysis completed: 0 findings in 0.00s (15329 events/s)
[AI-Integration] Submitted task: 20a1fad9
[AI] 20a1fad9 queued for DeepSeek analysis
[CgroupManager] Removed cgroup 45750 via bpftool
[POOL] Cleanup scheduled for d0936d08db48
[DockerWorker-4] ✓ Completed: 109e9e58328577373802a7068c401c6834fa967b099b9aae7d85c35a5c5308d3.elf (17 events) (1.17s)
[DockerWorker-4] Starting: c6180b91cf960e2874144ef7a6c920dd9f3177ba55527729cdbfb42b71730f4f.elf (40_32bit)
[ANALYSISLOG] c6180b91cf960e2874144ef7a6c920dd9f3177ba55527729cdbfb42b71730f4f.elf -> ../ELF_samples/benign_report/arm32_add/raw/c6180b91cf960e2874144ef7a6c920dd9f3177ba55527729cdbfb42b71730f4f.elf_2026-01-29_21-46-12_e7018d2f.jsonl
[DOCKER] Selected image for libc=glibc: arm32v7/ubuntu:22.04
[CgroupManager] Added cgroup 46094 via bpftool
[EventRouter] DEBUG: EXEC #33 filename='/bin/true', triggers=['6542c1981310e61569a57310c88c93891e46cbaadd2f8ca7a561ef43dcd1dc7f.elf', '/tmp/6542c1981310e61569a57310c88c93891e46cbaadd2f8ca7a561ef43dcd1dc7f.elf']
[CgroupManager] Added cgroup 46180 via bpftool
[EventRouter] DEBUG: EXEC #34 filename='/bin/true', triggers=['336fb39e4efa4eb2d4c8a1fef32664704469fb68bdd39d0559c09502e8e8d39b.elf', '/tmp/336fb39e4efa4eb2d4c8a1fef32664704469fb68bdd39d0559c09502e8e8d39b.elf']
[POOL] Collected 19 events for analysis (read from log file)
[POOL] Running analyzers on 19 events for 681231b08a9b3da3ff2e0420c146f1151048cc165675bb381d5c739d3b937944.elf
[POOL] Analysis completed: 0 findings in 0.00s (17092 events/s)
[AI-Integration] Submitted task: 6d59500f
[AI] 6d59500f queued for DeepSeek analysis
[CgroupManager] Removed cgroup 46008 via bpftool
[POOL] Cleanup scheduled for 7a40827df72f
[DockerWorker-0] ✓ Completed: 681231b08a9b3da3ff2e0420c146f1151048cc165675bb381d5c739d3b937944.elf (19 events) (1.11s)
[DockerWorker-0] Starting: c372050fa649ebeabe9890e2cccdb9285cc1abd57418c8da26edbe301df2a565.elf (40_32bit)
[ANALYSISLOG] c372050fa649ebeabe9890e2cccdb9285cc1abd57418c8da26edbe301df2a565.elf -> ../ELF_samples/benign_report/arm32_add/raw/c372050fa649ebeabe9890e2cccdb9285cc1abd57418c8da26edbe301df2a565.elf_2026-01-29_21-46-13_dd660915.jsonl
[DOCKER] Selected image for libc=glibc: arm32v7/ubuntu:22.04
[POOL] Collected 15 events for analysis (read from log file)
[POOL] Running analyzers on 15 events for f4f6e275d21422755f40e79046cbcc5b7340e88e3b57c4c2f2731db18edba918.elf
[POOL] Analysis completed: 0 findings in 0.00s (13847 events/s)
[AI-Integration] Submitted task: 5911e761
[AI] 5911e761 queued for DeepSeek analysis
[CgroupManager] Removed cgroup 45922 via bpftool
[POOL] Cleanup scheduled for ca2e4e213bd5
[DockerWorker-2] ✓ Completed: f4f6e275d21422755f40e79046cbcc5b7340e88e3b57c4c2f2731db18edba918.elf (15 events) (1.20s)
[DockerWorker-2] Starting: 6a729f6b44aef4ff90fa2debd133131e64ae22bca550a8a7503d1bb0ddd945a7.elf (40_32bit)
[ANALYSISLOG] 6a729f6b44aef4ff90fa2debd133131e64ae22bca550a8a7503d1bb0ddd945a7.elf -> ../ELF_samples/benign_report/arm32_add/raw/6a729f6b44aef4ff90fa2debd133131e64ae22bca550a8a7503d1bb0ddd945a7.elf_2026-01-29_21-46-13_ce41ca85.jsonl
[DOCKER] Selected image for libc=glibc: arm32v7/ubuntu:22.04
[POOL] Collected 32 events for analysis (read from log file)
[POOL] Running analyzers on 32 events for 3d3679e2239f6aad932eaa7aa2f533e807816a72db3bc5b35875570e9e782200.elf
[POOL] Analysis completed: 0 findings in 0.00s (29646 events/s)
[AI-Integration] Submitted task: 94790764
[AI] 94790764 queued for DeepSeek analysis
[CgroupManager] Removed cgroup 45836 via bpftool
[POOL] Cleanup scheduled for 5adc6f5e2ebe
[DockerWorker-5] ✓ Completed: 3d3679e2239f6aad932eaa7aa2f533e807816a72db3bc5b35875570e9e782200.elf (32 events) (1.24s)
[DockerWorker-5] Starting: c65f69a6a8fc674b3d88fa220043fe73527f8b8872d41f762c520c3d0b5e8d8e.elf (40_32bit)
[ANALYSISLOG] c65f69a6a8fc674b3d88fa220043fe73527f8b8872d41f762c520c3d0b5e8d8e.elf -> ../ELF_samples/benign_report/arm32_add/raw/c65f69a6a8fc674b3d88fa220043fe73527f8b8872d41f762c520c3d0b5e8d8e.elf_2026-01-29_21-46-13_fde79c7d.jsonl
[DOCKER] Selected image for libc=glibc: arm32v7/ubuntu:22.04
[CgroupManager] Added cgroup 46266 via bpftool
[EventRouter] ARM detected at event 129 for cgroup 46094
[EventRouter] Discarded 128 pre-ARM events for cgroup 46094
[EventRouter] DEBUG: EXEC #34 filename='/bin/true', triggers=['c6180b91cf960e2874144ef7a6c920dd9f3177ba55527729cdbfb42b71730f4f.elf', '/tmp/c6180b91cf960e2874144ef7a6c920dd9f3177ba55527729cdbfb42b71730f4f.elf']
[DOCKER] Container exit code: 0
[EventRouter] ARM detected at event 130 for cgroup 46180
[EventRouter] Discarded 129 pre-ARM events for cgroup 46180
[DOCKER] Container exit code: 0
[DOCKER][STDOUT] BEGIN
Thu Jan 29 13:46:13 UTC 2026
[DOCKER][STDOUT] END
[DOCKER] Raw stdout saved: ../ELF_samples/benign_report/arm32_add/raw/336fb39e4efa4eb2d4c8a1fef32664704469fb68bdd39d0559c09502e8e8d39b.elf_2026-01-29_21-46-12_e2d04aed_container_stdout.txt
[EventRouter] ARM detected at event 128 for cgroup 46266
[EventRouter] Discarded 127 pre-ARM events for cgroup 46266
[CgroupManager] Added cgroup 46352 via bpftool
[DOCKER] Container exit code: 0
[EventRouter] DEBUG: EXEC #34 filename='/bin/true', triggers=['c372050fa649ebeabe9890e2cccdb9285cc1abd57418c8da26edbe301df2a565.elf', '/tmp/c372050fa649ebeabe9890e2cccdb9285cc1abd57418c8da26edbe301df2a565.elf']
[CgroupManager] Added cgroup 46438 via bpftool
[CgroupManager] Added cgroup 46524 via bpftool
[EventRouter] DEBUG: EXEC #33 filename='/bin/true', triggers=['6a729f6b44aef4ff90fa2debd133131e64ae22bca550a8a7503d1bb0ddd945a7.elf', '/tmp/6a729f6b44aef4ff90fa2debd133131e64ae22bca550a8a7503d1bb0ddd945a7.elf']
[EventRouter] DEBUG: EXEC #50 filename='/bin/true', triggers=['c65f69a6a8fc674b3d88fa220043fe73527f8b8872d41f762c520c3d0b5e8d8e.elf', '/tmp/c65f69a6a8fc674b3d88fa220043fe73527f8b8872d41f762c520c3d0b5e8d8e.elf']
[EventRouter] ARM detected at event 128 for cgroup 46352
[EventRouter] Discarded 127 pre-ARM events for cgroup 46352
[EventRouter] ARM detected at event 126 for cgroup 46438
[EventRouter] Discarded 125 pre-ARM events for cgroup 46438
[DOCKER] Container exit code: 0
[DOCKER] Container exit code: 0
[DOCKER][STDOUT] BEGIN
140	.
[DOCKER][STDOUT] END
[DOCKER] Raw stdout saved: ../ELF_samples/benign_report/arm32_add/raw/c372050fa649ebeabe9890e2cccdb9285cc1abd57418c8da26edbe301df2a565.elf_2026-01-29_21-46-13_dd660915_container_stdout.txt
[EventRouter] ARM detected at event 146 for cgroup 46524
[EventRouter] Discarded 145 pre-ARM events for cgroup 46524
[POOL] Collected 13 events for analysis (read from log file)
[POOL] Running analyzers on 13 events for 6542c1981310e61569a57310c88c93891e46cbaadd2f8ca7a561ef43dcd1dc7f.elf
[POOL] Analysis completed: 0 findings in 0.00s (12213 events/s)
[AI-Integration] Submitted task: b0fa8cec
[AI] b0fa8cec queued for DeepSeek analysis
[DOCKER] Container exit code: 1
[DOCKER][STDOUT] BEGIN
/tmp/c65f69a6a8fc674b3d88fa220043fe73527f8b8872d41f762c520c3d0b5e8d8e.elf: missing operand
Try '/tmp/c65f69a6a8fc674b3d88fa220043fe73527f8b8872d41f762c520c3d0b5e8d8e.elf --help' for more information.
[DOCKER][STDOUT] END
[DOCKER] Raw stdout saved: ../ELF_samples/benign_report/arm32_add/raw/c65f69a6a8fc674b3d88fa220043fe73527f8b8872d41f762c520c3d0b5e8d8e.elf_2026-01-29_21-46-13_fde79c7d_container_stdout.txt
[CgroupManager] Removed cgroup 46094 via bpftool
[POOL] Cleanup scheduled for b6b06383fcb7
[DockerWorker-3] ✓ Completed: 6542c1981310e61569a57310c88c93891e46cbaadd2f8ca7a561ef43dcd1dc7f.elf (13 events) (1.18s)
[DockerWorker-3] Starting: c2261ef9283383063be107f5d2fa05b839ade7864415584ce46d9b4c97355a52.elf (40_32bit)
[ANALYSISLOG] c2261ef9283383063be107f5d2fa05b839ade7864415584ce46d9b4c97355a52.elf -> ../ELF_samples/benign_report/arm32_add/raw/c2261ef9283383063be107f5d2fa05b839ade7864415584ce46d9b4c97355a52.elf_2026-01-29_21-46-13_1cae886b.jsonl
[DOCKER] Selected image for libc=glibc: arm32v7/ubuntu:22.04
[POOL] Collected 15 events for analysis (read from log file)
[POOL] Running analyzers on 15 events for 336fb39e4efa4eb2d4c8a1fef32664704469fb68bdd39d0559c09502e8e8d39b.elf
[POOL] Analysis completed: 0 findings in 0.00s (14017 events/s)
[AI-Integration] Submitted task: e2d04aed
[AI] e2d04aed queued for DeepSeek analysis
[CgroupManager] Removed cgroup 46180 via bpftool
[POOL] Cleanup scheduled for 23e42f7286bb
[DockerWorker-1] ✓ Completed: 336fb39e4efa4eb2d4c8a1fef32664704469fb68bdd39d0559c09502e8e8d39b.elf (15 events) (1.14s)
[DockerWorker-1] Starting: bab727929bda25a816658aa98f1594091c36e25c6a4841864dffb895906cc0ec.elf (40_32bit)
[ANALYSISLOG] bab727929bda25a816658aa98f1594091c36e25c6a4841864dffb895906cc0ec.elf -> ../ELF_samples/benign_report/arm32_add/raw/bab727929bda25a816658aa98f1594091c36e25c6a4841864dffb895906cc0ec.elf_2026-01-29_21-46-13_83a762b5.jsonl
[DOCKER] Selected image for libc=glibc: arm32v7/ubuntu:22.04
[POOL] Collected 13 events for analysis (read from log file)
[POOL] Running analyzers on 13 events for c6180b91cf960e2874144ef7a6c920dd9f3177ba55527729cdbfb42b71730f4f.elf
[POOL] Analysis completed: 0 findings in 0.00s (12382 events/s)
[AI-Integration] Submitted task: e7018d2f
[AI] e7018d2f queued for DeepSeek analysis
[CgroupManager] Removed cgroup 46266 via bpftool
[POOL] Cleanup scheduled for 7e6e528e3bf7
[DockerWorker-4] ✓ Completed: c6180b91cf960e2874144ef7a6c920dd9f3177ba55527729cdbfb42b71730f4f.elf (13 events) (1.09s)
[DockerWorker-4] Starting: 676338298fbe39d49e7558cb36f16ca3009c0612243ea7686a7e3f267502f49e.elf (40_32bit)
[ANALYSISLOG] 676338298fbe39d49e7558cb36f16ca3009c0612243ea7686a7e3f267502f49e.elf -> ../ELF_samples/benign_report/arm32_add/raw/676338298fbe39d49e7558cb36f16ca3009c0612243ea7686a7e3f267502f49e.elf_2026-01-29_21-46-14_7bfc7992.jsonl
[DOCKER] Selected image for libc=glibc: arm32v7/ubuntu:22.04
[CgroupManager] Added cgroup 46610 via bpftool
[EventRouter] DEBUG: EXEC #33 filename='/bin/true', triggers=['c2261ef9283383063be107f5d2fa05b839ade7864415584ce46d9b4c97355a52.elf', '/tmp/c2261ef9283383063be107f5d2fa05b839ade7864415584ce46d9b4c97355a52.elf']
[CgroupManager] Added cgroup 46696 via bpftool
[EventRouter] DEBUG: EXEC #34 filename='/bin/true', triggers=['bab727929bda25a816658aa98f1594091c36e25c6a4841864dffb895906cc0ec.elf', '/tmp/bab727929bda25a816658aa98f1594091c36e25c6a4841864dffb895906cc0ec.elf']
[POOL] Collected 16 events for analysis (read from log file)
[POOL] Running analyzers on 16 events for 6a729f6b44aef4ff90fa2debd133131e64ae22bca550a8a7503d1bb0ddd945a7.elf
[POOL] Analysis completed: 0 findings in 0.00s (14764 events/s)
[AI-Integration] Submitted task: ce41ca85
[AI] ce41ca85 queued for DeepSeek analysis
[CgroupManager] Removed cgroup 46438 via bpftool
[POOL] Cleanup scheduled for 9477aed2bc98
[DockerWorker-2] ✓ Completed: 6a729f6b44aef4ff90fa2debd133131e64ae22bca550a8a7503d1bb0ddd945a7.elf (16 events) (1.11s)
[DockerWorker-2] Starting: 52987799ca2621111f26f80654139d50dfde103b9e98f80f5c9d88cd3510c9cd.elf (40_32bit)
[ANALYSISLOG] 52987799ca2621111f26f80654139d50dfde103b9e98f80f5c9d88cd3510c9cd.elf -> ../ELF_samples/benign_report/arm32_add/raw/52987799ca2621111f26f80654139d50dfde103b9e98f80f5c9d88cd3510c9cd.elf_2026-01-29_21-46-14_9794662b.jsonl
[DOCKER] Selected image for libc=glibc: arm32v7/ubuntu:22.04
[POOL] Collected 16 events for analysis (read from log file)
[POOL] Running analyzers on 16 events for c372050fa649ebeabe9890e2cccdb9285cc1abd57418c8da26edbe301df2a565.elf
[POOL] Analysis completed: 0 findings in 0.00s (15140 events/s)
[AI-Integration] Submitted task: dd660915
[AI] dd660915 queued for DeepSeek analysis
[CgroupManager] Added cgroup 46782 via bpftool
[CgroupManager] Removed cgroup 46352 via bpftool
[POOL] Cleanup scheduled for 81bdbc7a4c3a
[DockerWorker-0] ✓ Completed: c372050fa649ebeabe9890e2cccdb9285cc1abd57418c8da26edbe301df2a565.elf (16 events) (1.17s)
[DockerWorker-0] Starting: d1337617dc66adc1baa33f65d3e59ad530a85ed8ca23a02e36c26dd885cd6f92.elf (40_32bit)
[ANALYSISLOG] d1337617dc66adc1baa33f65d3e59ad530a85ed8ca23a02e36c26dd885cd6f92.elf -> ../ELF_samples/benign_report/arm32_add/raw/d1337617dc66adc1baa33f65d3e59ad530a85ed8ca23a02e36c26dd885cd6f92.elf_2026-01-29_21-46-14_6fd2aff9.jsonl
[DOCKER] Selected image for libc=glibc: arm32v7/ubuntu:22.04
[POOL] Collected 17 events for analysis (read from log file)
[POOL] Running analyzers on 17 events for c65f69a6a8fc674b3d88fa220043fe73527f8b8872d41f762c520c3d0b5e8d8e.elf
[POOL] Analysis completed: 0 findings in 0.00s (16004 events/s)
[AI-Integration] Submitted task: fde79c7d
[AI] fde79c7d queued for DeepSeek analysis
[EventRouter] DEBUG: EXEC #34 filename='/bin/true', triggers=['676338298fbe39d49e7558cb36f16ca3009c0612243ea7686a7e3f267502f49e.elf', '/tmp/676338298fbe39d49e7558cb36f16ca3009c0612243ea7686a7e3f267502f49e.elf']
[CgroupManager] Removed cgroup 46524 via bpftool
[POOL] Cleanup scheduled for ad9c10b0555c
[DockerWorker-5] ✓ Completed: c65f69a6a8fc674b3d88fa220043fe73527f8b8872d41f762c520c3d0b5e8d8e.elf (17 events) (1.15s)
[DockerWorker-5] Starting: b3889860c35cf10b232a55b9fd0d989b9e4371e249919ae71122040fcfd8cb2f.elf (40_32bit)
[ANALYSISLOG] b3889860c35cf10b232a55b9fd0d989b9e4371e249919ae71122040fcfd8cb2f.elf -> ../ELF_samples/benign_report/arm32_add/raw/b3889860c35cf10b232a55b9fd0d989b9e4371e249919ae71122040fcfd8cb2f.elf_2026-01-29_21-46-14_165c936e.jsonl
[DOCKER] Selected image for libc=glibc: arm32v7/ubuntu:22.04
[EventRouter] ARM detected at event 129 for cgroup 46696
[EventRouter] Discarded 128 pre-ARM events for cgroup 46696
[EventRouter] ARM detected at event 128 for cgroup 46610
[EventRouter] Discarded 127 pre-ARM events for cgroup 46610
[DOCKER] Container exit code: 125
[DOCKER][STDOUT] BEGIN
Try '/tmp/bab727929bda25a816658aa98f1594091c36e25c6a4841864dffb895906cc0ec.elf --help' for more information.
[DOCKER][STDOUT] END
[DOCKER] Container exit code: 0
[DOCKER] Raw stdout saved: ../ELF_samples/benign_report/arm32_add/raw/bab727929bda25a816658aa98f1594091c36e25c6a4841864dffb895906cc0ec.elf_2026-01-29_21-46-13_83a762b5_container_stdout.txt
[EventRouter] ARM detected at event 129 for cgroup 46782
[EventRouter] Discarded 128 pre-ARM events for cgroup 46782
[DOCKER] Container exit code: 0
[CgroupManager] Added cgroup 46868 via bpftool
[CgroupManager] Added cgroup 47040 via bpftool
[CgroupManager] Added cgroup 46954 via bpftool
[EventRouter] DEBUG: EXEC #49 filename='/bin/true', triggers=['b3889860c35cf10b232a55b9fd0d989b9e4371e249919ae71122040fcfd8cb2f.elf', '/tmp/b3889860c35cf10b232a55b9fd0d989b9e4371e249919ae71122040fcfd8cb2f.elf']
[EventRouter] DEBUG: EXEC #33 filename='/bin/true', triggers=['52987799ca2621111f26f80654139d50dfde103b9e98f80f5c9d88cd3510c9cd.elf', '/tmp/52987799ca2621111f26f80654139d50dfde103b9e98f80f5c9d88cd3510c9cd.elf']
[EventRouter] DEBUG: EXEC #33 filename='/bin/true', triggers=['d1337617dc66adc1baa33f65d3e59ad530a85ed8ca23a02e36c26dd885cd6f92.elf', '/tmp/d1337617dc66adc1baa33f65d3e59ad530a85ed8ca23a02e36c26dd885cd6f92.elf']
[EventRouter] ARM detected at event 129 for cgroup 46954
[EventRouter] Discarded 128 pre-ARM events for cgroup 46954
[EventRouter] ARM detected at event 143 for cgroup 47040
[EventRouter] Discarded 142 pre-ARM events for cgroup 47040
[DOCKER] Container exit code: 1
[DOCKER][STDOUT] BEGIN
/tmp/d1337617dc66adc1baa33f65d3e59ad530a85ed8ca23a02e36c26dd885cd6f92.elf: no process ID specified
Try '/tmp/d1337617dc66adc1baa33f65d3e59ad530a85ed8ca23a02e36c26dd885cd6f92.elf --help' for more information.
[DOCKER][STDOUT] END
[DOCKER] Raw stdout saved: ../ELF_samples/benign_report/arm32_add/raw/d1337617dc66adc1baa33f65d3e59ad530a85ed8ca23a02e36c26dd885cd6f92.elf_2026-01-29_21-46-14_6fd2aff9_container_stdout.txt
[EventRouter] ARM detected at event 129 for cgroup 46868
[EventRouter] Discarded 128 pre-ARM events for cgroup 46868
[DOCKER] Container exit code: 0
[DOCKER] Container exit code: 2
[DOCKER][STDOUT] BEGIN
/tmp/b3889860c35cf10b232a55b9fd0d989b9e4371e249919ae71122040fcfd8cb2f.elf: missing ']'
[DOCKER][STDOUT] END
[DOCKER] Raw stdout saved: ../ELF_samples/benign_report/arm32_add/raw/b3889860c35cf10b232a55b9fd0d989b9e4371e249919ae71122040fcfd8cb2f.elf_2026-01-29_21-46-14_165c936e_container_stdout.txt
[POOL] Collected 13 events for analysis (read from log file)
[POOL] Running analyzers on 13 events for c2261ef9283383063be107f5d2fa05b839ade7864415584ce46d9b4c97355a52.elf
[POOL] Analysis completed: 0 findings in 0.00s (12137 events/s)
[AI-Integration] Submitted task: 1cae886b
[AI] 1cae886b queued for DeepSeek analysis
[POOL] Collected 23 events for analysis (read from log file)
[POOL] Running analyzers on 23 events for bab727929bda25a816658aa98f1594091c36e25c6a4841864dffb895906cc0ec.elf
[POOL] Analysis completed: 1 findings in 0.00s (11233 events/s)
[AI-Integration] Submitted task: 83a762b5
[AI] 83a762b5 queued for DeepSeek analysis
[CgroupManager] Removed cgroup 46610 via bpftool
[POOL] Cleanup scheduled for 42596e44ef78
[DockerWorker-3] ✓ Completed: c2261ef9283383063be107f5d2fa05b839ade7864415584ce46d9b4c97355a52.elf (13 events) (1.21s)
[DockerWorker-3] Starting: ea2168d562aca1fc9af3155e3321f5d80962d2bcbba696a5820e0de63f55b5ae.elf (40_32bit)
[ANALYSISLOG] ea2168d562aca1fc9af3155e3321f5d80962d2bcbba696a5820e0de63f55b5ae.elf -> ../ELF_samples/benign_report/arm32_add/raw/ea2168d562aca1fc9af3155e3321f5d80962d2bcbba696a5820e0de63f55b5ae.elf_2026-01-29_21-46-15_40f786d2.jsonl
[DOCKER] Selected image for libc=glibc: arm32v7/ubuntu:22.04
[CgroupManager] Removed cgroup 46696 via bpftool
[POOL] Cleanup scheduled for 2e2199bd267a
[DockerWorker-1] ✓ Completed: bab727929bda25a816658aa98f1594091c36e25c6a4841864dffb895906cc0ec.elf (23 events) (1.16s)
[DockerWorker-1] Starting: e8b1f58beb532791e8d901d1ab90cf9aa24ced3a571269370b9558b108512693.elf (40_32bit)
[ANALYSISLOG] e8b1f58beb532791e8d901d1ab90cf9aa24ced3a571269370b9558b108512693.elf -> ../ELF_samples/benign_report/arm32_add/raw/e8b1f58beb532791e8d901d1ab90cf9aa24ced3a571269370b9558b108512693.elf_2026-01-29_21-46-15_5ee03b2a.jsonl
[DOCKER] Selected image for libc=glibc: arm32v7/ubuntu:22.04
[POOL] Collected 13 events for analysis (read from log file)
[POOL] Running analyzers on 13 events for 676338298fbe39d49e7558cb36f16ca3009c0612243ea7686a7e3f267502f49e.elf
[POOL] Analysis completed: 0 findings in 0.00s (12290 events/s)
[AI-Integration] Submitted task: 7bfc7992
[AI] 7bfc7992 queued for DeepSeek analysis
[CgroupManager] Removed cgroup 46782 via bpftool
[POOL] Cleanup scheduled for d9317746b05a
[DockerWorker-4] ✓ Completed: 676338298fbe39d49e7558cb36f16ca3009c0612243ea7686a7e3f267502f49e.elf (13 events) (1.13s)
[DockerWorker-4] Starting: 6f42b76217d2faf6bc4dc125847979dbc51bd051c3c84a95fb71c323efcba7f9.elf (40_32bit)
[ANALYSISLOG] 6f42b76217d2faf6bc4dc125847979dbc51bd051c3c84a95fb71c323efcba7f9.elf -> ../ELF_samples/benign_report/arm32_add/raw/6f42b76217d2faf6bc4dc125847979dbc51bd051c3c84a95fb71c323efcba7f9.elf_2026-01-29_21-46-15_eccaf8ee.jsonl
[DOCKER] Selected image for libc=glibc: arm32v7/ubuntu:22.04
[CgroupManager] Added cgroup 47212 via bpftool
[CgroupManager] Added cgroup 47126 via bpftool
[EventRouter] DEBUG: EXEC #33 filename='/bin/true', triggers=['ea2168d562aca1fc9af3155e3321f5d80962d2bcbba696a5820e0de63f55b5ae.elf', '/tmp/ea2168d562aca1fc9af3155e3321f5d80962d2bcbba696a5820e0de63f55b5ae.elf']
[POOL] Collected 17 events for analysis (read from log file)
[POOL] Running analyzers on 17 events for d1337617dc66adc1baa33f65d3e59ad530a85ed8ca23a02e36c26dd885cd6f92.elf
[POOL] Analysis completed: 0 findings in 0.00s (16043 events/s)
[AI-Integration] Submitted task: 6fd2aff9
[AI] 6fd2aff9 queued for DeepSeek analysis
[EventRouter] DEBUG: EXEC #34 filename='/bin/true', triggers=['e8b1f58beb532791e8d901d1ab90cf9aa24ced3a571269370b9558b108512693.elf', '/tmp/e8b1f58beb532791e8d901d1ab90cf9aa24ced3a571269370b9558b108512693.elf']
[CgroupManager] Removed cgroup 46954 via bpftool
[POOL] Cleanup scheduled for 15d53e219897
[DockerWorker-0] ✓ Completed: d1337617dc66adc1baa33f65d3e59ad530a85ed8ca23a02e36c26dd885cd6f92.elf (17 events) (1.14s)
[DockerWorker-0] Starting: 44d409ad7f712762976a7904e2fa7a249212e810877f36e764db5d1482ea96c8.elf (40_32bit)
[ANALYSISLOG] 44d409ad7f712762976a7904e2fa7a249212e810877f36e764db5d1482ea96c8.elf -> ../ELF_samples/benign_report/arm32_add/raw/44d409ad7f712762976a7904e2fa7a249212e810877f36e764db5d1482ea96c8.elf_2026-01-29_21-46-15_c70a54cc.jsonl
[DOCKER] Selected image for libc=glibc: arm32v7/ubuntu:22.04
[CgroupManager] Added cgroup 47298 via bpftool
[POOL] Collected 13 events for analysis (read from log file)
[POOL] Running analyzers on 13 events for 52987799ca2621111f26f80654139d50dfde103b9e98f80f5c9d88cd3510c9cd.elf
[POOL] Analysis completed: 0 findings in 0.00s (12360 events/s)
[AI-Integration] Submitted task: 9794662b
[AI] 9794662b queued for DeepSeek analysis
[EventRouter] DEBUG: EXEC #34 filename='/bin/true', triggers=['6f42b76217d2faf6bc4dc125847979dbc51bd051c3c84a95fb71c323efcba7f9.elf', '/tmp/6f42b76217d2faf6bc4dc125847979dbc51bd051c3c84a95fb71c323efcba7f9.elf']
[CgroupManager] Removed cgroup 46868 via bpftool
[POOL] Cleanup scheduled for 80810ca19405
[DockerWorker-2] ✓ Completed: 52987799ca2621111f26f80654139d50dfde103b9e98f80f5c9d88cd3510c9cd.elf (13 events) (1.21s)
[DockerWorker-2] Starting: 5c4b65eed51dc64cc85784c2ce3149297b950abb144c257b3e2785d22e34b525.elf (40_32bit)
[ANALYSISLOG] 5c4b65eed51dc64cc85784c2ce3149297b950abb144c257b3e2785d22e34b525.elf -> ../ELF_samples/benign_report/arm32_add/raw/5c4b65eed51dc64cc85784c2ce3149297b950abb144c257b3e2785d22e34b525.elf_2026-01-29_21-46-15_ae2c897f.jsonl
[DOCKER] Selected image for libc=glibc: arm32v7/ubuntu:22.04
[POOL] Collected 16 events for analysis (read from log file)
[POOL] Running analyzers on 16 events for b3889860c35cf10b232a55b9fd0d989b9e4371e249919ae71122040fcfd8cb2f.elf
[POOL] Analysis completed: 0 findings in 0.00s (14651 events/s)
[AI-Integration] Submitted task: 165c936e
[AI] 165c936e queued for DeepSeek analysis
[CgroupManager] Removed cgroup 47040 via bpftool
[POOL] Cleanup scheduled for 937cf431208d
[DockerWorker-5] ✓ Completed: b3889860c35cf10b232a55b9fd0d989b9e4371e249919ae71122040fcfd8cb2f.elf (16 events) (1.19s)
[DockerWorker-5] Starting: a1c55afdd1f218c059885190b0fdbf5244c2c9f8343d38d3ef56f3d9ffabc51c.elf (40_32bit)
[ANALYSISLOG] a1c55afdd1f218c059885190b0fdbf5244c2c9f8343d38d3ef56f3d9ffabc51c.elf -> ../ELF_samples/benign_report/arm32_add/raw/a1c55afdd1f218c059885190b0fdbf5244c2c9f8343d38d3ef56f3d9ffabc51c.elf_2026-01-29_21-46-15_7855543f.jsonl
[DOCKER] Selected image for libc=glibc: arm32v7/ubuntu:22.04
[EventRouter] ARM detected at event 143 for cgroup 47126
[EventRouter] Discarded 142 pre-ARM events for cgroup 47126
[EventRouter] ARM detected at event 126 for cgroup 47212
[EventRouter] Discarded 125 pre-ARM events for cgroup 47212
[DOCKER] Container exit code: 1
[DOCKER][STDOUT] BEGIN
/tmp/ea2168d562aca1fc9af3155e3321f5d80962d2bcbba696a5820e0de63f55b5ae.elf: missing file operand
Try '/tmp/ea2168d562aca1fc9af3155e3321f5d80962d2bcbba696a5820e0de63f55b5ae.elf --help' for more information.
[DOCKER][STDOUT] END
[DOCKER] Raw stdout saved: ../ELF_samples/benign_report/arm32_add/raw/ea2168d562aca1fc9af3155e3321f5d80962d2bcbba696a5820e0de63f55b5ae.elf_2026-01-29_21-46-15_40f786d2_container_stdout.txt
[EventRouter] ARM detected at event 131 for cgroup 47298
[EventRouter] Discarded 130 pre-ARM events for cgroup 47298
[CgroupManager] Added cgroup 47384 via bpftool
[DOCKER] Container exit code: 1
[DOCKER][STDOUT] BEGIN
/tmp/e8b1f58beb532791e8d901d1ab90cf9aa24ced3a571269370b9558b108512693.elf: missing file operand
Try '/tmp/e8b1f58beb532791e8d901d1ab90cf9aa24ced3a571269370b9558b108512693.elf --help' for more information.
[DOCKER][STDOUT] END
[DOCKER] Raw stdout saved: ../ELF_samples/benign_report/arm32_add/raw/e8b1f58beb532791e8d901d1ab90cf9aa24ced3a571269370b9558b108512693.elf_2026-01-29_21-46-15_5ee03b2a_container_stdout.txt
[EventRouter] DEBUG: EXEC #33 filename='/bin/true', triggers=['44d409ad7f712762976a7904e2fa7a249212e810877f36e764db5d1482ea96c8.elf', '/tmp/44d409ad7f712762976a7904e2fa7a249212e810877f36e764db5d1482ea96c8.elf']
[DOCKER] Container exit code: 1
[DOCKER][STDOUT] BEGIN
/tmp/6f42b76217d2faf6bc4dc125847979dbc51bd051c3c84a95fb71c323efcba7f9.elf: missing file operand
Try '/tmp/6f42b76217d2faf6bc4dc125847979dbc51bd051c3c84a95fb71c323efcba7f9.elf --help' for more information.
[DOCKER][STDOUT] END
[DOCKER] Raw stdout saved: ../ELF_samples/benign_report/arm32_add/raw/6f42b76217d2faf6bc4dc125847979dbc51bd051c3c84a95fb71c323efcba7f9.elf_2026-01-29_21-46-15_eccaf8ee_container_stdout.txt
[CgroupManager] Added cgroup 47470 via bpftool
[CgroupManager] Added cgroup 47556 via bpftool
[EventRouter] DEBUG: EXEC #34 filename='/bin/true', triggers=['5c4b65eed51dc64cc85784c2ce3149297b950abb144c257b3e2785d22e34b525.elf', '/tmp/5c4b65eed51dc64cc85784c2ce3149297b950abb144c257b3e2785d22e34b525.elf']
[EventRouter] DEBUG: EXEC #33 filename='/bin/true', triggers=['a1c55afdd1f218c059885190b0fdbf5244c2c9f8343d38d3ef56f3d9ffabc51c.elf', '/tmp/a1c55afdd1f218c059885190b0fdbf5244c2c9f8343d38d3ef56f3d9ffabc51c.elf']
[EventRouter] ARM detected at event 127 for cgroup 47384
[EventRouter] Discarded 126 pre-ARM events for cgroup 47384
[EventRouter] ARM detected at event 130 for cgroup 47470
[EventRouter] Discarded 129 pre-ARM events for cgroup 47470
[DOCKER] Container exit code: 0
[DOCKER][STDOUT] BEGIN
0
[DOCKER][STDOUT] END
[DOCKER] Container exit code: 125
[DOCKER][STDOUT] BEGIN
/tmp/5c4b65eed51dc64cc85784c2ce3149297b950abb144c257b3e2785d22e34b525.elf: missing operand
Try '/tmp/5c4b65eed51dc64cc85784c2ce3149297b950abb144c257b3e2785d22e34b525.elf --help' for more information.
[DOCKER][STDOUT] END
[DOCKER] Raw stdout saved: ../ELF_samples/benign_report/arm32_add/raw/44d409ad7f712762976a7904e2fa7a249212e810877f36e764db5d1482ea96c8.elf_2026-01-29_21-46-15_c70a54cc_container_stdout.txt
[DOCKER] Raw stdout saved: ../ELF_samples/benign_report/arm32_add/raw/5c4b65eed51dc64cc85784c2ce3149297b950abb144c257b3e2785d22e34b525.elf_2026-01-29_21-46-15_ae2c897f_container_stdout.txt
[EventRouter] ARM detected at event 127 for cgroup 47556
[EventRouter] Discarded 126 pre-ARM events for cgroup 47556
[POOL] Collected 17 events for analysis (read from log file)
[POOL] Running analyzers on 17 events for ea2168d562aca1fc9af3155e3321f5d80962d2bcbba696a5820e0de63f55b5ae.elf
[POOL] Analysis completed: 0 findings in 0.00s (15412 events/s)
[AI-Integration] Submitted task: 40f786d2
[AI] 40f786d2 queued for DeepSeek analysis
[CgroupManager] Removed cgroup 47212 via bpftool
[POOL] Cleanup scheduled for 923be49667c1
[DockerWorker-3] ✓ Completed: ea2168d562aca1fc9af3155e3321f5d80962d2bcbba696a5820e0de63f55b5ae.elf (17 events) (1.15s)
[DockerWorker-3] Starting: dc235d49db88eac9585b7654b122bb9cbb8a26d0bd91393a4ad5e03810e10505.elf (40_32bit)
[ANALYSISLOG] dc235d49db88eac9585b7654b122bb9cbb8a26d0bd91393a4ad5e03810e10505.elf -> ../ELF_samples/benign_report/arm32_add/raw/dc235d49db88eac9585b7654b122bb9cbb8a26d0bd91393a4ad5e03810e10505.elf_2026-01-29_21-46-16_131e919f.jsonl
[DOCKER] Selected image for libc=glibc: arm32v7/ubuntu:22.04
[DOCKER] Container exit code: 0
[DOCKER][STDOUT] BEGIN
      0       0       0
[DOCKER][STDOUT] END
[DOCKER] Raw stdout saved: ../ELF_samples/benign_report/arm32_add/raw/a1c55afdd1f218c059885190b0fdbf5244c2c9f8343d38d3ef56f3d9ffabc51c.elf_2026-01-29_21-46-15_7855543f_container_stdout.txt
[POOL] Collected 17 events for analysis (read from log file)
[POOL] Running analyzers on 17 events for e8b1f58beb532791e8d901d1ab90cf9aa24ced3a571269370b9558b108512693.elf
[POOL] Analysis completed: 0 findings in 0.00s (15280 events/s)
[AI-Integration] Submitted task: 5ee03b2a
[AI] 5ee03b2a queued for DeepSeek analysis
[CgroupManager] Removed cgroup 47126 via bpftool
[POOL] Cleanup scheduled for 56c23a0c547f
[DockerWorker-1] ✓ Completed: e8b1f58beb532791e8d901d1ab90cf9aa24ced3a571269370b9558b108512693.elf (17 events) (1.23s)
[DockerWorker-1] Starting: 95eea1ca7bb555dd5db137ecb0ed3c45feb8e40294a28b5d1acc3898294a95e4.elf (40_32bit)
[ANALYSISLOG] 95eea1ca7bb555dd5db137ecb0ed3c45feb8e40294a28b5d1acc3898294a95e4.elf -> ../ELF_samples/benign_report/arm32_add/raw/95eea1ca7bb555dd5db137ecb0ed3c45feb8e40294a28b5d1acc3898294a95e4.elf_2026-01-29_21-46-16_e72c991a.jsonl
[DOCKER] Selected image for libc=glibc: arm32v7/ubuntu:22.04
[POOL] Collected 17 events for analysis (read from log file)
[POOL] Running analyzers on 17 events for 6f42b76217d2faf6bc4dc125847979dbc51bd051c3c84a95fb71c323efcba7f9.elf
[POOL] Analysis completed: 0 findings in 0.00s (15914 events/s)
[AI-Integration] Submitted task: eccaf8ee
[AI] eccaf8ee queued for DeepSeek analysis
[CgroupManager] Removed cgroup 47298 via bpftool
[POOL] Cleanup scheduled for bab828bb7ff4
[DockerWorker-4] ✓ Completed: 6f42b76217d2faf6bc4dc125847979dbc51bd051c3c84a95fb71c323efcba7f9.elf (17 events) (1.18s)
[DockerWorker-4] Starting: 2ca628965b75003e1600e88a905a47c48379762f6ca47fc41c513887c982e27a.elf (40_32bit)
[ANALYSISLOG] 2ca628965b75003e1600e88a905a47c48379762f6ca47fc41c513887c982e27a.elf -> ../ELF_samples/benign_report/arm32_add/raw/2ca628965b75003e1600e88a905a47c48379762f6ca47fc41c513887c982e27a.elf_2026-01-29_21-46-16_f29ea792.jsonl
[DOCKER] Selected image for libc=glibc: arm32v7/ubuntu:22.04
[CgroupManager] Added cgroup 47642 via bpftool
[EventRouter] DEBUG: EXEC #35 filename='/bin/true', triggers=['dc235d49db88eac9585b7654b122bb9cbb8a26d0bd91393a4ad5e03810e10505.elf', '/tmp/dc235d49db88eac9585b7654b122bb9cbb8a26d0bd91393a4ad5e03810e10505.elf']
[POOL] Collected 17 events for analysis (read from log file)
[POOL] Running analyzers on 17 events for 5c4b65eed51dc64cc85784c2ce3149297b950abb144c257b3e2785d22e34b525.elf
[POOL] Analysis completed: 0 findings in 0.00s (16105 events/s)
[POOL] Collected 14 events for analysis (read from log file)
[POOL] Running analyzers on 14 events for 44d409ad7f712762976a7904e2fa7a249212e810877f36e764db5d1482ea96c8.elf
[POOL] Analysis completed: 0 findings in 0.00s (13106 events/s)
[AI-Integration] Submitted task: ae2c897f
[AI] ae2c897f queued for DeepSeek analysis
[AI-Integration] Submitted task: c70a54cc
[AI] c70a54cc queued for DeepSeek analysis
[CgroupManager] Added cgroup 47728 via bpftool
[CgroupManager] Removed cgroup 47470 via bpftool
[POOL] Cleanup scheduled for a106f7b00854
[DockerWorker-2] ✓ Completed: 5c4b65eed51dc64cc85784c2ce3149297b950abb144c257b3e2785d22e34b525.elf (17 events) (1.13s)
[DockerWorker-2] Starting: 61fd2f6dd7d56f8e629f5e5292dedae13f5f2a28a0c4614a60d2b7fabefbc6df.elf (40_32bit)
[ANALYSISLOG] 61fd2f6dd7d56f8e629f5e5292dedae13f5f2a28a0c4614a60d2b7fabefbc6df.elf -> ../ELF_samples/benign_report/arm32_add/raw/61fd2f6dd7d56f8e629f5e5292dedae13f5f2a28a0c4614a60d2b7fabefbc6df.elf_2026-01-29_21-46-16_75b6e008.jsonl
[DOCKER] Selected image for libc=glibc: arm32v7/ubuntu:22.04
[CgroupManager] Removed cgroup 47384 via bpftool
[POOL] Cleanup scheduled for f78d554be585
[DockerWorker-0] ✓ Completed: 44d409ad7f712762976a7904e2fa7a249212e810877f36e764db5d1482ea96c8.elf (14 events) (1.18s)
[DockerWorker-0] Starting: fa1e6e69202d22bdd35969901fa95adab92cd38709bbcad468ff9ffe4590f1a5.elf (40_32bit)
[ANALYSISLOG] fa1e6e69202d22bdd35969901fa95adab92cd38709bbcad468ff9ffe4590f1a5.elf -> ../ELF_samples/benign_report/arm32_add/raw/fa1e6e69202d22bdd35969901fa95adab92cd38709bbcad468ff9ffe4590f1a5.elf_2026-01-29_21-46-16_cc0f99da.jsonl
[DOCKER] Selected image for libc=glibc: arm32v7/ubuntu:22.04
[CgroupManager] Added cgroup 47814 via bpftool
[EventRouter] DEBUG: EXEC #49 filename='/bin/true', triggers=['2ca628965b75003e1600e88a905a47c48379762f6ca47fc41c513887c982e27a.elf', '/tmp/2ca628965b75003e1600e88a905a47c48379762f6ca47fc41c513887c982e27a.elf']
[EventRouter] DEBUG: EXEC #33 filename='/bin/true', triggers=['95eea1ca7bb555dd5db137ecb0ed3c45feb8e40294a28b5d1acc3898294a95e4.elf', '/tmp/95eea1ca7bb555dd5db137ecb0ed3c45feb8e40294a28b5d1acc3898294a95e4.elf']
[POOL] Collected 14 events for analysis (read from log file)
[POOL] Running analyzers on 14 events for a1c55afdd1f218c059885190b0fdbf5244c2c9f8343d38d3ef56f3d9ffabc51c.elf
[POOL] Analysis completed: 0 findings in 0.00s (13266 events/s)
[AI-Integration] Submitted task: 7855543f
[AI] 7855543f queued for DeepSeek analysis
[CgroupManager] Removed cgroup 47556 via bpftool
[POOL] Cleanup scheduled for 1832441ea4de
[DockerWorker-5] ✓ Completed: a1c55afdd1f218c059885190b0fdbf5244c2c9f8343d38d3ef56f3d9ffabc51c.elf (14 events) (1.19s)
[DockerWorker-5] Starting: 0c7b160f3d36c42a538c82214f696d36a6b7a8f953bdd5a84f6dd0e51d2340db.elf (40_32bit)
[ANALYSISLOG] 0c7b160f3d36c42a538c82214f696d36a6b7a8f953bdd5a84f6dd0e51d2340db.elf -> ../ELF_samples/benign_report/arm32_add/raw/0c7b160f3d36c42a538c82214f696d36a6b7a8f953bdd5a84f6dd0e51d2340db.elf_2026-01-29_21-46-16_182c4498.jsonl
[DOCKER] Selected image for libc=glibc: arm32v7/ubuntu:22.04
[EventRouter] ARM detected at event 131 for cgroup 47642
[EventRouter] Discarded 130 pre-ARM events for cgroup 47642
[EventRouter] ARM detected at event 127 for cgroup 47728
[EventRouter] Discarded 126 pre-ARM events for cgroup 47728
[EventRouter] ARM detected at event 142 for cgroup 47814
[EventRouter] Discarded 141 pre-ARM events for cgroup 47814
[DOCKER] Container exit code: 0
[DOCKER][STDOUT] BEGIN
d14a028c2a3a2bc9476102bb288234c415a2b01f828ea62ac5b3e42f  -
[DOCKER][STDOUT] END
[DOCKER] Raw stdout saved: ../ELF_samples/benign_report/arm32_add/raw/95eea1ca7bb555dd5db137ecb0ed3c45feb8e40294a28b5d1acc3898294a95e4.elf_2026-01-29_21-46-16_e72c991a_container_stdout.txt
[DOCKER] Container exit code: 0
[DOCKER] Container exit code: 0
[CgroupManager] Added cgroup 47900 via bpftool
[CgroupManager] Added cgroup 47986 via bpftool
[EventRouter] DEBUG: EXEC #34 filename='/bin/true', triggers=['fa1e6e69202d22bdd35969901fa95adab92cd38709bbcad468ff9ffe4590f1a5.elf', '/tmp/fa1e6e69202d22bdd35969901fa95adab92cd38709bbcad468ff9ffe4590f1a5.elf']
[EventRouter] DEBUG: EXEC #34 filename='/bin/true', triggers=['61fd2f6dd7d56f8e629f5e5292dedae13f5f2a28a0c4614a60d2b7fabefbc6df.elf', '/tmp/61fd2f6dd7d56f8e629f5e5292dedae13f5f2a28a0c4614a60d2b7fabefbc6df.elf']
[CgroupManager] Added cgroup 48072 via bpftool
[EventRouter] DEBUG: EXEC #33 filename='/bin/true', triggers=['0c7b160f3d36c42a538c82214f696d36a6b7a8f953bdd5a84f6dd0e51d2340db.elf', '/tmp/0c7b160f3d36c42a538c82214f696d36a6b7a8f953bdd5a84f6dd0e51d2340db.elf']
[EventRouter] ARM detected at event 127 for cgroup 47986
[EventRouter] Discarded 126 pre-ARM events for cgroup 47986
[EventRouter] ARM detected at event 146 for cgroup 47900
[EventRouter] Discarded 145 pre-ARM events for cgroup 47900
[DOCKER] Container exit code: 1
[DOCKER][STDOUT] BEGIN
/tmp/61fd2f6dd7d56f8e629f5e5292dedae13f5f2a28a0c4614a60d2b7fabefbc6df.elf: missing operand
Try '/tmp/61fd2f6dd7d56f8e629f5e5292dedae13f5f2a28a0c4614a60d2b7fabefbc6df.elf --help' for more information.
[DOCKER][STDOUT] END
[DOCKER] Raw stdout saved: ../ELF_samples/benign_report/arm32_add/raw/61fd2f6dd7d56f8e629f5e5292dedae13f5f2a28a0c4614a60d2b7fabefbc6df.elf_2026-01-29_21-46-16_75b6e008_container_stdout.txt
[DOCKER] Container exit code: 0
[DOCKER][STDOUT] BEGIN
Filesystem     1K-blocks      Used Available Use% Mounted on
overlay        199767352 108523184  81023676  58% /
tmpfs              65536         0     65536   0% /dev
shm                65536         0     65536   0% /dev/shm
/dev/nvme0n1p9 199767352 108523188  81023672  58% /usr/sbin/docker-init
tmpfs           15895484         0  15895484   0% /proc/asound
tmpfs           15895484         0  15895484   0% /proc/acpi
tmpfs           15895484         0  15895484   0% /proc/scsi
tmpfs           15895484         0  15895484   0% /sys/firmware
tmpfs           15895484         0  15895484   0% /sys/devices/virtual/powercap
tmpfs           15895484         0  15895484   0% /sys/devices/system/cpu/cpu0/thermal_throttle
tmpfs           15895484         0  15895484   0% /sys/devices/system/cpu/cpu1/thermal_throttle
tmpfs           15895484         0  15895484   0% /sys/devices/system/cpu/cpu2/thermal_throttle
tmpfs           15895484         0  15895484   0% /sys/devices/system/cpu/cpu3/thermal_throttle
tmpfs           15895484         0  15895484   0% /sys/devices/system/cpu/cpu4/thermal_throttle
tmpfs           15895484         0  15895484   0% /sys/devices/system/cpu/cpu5/thermal_throttle
tmpfs           15895484         0  15895484   0% /sys/devices/system/cpu/cpu6/thermal_throttle
tmpfs           15895484         0  15895484   0% /sys/devices/system/cpu/cpu7/thermal_throttle
[DOCKER][STDOUT] END
[DOCKER] Raw stdout saved: ../ELF_samples/benign_report/arm32_add/raw/fa1e6e69202d22bdd35969901fa95adab92cd38709bbcad468ff9ffe4590f1a5.elf_2026-01-29_21-46-16_cc0f99da_container_stdout.txt
[EventRouter] ARM detected at event 130 for cgroup 48072
[EventRouter] Discarded 129 pre-ARM events for cgroup 48072
[POOL] Collected 14 events for analysis (read from log file)
[POOL] Running analyzers on 14 events for 95eea1ca7bb555dd5db137ecb0ed3c45feb8e40294a28b5d1acc3898294a95e4.elf
[POOL] Analysis completed: 0 findings in 0.00s (13209 events/s)
[AI-Integration] Submitted task: e72c991a
[AI] e72c991a queued for DeepSeek analysis
[POOL] Collected 13 events for analysis (read from log file)
[POOL] Running analyzers on 13 events for 2ca628965b75003e1600e88a905a47c48379762f6ca47fc41c513887c982e27a.elf
[POOL] Analysis completed: 0 findings in 0.00s (12499 events/s)
[AI-Integration] Submitted task: f29ea792
[AI] f29ea792 queued for DeepSeek analysis
[CgroupManager] Removed cgroup 47728 via bpftool
[POOL] Cleanup scheduled for 79c0fc4d536f
[DockerWorker-1] ✓ Completed: 95eea1ca7bb555dd5db137ecb0ed3c45feb8e40294a28b5d1acc3898294a95e4.elf (14 events) (1.13s)
[DockerWorker-1] Starting: 153f3534ad339fa54ebc8adf6d8bb109da51367fdb36f0d8d0353fd69573be3d.elf (40_32bit)
[ANALYSISLOG] 153f3534ad339fa54ebc8adf6d8bb109da51367fdb36f0d8d0353fd69573be3d.elf -> ../ELF_samples/benign_report/arm32_add/raw/153f3534ad339fa54ebc8adf6d8bb109da51367fdb36f0d8d0353fd69573be3d.elf_2026-01-29_21-46-17_b4bbd488.jsonl
[DOCKER] Selected image for libc=glibc: arm32v7/ubuntu:22.04
[CgroupManager] Removed cgroup 47814 via bpftool
[POOL] Cleanup scheduled for 866cf22290cb
[DockerWorker-4] ✓ Completed: 2ca628965b75003e1600e88a905a47c48379762f6ca47fc41c513887c982e27a.elf (13 events) (1.10s)
[DockerWorker-4] Starting: fe5ddd201c75c6a784e2f5fcf21836d450357a5e36af9e58df4a3c36f5b869f1.elf (40_32bit)
[ANALYSISLOG] fe5ddd201c75c6a784e2f5fcf21836d450357a5e36af9e58df4a3c36f5b869f1.elf -> ../ELF_samples/benign_report/arm32_add/raw/fe5ddd201c75c6a784e2f5fcf21836d450357a5e36af9e58df4a3c36f5b869f1.elf_2026-01-29_21-46-17_c2bb2b65.jsonl
[DOCKER] Selected image for libc=glibc: arm32v7/ubuntu:22.04
[POOL] Collected 14 events for analysis (read from log file)
[POOL] Running analyzers on 14 events for dc235d49db88eac9585b7654b122bb9cbb8a26d0bd91393a4ad5e03810e10505.elf
[POOL] Analysis completed: 0 findings in 0.00s (13036 events/s)
[AI-Integration] Submitted task: 131e919f
[AI] 131e919f queued for DeepSeek analysis
[CgroupManager] Removed cgroup 47642 via bpftool
[POOL] Cleanup scheduled for 510b9235952e
[DockerWorker-3] ✓ Completed: dc235d49db88eac9585b7654b122bb9cbb8a26d0bd91393a4ad5e03810e10505.elf (14 events) (1.25s)
[DockerWorker-3] Starting: 9c547b4b3a6c03173c8c61875845a545fe5d06b82ae2183789dfe2ac42247511.elf (40_32bit)
[ANALYSISLOG] 9c547b4b3a6c03173c8c61875845a545fe5d06b82ae2183789dfe2ac42247511.elf -> ../ELF_samples/benign_report/arm32_add/raw/9c547b4b3a6c03173c8c61875845a545fe5d06b82ae2183789dfe2ac42247511.elf_2026-01-29_21-46-17_fd61e210.jsonl
[DOCKER] Selected image for libc=glibc: arm32v7/ubuntu:22.04
[DOCKER] Container exit code: 1
[DOCKER][STDOUT] BEGIN
/tmp/0c7b160f3d36c42a538c82214f696d36a6b7a8f953bdd5a84f6dd0e51d2340db.elf: missing operand
Try '/tmp/0c7b160f3d36c42a538c82214f696d36a6b7a8f953bdd5a84f6dd0e51d2340db.elf --help' for more information.
[DOCKER][STDOUT] END
[DOCKER] Raw stdout saved: ../ELF_samples/benign_report/arm32_add/raw/0c7b160f3d36c42a538c82214f696d36a6b7a8f953bdd5a84f6dd0e51d2340db.elf_2026-01-29_21-46-16_182c4498_container_stdout.txt
[CgroupManager] Added cgroup 48158 via bpftool
[CgroupManager] Added cgroup 48244 via bpftool
[CgroupManager] Added cgroup 48330 via bpftool
[POOL] Collected 17 events for analysis (read from log file)
[POOL] Running analyzers on 17 events for 61fd2f6dd7d56f8e629f5e5292dedae13f5f2a28a0c4614a60d2b7fabefbc6df.elf
[POOL] Analysis completed: 0 findings in 0.00s (15812 events/s)
[AI-Integration] Submitted task: 75b6e008
[AI] 75b6e008 queued for DeepSeek analysis
[EventRouter] DEBUG: EXEC #33 filename='/bin/true', triggers=['fe5ddd201c75c6a784e2f5fcf21836d450357a5e36af9e58df4a3c36f5b869f1.elf', '/tmp/fe5ddd201c75c6a784e2f5fcf21836d450357a5e36af9e58df4a3c36f5b869f1.elf']
[EventRouter] DEBUG: EXEC #48 filename='/bin/true', triggers=['153f3534ad339fa54ebc8adf6d8bb109da51367fdb36f0d8d0353fd69573be3d.elf', '/tmp/153f3534ad339fa54ebc8adf6d8bb109da51367fdb36f0d8d0353fd69573be3d.elf']
[CgroupManager] Removed cgroup 47900 via bpftool
[POOL] Cleanup scheduled for 7b124a70d4d8
[DockerWorker-2] ✓ Completed: 61fd2f6dd7d56f8e629f5e5292dedae13f5f2a28a0c4614a60d2b7fabefbc6df.elf (17 events) (1.22s)
[DockerWorker-2] Starting: 6b80927ac94d9b57ae744a792493e401775134e1e059ec0e0e0efa999ff49013.elf (40_32bit)
[ANALYSISLOG] 6b80927ac94d9b57ae744a792493e401775134e1e059ec0e0e0efa999ff49013.elf -> ../ELF_samples/benign_report/arm32_add/raw/6b80927ac94d9b57ae744a792493e401775134e1e059ec0e0e0efa999ff49013.elf_2026-01-29_21-46-17_e3b7edca.jsonl
[DOCKER] Selected image for libc=glibc: arm32v7/ubuntu:22.04
[POOL] Collected 21 events for analysis (read from log file)
[POOL] Running analyzers on 21 events for fa1e6e69202d22bdd35969901fa95adab92cd38709bbcad468ff9ffe4590f1a5.elf
[POOL] Analysis completed: 1 findings in 0.00s (13292 events/s)
[AI-Integration] Submitted task: cc0f99da
[AI] cc0f99da queued for DeepSeek analysis
[CgroupManager] Removed cgroup 47986 via bpftool
[POOL] Cleanup scheduled for 30cb83a9b80b
[DockerWorker-0] ✓ Completed: fa1e6e69202d22bdd35969901fa95adab92cd38709bbcad468ff9ffe4590f1a5.elf (21 events) (1.26s)
[DockerWorker-0] Starting: 9f77bdb2668272395817c29f795430d87cf53511833a38083d701eb989068fb0.elf (40_32bit)
[ANALYSISLOG] 9f77bdb2668272395817c29f795430d87cf53511833a38083d701eb989068fb0.elf -> ../ELF_samples/benign_report/arm32_add/raw/9f77bdb2668272395817c29f795430d87cf53511833a38083d701eb989068fb0.elf_2026-01-29_21-46-17_648e78c7.jsonl
[DOCKER] Selected image for libc=glibc: arm32v7/ubuntu:22.04
[POOL] Collected 17 events for analysis (read from log file)
[POOL] Running analyzers on 17 events for 0c7b160f3d36c42a538c82214f696d36a6b7a8f953bdd5a84f6dd0e51d2340db.elf
[POOL] Analysis completed: 0 findings in 0.00s (15844 events/s)
[AI-Integration] Submitted task: 182c4498
[AI] 182c4498 queued for DeepSeek analysis
[CgroupManager] Removed cgroup 48072 via bpftool
[POOL] Cleanup scheduled for 6adc7cf78a6f
[DockerWorker-5] ✓ Completed: 0c7b160f3d36c42a538c82214f696d36a6b7a8f953bdd5a84f6dd0e51d2340db.elf (17 events) (1.26s)
[DockerWorker-5] Starting: 4ee672f2ba1858b9f053dd91f5e1c81d77d9517b1172e2498227964ed5573e52.elf (40_32bit)
[ANALYSISLOG] 4ee672f2ba1858b9f053dd91f5e1c81d77d9517b1172e2498227964ed5573e52.elf -> ../ELF_samples/benign_report/arm32_add/raw/4ee672f2ba1858b9f053dd91f5e1c81d77d9517b1172e2498227964ed5573e52.elf_2026-01-29_21-46-18_b140651b.jsonl
[DOCKER] Selected image for libc=glibc: arm32v7/ubuntu:22.04
[AI-Integration] Job 2d8c624e analyzed via deepseek
[EventRouter] ARM detected at event 160 for cgroup 48244
[EventRouter] Discarded 159 pre-ARM events for cgroup 48244
[EventRouter] ARM detected at event 129 for cgroup 48158
[EventRouter] Discarded 128 pre-ARM events for cgroup 48158
[EventRouter] ARM detected at event 165 for cgroup 48330
[EventRouter] Discarded 164 pre-ARM events for cgroup 48330
[DOCKER] Container exit code: 1
[DOCKER][STDOUT] BEGIN
/tmp/fe5ddd201c75c6a784e2f5fcf21836d450357a5e36af9e58df4a3c36f5b869f1.elf: failed to get current context: Operation not supported
[DOCKER][STDOUT] END
[DOCKER] Raw stdout saved: ../ELF_samples/benign_report/arm32_add/raw/fe5ddd201c75c6a784e2f5fcf21836d450357a5e36af9e58df4a3c36f5b869f1.elf_2026-01-29_21-46-17_c2bb2b65_container_stdout.txt
[DOCKER] Container exit code: 0
[DOCKER][STDOUT] BEGIN
0000000
[DOCKER][STDOUT] END
[DOCKER] Raw stdout saved: ../ELF_samples/benign_report/arm32_add/raw/153f3534ad339fa54ebc8adf6d8bb109da51367fdb36f0d8d0353fd69573be3d.elf_2026-01-29_21-46-17_b4bbd488_container_stdout.txt
[DOCKER] Container exit code: 1
[DOCKER][STDOUT] BEGIN
/tmp/9c547b4b3a6c03173c8c61875845a545fe5d06b82ae2183789dfe2ac42247511.elf: missing operand
Try '/tmp/9c547b4b3a6c03173c8c61875845a545fe5d06b82ae2183789dfe2ac42247511.elf --help' for more information.
[DOCKER][STDOUT] END
[DOCKER] Raw stdout saved: ../ELF_samples/benign_report/arm32_add/raw/9c547b4b3a6c03173c8c61875845a545fe5d06b82ae2183789dfe2ac42247511.elf_2026-01-29_21-46-17_fd61e210_container_stdout.txt
[CgroupManager] Added cgroup 48416 via bpftool
[CgroupManager] Added cgroup 48502 via bpftool
[EventRouter] DEBUG: EXEC #34 filename='/bin/true', triggers=['6b80927ac94d9b57ae744a792493e401775134e1e059ec0e0e0efa999ff49013.elf', '/tmp/6b80927ac94d9b57ae744a792493e401775134e1e059ec0e0e0efa999ff49013.elf']
[EventRouter] DEBUG: EXEC #50 filename='/bin/true', triggers=['9f77bdb2668272395817c29f795430d87cf53511833a38083d701eb989068fb0.elf', '/tmp/9f77bdb2668272395817c29f795430d87cf53511833a38083d701eb989068fb0.elf']
[CgroupManager] Added cgroup 48588 via bpftool
[EventRouter] DEBUG: EXEC #34 filename='/bin/true', triggers=['4ee672f2ba1858b9f053dd91f5e1c81d77d9517b1172e2498227964ed5573e52.elf', '/tmp/4ee672f2ba1858b9f053dd91f5e1c81d77d9517b1172e2498227964ed5573e52.elf']
[EventRouter] ARM detected at event 160 for cgroup 48502
[EventRouter] Discarded 159 pre-ARM events for cgroup 48502
[EventRouter] ARM detected at event 128 for cgroup 48416
[EventRouter] Discarded 127 pre-ARM events for cgroup 48416
[DOCKER] Container exit code: 1
[DOCKER][STDOUT] BEGIN
/tmp/6b80927ac94d9b57ae744a792493e401775134e1e059ec0e0e0efa999ff49013.elf: missing operand
Try '/tmp/6b80927ac94d9b57ae744a792493e401775134e1e059ec0e0e0efa999ff49013.elf --help' for more information.
[DOCKER][STDOUT] END
[DOCKER] Raw stdout saved: ../ELF_samples/benign_report/arm32_add/raw/6b80927ac94d9b57ae744a792493e401775134e1e059ec0e0e0efa999ff49013.elf_2026-01-29_21-46-17_e3b7edca_container_stdout.txt
[DOCKER] Container exit code: 0
[EventRouter] ARM detected at event 130 for cgroup 48588
[EventRouter] Discarded 129 pre-ARM events for cgroup 48588
[POOL] Collected 17 events for analysis (read from log file)
[POOL] Running analyzers on 17 events for fe5ddd201c75c6a784e2f5fcf21836d450357a5e36af9e58df4a3c36f5b869f1.elf
[POOL] Analysis completed: 0 findings in 0.00s (14844 events/s)
[AI-Integration] Submitted task: c2bb2b65
[AI] c2bb2b65 queued for DeepSeek analysis
[DOCKER] Container exit code: 0
[DOCKER][STDOUT] BEGIN
11ac0400
[DOCKER][STDOUT] END
[DOCKER] Raw stdout saved: ../ELF_samples/benign_report/arm32_add/raw/4ee672f2ba1858b9f053dd91f5e1c81d77d9517b1172e2498227964ed5573e52.elf_2026-01-29_21-46-18_b140651b_container_stdout.txt
[POOL] Collected 14 events for analysis (read from log file)
[POOL] Running analyzers on 14 events for 153f3534ad339fa54ebc8adf6d8bb109da51367fdb36f0d8d0353fd69573be3d.elf
[POOL] Analysis completed: 0 findings in 0.00s (13242 events/s)
[AI-Integration] Submitted task: b4bbd488
[AI] b4bbd488 queued for DeepSeek analysis
[CgroupManager] Removed cgroup 48158 via bpftool
[POOL] Cleanup scheduled for 69aff248a073
[DockerWorker-4] ✓ Completed: fe5ddd201c75c6a784e2f5fcf21836d450357a5e36af9e58df4a3c36f5b869f1.elf (17 events) (1.22s)
[DockerWorker-4] Starting: 0f31077fc514a19228efdb64d860a3ca38f74d0b942f57efe5f2292e75ba804b.elf (40_32bit)
[ANALYSISLOG] 0f31077fc514a19228efdb64d860a3ca38f74d0b942f57efe5f2292e75ba804b.elf -> ../ELF_samples/benign_report/arm32_add/raw/0f31077fc514a19228efdb64d860a3ca38f74d0b942f57efe5f2292e75ba804b.elf_2026-01-29_21-46-18_b22a899b.jsonl
[DOCKER] Selected image for libc=glibc: arm32v7/ubuntu:22.04
[CgroupManager] Removed cgroup 48244 via bpftool
[POOL] Cleanup scheduled for 6b2c305e8274
[DockerWorker-1] ✓ Completed: 153f3534ad339fa54ebc8adf6d8bb109da51367fdb36f0d8d0353fd69573be3d.elf (14 events) (1.23s)
[DockerWorker-1] Starting: f6a6b8c4529d3f1f2ab83d1305ff06818c82e168bf6bc33af0e36a9548541a70.elf (40_32bit)
[ANALYSISLOG] f6a6b8c4529d3f1f2ab83d1305ff06818c82e168bf6bc33af0e36a9548541a70.elf -> ../ELF_samples/benign_report/arm32_add/raw/f6a6b8c4529d3f1f2ab83d1305ff06818c82e168bf6bc33af0e36a9548541a70.elf_2026-01-29_21-46-18_c07ed771.jsonl
[DOCKER] Selected image for libc=glibc: arm32v7/ubuntu:22.04
[POOL] Collected 18 events for analysis (read from log file)
[POOL] Running analyzers on 18 events for 9c547b4b3a6c03173c8c61875845a545fe5d06b82ae2183789dfe2ac42247511.elf
[POOL] Analysis completed: 0 findings in 0.00s (16866 events/s)
[AI-Integration] Submitted task: fd61e210
[AI] fd61e210 queued for DeepSeek analysis
[CgroupManager] Removed cgroup 48330 via bpftool
[POOL] Cleanup scheduled for b044a504c858
[DockerWorker-3] ✓ Completed: 9c547b4b3a6c03173c8c61875845a545fe5d06b82ae2183789dfe2ac42247511.elf (18 events) (1.22s)
[DockerWorker-3] Starting: 1a3869fa0f8dd492c0f7fdf3cb9308f0593058005ce2ac521631d21ad6e62384.elf (40_32bit)
[ANALYSISLOG] 1a3869fa0f8dd492c0f7fdf3cb9308f0593058005ce2ac521631d21ad6e62384.elf -> ../ELF_samples/benign_report/arm32_add/raw/1a3869fa0f8dd492c0f7fdf3cb9308f0593058005ce2ac521631d21ad6e62384.elf_2026-01-29_21-46-18_4aaaddc1.jsonl
[DOCKER] Selected image for libc=glibc: arm32v7/ubuntu:22.04
[AI-Integration] Job 70597e84 analyzed via deepseek
[AI-Integration] Job 26619f2b analyzed via deepseek
[AI-Integration] Job 0702368a analyzed via deepseek
[CgroupManager] Added cgroup 48674 via bpftool
[POOL] Collected 17 events for analysis (read from log file)
[POOL] Running analyzers on 17 events for 6b80927ac94d9b57ae744a792493e401775134e1e059ec0e0e0efa999ff49013.elf
[POOL] Analysis completed: 0 findings in 0.00s (15787 events/s)
[AI-Integration] Submitted task: e3b7edca
[AI] e3b7edca queued for DeepSeek analysis
[EventRouter] DEBUG: EXEC #33 filename='/bin/true', triggers=['f6a6b8c4529d3f1f2ab83d1305ff06818c82e168bf6bc33af0e36a9548541a70.elf', '/tmp/f6a6b8c4529d3f1f2ab83d1305ff06818c82e168bf6bc33af0e36a9548541a70.elf']
[CgroupManager] Added cgroup 48760 via bpftool
[CgroupManager] Removed cgroup 48416 via bpftool
[POOL] Cleanup scheduled for 8f8d7f7bfd61
[DockerWorker-2] ✓ Completed: 6b80927ac94d9b57ae744a792493e401775134e1e059ec0e0e0efa999ff49013.elf (17 events) (1.17s)
[DockerWorker-2] Starting: a2d6553b9e8be70e370fbee5a8edf4ce234259d65097bc051550fbfb5d89e892.elf (40_32bit)
[ANALYSISLOG] a2d6553b9e8be70e370fbee5a8edf4ce234259d65097bc051550fbfb5d89e892.elf -> ../ELF_samples/benign_report/arm32_add/raw/a2d6553b9e8be70e370fbee5a8edf4ce234259d65097bc051550fbfb5d89e892.elf_2026-01-29_21-46-19_a1db2956.jsonl
[DOCKER] Selected image for libc=glibc: arm32v7/ubuntu:22.04
[POOL] Collected 13 events for analysis (read from log file)
[POOL] Running analyzers on 13 events for 9f77bdb2668272395817c29f795430d87cf53511833a38083d701eb989068fb0.elf
[POOL] Analysis completed: 0 findings in 0.00s (12422 events/s)
[AI-Integration] Submitted task: 648e78c7
[AI] 648e78c7 queued for DeepSeek analysis
[CgroupManager] Removed cgroup 48502 via bpftool
[POOL] Cleanup scheduled for e7b2452092ce
[DockerWorker-0] ✓ Completed: 9f77bdb2668272395817c29f795430d87cf53511833a38083d701eb989068fb0.elf (13 events) (1.14s)
[DockerWorker-0] Starting: 16bc7f701ef91f87697fb65fbcd42594e7fef87ed3ded7a72fcfe2f449f1e084.elf (40_32bit)
[ANALYSISLOG] 16bc7f701ef91f87697fb65fbcd42594e7fef87ed3ded7a72fcfe2f449f1e084.elf -> ../ELF_samples/benign_report/arm32_add/raw/16bc7f701ef91f87697fb65fbcd42594e7fef87ed3ded7a72fcfe2f449f1e084.elf_2026-01-29_21-46-19_c695ec36.jsonl
[DOCKER] Selected image for libc=glibc: arm32v7/ubuntu:22.04
[CgroupManager] Added cgroup 48846 via bpftool
[EventRouter] DEBUG: EXEC #33 filename='/bin/true', triggers=['0f31077fc514a19228efdb64d860a3ca38f74d0b942f57efe5f2292e75ba804b.elf', '/tmp/0f31077fc514a19228efdb64d860a3ca38f74d0b942f57efe5f2292e75ba804b.elf']
[EventRouter] DEBUG: EXEC #34 filename='/bin/true', triggers=['1a3869fa0f8dd492c0f7fdf3cb9308f0593058005ce2ac521631d21ad6e62384.elf', '/tmp/1a3869fa0f8dd492c0f7fdf3cb9308f0593058005ce2ac521631d21ad6e62384.elf']
[AI-Integration] Job 845d081b analyzed via deepseek
[POOL] Collected 26 events for analysis (read from log file)
[POOL] Running analyzers on 26 events for 4ee672f2ba1858b9f053dd91f5e1c81d77d9517b1172e2498227964ed5573e52.elf
[POOL] Analysis completed: 0 findings in 0.00s (24286 events/s)
[AI-Integration] Submitted task: b140651b
[AI] b140651b queued for DeepSeek analysis
[CgroupManager] Removed cgroup 48588 via bpftool
[POOL] Cleanup scheduled for 753af445286d
[DockerWorker-5] ✓ Completed: 4ee672f2ba1858b9f053dd91f5e1c81d77d9517b1172e2498227964ed5573e52.elf (26 events) (1.15s)
[DockerWorker-5] Starting: e9af1572585a2c6cba27af008377d6ad728ca759a25917d652bfbd8b39691926.elf (40_32bit)
[ANALYSISLOG] e9af1572585a2c6cba27af008377d6ad728ca759a25917d652bfbd8b39691926.elf -> ../ELF_samples/benign_report/arm32_add/raw/e9af1572585a2c6cba27af008377d6ad728ca759a25917d652bfbd8b39691926.elf_2026-01-29_21-46-19_66b510d4.jsonl
[DOCKER] Selected image for libc=glibc: arm32v7/ubuntu:22.04
[EventRouter] ARM detected at event 126 for cgroup 48760
[EventRouter] Discarded 125 pre-ARM events for cgroup 48760
[DOCKER] Container exit code: 1
[DOCKER][STDOUT] BEGIN
/tmp/0f31077fc514a19228efdb64d860a3ca38f74d0b942f57efe5f2292e75ba804b.elf: missing operand
Try '/tmp/0f31077fc514a19228efdb64d860a3ca38f74d0b942f57efe5f2292e75ba804b.elf --help' for more information.
[DOCKER][STDOUT] END
[DOCKER] Raw stdout saved: ../ELF_samples/benign_report/arm32_add/raw/0f31077fc514a19228efdb64d860a3ca38f74d0b942f57efe5f2292e75ba804b.elf_2026-01-29_21-46-18_b22a899b_container_stdout.txt
[EventRouter] ARM detected at event 127 for cgroup 48674
[EventRouter] Discarded 126 pre-ARM events for cgroup 48674
[EventRouter] ARM detected at event 127 for cgroup 48846
[EventRouter] Discarded 126 pre-ARM events for cgroup 48846
[DOCKER] Container exit code: 0
[DOCKER] Container exit code: 0
[DOCKER][STDOUT] BEGIN
1a3869fa0f8dd492c0f7fdf3cb9308f0593058005ce2ac521631d21ad6e62384.elf
[DOCKER][STDOUT] END
[DOCKER] Raw stdout saved: ../ELF_samples/benign_report/arm32_add/raw/1a3869fa0f8dd492c0f7fdf3cb9308f0593058005ce2ac521631d21ad6e62384.elf_2026-01-29_21-46-18_4aaaddc1_container_stdout.txt
[CgroupManager] Added cgroup 49018 via bpftool
[CgroupManager] Added cgroup 48932 via bpftool
[EventRouter] DEBUG: EXEC #49 filename='/bin/true', triggers=['a2d6553b9e8be70e370fbee5a8edf4ce234259d65097bc051550fbfb5d89e892.elf', '/tmp/a2d6553b9e8be70e370fbee5a8edf4ce234259d65097bc051550fbfb5d89e892.elf']
[EventRouter] DEBUG: EXEC #35 filename='/bin/true', triggers=['16bc7f701ef91f87697fb65fbcd42594e7fef87ed3ded7a72fcfe2f449f1e084.elf', '/tmp/16bc7f701ef91f87697fb65fbcd42594e7fef87ed3ded7a72fcfe2f449f1e084.elf']
[CgroupManager] Added cgroup 49104 via bpftool
[EventRouter] DEBUG: EXEC #33 filename='/bin/true', triggers=['e9af1572585a2c6cba27af008377d6ad728ca759a25917d652bfbd8b39691926.elf', '/tmp/e9af1572585a2c6cba27af008377d6ad728ca759a25917d652bfbd8b39691926.elf']
[EventRouter] ARM detected at event 131 for cgroup 49018
[EventRouter] Discarded 130 pre-ARM events for cgroup 49018
[DOCKER] Container exit code: 1
[DOCKER][STDOUT] BEGIN
/tmp/16bc7f701ef91f87697fb65fbcd42594e7fef87ed3ded7a72fcfe2f449f1e084.elf: missing operand
Try '/tmp/16bc7f701ef91f87697fb65fbcd42594e7fef87ed3ded7a72fcfe2f449f1e084.elf --help' for more information.
[DOCKER][STDOUT] END
[DOCKER] Raw stdout saved: ../ELF_samples/benign_report/arm32_add/raw/16bc7f701ef91f87697fb65fbcd42594e7fef87ed3ded7a72fcfe2f449f1e084.elf_2026-01-29_21-46-19_c695ec36_container_stdout.txt
[EventRouter] ARM detected at event 146 for cgroup 48932
[EventRouter] Discarded 145 pre-ARM events for cgroup 48932
[EventRouter] ARM detected at event 130 for cgroup 49104
[EventRouter] Discarded 129 pre-ARM events for cgroup 49104
[AI-Integration] Job 7ac6f19f analyzed via deepseek
[POOL] Collected 17 events for analysis (read from log file)
[POOL] Running analyzers on 17 events for 0f31077fc514a19228efdb64d860a3ca38f74d0b942f57efe5f2292e75ba804b.elf
[POOL] Analysis completed: 0 findings in 0.00s (15907 events/s)
[AI-Integration] Submitted task: b22a899b
[AI] b22a899b queued for DeepSeek analysis
[CgroupManager] Removed cgroup 48760 via bpftool
[POOL] Cleanup scheduled for 87e44f47fa5e
[DockerWorker-4] ✓ Completed: 0f31077fc514a19228efdb64d860a3ca38f74d0b942f57efe5f2292e75ba804b.elf (17 events) (1.14s)
[DockerWorker-4] Starting: 63620025c5e4a56403e1215068527671f0f6f7e01d92d00b61b2042704c175d6.elf (40_32bit)
[ANALYSISLOG] 63620025c5e4a56403e1215068527671f0f6f7e01d92d00b61b2042704c175d6.elf -> ../ELF_samples/benign_report/arm32_add/raw/63620025c5e4a56403e1215068527671f0f6f7e01d92d00b61b2042704c175d6.elf_2026-01-29_21-46-19_f4dfb835.jsonl
[DOCKER] Selected image for libc=glibc: arm32v7/ubuntu:22.04
[DOCKER] Container exit code: 0
[DOCKER][STDOUT] BEGIN
HOSTNAME=a4447e16ed82
HOME=/root
PATH=/usr/local/sbin:/usr/local/bin:/usr/sbin:/usr/bin:/sbin:/bin
PWD=/tmp
[DOCKER][STDOUT] END
[DOCKER] Raw stdout saved: ../ELF_samples/benign_report/arm32_add/raw/a2d6553b9e8be70e370fbee5a8edf4ce234259d65097bc051550fbfb5d89e892.elf_2026-01-29_21-46-19_a1db2956_container_stdout.txt
[POOL] Collected 15 events for analysis (read from log file)
[POOL] Running analyzers on 15 events for f6a6b8c4529d3f1f2ab83d1305ff06818c82e168bf6bc33af0e36a9548541a70.elf
[POOL] Analysis completed: 0 findings in 0.00s (14252 events/s)
[AI-Integration] Submitted task: c07ed771
[AI] c07ed771 queued for DeepSeek analysis
[CgroupManager] Removed cgroup 48674 via bpftool
[POOL] Cleanup scheduled for 44109d90007f
[DockerWorker-1] ✓ Completed: f6a6b8c4529d3f1f2ab83d1305ff06818c82e168bf6bc33af0e36a9548541a70.elf (15 events) (1.17s)
[DockerWorker-1] Starting: d19e9daaa6529d3d3945048b6bc1d6e42396a5f2952b25f9fe60930e38fbb615.elf (40_32bit)
[ANALYSISLOG] d19e9daaa6529d3d3945048b6bc1d6e42396a5f2952b25f9fe60930e38fbb615.elf -> ../ELF_samples/benign_report/arm32_add/raw/d19e9daaa6529d3d3945048b6bc1d6e42396a5f2952b25f9fe60930e38fbb615.elf_2026-01-29_21-46-19_6ae63268.jsonl
[DOCKER] Selected image for libc=glibc: arm32v7/ubuntu:22.04
[DOCKER] Container exit code: 0
[DOCKER][STDOUT] BEGIN
HOSTNAME=0c52d1e474cd
HOME=/root
PATH=/usr/local/sbin:/usr/local/bin:/usr/sbin:/usr/bin:/sbin:/bin
PWD=/tmp
[DOCKER][STDOUT] END
[DOCKER] Raw stdout saved: ../ELF_samples/benign_report/arm32_add/raw/e9af1572585a2c6cba27af008377d6ad728ca759a25917d652bfbd8b39691926.elf_2026-01-29_21-46-19_66b510d4_container_stdout.txt
[POOL] Collected 18 events for analysis (read from log file)
[POOL] Running analyzers on 18 events for 1a3869fa0f8dd492c0f7fdf3cb9308f0593058005ce2ac521631d21ad6e62384.elf
[POOL] Analysis completed: 0 findings in 0.00s (16511 events/s)
[AI-Integration] Submitted task: 4aaaddc1
[AI] 4aaaddc1 queued for DeepSeek analysis
[CgroupManager] Removed cgroup 48846 via bpftool
[POOL] Cleanup scheduled for 9bbf5a4f3472
[DockerWorker-3] ✓ Completed: 1a3869fa0f8dd492c0f7fdf3cb9308f0593058005ce2ac521631d21ad6e62384.elf (18 events) (1.22s)
[DockerWorker-3] Starting: a69ac8282086f567051dbe93ead72940f1a64548e7fae1740aa8e8476234f264.elf (40_32bit)
[ANALYSISLOG] a69ac8282086f567051dbe93ead72940f1a64548e7fae1740aa8e8476234f264.elf -> ../ELF_samples/benign_report/arm32_add/raw/a69ac8282086f567051dbe93ead72940f1a64548e7fae1740aa8e8476234f264.elf_2026-01-29_21-46-19_4b0a48c2.jsonl
[DOCKER] Selected image for libc=glibc: arm32v7/ubuntu:22.04
[CgroupManager] Added cgroup 49190 via bpftool
[POOL] Collected 17 events for analysis (read from log file)
[POOL] Running analyzers on 17 events for 16bc7f701ef91f87697fb65fbcd42594e7fef87ed3ded7a72fcfe2f449f1e084.elf
[POOL] Analysis completed: 0 findings in 0.00s (15492 events/s)
[AI-Integration] Submitted task: c695ec36
[AI] c695ec36 queued for DeepSeek analysis
[EventRouter] DEBUG: EXEC #34 filename='/bin/true', triggers=['63620025c5e4a56403e1215068527671f0f6f7e01d92d00b61b2042704c175d6.elf', '/tmp/63620025c5e4a56403e1215068527671f0f6f7e01d92d00b61b2042704c175d6.elf']
[CgroupManager] Removed cgroup 49018 via bpftool
[POOL] Cleanup scheduled for 41979357ff01
[DockerWorker-0] ✓ Completed: 16bc7f701ef91f87697fb65fbcd42594e7fef87ed3ded7a72fcfe2f449f1e084.elf (17 events) (1.16s)
[DockerWorker-0] Starting: 60dc5c0f2c6bc544bb33f004ac995032f7e3d881ba66eab109cefec8d4aa7f6d.elf (40_32bit)
[ANALYSISLOG] 60dc5c0f2c6bc544bb33f004ac995032f7e3d881ba66eab109cefec8d4aa7f6d.elf -> ../ELF_samples/benign_report/arm32_add/raw/60dc5c0f2c6bc544bb33f004ac995032f7e3d881ba66eab109cefec8d4aa7f6d.elf_2026-01-29_21-46-20_1fa7b9df.jsonl
[DOCKER] Selected image for libc=glibc: arm32v7/ubuntu:22.04
[CgroupManager] Added cgroup 49276 via bpftool
[CgroupManager] Added cgroup 49362 via bpftool
[EventRouter] DEBUG: EXEC #33 filename='/bin/true', triggers=['d19e9daaa6529d3d3945048b6bc1d6e42396a5f2952b25f9fe60930e38fbb615.elf', '/tmp/d19e9daaa6529d3d3945048b6bc1d6e42396a5f2952b25f9fe60930e38fbb615.elf']
[EventRouter] DEBUG: EXEC #33 filename='/bin/true', triggers=['a69ac8282086f567051dbe93ead72940f1a64548e7fae1740aa8e8476234f264.elf', '/tmp/a69ac8282086f567051dbe93ead72940f1a64548e7fae1740aa8e8476234f264.elf']
[POOL] Collected 14 events for analysis (read from log file)
[POOL] Running analyzers on 14 events for a2d6553b9e8be70e370fbee5a8edf4ce234259d65097bc051550fbfb5d89e892.elf
[POOL] Analysis completed: 0 findings in 0.00s (12938 events/s)
[AI-Integration] Submitted task: a1db2956
[AI] a1db2956 queued for DeepSeek analysis
[CgroupManager] Removed cgroup 48932 via bpftool
[POOL] Cleanup scheduled for a4447e16ed82
[DockerWorker-2] ✓ Completed: a2d6553b9e8be70e370fbee5a8edf4ce234259d65097bc051550fbfb5d89e892.elf (14 events) (1.28s)
[DockerWorker-2] Starting: de2e8ae25967bf20e7605a8fb4e38d1bca2e450af3eee66aebf873d78fc1d83e.elf (40_32bit)
[ANALYSISLOG] de2e8ae25967bf20e7605a8fb4e38d1bca2e450af3eee66aebf873d78fc1d83e.elf -> ../ELF_samples/benign_report/arm32_add/raw/de2e8ae25967bf20e7605a8fb4e38d1bca2e450af3eee66aebf873d78fc1d83e.elf_2026-01-29_21-46-20_e90c52fb.jsonl
[DOCKER] Selected image for libc=glibc: arm32v7/ubuntu:22.04
[POOL] Collected 14 events for analysis (read from log file)
[POOL] Running analyzers on 14 events for e9af1572585a2c6cba27af008377d6ad728ca759a25917d652bfbd8b39691926.elf
[POOL] Analysis completed: 0 findings in 0.00s (13239 events/s)
[AI-Integration] Submitted task: 66b510d4
[AI] 66b510d4 queued for DeepSeek analysis
[CgroupManager] Removed cgroup 49104 via bpftool
[POOL] Cleanup scheduled for 0c52d1e474cd
[DockerWorker-5] ✓ Completed: e9af1572585a2c6cba27af008377d6ad728ca759a25917d652bfbd8b39691926.elf (14 events) (1.19s)
[DockerWorker-5] Starting: 32ae9a643857310ebe2e38d456968ea4c2dc1a9908144e82995beb9402d833c6.elf (40_32bit)
[ANALYSISLOG] 32ae9a643857310ebe2e38d456968ea4c2dc1a9908144e82995beb9402d833c6.elf -> ../ELF_samples/benign_report/arm32_add/raw/32ae9a643857310ebe2e38d456968ea4c2dc1a9908144e82995beb9402d833c6.elf_2026-01-29_21-46-20_06308e28.jsonl
[DOCKER] Selected image for libc=glibc: arm32v7/ubuntu:22.04
[EventRouter] ARM detected at event 130 for cgroup 49190
[EventRouter] Discarded 129 pre-ARM events for cgroup 49190
[EventRouter] ARM detected at event 129 for cgroup 49276
[EventRouter] Discarded 128 pre-ARM events for cgroup 49276
[EventRouter] ARM detected at event 127 for cgroup 49362
[EventRouter] Discarded 126 pre-ARM events for cgroup 49362
[DOCKER] Container exit code: 0
[DOCKER][STDOUT] BEGIN
root
[DOCKER][STDOUT] END
[DOCKER] Raw stdout saved: ../ELF_samples/benign_report/arm32_add/raw/d19e9daaa6529d3d3945048b6bc1d6e42396a5f2952b25f9fe60930e38fbb615.elf_2026-01-29_21-46-19_6ae63268_container_stdout.txt
[DOCKER] Container exit code: 0
[CgroupManager] Added cgroup 49448 via bpftool
[DOCKER] Container exit code: 1
[DOCKER][STDOUT] BEGIN
/tmp/a69ac8282086f567051dbe93ead72940f1a64548e7fae1740aa8e8476234f264.elf: missing operand
Try '/tmp/a69ac8282086f567051dbe93ead72940f1a64548e7fae1740aa8e8476234f264.elf --help' for more information.
[DOCKER][STDOUT] END
[DOCKER] Raw stdout saved: ../ELF_samples/benign_report/arm32_add/raw/a69ac8282086f567051dbe93ead72940f1a64548e7fae1740aa8e8476234f264.elf_2026-01-29_21-46-19_4b0a48c2_container_stdout.txt
[EventRouter] DEBUG: EXEC #33 filename='/bin/true', triggers=['60dc5c0f2c6bc544bb33f004ac995032f7e3d881ba66eab109cefec8d4aa7f6d.elf', '/tmp/60dc5c0f2c6bc544bb33f004ac995032f7e3d881ba66eab109cefec8d4aa7f6d.elf']
[CgroupManager] Added cgroup 49534 via bpftool
[EventRouter] DEBUG: EXEC #34 filename='/bin/true', triggers=['de2e8ae25967bf20e7605a8fb4e38d1bca2e450af3eee66aebf873d78fc1d83e.elf', '/tmp/de2e8ae25967bf20e7605a8fb4e38d1bca2e450af3eee66aebf873d78fc1d83e.elf']
[CgroupManager] Added cgroup 49620 via bpftool
[EventRouter] DEBUG: EXEC #33 filename='/bin/true', triggers=['32ae9a643857310ebe2e38d456968ea4c2dc1a9908144e82995beb9402d833c6.elf', '/tmp/32ae9a643857310ebe2e38d456968ea4c2dc1a9908144e82995beb9402d833c6.elf']
[EventRouter] ARM detected at event 145 for cgroup 49448
[EventRouter] Discarded 144 pre-ARM events for cgroup 49448
[DOCKER] Container exit code: 1
[DOCKER][STDOUT] BEGIN
/tmp/60dc5c0f2c6bc544bb33f004ac995032f7e3d881ba66eab109cefec8d4aa7f6d.elf: missing operand
Try '/tmp/60dc5c0f2c6bc544bb33f004ac995032f7e3d881ba66eab109cefec8d4aa7f6d.elf --help' for more information.
[DOCKER][STDOUT] END
[DOCKER] Raw stdout saved: ../ELF_samples/benign_report/arm32_add/raw/60dc5c0f2c6bc544bb33f004ac995032f7e3d881ba66eab109cefec8d4aa7f6d.elf_2026-01-29_21-46-20_1fa7b9df_container_stdout.txt
[EventRouter] ARM detected at event 127 for cgroup 49534
[EventRouter] Discarded 126 pre-ARM events for cgroup 49534
[EventRouter] ARM detected at event 145 for cgroup 49620
[EventRouter] Discarded 144 pre-ARM events for cgroup 49620
[DOCKER] Container exit code: 0
[DOCKER][STDOUT] BEGIN
HOSTNAME=e5af280b9f3c
HOME=/root
PATH=/usr/local/sbin:/usr/local/bin:/usr/sbin:/usr/bin:/sbin:/bin
PWD=/tmp
[DOCKER][STDOUT] END
[DOCKER] Raw stdout saved: ../ELF_samples/benign_report/arm32_add/raw/32ae9a643857310ebe2e38d456968ea4c2dc1a9908144e82995beb9402d833c6.elf_2026-01-29_21-46-20_06308e28_container_stdout.txt
[DOCKER] Container exit code: 0
[POOL] Collected 22 events for analysis (read from log file)
[POOL] Running analyzers on 22 events for d19e9daaa6529d3d3945048b6bc1d6e42396a5f2952b25f9fe60930e38fbb615.elf
[POOL] Analysis completed: 0 findings in 0.00s (18738 events/s)
[AI-Integration] Submitted task: 6ae63268
[AI] 6ae63268 queued for DeepSeek analysis
[CgroupManager] Removed cgroup 49276 via bpftool
[POOL] Cleanup scheduled for f41125ff9276
[DockerWorker-1] ✓ Completed: d19e9daaa6529d3d3945048b6bc1d6e42396a5f2952b25f9fe60930e38fbb615.elf (22 events) (1.17s)
[DockerWorker-1] Starting: a28d9ae0d4fcf33b0ee970360c2d472c6f961a74b1b92055a8000df412cd0555.elf (40_32bit)
[ANALYSISLOG] a28d9ae0d4fcf33b0ee970360c2d472c6f961a74b1b92055a8000df412cd0555.elf -> ../ELF_samples/benign_report/arm32_add/raw/a28d9ae0d4fcf33b0ee970360c2d472c6f961a74b1b92055a8000df412cd0555.elf_2026-01-29_21-46-21_c8bc059e.jsonl
[DOCKER] Selected image for libc=glibc: arm32v7/ubuntu:22.04
[POOL] Collected 13 events for analysis (read from log file)
[POOL] Running analyzers on 13 events for 63620025c5e4a56403e1215068527671f0f6f7e01d92d00b61b2042704c175d6.elf
[POOL] Analysis completed: 0 findings in 0.00s (11439 events/s)
[AI-Integration] Submitted task: f4dfb835
[AI] f4dfb835 queued for DeepSeek analysis
[POOL] Collected 19 events for analysis (read from log file)
[POOL] Running analyzers on 19 events for a69ac8282086f567051dbe93ead72940f1a64548e7fae1740aa8e8476234f264.elf
[POOL] Analysis completed: 0 findings in 0.00s (17398 events/s)
[AI-Integration] Submitted task: 4b0a48c2
[AI] 4b0a48c2 queued for DeepSeek analysis
[CgroupManager] Removed cgroup 49190 via bpftool
[POOL] Cleanup scheduled for fe5f28d7a53b
[DockerWorker-4] ✓ Completed: 63620025c5e4a56403e1215068527671f0f6f7e01d92d00b61b2042704c175d6.elf (13 events) (1.25s)
[DockerWorker-4] Starting: 48d44f0f6dafedd706a0334d2b0297142e87a8489480389df49406f947e01ccc.elf (40_32bit)
[ANALYSISLOG] 48d44f0f6dafedd706a0334d2b0297142e87a8489480389df49406f947e01ccc.elf -> ../ELF_samples/benign_report/arm32_add/raw/48d44f0f6dafedd706a0334d2b0297142e87a8489480389df49406f947e01ccc.elf_2026-01-29_21-46-21_9cc14d96.jsonl
[DOCKER] Selected image for libc=glibc: arm32v7/ubuntu:22.04
[CgroupManager] Removed cgroup 49362 via bpftool
[POOL] Cleanup scheduled for 89147ba668cc
[DockerWorker-3] ✓ Completed: a69ac8282086f567051dbe93ead72940f1a64548e7fae1740aa8e8476234f264.elf (19 events) (1.15s)
[DockerWorker-3] Starting: 7c68a0116ff5de48ef6de550f0e4a0d22034bc15f4e8d2c0fc8630627863f85d.elf (40_32bit)
[ANALYSISLOG] 7c68a0116ff5de48ef6de550f0e4a0d22034bc15f4e8d2c0fc8630627863f85d.elf -> ../ELF_samples/benign_report/arm32_add/raw/7c68a0116ff5de48ef6de550f0e4a0d22034bc15f4e8d2c0fc8630627863f85d.elf_2026-01-29_21-46-21_8c60b93a.jsonl
[DOCKER] Selected image for libc=glibc: arm32v7/ubuntu:22.04
[POOL] Collected 17 events for analysis (read from log file)
[POOL] Running analyzers on 17 events for 60dc5c0f2c6bc544bb33f004ac995032f7e3d881ba66eab109cefec8d4aa7f6d.elf
[POOL] Analysis completed: 0 findings in 0.00s (14515 events/s)
[AI-Integration] Submitted task: 1fa7b9df
[AI] 1fa7b9df queued for DeepSeek analysis
[CgroupManager] Removed cgroup 49448 via bpftool
[POOL] Cleanup scheduled for 41aec6ac7064
[DockerWorker-0] ✓ Completed: 60dc5c0f2c6bc544bb33f004ac995032f7e3d881ba66eab109cefec8d4aa7f6d.elf (17 events) (1.11s)
[DockerWorker-0] Starting: 5753b6821771a25b2ef56776a93891ed9583a422a9fcefb0e5ebc6d4cca488ca.elf (40_32bit)
[ANALYSISLOG] 5753b6821771a25b2ef56776a93891ed9583a422a9fcefb0e5ebc6d4cca488ca.elf -> ../ELF_samples/benign_report/arm32_add/raw/5753b6821771a25b2ef56776a93891ed9583a422a9fcefb0e5ebc6d4cca488ca.elf_2026-01-29_21-46-21_b9a20349.jsonl
[DOCKER] Selected image for libc=glibc: arm32v7/ubuntu:22.04
[CgroupManager] Added cgroup 49706 via bpftool
[CgroupManager] Added cgroup 49792 via bpftool
[CgroupManager] Added cgroup 49878 via bpftool
[EventRouter] DEBUG: EXEC #49 filename='/bin/true', triggers=['48d44f0f6dafedd706a0334d2b0297142e87a8489480389df49406f947e01ccc.elf', '/tmp/48d44f0f6dafedd706a0334d2b0297142e87a8489480389df49406f947e01ccc.elf']
[EventRouter] DEBUG: EXEC #34 filename='/bin/true', triggers=['a28d9ae0d4fcf33b0ee970360c2d472c6f961a74b1b92055a8000df412cd0555.elf', '/tmp/a28d9ae0d4fcf33b0ee970360c2d472c6f961a74b1b92055a8000df412cd0555.elf']
[POOL] Collected 14 events for analysis (read from log file)
[POOL] Running analyzers on 14 events for 32ae9a643857310ebe2e38d456968ea4c2dc1a9908144e82995beb9402d833c6.elf
[POOL] Analysis completed: 0 findings in 0.00s (13248 events/s)
[AI-Integration] Submitted task: 06308e28
[AI] 06308e28 queued for DeepSeek analysis
[POOL] Collected 15 events for analysis (read from log file)
[POOL] Running analyzers on 15 events for de2e8ae25967bf20e7605a8fb4e38d1bca2e450af3eee66aebf873d78fc1d83e.elf
[POOL] Analysis completed: 0 findings in 0.00s (13881 events/s)
[AI-Integration] Submitted task: e90c52fb
[AI] e90c52fb queued for DeepSeek analysis
[CgroupManager] Removed cgroup 49620 via bpftool
[POOL] Cleanup scheduled for e5af280b9f3c
[DockerWorker-5] ✓ Completed: 32ae9a643857310ebe2e38d456968ea4c2dc1a9908144e82995beb9402d833c6.elf (14 events) (1.10s)
[DockerWorker-5] Starting: 640b4439b30dea86e14498cd25218d3208986f98f2da428443d4a94b0cc3d847.elf (40_32bit)
[CgroupManager] Removed cgroup 49534 via bpftool
[ANALYSISLOG] 640b4439b30dea86e14498cd25218d3208986f98f2da428443d4a94b0cc3d847.elf -> ../ELF_samples/benign_report/arm32_add/raw/640b4439b30dea86e14498cd25218d3208986f98f2da428443d4a94b0cc3d847.elf_2026-01-29_21-46-21_f65509f6.jsonl
[DOCKER] Selected image for libc=glibc: arm32v7/ubuntu:22.04
[POOL] Cleanup scheduled for a3d6f31d6163
[DockerWorker-2] ✓ Completed: de2e8ae25967bf20e7605a8fb4e38d1bca2e450af3eee66aebf873d78fc1d83e.elf (15 events) (1.14s)
[DockerWorker-2] Starting: 98a34a052df42577bbe9cd5110640ca54d807565e8981bc9d19967aa8de782e2.elf (40_32bit)
[ANALYSISLOG] 98a34a052df42577bbe9cd5110640ca54d807565e8981bc9d19967aa8de782e2.elf -> ../ELF_samples/benign_report/arm32_add/raw/98a34a052df42577bbe9cd5110640ca54d807565e8981bc9d19967aa8de782e2.elf_2026-01-29_21-46-21_a75bb7bc.jsonl
[DOCKER] Selected image for libc=glibc: arm32v7/ubuntu:22.04
[EventRouter] ARM detected at event 144 for cgroup 49792
[EventRouter] Discarded 143 pre-ARM events for cgroup 49792
[CgroupManager] Added cgroup 49964 via bpftool
[DOCKER] Container exit code: 1
[DOCKER][STDOUT] BEGIN
/tmp/48d44f0f6dafedd706a0334d2b0297142e87a8489480389df49406f947e01ccc.elf: missing operand
Try '/tmp/48d44f0f6dafedd706a0334d2b0297142e87a8489480389df49406f947e01ccc.elf --help' for more information.
[DOCKER][STDOUT] END
[DOCKER] Raw stdout saved: ../ELF_samples/benign_report/arm32_add/raw/48d44f0f6dafedd706a0334d2b0297142e87a8489480389df49406f947e01ccc.elf_2026-01-29_21-46-21_9cc14d96_container_stdout.txt
[EventRouter] ARM detected at event 128 for cgroup 49706
[EventRouter] Discarded 127 pre-ARM events for cgroup 49706
[EventRouter] DEBUG: EXEC #34 filename='/bin/true', triggers=['5753b6821771a25b2ef56776a93891ed9583a422a9fcefb0e5ebc6d4cca488ca.elf', '/tmp/5753b6821771a25b2ef56776a93891ed9583a422a9fcefb0e5ebc6d4cca488ca.elf']
[EventRouter] ARM detected at event 144 for cgroup 49878
[EventRouter] Discarded 143 pre-ARM events for cgroup 49878
[DOCKER] Container exit code: 1
[DOCKER][STDOUT] BEGIN
/tmp/7c68a0116ff5de48ef6de550f0e4a0d22034bc15f4e8d2c0fc8630627863f85d.elf: missing operand
Try '/tmp/7c68a0116ff5de48ef6de550f0e4a0d22034bc15f4e8d2c0fc8630627863f85d.elf --help' for more information.
[DOCKER][STDOUT] END
[DOCKER] Raw stdout saved: ../ELF_samples/benign_report/arm32_add/raw/7c68a0116ff5de48ef6de550f0e4a0d22034bc15f4e8d2c0fc8630627863f85d.elf_2026-01-29_21-46-21_8c60b93a_container_stdout.txt
[DOCKER] Container exit code: 1
[DOCKER][STDOUT] BEGIN
/tmp/a28d9ae0d4fcf33b0ee970360c2d472c6f961a74b1b92055a8000df412cd0555.elf: missing operand
Try '/tmp/a28d9ae0d4fcf33b0ee970360c2d472c6f961a74b1b92055a8000df412cd0555.elf --help' for more information.
[DOCKER][STDOUT] END
[DOCKER] Raw stdout saved: ../ELF_samples/benign_report/arm32_add/raw/a28d9ae0d4fcf33b0ee970360c2d472c6f961a74b1b92055a8000df412cd0555.elf_2026-01-29_21-46-21_c8bc059e_container_stdout.txt
[CgroupManager] Added cgroup 50050 via bpftool
[CgroupManager] Added cgroup 50136 via bpftool
[EventRouter] DEBUG: EXEC #36 filename='/bin/true', triggers=['98a34a052df42577bbe9cd5110640ca54d807565e8981bc9d19967aa8de782e2.elf', '/tmp/98a34a052df42577bbe9cd5110640ca54d807565e8981bc9d19967aa8de782e2.elf']
[EventRouter] DEBUG: EXEC #33 filename='/bin/true', triggers=['640b4439b30dea86e14498cd25218d3208986f98f2da428443d4a94b0cc3d847.elf', '/tmp/640b4439b30dea86e14498cd25218d3208986f98f2da428443d4a94b0cc3d847.elf']
[EventRouter] ARM detected at event 130 for cgroup 49964
[EventRouter] Discarded 129 pre-ARM events for cgroup 49964
[DOCKER] Container exit code: 1
[DOCKER][STDOUT] BEGIN
/tmp/5753b6821771a25b2ef56776a93891ed9583a422a9fcefb0e5ebc6d4cca488ca.elf: missing operand
Try '/tmp/5753b6821771a25b2ef56776a93891ed9583a422a9fcefb0e5ebc6d4cca488ca.elf --help' for more information.
[DOCKER][STDOUT] END
[DOCKER] Raw stdout saved: ../ELF_samples/benign_report/arm32_add/raw/5753b6821771a25b2ef56776a93891ed9583a422a9fcefb0e5ebc6d4cca488ca.elf_2026-01-29_21-46-21_b9a20349_container_stdout.txt
[EventRouter] ARM detected at event 130 for cgroup 50136
[EventRouter] Discarded 129 pre-ARM events for cgroup 50136
[EventRouter] ARM detected at event 133 for cgroup 50050
[EventRouter] Discarded 132 pre-ARM events for cgroup 50050
[DOCKER] Container exit code: 125
[DOCKER][STDOUT] BEGIN
/tmp/98a34a052df42577bbe9cd5110640ca54d807565e8981bc9d19967aa8de782e2.elf: missing operand
Try '/tmp/98a34a052df42577bbe9cd5110640ca54d807565e8981bc9d19967aa8de782e2.elf --help' for more information.
[DOCKER][STDOUT] END
[DOCKER] Raw stdout saved: ../ELF_samples/benign_report/arm32_add/raw/98a34a052df42577bbe9cd5110640ca54d807565e8981bc9d19967aa8de782e2.elf_2026-01-29_21-46-21_a75bb7bc_container_stdout.txt
[DOCKER] Container exit code: 1
[DOCKER][STDOUT] BEGIN
/tmp/640b4439b30dea86e14498cd25218d3208986f98f2da428443d4a94b0cc3d847.elf: no login name
[DOCKER][STDOUT] END
[DOCKER] Raw stdout saved: ../ELF_samples/benign_report/arm32_add/raw/640b4439b30dea86e14498cd25218d3208986f98f2da428443d4a94b0cc3d847.elf_2026-01-29_21-46-21_f65509f6_container_stdout.txt
[POOL] Collected 17 events for analysis (read from log file)
[POOL] Running analyzers on 17 events for 48d44f0f6dafedd706a0334d2b0297142e87a8489480389df49406f947e01ccc.elf
[POOL] Analysis completed: 0 findings in 0.00s (15506 events/s)
[AI-Integration] Submitted task: 9cc14d96
[AI] 9cc14d96 queued for DeepSeek analysis
[CgroupManager] Removed cgroup 49792 via bpftool
[POOL] Cleanup scheduled for 12ec8bda2fec
[DockerWorker-4] ✓ Completed: 48d44f0f6dafedd706a0334d2b0297142e87a8489480389df49406f947e01ccc.elf (17 events) (1.11s)
[DockerWorker-4] Starting: 79c765c6f06f9fa753a2e50766f4423bebb51bc2076379c8f0de49af2fd7cb54.elf (40_32bit)
[ANALYSISLOG] 79c765c6f06f9fa753a2e50766f4423bebb51bc2076379c8f0de49af2fd7cb54.elf -> ../ELF_samples/benign_report/arm32_add/raw/79c765c6f06f9fa753a2e50766f4423bebb51bc2076379c8f0de49af2fd7cb54.elf_2026-01-29_21-46-22_ece8ee51.jsonl
[DOCKER] Selected image for libc=glibc: arm32v7/ubuntu:22.04
[POOL] Collected 19 events for analysis (read from log file)
[POOL] Running analyzers on 19 events for 7c68a0116ff5de48ef6de550f0e4a0d22034bc15f4e8d2c0fc8630627863f85d.elf
[POOL] Analysis completed: 0 findings in 0.00s (17771 events/s)
[AI-Integration] Submitted task: 8c60b93a
[AI] 8c60b93a queued for DeepSeek analysis
[POOL] Collected 20 events for analysis (read from log file)
[POOL] Running analyzers on 20 events for a28d9ae0d4fcf33b0ee970360c2d472c6f961a74b1b92055a8000df412cd0555.elf
[POOL] Analysis completed: 1 findings in 0.00s (10141 events/s)
[AI-Integration] Submitted task: c8bc059e
[AI] c8bc059e queued for DeepSeek analysis
[CgroupManager] Removed cgroup 49878 via bpftool
[POOL] Cleanup scheduled for 24ce59978e6b
[DockerWorker-3] ✓ Completed: 7c68a0116ff5de48ef6de550f0e4a0d22034bc15f4e8d2c0fc8630627863f85d.elf (19 events) (1.15s)
[DockerWorker-3] Starting: bb4f460ee359285d0a351d1cb0cd992cf2d4fa66e9e584a0d36e456b67f571da.elf (40_32bit)
[ANALYSISLOG] bb4f460ee359285d0a351d1cb0cd992cf2d4fa66e9e584a0d36e456b67f571da.elf -> ../ELF_samples/benign_report/arm32_add/raw/bb4f460ee359285d0a351d1cb0cd992cf2d4fa66e9e584a0d36e456b67f571da.elf_2026-01-29_21-46-22_4706130c.jsonl
[DOCKER] Selected image for libc=glibc: arm32v7/ubuntu:22.04
[CgroupManager] Removed cgroup 49706 via bpftool
[POOL] Cleanup scheduled for e5225e3c8ebd
[DockerWorker-1] ✓ Completed: a28d9ae0d4fcf33b0ee970360c2d472c6f961a74b1b92055a8000df412cd0555.elf (20 events) (1.23s)
[DockerWorker-1] Starting: 5564336f90b52033de831649307a46d8a61a58012332d70e786df09b404b56a7.elf (40_32bit)
[ANALYSISLOG] 5564336f90b52033de831649307a46d8a61a58012332d70e786df09b404b56a7.elf -> ../ELF_samples/benign_report/arm32_add/raw/5564336f90b52033de831649307a46d8a61a58012332d70e786df09b404b56a7.elf_2026-01-29_21-46-22_6f313375.jsonl
[DOCKER] Selected image for libc=glibc: arm32v7/ubuntu:22.04
[POOL] Collected 17 events for analysis (read from log file)
[POOL] Running analyzers on 17 events for 5753b6821771a25b2ef56776a93891ed9583a422a9fcefb0e5ebc6d4cca488ca.elf
[POOL] Analysis completed: 0 findings in 0.00s (15231 events/s)
[AI-Integration] Submitted task: b9a20349
[AI] b9a20349 queued for DeepSeek analysis
[CgroupManager] Removed cgroup 49964 via bpftool
[POOL] Cleanup scheduled for bf2dae1a30e0
[DockerWorker-0] ✓ Completed: 5753b6821771a25b2ef56776a93891ed9583a422a9fcefb0e5ebc6d4cca488ca.elf (17 events) (1.21s)
[DockerWorker-0] Starting: 653da01241d20e248dde89b44d1e9e93bb16659670d643588518035a641d5ec2.elf (40_32bit)
[ANALYSISLOG] 653da01241d20e248dde89b44d1e9e93bb16659670d643588518035a641d5ec2.elf -> ../ELF_samples/benign_report/arm32_add/raw/653da01241d20e248dde89b44d1e9e93bb16659670d643588518035a641d5ec2.elf_2026-01-29_21-46-22_e6496245.jsonl
[DOCKER] Selected image for libc=glibc: arm32v7/ubuntu:22.04
[CgroupManager] Added cgroup 50222 via bpftool
[CgroupManager] Added cgroup 50394 via bpftool
[CgroupManager] Added cgroup 50308 via bpftool
[POOL] Collected 17 events for analysis (read from log file)
[POOL] Running analyzers on 17 events for 98a34a052df42577bbe9cd5110640ca54d807565e8981bc9d19967aa8de782e2.elf
[POOL] Analysis completed: 0 findings in 0.00s (16014 events/s)
[AI-Integration] Submitted task: a75bb7bc
[AI] a75bb7bc queued for DeepSeek analysis
[EventRouter] DEBUG: EXEC #33 filename='/bin/true', triggers=['79c765c6f06f9fa753a2e50766f4423bebb51bc2076379c8f0de49af2fd7cb54.elf', '/tmp/79c765c6f06f9fa753a2e50766f4423bebb51bc2076379c8f0de49af2fd7cb54.elf']
[EventRouter] DEBUG: EXEC #49 filename='/bin/true', triggers=['5564336f90b52033de831649307a46d8a61a58012332d70e786df09b404b56a7.elf', '/tmp/5564336f90b52033de831649307a46d8a61a58012332d70e786df09b404b56a7.elf']
[CgroupManager] Removed cgroup 50050 via bpftool
[POOL] Cleanup scheduled for 8170a667ffe1
[DockerWorker-2] ✓ Completed: 98a34a052df42577bbe9cd5110640ca54d807565e8981bc9d19967aa8de782e2.elf (17 events) (1.12s)
[DockerWorker-2] Starting: 382514d9c1ef144db6e418c44e0968ea45be5c6830037ac6bbf77e753f4c0e3e.elf (40_32bit)
[ANALYSISLOG] 382514d9c1ef144db6e418c44e0968ea45be5c6830037ac6bbf77e753f4c0e3e.elf -> ../ELF_samples/benign_report/arm32_add/raw/382514d9c1ef144db6e418c44e0968ea45be5c6830037ac6bbf77e753f4c0e3e.elf_2026-01-29_21-46-22_b0591367.jsonl
[DOCKER] Selected image for libc=glibc: arm32v7/ubuntu:22.04
[EventRouter] DEBUG: EXEC #34 filename='/bin/true', triggers=['bb4f460ee359285d0a351d1cb0cd992cf2d4fa66e9e584a0d36e456b67f571da.elf', '/tmp/bb4f460ee359285d0a351d1cb0cd992cf2d4fa66e9e584a0d36e456b67f571da.elf']
[POOL] Collected 20 events for analysis (read from log file)
[POOL] Running analyzers on 20 events for 640b4439b30dea86e14498cd25218d3208986f98f2da428443d4a94b0cc3d847.elf
[POOL] Analysis completed: 0 findings in 0.00s (18350 events/s)
[AI-Integration] Submitted task: f65509f6
[AI] f65509f6 queued for DeepSeek analysis
[CgroupManager] Removed cgroup 50136 via bpftool
[POOL] Cleanup scheduled for 57d59a3f1bc8
[DockerWorker-5] ✓ Completed: 640b4439b30dea86e14498cd25218d3208986f98f2da428443d4a94b0cc3d847.elf (20 events) (1.20s)
[DockerWorker-5] Starting: 6b5d78dda98704e542bd03b1c65e3987a8c3fe2ad0ef6be6bb9f8c37497f9bb9.elf (40_32bit)
[ANALYSISLOG] 6b5d78dda98704e542bd03b1c65e3987a8c3fe2ad0ef6be6bb9f8c37497f9bb9.elf -> ../ELF_samples/benign_report/arm32_add/raw/6b5d78dda98704e542bd03b1c65e3987a8c3fe2ad0ef6be6bb9f8c37497f9bb9.elf_2026-01-29_21-46-22_d181039a.jsonl
[DOCKER] Selected image for libc=glibc: arm32v7/ubuntu:22.04
[EventRouter] ARM detected at event 128 for cgroup 50308
[EventRouter] Discarded 127 pre-ARM events for cgroup 50308
[EventRouter] ARM detected at event 127 for cgroup 50222
[EventRouter] Discarded 126 pre-ARM events for cgroup 50222
[EventRouter] ARM detected at event 159 for cgroup 50394
[EventRouter] Discarded 158 pre-ARM events for cgroup 50394
[DOCKER] Container exit code: 1
[DOCKER][STDOUT] BEGIN
/tmp/79c765c6f06f9fa753a2e50766f4423bebb51bc2076379c8f0de49af2fd7cb54.elf: missing file operand
Try '/tmp/79c765c6f06f9fa753a2e50766f4423bebb51bc2076379c8f0de49af2fd7cb54.elf --help' for more information.
[DOCKER][STDOUT] END
[DOCKER] Raw stdout saved: ../ELF_samples/benign_report/arm32_add/raw/79c765c6f06f9fa753a2e50766f4423bebb51bc2076379c8f0de49af2fd7cb54.elf_2026-01-29_21-46-22_ece8ee51_container_stdout.txt
[CgroupManager] Added cgroup 50480 via bpftool
[DOCKER] Container exit code: 0
[DOCKER][STDOUT] BEGIN
Thu Jan 29 13:46:22 UTC 2026
[DOCKER][STDOUT] END
[DOCKER] Raw stdout saved: ../ELF_samples/benign_report/arm32_add/raw/bb4f460ee359285d0a351d1cb0cd992cf2d4fa66e9e584a0d36e456b67f571da.elf_2026-01-29_21-46-22_4706130c_container_stdout.txt
[CgroupManager] Added cgroup 50566 via bpftool
[EventRouter] DEBUG: EXEC #33 filename='/bin/true', triggers=['653da01241d20e248dde89b44d1e9e93bb16659670d643588518035a641d5ec2.elf', '/tmp/653da01241d20e248dde89b44d1e9e93bb16659670d643588518035a641d5ec2.elf']
[DOCKER] Container exit code: 0
[DOCKER][STDOUT] BEGIN
132	.
[DOCKER][STDOUT] END
[DOCKER] Raw stdout saved: ../ELF_samples/benign_report/arm32_add/raw/5564336f90b52033de831649307a46d8a61a58012332d70e786df09b404b56a7.elf_2026-01-29_21-46-22_6f313375_container_stdout.txt
[EventRouter] DEBUG: EXEC #49 filename='/bin/true', triggers=['382514d9c1ef144db6e418c44e0968ea45be5c6830037ac6bbf77e753f4c0e3e.elf', '/tmp/382514d9c1ef144db6e418c44e0968ea45be5c6830037ac6bbf77e753f4c0e3e.elf']
[CgroupManager] Added cgroup 50652 via bpftool
[EventRouter] DEBUG: EXEC #34 filename='/bin/true', triggers=['6b5d78dda98704e542bd03b1c65e3987a8c3fe2ad0ef6be6bb9f8c37497f9bb9.elf', '/tmp/6b5d78dda98704e542bd03b1c65e3987a8c3fe2ad0ef6be6bb9f8c37497f9bb9.elf']
[EventRouter] ARM detected at event 143 for cgroup 50566
[EventRouter] Discarded 142 pre-ARM events for cgroup 50566
[EventRouter] ARM detected at event 127 for cgroup 50480
[EventRouter] Discarded 126 pre-ARM events for cgroup 50480
[DOCKER] Container exit code: 0
[DOCKER][STDOUT] BEGIN
d41d8cd98f00b204e9800998ecf8427e  -
[DOCKER][STDOUT] END
[DOCKER] Raw stdout saved: ../ELF_samples/benign_report/arm32_add/raw/382514d9c1ef144db6e418c44e0968ea45be5c6830037ac6bbf77e753f4c0e3e.elf_2026-01-29_21-46-22_b0591367_container_stdout.txt
[EventRouter] ARM detected at event 131 for cgroup 50652
[EventRouter] Discarded 130 pre-ARM events for cgroup 50652
[DOCKER] Container exit code: 1
[DOCKER][STDOUT] BEGIN
/tmp/653da01241d20e248dde89b44d1e9e93bb16659670d643588518035a641d5ec2.elf: missing operand
Try '/tmp/653da01241d20e248dde89b44d1e9e93bb16659670d643588518035a641d5ec2.elf --help' for more information.
[DOCKER][STDOUT] END
[DOCKER] Raw stdout saved: ../ELF_samples/benign_report/arm32_add/raw/653da01241d20e248dde89b44d1e9e93bb16659670d643588518035a641d5ec2.elf_2026-01-29_21-46-22_e6496245_container_stdout.txt
[DOCKER] Container exit code: 0
[DOCKER][STDOUT] BEGIN
HOSTNAME=7dcee6e666e1
HOME=/root
PATH=/usr/local/sbin:/usr/local/bin:/usr/sbin:/usr/bin:/sbin:/bin
PWD=/tmp
[DOCKER][STDOUT] END
[DOCKER] Raw stdout saved: ../ELF_samples/benign_report/arm32_add/raw/6b5d78dda98704e542bd03b1c65e3987a8c3fe2ad0ef6be6bb9f8c37497f9bb9.elf_2026-01-29_21-46-22_d181039a_container_stdout.txt
[POOL] Collected 17 events for analysis (read from log file)
[POOL] Running analyzers on 17 events for 79c765c6f06f9fa753a2e50766f4423bebb51bc2076379c8f0de49af2fd7cb54.elf
[POOL] Analysis completed: 0 findings in 0.00s (15618 events/s)
[AI-Integration] Submitted task: ece8ee51
[AI] ece8ee51 queued for DeepSeek analysis
[CgroupManager] Removed cgroup 50222 via bpftool
[POOL] Cleanup scheduled for ef833e80fd37
[DockerWorker-4] ✓ Completed: 79c765c6f06f9fa753a2e50766f4423bebb51bc2076379c8f0de49af2fd7cb54.elf (17 events) (1.21s)
[DockerWorker-4] Starting: 32df972a86744f1c768f2e4beb3959c1e86c00e52a7982a60c10bd6c5f435a52.elf (40_32bit)
[ANALYSISLOG] 32df972a86744f1c768f2e4beb3959c1e86c00e52a7982a60c10bd6c5f435a52.elf -> ../ELF_samples/benign_report/arm32_add/raw/32df972a86744f1c768f2e4beb3959c1e86c00e52a7982a60c10bd6c5f435a52.elf_2026-01-29_21-46-23_01e6ad67.jsonl
[DOCKER] Selected image for libc=glibc: arm32v7/ubuntu:22.04
[POOL] Collected 15 events for analysis (read from log file)
[POOL] Running analyzers on 15 events for bb4f460ee359285d0a351d1cb0cd992cf2d4fa66e9e584a0d36e456b67f571da.elf
[POOL] Analysis completed: 0 findings in 0.00s (14077 events/s)
[AI-Integration] Submitted task: 4706130c
[AI] 4706130c queued for DeepSeek analysis
[CgroupManager] Removed cgroup 50308 via bpftool
[POOL] Cleanup scheduled for acaf42c39f63
[DockerWorker-3] ✓ Completed: bb4f460ee359285d0a351d1cb0cd992cf2d4fa66e9e584a0d36e456b67f571da.elf (15 events) (1.22s)
[DockerWorker-3] Starting: dc251d5b63f687b70131f019c2ccd13f19bfff3c19a80de984df71d637d37064.elf (40_32bit)
[ANALYSISLOG] dc251d5b63f687b70131f019c2ccd13f19bfff3c19a80de984df71d637d37064.elf -> ../ELF_samples/benign_report/arm32_add/raw/dc251d5b63f687b70131f019c2ccd13f19bfff3c19a80de984df71d637d37064.elf_2026-01-29_21-46-23_05d10785.jsonl
[DOCKER] Selected image for libc=glibc: arm32v7/ubuntu:22.04
[POOL] Collected 18 events for analysis (read from log file)
[POOL] Running analyzers on 18 events for 5564336f90b52033de831649307a46d8a61a58012332d70e786df09b404b56a7.elf
[POOL] Analysis completed: 0 findings in 0.00s (16479 events/s)
[AI-Integration] Submitted task: 6f313375
[AI] 6f313375 queued for DeepSeek analysis
[CgroupManager] Removed cgroup 50394 via bpftool
[POOL] Cleanup scheduled for b72c46c6a2af
[DockerWorker-1] ✓ Completed: 5564336f90b52033de831649307a46d8a61a58012332d70e786df09b404b56a7.elf (18 events) (1.24s)
[DockerWorker-1] Starting: eeb11c530964101aec090e59d56febfdca9be6d6eecbb2a4eab3c6ee2c126c1d.elf (40_32bit)
[ANALYSISLOG] eeb11c530964101aec090e59d56febfdca9be6d6eecbb2a4eab3c6ee2c126c1d.elf -> ../ELF_samples/benign_report/arm32_add/raw/eeb11c530964101aec090e59d56febfdca9be6d6eecbb2a4eab3c6ee2c126c1d.elf_2026-01-29_21-46-23_85394484.jsonl
[DOCKER] Selected image for libc=glibc: arm32v7/ubuntu:22.04
[POOL] Collected 14 events for analysis (read from log file)
[POOL] Running analyzers on 14 events for 382514d9c1ef144db6e418c44e0968ea45be5c6830037ac6bbf77e753f4c0e3e.elf
[POOL] Analysis completed: 0 findings in 0.00s (12681 events/s)
[AI-Integration] Submitted task: b0591367
[AI] b0591367 queued for DeepSeek analysis
[CgroupManager] Removed cgroup 50566 via bpftool
[POOL] Cleanup scheduled for f4d2043a74f0
[DockerWorker-2] ✓ Completed: 382514d9c1ef144db6e418c44e0968ea45be5c6830037ac6bbf77e753f4c0e3e.elf (14 events) (1.11s)
[DockerWorker-2] Starting: 3273da6611722f3ddf4472d2b1e2c6403da360a106e6b902a3efaffddda7f301.elf (40_32bit)
[ANALYSISLOG] 3273da6611722f3ddf4472d2b1e2c6403da360a106e6b902a3efaffddda7f301.elf -> ../ELF_samples/benign_report/arm32_add/raw/3273da6611722f3ddf4472d2b1e2c6403da360a106e6b902a3efaffddda7f301.elf_2026-01-29_21-46-23_7bdeb412.jsonl
[DOCKER] Selected image for libc=glibc: arm32v7/ubuntu:22.04
[CgroupManager] Added cgroup 50738 via bpftool
[POOL] Collected 18 events for analysis (read from log file)
[POOL] Running analyzers on 18 events for 653da01241d20e248dde89b44d1e9e93bb16659670d643588518035a641d5ec2.elf
[POOL] Analysis completed: 0 findings in 0.00s (16813 events/s)
[AI-Integration] Submitted task: e6496245
[AI] e6496245 queued for DeepSeek analysis
[EventRouter] DEBUG: EXEC #35 filename='/bin/true', triggers=['32df972a86744f1c768f2e4beb3959c1e86c00e52a7982a60c10bd6c5f435a52.elf', '/tmp/32df972a86744f1c768f2e4beb3959c1e86c00e52a7982a60c10bd6c5f435a52.elf']
[CgroupManager] Removed cgroup 50480 via bpftool
[POOL] Cleanup scheduled for a38c2984cf93
[DockerWorker-0] ✓ Completed: 653da01241d20e248dde89b44d1e9e93bb16659670d643588518035a641d5ec2.elf (18 events) (1.24s)
[DockerWorker-0] Starting: 94e3eaf4ecc372b54cf9458de2a424cb1272c27373efa4b40dfcddc1b1c4837e.elf (40_32bit)
[ANALYSISLOG] 94e3eaf4ecc372b54cf9458de2a424cb1272c27373efa4b40dfcddc1b1c4837e.elf -> ../ELF_samples/benign_report/arm32_add/raw/94e3eaf4ecc372b54cf9458de2a424cb1272c27373efa4b40dfcddc1b1c4837e.elf_2026-01-29_21-46-23_d72f7d89.jsonl
[DOCKER] Selected image for libc=glibc: arm32v7/ubuntu:22.04
[CgroupManager] Added cgroup 50910 via bpftool
[POOL] Collected 14 events for analysis (read from log file)
[POOL] Running analyzers on 14 events for 6b5d78dda98704e542bd03b1c65e3987a8c3fe2ad0ef6be6bb9f8c37497f9bb9.elf
[POOL] Analysis completed: 0 findings in 0.00s (13326 events/s)
[AI-Integration] Submitted task: d181039a
[AI] d181039a queued for DeepSeek analysis
[CgroupManager] Added cgroup 50824 via bpftool
[CgroupManager] Removed cgroup 50652 via bpftool
[POOL] Cleanup scheduled for 7dcee6e666e1
[DockerWorker-5] ✓ Completed: 6b5d78dda98704e542bd03b1c65e3987a8c3fe2ad0ef6be6bb9f8c37497f9bb9.elf (14 events) (1.17s)
[DockerWorker-5] Starting: b63c89152cbdcbc4fbdeb0038b4c4d22f4d534afd9c0f520f9fd88a3d6aabd6f.elf (40_32bit)
[ANALYSISLOG] b63c89152cbdcbc4fbdeb0038b4c4d22f4d534afd9c0f520f9fd88a3d6aabd6f.elf -> ../ELF_samples/benign_report/arm32_add/raw/b63c89152cbdcbc4fbdeb0038b4c4d22f4d534afd9c0f520f9fd88a3d6aabd6f.elf_2026-01-29_21-46-23_7348bd83.jsonl
[DOCKER] Selected image for libc=glibc: arm32v7/ubuntu:22.04
[EventRouter] DEBUG: EXEC #33 filename='/bin/true', triggers=['eeb11c530964101aec090e59d56febfdca9be6d6eecbb2a4eab3c6ee2c126c1d.elf', '/tmp/eeb11c530964101aec090e59d56febfdca9be6d6eecbb2a4eab3c6ee2c126c1d.elf']
[CgroupManager] Added cgroup 50996 via bpftool
[EventRouter] ARM detected at event 127 for cgroup 50910
[EventRouter] Discarded 126 pre-ARM events for cgroup 50910
[EventRouter] ARM detected at event 129 for cgroup 50738
[EventRouter] Discarded 128 pre-ARM events for cgroup 50738
[EventRouter] DEBUG: EXEC #33 filename='/bin/true', triggers=['3273da6611722f3ddf4472d2b1e2c6403da360a106e6b902a3efaffddda7f301.elf', '/tmp/3273da6611722f3ddf4472d2b1e2c6403da360a106e6b902a3efaffddda7f301.elf']
[EventRouter] ARM detected at event 170 for cgroup 50824
[EventRouter] Discarded 169 pre-ARM events for cgroup 50824
[DOCKER] Container exit code: 0
[DOCKER][STDOUT] BEGIN
d14a028c2a3a2bc9476102bb288234c415a2b01f828ea62ac5b3e42f  -
[DOCKER][STDOUT] END
[DOCKER] Raw stdout saved: ../ELF_samples/benign_report/arm32_add/raw/dc251d5b63f687b70131f019c2ccd13f19bfff3c19a80de984df71d637d37064.elf_2026-01-29_21-46-23_05d10785_container_stdout.txt
[CgroupManager] Added cgroup 51082 via bpftool
[DOCKER] Container exit code: 0
[DOCKER][STDOUT] BEGIN
4294967295 0
[DOCKER][STDOUT] END
[DOCKER] Raw stdout saved: ../ELF_samples/benign_report/arm32_add/raw/eeb11c530964101aec090e59d56febfdca9be6d6eecbb2a4eab3c6ee2c126c1d.elf_2026-01-29_21-46-23_85394484_container_stdout.txt
[DOCKER] Container exit code: 0
[DOCKER][STDOUT] BEGIN
32df972a86744f1c768f2e4beb3959c1e86c00e52a7982a60c10bd6c5f435a52.elf
[DOCKER][STDOUT] END
[DOCKER] Raw stdout saved: ../ELF_samples/benign_report/arm32_add/raw/32df972a86744f1c768f2e4beb3959c1e86c00e52a7982a60c10bd6c5f435a52.elf_2026-01-29_21-46-23_01e6ad67_container_stdout.txt
[EventRouter] DEBUG: EXEC #33 filename='/bin/true', triggers=['94e3eaf4ecc372b54cf9458de2a424cb1272c27373efa4b40dfcddc1b1c4837e.elf', '/tmp/94e3eaf4ecc372b54cf9458de2a424cb1272c27373efa4b40dfcddc1b1c4837e.elf']
[CgroupManager] Added cgroup 51168 via bpftool
[EventRouter] DEBUG: EXEC #35 filename='/bin/true', triggers=['b63c89152cbdcbc4fbdeb0038b4c4d22f4d534afd9c0f520f9fd88a3d6aabd6f.elf', '/tmp/b63c89152cbdcbc4fbdeb0038b4c4d22f4d534afd9c0f520f9fd88a3d6aabd6f.elf']
[EventRouter] ARM detected at event 129 for cgroup 50996
[EventRouter] Discarded 128 pre-ARM events for cgroup 50996
[EventRouter] ARM detected at event 127 for cgroup 51082
[EventRouter] Discarded 126 pre-ARM events for cgroup 51082
[DOCKER] Container exit code: 0
[DOCKER][STDOUT] BEGIN
0
[DOCKER][STDOUT] END
[DOCKER] Raw stdout saved: ../ELF_samples/benign_report/arm32_add/raw/3273da6611722f3ddf4472d2b1e2c6403da360a106e6b902a3efaffddda7f301.elf_2026-01-29_21-46-23_7bdeb412_container_stdout.txt
[EventRouter] ARM detected at event 132 for cgroup 51168
[EventRouter] Discarded 131 pre-ARM events for cgroup 51168
[DOCKER] Container exit code: 1
[DOCKER] Container exit code: 0
[POOL] Collected 17 events for analysis (read from log file)
[POOL] Running analyzers on 17 events for dc251d5b63f687b70131f019c2ccd13f19bfff3c19a80de984df71d637d37064.elf
[POOL] Analysis completed: 0 findings in 0.00s (15375 events/s)
[AI-Integration] Submitted task: 05d10785
[AI] 05d10785 queued for DeepSeek analysis
[POOL] Collected 16 events for analysis (read from log file)
[POOL] Running analyzers on 16 events for eeb11c530964101aec090e59d56febfdca9be6d6eecbb2a4eab3c6ee2c126c1d.elf
[POOL] Analysis completed: 0 findings in 0.00s (14686 events/s)
[AI-Integration] Submitted task: 85394484
[AI] 85394484 queued for DeepSeek analysis
[CgroupManager] Removed cgroup 50824 via bpftool
[POOL] Cleanup scheduled for 1073e5bbc52b
[DockerWorker-3] ✓ Completed: dc251d5b63f687b70131f019c2ccd13f19bfff3c19a80de984df71d637d37064.elf (17 events) (1.17s)
[DockerWorker-3] Starting: 2d12db1608cfa36b872e85b5f4ebe8864b84d6287543826a06011d54c4115205.elf (40_32bit)
[ANALYSISLOG] 2d12db1608cfa36b872e85b5f4ebe8864b84d6287543826a06011d54c4115205.elf -> ../ELF_samples/benign_report/arm32_add/raw/2d12db1608cfa36b872e85b5f4ebe8864b84d6287543826a06011d54c4115205.elf_2026-01-29_21-46-24_58d6e507.jsonl
[DOCKER] Selected image for libc=glibc: arm32v7/ubuntu:22.04
[POOL] Collected 16 events for analysis (read from log file)
[POOL] Running analyzers on 16 events for 32df972a86744f1c768f2e4beb3959c1e86c00e52a7982a60c10bd6c5f435a52.elf
[POOL] Analysis completed: 0 findings in 0.00s (14484 events/s)
[AI-Integration] Submitted task: 01e6ad67
[AI] 01e6ad67 queued for DeepSeek analysis
[CgroupManager] Removed cgroup 50910 via bpftool
[POOL] Cleanup scheduled for 1c6013ca0ce1
[DockerWorker-1] ✓ Completed: eeb11c530964101aec090e59d56febfdca9be6d6eecbb2a4eab3c6ee2c126c1d.elf (16 events) (1.15s)
[DockerWorker-1] Starting: eff031362cab6383177ea51b84a99e621fcb2d3fba39a30cbbd35e86ad4c0514.elf (40_32bit)
[ANALYSISLOG] eff031362cab6383177ea51b84a99e621fcb2d3fba39a30cbbd35e86ad4c0514.elf -> ../ELF_samples/benign_report/arm32_add/raw/eff031362cab6383177ea51b84a99e621fcb2d3fba39a30cbbd35e86ad4c0514.elf_2026-01-29_21-46-24_2462fada.jsonl
[DOCKER] Selected image for libc=glibc: arm32v7/ubuntu:22.04
[CgroupManager] Removed cgroup 50738 via bpftool
[POOL] Cleanup scheduled for 42f7d96ac5d4
[DockerWorker-4] ✓ Completed: 32df972a86744f1c768f2e4beb3959c1e86c00e52a7982a60c10bd6c5f435a52.elf (16 events) (1.26s)
[DockerWorker-4] Starting: 763839e7b5ee6237ad940892a39887b894d39cd796e71cf411e26991fcdf0474.elf (40_32bit)
[ANALYSISLOG] 763839e7b5ee6237ad940892a39887b894d39cd796e71cf411e26991fcdf0474.elf -> ../ELF_samples/benign_report/arm32_add/raw/763839e7b5ee6237ad940892a39887b894d39cd796e71cf411e26991fcdf0474.elf_2026-01-29_21-46-24_24723d7e.jsonl
[DOCKER] Selected image for libc=glibc: arm32v7/ubuntu:22.04
[POOL] Collected 14 events for analysis (read from log file)
[POOL] Running analyzers on 14 events for 3273da6611722f3ddf4472d2b1e2c6403da360a106e6b902a3efaffddda7f301.elf
[POOL] Analysis completed: 0 findings in 0.00s (12684 events/s)
[AI-Integration] Submitted task: 7bdeb412
[AI] 7bdeb412 queued for DeepSeek analysis
[CgroupManager] Removed cgroup 50996 via bpftool
[POOL] Cleanup scheduled for acb5e5806a0a
[DockerWorker-2] ✓ Completed: 3273da6611722f3ddf4472d2b1e2c6403da360a106e6b902a3efaffddda7f301.elf (14 events) (1.14s)
[DockerWorker-2] Starting: 4deb8e150f55b82e165daa141bd56acf20ce649121fd55d41a3ebdfaf7abf32d.elf (40_32bit)
[ANALYSISLOG] 4deb8e150f55b82e165daa141bd56acf20ce649121fd55d41a3ebdfaf7abf32d.elf -> ../ELF_samples/benign_report/arm32_add/raw/4deb8e150f55b82e165daa141bd56acf20ce649121fd55d41a3ebdfaf7abf32d.elf_2026-01-29_21-46-24_f2b8c718.jsonl
[DOCKER] Selected image for libc=glibc: arm32v7/ubuntu:22.04
[POOL] Collected 13 events for analysis (read from log file)
[POOL] Running analyzers on 13 events for 94e3eaf4ecc372b54cf9458de2a424cb1272c27373efa4b40dfcddc1b1c4837e.elf
[POOL] Analysis completed: 0 findings in 0.00s (12126 events/s)
[AI-Integration] Submitted task: d72f7d89
[AI] d72f7d89 queued for DeepSeek analysis
[POOL] Collected 13 events for analysis (read from log file)
[POOL] Running analyzers on 13 events for b63c89152cbdcbc4fbdeb0038b4c4d22f4d534afd9c0f520f9fd88a3d6aabd6f.elf
[POOL] Analysis completed: 0 findings in 0.00s (12172 events/s)
[AI-Integration] Submitted task: 7348bd83
[AI] 7348bd83 queued for DeepSeek analysis
[CgroupManager] Removed cgroup 51082 via bpftool
[POOL] Cleanup scheduled for e3eafdb4fc13
[DockerWorker-0] ✓ Completed: 94e3eaf4ecc372b54cf9458de2a424cb1272c27373efa4b40dfcddc1b1c4837e.elf (13 events) (1.15s)
[DockerWorker-0] Starting: cdccc6ed00e16dd5f66fccb991d0f13e77b069b75088adb57677fcfbc8150885.elf (40_32bit)
[ANALYSISLOG] cdccc6ed00e16dd5f66fccb991d0f13e77b069b75088adb57677fcfbc8150885.elf -> ../ELF_samples/benign_report/arm32_add/raw/cdccc6ed00e16dd5f66fccb991d0f13e77b069b75088adb57677fcfbc8150885.elf_2026-01-29_21-46-24_7b3cd138.jsonl
[DOCKER] Selected image for libc=glibc: arm32v7/ubuntu:22.04
[CgroupManager] Removed cgroup 51168 via bpftool
[POOL] Cleanup scheduled for 9e0b7bd85740
[DockerWorker-5] ✓ Completed: b63c89152cbdcbc4fbdeb0038b4c4d22f4d534afd9c0f520f9fd88a3d6aabd6f.elf (13 events) (1.09s)
[DockerWorker-5] Starting: 1888abcc95d7081053b355be0a38b7fabf8e6da31b6da42f997ebcf2de197fff.elf (40_32bit)
[ANALYSISLOG] 1888abcc95d7081053b355be0a38b7fabf8e6da31b6da42f997ebcf2de197fff.elf -> ../ELF_samples/benign_report/arm32_add/raw/1888abcc95d7081053b355be0a38b7fabf8e6da31b6da42f997ebcf2de197fff.elf_2026-01-29_21-46-24_f34f0ec2.jsonl
[DOCKER] Selected image for libc=glibc: arm32v7/ubuntu:22.04
[AI-Integration] Job 6f921847 analyzed via deepseek
[CgroupManager] Added cgroup 51426 via bpftool
[CgroupManager] Added cgroup 51340 via bpftool
[CgroupManager] Added cgroup 51254 via bpftool
[EventRouter] DEBUG: EXEC #34 filename='/bin/true', triggers=['763839e7b5ee6237ad940892a39887b894d39cd796e71cf411e26991fcdf0474.elf', '/tmp/763839e7b5ee6237ad940892a39887b894d39cd796e71cf411e26991fcdf0474.elf']
[EventRouter] DEBUG: EXEC #33 filename='/bin/true', triggers=['2d12db1608cfa36b872e85b5f4ebe8864b84d6287543826a06011d54c4115205.elf', '/tmp/2d12db1608cfa36b872e85b5f4ebe8864b84d6287543826a06011d54c4115205.elf']
[EventRouter] DEBUG: EXEC #49 filename='/bin/true', triggers=['eff031362cab6383177ea51b84a99e621fcb2d3fba39a30cbbd35e86ad4c0514.elf', '/tmp/eff031362cab6383177ea51b84a99e621fcb2d3fba39a30cbbd35e86ad4c0514.elf']
[CgroupManager] Added cgroup 51512 via bpftool
[EventRouter] DEBUG: EXEC #33 filename='/bin/true', triggers=['4deb8e150f55b82e165daa141bd56acf20ce649121fd55d41a3ebdfaf7abf32d.elf', '/tmp/4deb8e150f55b82e165daa141bd56acf20ce649121fd55d41a3ebdfaf7abf32d.elf']
[EventRouter] ARM detected at event 142 for cgroup 51340
[EventRouter] Discarded 141 pre-ARM events for cgroup 51340
[CgroupManager] Added cgroup 51598 via bpftool
[CgroupManager] Added cgroup 51684 via bpftool
[EventRouter] DEBUG: EXEC #34 filename='/bin/true', triggers=['cdccc6ed00e16dd5f66fccb991d0f13e77b069b75088adb57677fcfbc8150885.elf', '/tmp/cdccc6ed00e16dd5f66fccb991d0f13e77b069b75088adb57677fcfbc8150885.elf']
[EventRouter] DEBUG: EXEC #33 filename='/bin/true', triggers=['1888abcc95d7081053b355be0a38b7fabf8e6da31b6da42f997ebcf2de197fff.elf', '/tmp/1888abcc95d7081053b355be0a38b7fabf8e6da31b6da42f997ebcf2de197fff.elf']
[EventRouter] ARM detected at event 146 for cgroup 51426
[EventRouter] Discarded 145 pre-ARM events for cgroup 51426
[DOCKER] Container exit code: 1
[DOCKER][STDOUT] BEGIN
/tmp/763839e7b5ee6237ad940892a39887b894d39cd796e71cf411e26991fcdf0474.elf: missing operand
Try '/tmp/763839e7b5ee6237ad940892a39887b894d39cd796e71cf411e26991fcdf0474.elf --help' for more information.
[DOCKER][STDOUT] END
[DOCKER] Raw stdout saved: ../ELF_samples/benign_report/arm32_add/raw/763839e7b5ee6237ad940892a39887b894d39cd796e71cf411e26991fcdf0474.elf_2026-01-29_21-46-24_24723d7e_container_stdout.txt
[EventRouter] ARM detected at event 162 for cgroup 51254
[EventRouter] Discarded 161 pre-ARM events for cgroup 51254
[DOCKER] Container exit code: 0
[DOCKER][STDOUT] BEGIN
cf83e1357eefb8bdf1542850d66d8007d620e4050b5715dc83f4a921d36ce9ce47d0d13c5d85f2b0ff8318d2877eec2f63b931bd47417a81a538327af927da3e  -
[DOCKER][STDOUT] END
[DOCKER] Raw stdout saved: ../ELF_samples/benign_report/arm32_add/raw/2d12db1608cfa36b872e85b5f4ebe8864b84d6287543826a06011d54c4115205.elf_2026-01-29_21-46-24_58d6e507_container_stdout.txt
[DOCKER] Container exit code: 2
[DOCKER][STDOUT] BEGIN
/tmp/eff031362cab6383177ea51b84a99e621fcb2d3fba39a30cbbd35e86ad4c0514.elf: missing operand
Try '/tmp/eff031362cab6383177ea51b84a99e621fcb2d3fba39a30cbbd35e86ad4c0514.elf --help' for more information.
[DOCKER][STDOUT] END
[DOCKER] Raw stdout saved: ../ELF_samples/benign_report/arm32_add/raw/eff031362cab6383177ea51b84a99e621fcb2d3fba39a30cbbd35e86ad4c0514.elf_2026-01-29_21-46-24_2462fada_container_stdout.txt
[EventRouter] ARM detected at event 127 for cgroup 51512
[EventRouter] Discarded 126 pre-ARM events for cgroup 51512
[EventRouter] ARM detected at event 145 for cgroup 51684
[EventRouter] Discarded 144 pre-ARM events for cgroup 51684
[EventRouter] ARM detected at event 131 for cgroup 51598
[EventRouter] Discarded 130 pre-ARM events for cgroup 51598
[DOCKER] Container exit code: 0
[DOCKER][STDOUT] BEGIN
cf83e1357eefb8bdf1542850d66d8007d620e4050b5715dc83f4a921d36ce9ce47d0d13c5d85f2b0ff8318d2877eec2f63b931bd47417a81a538327af927da3e  -
[DOCKER][STDOUT] END
[DOCKER] Raw stdout saved: ../ELF_samples/benign_report/arm32_add/raw/4deb8e150f55b82e165daa141bd56acf20ce649121fd55d41a3ebdfaf7abf32d.elf_2026-01-29_21-46-24_f2b8c718_container_stdout.txt
[DOCKER] Container exit code: 0
[DOCKER][STDOUT] BEGIN
200	.
[DOCKER][STDOUT] END
[DOCKER] Raw stdout saved: ../ELF_samples/benign_report/arm32_add/raw/1888abcc95d7081053b355be0a38b7fabf8e6da31b6da42f997ebcf2de197fff.elf_2026-01-29_21-46-24_f34f0ec2_container_stdout.txt
[DOCKER] Container exit code: 0
[DOCKER][STDOUT] BEGIN
11ac0400
[DOCKER][STDOUT] END
[DOCKER] Raw stdout saved: ../ELF_samples/benign_report/arm32_add/raw/cdccc6ed00e16dd5f66fccb991d0f13e77b069b75088adb57677fcfbc8150885.elf_2026-01-29_21-46-24_7b3cd138_container_stdout.txt
[AI-Integration] Job 375cd00a analyzed via deepseek
[POOL] Collected 17 events for analysis (read from log file)
[POOL] Running analyzers on 17 events for 763839e7b5ee6237ad940892a39887b894d39cd796e71cf411e26991fcdf0474.elf
[POOL] Analysis completed: 0 findings in 0.00s (16007 events/s)
[AI-Integration] Submitted task: 24723d7e
[AI] 24723d7e queued for DeepSeek analysis
[CgroupManager] Removed cgroup 51426 via bpftool
[POOL] Cleanup scheduled for 9053a422bc86
[DockerWorker-4] ✓ Completed: 763839e7b5ee6237ad940892a39887b894d39cd796e71cf411e26991fcdf0474.elf (17 events) (1.19s)
[DockerWorker-4] Starting: 7c19cf7df8553c2cebad4ce4b3324a63b150d2188c4678f0eb5d275631d2ac67.elf (40_32bit)
[ANALYSISLOG] 7c19cf7df8553c2cebad4ce4b3324a63b150d2188c4678f0eb5d275631d2ac67.elf -> ../ELF_samples/benign_report/arm32_add/raw/7c19cf7df8553c2cebad4ce4b3324a63b150d2188c4678f0eb5d275631d2ac67.elf_2026-01-29_21-46-25_b5616d50.jsonl
[DOCKER] Selected image for libc=glibc: arm32v7/ubuntu:22.04
[POOL] Collected 14 events for analysis (read from log file)
[POOL] Running analyzers on 14 events for 2d12db1608cfa36b872e85b5f4ebe8864b84d6287543826a06011d54c4115205.elf
[POOL] Analysis completed: 0 findings in 0.00s (12728 events/s)
[AI-Integration] Submitted task: 58d6e507
[AI] 58d6e507 queued for DeepSeek analysis
[CgroupManager] Removed cgroup 51340 via bpftool
[POOL] Cleanup scheduled for 9729d80cc573
[DockerWorker-3] ✓ Completed: 2d12db1608cfa36b872e85b5f4ebe8864b84d6287543826a06011d54c4115205.elf (14 events) (1.27s)
[DockerWorker-3] Starting: 7821c625ae689b690a0eda7b8cf5056b779ec1e4e93a46a7ce4f3be2a37d5353.elf (40_32bit)
[ANALYSISLOG] 7821c625ae689b690a0eda7b8cf5056b779ec1e4e93a46a7ce4f3be2a37d5353.elf -> ../ELF_samples/benign_report/arm32_add/raw/7821c625ae689b690a0eda7b8cf5056b779ec1e4e93a46a7ce4f3be2a37d5353.elf_2026-01-29_21-46-25_1ebfa989.jsonl
[DOCKER] Selected image for libc=glibc: arm32v7/ubuntu:22.04
[POOL] Collected 17 events for analysis (read from log file)
[POOL] Running analyzers on 17 events for eff031362cab6383177ea51b84a99e621fcb2d3fba39a30cbbd35e86ad4c0514.elf
[POOL] Analysis completed: 0 findings in 0.00s (15986 events/s)
[AI-Integration] Submitted task: 2462fada
[AI] 2462fada queued for DeepSeek analysis
[CgroupManager] Removed cgroup 51254 via bpftool
[POOL] Cleanup scheduled for 9fe8c272d10b
[DockerWorker-1] ✓ Completed: eff031362cab6383177ea51b84a99e621fcb2d3fba39a30cbbd35e86ad4c0514.elf (17 events) (1.30s)
[DockerWorker-1] Starting: bb3475ce642e411ee9c66f7a3afe524a095f6702514ce6b5b15381a7bb2f70b5.elf (40_32bit)
[ANALYSISLOG] bb3475ce642e411ee9c66f7a3afe524a095f6702514ce6b5b15381a7bb2f70b5.elf -> ../ELF_samples/benign_report/arm32_add/raw/bb3475ce642e411ee9c66f7a3afe524a095f6702514ce6b5b15381a7bb2f70b5.elf_2026-01-29_21-46-25_97eb0863.jsonl
[DOCKER] Selected image for libc=glibc: arm32v7/ubuntu:22.04
[AI-Integration] Job e8a78d12 analyzed via deepseek
[POOL] Collected 15 events for analysis (read from log file)
[POOL] Running analyzers on 15 events for 4deb8e150f55b82e165daa141bd56acf20ce649121fd55d41a3ebdfaf7abf32d.elf
[POOL] Analysis completed: 0 findings in 0.00s (13702 events/s)
[AI-Integration] Submitted task: f2b8c718
[AI] f2b8c718 queued for DeepSeek analysis
[POOL] Collected 16 events for analysis (read from log file)
[POOL] Running analyzers on 16 events for 1888abcc95d7081053b355be0a38b7fabf8e6da31b6da42f997ebcf2de197fff.elf
[POOL] Analysis completed: 0 findings in 0.00s (14764 events/s)
[AI-Integration] Submitted task: f34f0ec2
[AI] f34f0ec2 queued for DeepSeek analysis
[CgroupManager] Removed cgroup 51512 via bpftool
[POOL] Cleanup scheduled for 53150c817cb8
[DockerWorker-2] ✓ Completed: 4deb8e150f55b82e165daa141bd56acf20ce649121fd55d41a3ebdfaf7abf32d.elf (15 events) (1.26s)
[DockerWorker-2] Starting: 0090b6d2dfb923d5d97f46a8160f2a96ce235c7819a63cfda1d521bef0bba89a.elf (40_32bit)
[ANALYSISLOG] 0090b6d2dfb923d5d97f46a8160f2a96ce235c7819a63cfda1d521bef0bba89a.elf -> ../ELF_samples/benign_report/arm32_add/raw/0090b6d2dfb923d5d97f46a8160f2a96ce235c7819a63cfda1d521bef0bba89a.elf_2026-01-29_21-46-26_f2afe20d.jsonl
[DOCKER] Selected image for libc=glibc: arm32v7/ubuntu:22.04
[CgroupManager] Removed cgroup 51684 via bpftool
[POOL] Cleanup scheduled for 5e299e2ab4e0
[DockerWorker-5] ✓ Completed: 1888abcc95d7081053b355be0a38b7fabf8e6da31b6da42f997ebcf2de197fff.elf (16 events) (1.18s)
[DockerWorker-5] Starting: 5cce0b5a95dae863958e37336a5d36602bd3fe03e475a26ebd0b1f37083ba6e2.elf (40_32bit)
[ANALYSISLOG] 5cce0b5a95dae863958e37336a5d36602bd3fe03e475a26ebd0b1f37083ba6e2.elf -> ../ELF_samples/benign_report/arm32_add/raw/5cce0b5a95dae863958e37336a5d36602bd3fe03e475a26ebd0b1f37083ba6e2.elf_2026-01-29_21-46-26_7943c05c.jsonl
[DOCKER] Selected image for libc=glibc: arm32v7/ubuntu:22.04
[POOL] Collected 26 events for analysis (read from log file)
[POOL] Running analyzers on 26 events for cdccc6ed00e16dd5f66fccb991d0f13e77b069b75088adb57677fcfbc8150885.elf
[POOL] Analysis completed: 0 findings in 0.00s (23918 events/s)
[AI-Integration] Submitted task: 7b3cd138
[AI] 7b3cd138 queued for DeepSeek analysis
[CgroupManager] Removed cgroup 51598 via bpftool
[POOL] Cleanup scheduled for f760d37f4d92
[DockerWorker-0] ✓ Completed: cdccc6ed00e16dd5f66fccb991d0f13e77b069b75088adb57677fcfbc8150885.elf (26 events) (1.21s)
[DockerWorker-0] Starting: 7ff9667124cd2a78f2bb1614a60ddcf9251f7e60be5b88cf2ce7023de9101b69.elf (40_32bit)
[ANALYSISLOG] 7ff9667124cd2a78f2bb1614a60ddcf9251f7e60be5b88cf2ce7023de9101b69.elf -> ../ELF_samples/benign_report/arm32_add/raw/7ff9667124cd2a78f2bb1614a60ddcf9251f7e60be5b88cf2ce7023de9101b69.elf_2026-01-29_21-46-26_f53d0f70.jsonl
[DOCKER] Selected image for libc=glibc: arm32v7/ubuntu:22.04
[CgroupManager] Added cgroup 51770 via bpftool
[EventRouter] DEBUG: EXEC #50 filename='/bin/true', triggers=['7c19cf7df8553c2cebad4ce4b3324a63b150d2188c4678f0eb5d275631d2ac67.elf', '/tmp/7c19cf7df8553c2cebad4ce4b3324a63b150d2188c4678f0eb5d275631d2ac67.elf']
[CgroupManager] Added cgroup 51856 via bpftool
[CgroupManager] Added cgroup 51942 via bpftool
[EventRouter] DEBUG: EXEC #33 filename='/bin/true', triggers=['7821c625ae689b690a0eda7b8cf5056b779ec1e4e93a46a7ce4f3be2a37d5353.elf', '/tmp/7821c625ae689b690a0eda7b8cf5056b779ec1e4e93a46a7ce4f3be2a37d5353.elf']
[EventRouter] DEBUG: EXEC #35 filename='/bin/true', triggers=['bb3475ce642e411ee9c66f7a3afe524a095f6702514ce6b5b15381a7bb2f70b5.elf', '/tmp/bb3475ce642e411ee9c66f7a3afe524a095f6702514ce6b5b15381a7bb2f70b5.elf']
[EventRouter] ARM detected at event 143 for cgroup 51770
[EventRouter] Discarded 142 pre-ARM events for cgroup 51770
[CgroupManager] Added cgroup 52114 via bpftool
[EventRouter] ARM detected at event 127 for cgroup 51856
[EventRouter] Discarded 126 pre-ARM events for cgroup 51856
[CgroupManager] Added cgroup 52028 via bpftool
[CgroupManager] Added cgroup 52200 via bpftool
[DOCKER] Container exit code: 0
[DOCKER][STDOUT] BEGIN
/tmp/tmp.BwDJpIjgsh
[DOCKER][STDOUT] END
[DOCKER] Raw stdout saved: ../ELF_samples/benign_report/arm32_add/raw/7c19cf7df8553c2cebad4ce4b3324a63b150d2188c4678f0eb5d275631d2ac67.elf_2026-01-29_21-46-25_b5616d50_container_stdout.txt
[EventRouter] DEBUG: EXEC #33 filename='/bin/true', triggers=['5cce0b5a95dae863958e37336a5d36602bd3fe03e475a26ebd0b1f37083ba6e2.elf', '/tmp/5cce0b5a95dae863958e37336a5d36602bd3fe03e475a26ebd0b1f37083ba6e2.elf']
[DOCKER] Container exit code: 0
[EventRouter] ARM detected at event 128 for cgroup 51942
[EventRouter] Discarded 127 pre-ARM events for cgroup 51942
[EventRouter] DEBUG: EXEC #50 filename='/bin/true', triggers=['0090b6d2dfb923d5d97f46a8160f2a96ce235c7819a63cfda1d521bef0bba89a.elf', '/tmp/0090b6d2dfb923d5d97f46a8160f2a96ce235c7819a63cfda1d521bef0bba89a.elf']
[EventRouter] DEBUG: EXEC #33 filename='/bin/true', triggers=['7ff9667124cd2a78f2bb1614a60ddcf9251f7e60be5b88cf2ce7023de9101b69.elf', '/tmp/7ff9667124cd2a78f2bb1614a60ddcf9251f7e60be5b88cf2ce7023de9101b69.elf']
[DOCKER] Container exit code: 1
[DOCKER][STDOUT] BEGIN
/tmp/bb3475ce642e411ee9c66f7a3afe524a095f6702514ce6b5b15381a7bb2f70b5.elf: missing operand
Try '/tmp/bb3475ce642e411ee9c66f7a3afe524a095f6702514ce6b5b15381a7bb2f70b5.elf --help' for more information.
[DOCKER][STDOUT] END
[DOCKER] Raw stdout saved: ../ELF_samples/benign_report/arm32_add/raw/bb3475ce642e411ee9c66f7a3afe524a095f6702514ce6b5b15381a7bb2f70b5.elf_2026-01-29_21-46-25_97eb0863_container_stdout.txt
[EventRouter] ARM detected at event 129 for cgroup 52200
[EventRouter] Discarded 128 pre-ARM events for cgroup 52200
[EventRouter] ARM detected at event 127 for cgroup 52114
[EventRouter] Discarded 126 pre-ARM events for cgroup 52114
[EventRouter] ARM detected at event 143 for cgroup 52028
[EventRouter] Discarded 142 pre-ARM events for cgroup 52028
[DOCKER] Container exit code: 0
[DOCKER] Container exit code: 1
[DOCKER][STDOUT] BEGIN
/tmp/5cce0b5a95dae863958e37336a5d36602bd3fe03e475a26ebd0b1f37083ba6e2.elf: missing operand
Try '/tmp/5cce0b5a95dae863958e37336a5d36602bd3fe03e475a26ebd0b1f37083ba6e2.elf --help' for more information.
[DOCKER][STDOUT] END
[DOCKER] Raw stdout saved: ../ELF_samples/benign_report/arm32_add/raw/5cce0b5a95dae863958e37336a5d36602bd3fe03e475a26ebd0b1f37083ba6e2.elf_2026-01-29_21-46-26_7943c05c_container_stdout.txt
[DOCKER] Container exit code: 0
[DOCKER][STDOUT] BEGIN
HOSTNAME=dce1062088b0
HOME=/root
PATH=/usr/local/sbin:/usr/local/bin:/usr/sbin:/usr/bin:/sbin:/bin
PWD=/tmp
[DOCKER][STDOUT] END
[DOCKER] Raw stdout saved: ../ELF_samples/benign_report/arm32_add/raw/0090b6d2dfb923d5d97f46a8160f2a96ce235c7819a63cfda1d521bef0bba89a.elf_2026-01-29_21-46-26_f2afe20d_container_stdout.txt
[AI-Integration] Job a3d2042b analyzed via deepseek
[POOL] Collected 21 events for analysis (read from log file)
[POOL] Running analyzers on 21 events for 7c19cf7df8553c2cebad4ce4b3324a63b150d2188c4678f0eb5d275631d2ac67.elf
[POOL] Analysis completed: 0 findings in 0.00s (18341 events/s)
[AI-Integration] Submitted task: b5616d50
[AI] b5616d50 queued for DeepSeek analysis
[POOL] Collected 13 events for analysis (read from log file)
[POOL] Running analyzers on 13 events for 7821c625ae689b690a0eda7b8cf5056b779ec1e4e93a46a7ce4f3be2a37d5353.elf
[POOL] Analysis completed: 0 findings in 0.00s (12439 events/s)
[AI-Integration] Submitted task: 1ebfa989
[AI] 1ebfa989 queued for DeepSeek analysis
[CgroupManager] Removed cgroup 51770 via bpftool
[POOL] Cleanup scheduled for 7ececeef04d1
[DockerWorker-4] ✓ Completed: 7c19cf7df8553c2cebad4ce4b3324a63b150d2188c4678f0eb5d275631d2ac67.elf (21 events) (1.18s)
[DockerWorker-4] Starting: c3c7a5f928bdcc58292bd0a8a6dcc3af20d186687cfe5b59b357c1bed6373ae0.elf (40_32bit)
[ANALYSISLOG] c3c7a5f928bdcc58292bd0a8a6dcc3af20d186687cfe5b59b357c1bed6373ae0.elf -> ../ELF_samples/benign_report/arm32_add/raw/c3c7a5f928bdcc58292bd0a8a6dcc3af20d186687cfe5b59b357c1bed6373ae0.elf_2026-01-29_21-46-27_cffe7fbe.jsonl
[DOCKER] Selected image for libc=glibc: arm32v7/ubuntu:22.04
[CgroupManager] Removed cgroup 51856 via bpftool
[POOL] Cleanup scheduled for e265510c50a0
[DockerWorker-3] ✓ Completed: 7821c625ae689b690a0eda7b8cf5056b779ec1e4e93a46a7ce4f3be2a37d5353.elf (13 events) (1.13s)
[DockerWorker-3] Starting: a03c6ded2d48e9c829753f11d29ba1800aed82decf4f4a3d653372d1286e9040.elf (40_32bit)
[ANALYSISLOG] a03c6ded2d48e9c829753f11d29ba1800aed82decf4f4a3d653372d1286e9040.elf -> ../ELF_samples/benign_report/arm32_add/raw/a03c6ded2d48e9c829753f11d29ba1800aed82decf4f4a3d653372d1286e9040.elf_2026-01-29_21-46-27_da7c3218.jsonl
[DOCKER] Selected image for libc=glibc: arm32v7/ubuntu:22.04
[POOL] Collected 17 events for analysis (read from log file)
[POOL] Running analyzers on 17 events for bb3475ce642e411ee9c66f7a3afe524a095f6702514ce6b5b15381a7bb2f70b5.elf
[POOL] Analysis completed: 0 findings in 0.00s (15714 events/s)
[AI-Integration] Submitted task: 97eb0863
[AI] 97eb0863 queued for DeepSeek analysis
[AI-Integration] Job dd3646f7 analyzed via deepseek
[CgroupManager] Removed cgroup 51942 via bpftool
[POOL] Cleanup scheduled for 70b41e97cc61
[DockerWorker-1] ✓ Completed: bb3475ce642e411ee9c66f7a3afe524a095f6702514ce6b5b15381a7bb2f70b5.elf (17 events) (1.13s)
[DockerWorker-1] Starting: e5876ec7bb6a241ec8e62c720ebb9778311e90553887aa0ca3e4b904391db2bf.elf (40_32bit)
[ANALYSISLOG] e5876ec7bb6a241ec8e62c720ebb9778311e90553887aa0ca3e4b904391db2bf.elf -> ../ELF_samples/benign_report/arm32_add/raw/e5876ec7bb6a241ec8e62c720ebb9778311e90553887aa0ca3e4b904391db2bf.elf_2026-01-29_21-46-27_abcf80f9.jsonl
[DOCKER] Selected image for libc=glibc: arm32v7/ubuntu:22.04
[AI-Integration] Job 75ee1eff analyzed via deepseek
[POOL] Collected 13 events for analysis (read from log file)
[POOL] Running analyzers on 13 events for 7ff9667124cd2a78f2bb1614a60ddcf9251f7e60be5b88cf2ce7023de9101b69.elf
[POOL] Analysis completed: 0 findings in 0.00s (12402 events/s)
[AI-Integration] Submitted task: f53d0f70
[AI] f53d0f70 queued for DeepSeek analysis
[CgroupManager] Removed cgroup 52200 via bpftool
[POOL] Cleanup scheduled for 966d01ddbc66
[DockerWorker-0] ✓ Completed: 7ff9667124cd2a78f2bb1614a60ddcf9251f7e60be5b88cf2ce7023de9101b69.elf (13 events) (1.15s)
[DockerWorker-0] Starting: b9542ebcaeaff63fad5aac666a228b17fd676b5ce2020302d5addd910e529a5c.elf (40_32bit)
[ANALYSISLOG] b9542ebcaeaff63fad5aac666a228b17fd676b5ce2020302d5addd910e529a5c.elf -> ../ELF_samples/benign_report/arm32_add/raw/b9542ebcaeaff63fad5aac666a228b17fd676b5ce2020302d5addd910e529a5c.elf_2026-01-29_21-46-27_a742a9e9.jsonl
[DOCKER] Selected image for libc=glibc: arm32v7/ubuntu:22.04
[POOL] Collected 19 events for analysis (read from log file)
[POOL] Running analyzers on 19 events for 5cce0b5a95dae863958e37336a5d36602bd3fe03e475a26ebd0b1f37083ba6e2.elf
[POOL] Analysis completed: 0 findings in 0.00s (17394 events/s)
[AI-Integration] Submitted task: 7943c05c
[AI] 7943c05c queued for DeepSeek analysis
[CgroupManager] Removed cgroup 52114 via bpftool
[POOL] Cleanup scheduled for 97ba9fb8e06c
[DockerWorker-5] ✓ Completed: 5cce0b5a95dae863958e37336a5d36602bd3fe03e475a26ebd0b1f37083ba6e2.elf (19 events) (1.23s)
[DockerWorker-5] Starting: 17952d321735b82b39f47a3ddeee27f4b7498fd7bc5722258ab7867c700f4ffa.elf (40_32bit)
[ANALYSISLOG] 17952d321735b82b39f47a3ddeee27f4b7498fd7bc5722258ab7867c700f4ffa.elf -> ../ELF_samples/benign_report/arm32_add/raw/17952d321735b82b39f47a3ddeee27f4b7498fd7bc5722258ab7867c700f4ffa.elf_2026-01-29_21-46-27_1e1166a9.jsonl
[DOCKER] Selected image for libc=glibc: arm32v7/ubuntu:22.04
[POOL] Collected 15 events for analysis (read from log file)
[POOL] Running analyzers on 15 events for 0090b6d2dfb923d5d97f46a8160f2a96ce235c7819a63cfda1d521bef0bba89a.elf
[POOL] Analysis completed: 0 findings in 0.00s (14153 events/s)
[AI-Integration] Submitted task: f2afe20d
[AI] f2afe20d queued for DeepSeek analysis
[CgroupManager] Removed cgroup 52028 via bpftool
[POOL] Cleanup scheduled for dce1062088b0
[DockerWorker-2] ✓ Completed: 0090b6d2dfb923d5d97f46a8160f2a96ce235c7819a63cfda1d521bef0bba89a.elf (15 events) (1.26s)
[DockerWorker-2] Starting: 7911f744d316086722a69286caf413c21dd17334a95e38bef66d6a4ad59b8231.elf (40_32bit)
[ANALYSISLOG] 7911f744d316086722a69286caf413c21dd17334a95e38bef66d6a4ad59b8231.elf -> ../ELF_samples/benign_report/arm32_add/raw/7911f744d316086722a69286caf413c21dd17334a95e38bef66d6a4ad59b8231.elf_2026-01-29_21-46-27_a75e46d7.jsonl
[DOCKER] Selected image for libc=glibc: arm32v7/ubuntu:22.04
[CgroupManager] Added cgroup 52372 via bpftool
[CgroupManager] Added cgroup 52286 via bpftool
[CgroupManager] Added cgroup 52458 via bpftool
[EventRouter] DEBUG: EXEC #49 filename='/bin/true', triggers=['a03c6ded2d48e9c829753f11d29ba1800aed82decf4f4a3d653372d1286e9040.elf', '/tmp/a03c6ded2d48e9c829753f11d29ba1800aed82decf4f4a3d653372d1286e9040.elf']
[EventRouter] DEBUG: EXEC #49 filename='/bin/true', triggers=['c3c7a5f928bdcc58292bd0a8a6dcc3af20d186687cfe5b59b357c1bed6373ae0.elf', '/tmp/c3c7a5f928bdcc58292bd0a8a6dcc3af20d186687cfe5b59b357c1bed6373ae0.elf']
[EventRouter] DEBUG: EXEC #33 filename='/bin/true', triggers=['e5876ec7bb6a241ec8e62c720ebb9778311e90553887aa0ca3e4b904391db2bf.elf', '/tmp/e5876ec7bb6a241ec8e62c720ebb9778311e90553887aa0ca3e4b904391db2bf.elf']
[CgroupManager] Added cgroup 52544 via bpftool
[EventRouter] DEBUG: EXEC #49 filename='/bin/true', triggers=['b9542ebcaeaff63fad5aac666a228b17fd676b5ce2020302d5addd910e529a5c.elf', '/tmp/b9542ebcaeaff63fad5aac666a228b17fd676b5ce2020302d5addd910e529a5c.elf']
[EventRouter] ARM detected at event 142 for cgroup 52372
[EventRouter] Discarded 141 pre-ARM events for cgroup 52372
[EventRouter] ARM detected at event 162 for cgroup 52286
[EventRouter] Discarded 161 pre-ARM events for cgroup 52286
[EventRouter] ARM detected at event 145 for cgroup 52458
[EventRouter] Discarded 144 pre-ARM events for cgroup 52458
[CgroupManager] Added cgroup 52630 via bpftool
[CgroupManager] Added cgroup 52716 via bpftool
[DOCKER] Container exit code: 1
[DOCKER][STDOUT] BEGIN
/tmp/e5876ec7bb6a241ec8e62c720ebb9778311e90553887aa0ca3e4b904391db2bf.elf: missing operand
Try '/tmp/e5876ec7bb6a241ec8e62c720ebb9778311e90553887aa0ca3e4b904391db2bf.elf --help' for more information.
[DOCKER][STDOUT] END
[DOCKER] Raw stdout saved: ../ELF_samples/benign_report/arm32_add/raw/e5876ec7bb6a241ec8e62c720ebb9778311e90553887aa0ca3e4b904391db2bf.elf_2026-01-29_21-46-27_abcf80f9_container_stdout.txt
[DOCKER] Container exit code: 1
[DOCKER][STDOUT] BEGIN
not a tty
[DOCKER][STDOUT] END
[DOCKER] Raw stdout saved: ../ELF_samples/benign_report/arm32_add/raw/a03c6ded2d48e9c829753f11d29ba1800aed82decf4f4a3d653372d1286e9040.elf_2026-01-29_21-46-27_da7c3218_container_stdout.txt
[EventRouter] DEBUG: EXEC #50 filename='/bin/true', triggers=['7911f744d316086722a69286caf413c21dd17334a95e38bef66d6a4ad59b8231.elf', '/tmp/7911f744d316086722a69286caf413c21dd17334a95e38bef66d6a4ad59b8231.elf']
[EventRouter] DEBUG: EXEC #32 filename='/bin/true', triggers=['17952d321735b82b39f47a3ddeee27f4b7498fd7bc5722258ab7867c700f4ffa.elf', '/tmp/17952d321735b82b39f47a3ddeee27f4b7498fd7bc5722258ab7867c700f4ffa.elf']
[DOCKER] Container exit code: 0
[DOCKER][STDOUT] BEGIN
Thu Jan 29 13:46:27 UTC 2026
[DOCKER][STDOUT] END
[DOCKER] Raw stdout saved: ../ELF_samples/benign_report/arm32_add/raw/c3c7a5f928bdcc58292bd0a8a6dcc3af20d186687cfe5b59b357c1bed6373ae0.elf_2026-01-29_21-46-27_cffe7fbe_container_stdout.txt
[EventRouter] ARM detected at event 142 for cgroup 52544
[EventRouter] Discarded 141 pre-ARM events for cgroup 52544
[DOCKER] Container exit code: 0
[DOCKER][STDOUT] BEGIN
root
[DOCKER][STDOUT] END
[DOCKER] Raw stdout saved: ../ELF_samples/benign_report/arm32_add/raw/b9542ebcaeaff63fad5aac666a228b17fd676b5ce2020302d5addd910e529a5c.elf_2026-01-29_21-46-27_a742a9e9_container_stdout.txt
[EventRouter] ARM detected at event 126 for cgroup 52630
[EventRouter] Discarded 125 pre-ARM events for cgroup 52630
[EventRouter] ARM detected at event 145 for cgroup 52716
[EventRouter] Discarded 144 pre-ARM events for cgroup 52716
[DOCKER] Container exit code: 1
[DOCKER][STDOUT] BEGIN
/tmp/7911f744d316086722a69286caf413c21dd17334a95e38bef66d6a4ad59b8231.elf: missing operand
Try '/tmp/7911f744d316086722a69286caf413c21dd17334a95e38bef66d6a4ad59b8231.elf --help' for more information.
[DOCKER][STDOUT] END
[DOCKER] Raw stdout saved: ../ELF_samples/benign_report/arm32_add/raw/7911f744d316086722a69286caf413c21dd17334a95e38bef66d6a4ad59b8231.elf_2026-01-29_21-46-27_a75e46d7_container_stdout.txt
[DOCKER] Container exit code: 1
[DOCKER][STDOUT] BEGIN
not a tty
[DOCKER][STDOUT] END
[DOCKER] Raw stdout saved: ../ELF_samples/benign_report/arm32_add/raw/17952d321735b82b39f47a3ddeee27f4b7498fd7bc5722258ab7867c700f4ffa.elf_2026-01-29_21-46-27_1e1166a9_container_stdout.txt
[POOL] Collected 17 events for analysis (read from log file)
[POOL] Running analyzers on 17 events for e5876ec7bb6a241ec8e62c720ebb9778311e90553887aa0ca3e4b904391db2bf.elf
[POOL] Analysis completed: 0 findings in 0.00s (14767 events/s)
[AI-Integration] Submitted task: abcf80f9
[AI] abcf80f9 queued for DeepSeek analysis
[POOL] Collected 15 events for analysis (read from log file)
[POOL] Running analyzers on 15 events for a03c6ded2d48e9c829753f11d29ba1800aed82decf4f4a3d653372d1286e9040.elf
[POOL] Analysis completed: 0 findings in 0.00s (14111 events/s)
[AI-Integration] Submitted task: da7c3218
[AI] da7c3218 queued for DeepSeek analysis
[CgroupManager] Removed cgroup 52458 via bpftool
[POOL] Cleanup scheduled for e7577d6e0ac7
[DockerWorker-1] ✓ Completed: e5876ec7bb6a241ec8e62c720ebb9778311e90553887aa0ca3e4b904391db2bf.elf (17 events) (1.16s)
[DockerWorker-1] Starting: 23c822430cb7f56a4bd010bf373c86d70010fd528e390618570eb1f096052d2e.elf (40_32bit)
[ANALYSISLOG] 23c822430cb7f56a4bd010bf373c86d70010fd528e390618570eb1f096052d2e.elf -> ../ELF_samples/benign_report/arm32_add/raw/23c822430cb7f56a4bd010bf373c86d70010fd528e390618570eb1f096052d2e.elf_2026-01-29_21-46-28_49444ff7.jsonl
[DOCKER] Selected image for libc=glibc: arm32v7/ubuntu:22.04
[CgroupManager] Removed cgroup 52372 via bpftool
[POOL] Cleanup scheduled for 8a6fafcde6d6
[DockerWorker-3] ✓ Completed: a03c6ded2d48e9c829753f11d29ba1800aed82decf4f4a3d653372d1286e9040.elf (15 events) (1.21s)
[DockerWorker-3] Starting: 27bb30dd0591e189db1e5ecc3398b1d9410f58cdce58a61534498939efe44148.elf (40_32bit)
[ANALYSISLOG] 27bb30dd0591e189db1e5ecc3398b1d9410f58cdce58a61534498939efe44148.elf -> ../ELF_samples/benign_report/arm32_add/raw/27bb30dd0591e189db1e5ecc3398b1d9410f58cdce58a61534498939efe44148.elf_2026-01-29_21-46-28_1ad41733.jsonl
[DOCKER] Selected image for libc=glibc: arm32v7/ubuntu:22.04
[POOL] Collected 15 events for analysis (read from log file)
[POOL] Running analyzers on 15 events for c3c7a5f928bdcc58292bd0a8a6dcc3af20d186687cfe5b59b357c1bed6373ae0.elf
[POOL] Analysis completed: 0 findings in 0.00s (13853 events/s)
[AI-Integration] Submitted task: cffe7fbe
[AI] cffe7fbe queued for DeepSeek analysis
[CgroupManager] Removed cgroup 52286 via bpftool
[POOL] Cleanup scheduled for 7c6ce374e9f2
[DockerWorker-4] ✓ Completed: c3c7a5f928bdcc58292bd0a8a6dcc3af20d186687cfe5b59b357c1bed6373ae0.elf (15 events) (1.29s)
[DockerWorker-4] Starting: d607e0f6b91f117a8a3de2b314a5351a41b687cb3f656868d43a59773b4953f6.elf (40_32bit)
[ANALYSISLOG] d607e0f6b91f117a8a3de2b314a5351a41b687cb3f656868d43a59773b4953f6.elf -> ../ELF_samples/benign_report/arm32_add/raw/d607e0f6b91f117a8a3de2b314a5351a41b687cb3f656868d43a59773b4953f6.elf_2026-01-29_21-46-28_b5610a6d.jsonl
[DOCKER] Selected image for libc=glibc: arm32v7/ubuntu:22.04
[POOL] Collected 22 events for analysis (read from log file)
[POOL] Running analyzers on 22 events for b9542ebcaeaff63fad5aac666a228b17fd676b5ce2020302d5addd910e529a5c.elf
[POOL] Analysis completed: 0 findings in 0.00s (19984 events/s)
[AI-Integration] Submitted task: a742a9e9
[AI] a742a9e9 queued for DeepSeek analysis
[CgroupManager] Removed cgroup 52544 via bpftool
[POOL] Cleanup scheduled for 583e186c5342
[DockerWorker-0] ✓ Completed: b9542ebcaeaff63fad5aac666a228b17fd676b5ce2020302d5addd910e529a5c.elf (22 events) (1.08s)
[DockerWorker-0] Starting: 9acb5b8eb8e5cee8460c582af09159a556ca14b1b0e1d3401cb5820bd8cd6fbb.elf (40_32bit)
[ANALYSISLOG] 9acb5b8eb8e5cee8460c582af09159a556ca14b1b0e1d3401cb5820bd8cd6fbb.elf -> ../ELF_samples/benign_report/arm32_add/raw/9acb5b8eb8e5cee8460c582af09159a556ca14b1b0e1d3401cb5820bd8cd6fbb.elf_2026-01-29_21-46-28_9c10dd20.jsonl
[DOCKER] Selected image for libc=glibc: arm32v7/ubuntu:22.04
[POOL] Collected 17 events for analysis (read from log file)
[POOL] Running analyzers on 17 events for 7911f744d316086722a69286caf413c21dd17334a95e38bef66d6a4ad59b8231.elf
[POOL] Analysis completed: 0 findings in 0.00s (15886 events/s)
[AI-Integration] Submitted task: a75e46d7
[AI] a75e46d7 queued for DeepSeek analysis
[CgroupManager] Removed cgroup 52716 via bpftool
[POOL] Cleanup scheduled for 62e9a6e50761
[DockerWorker-2] ✓ Completed: 7911f744d316086722a69286caf413c21dd17334a95e38bef66d6a4ad59b8231.elf (17 events) (1.11s)
[DockerWorker-2] Starting: a120ceb26d9fdfd5e0fc90c3d67e053fd0a0c1d85478f7d8eb72cbc01f82f8f1.elf (40_32bit)
[ANALYSISLOG] a120ceb26d9fdfd5e0fc90c3d67e053fd0a0c1d85478f7d8eb72cbc01f82f8f1.elf -> ../ELF_samples/benign_report/arm32_add/raw/a120ceb26d9fdfd5e0fc90c3d67e053fd0a0c1d85478f7d8eb72cbc01f82f8f1.elf_2026-01-29_21-46-28_2b216b13.jsonl
[DOCKER] Selected image for libc=glibc: arm32v7/ubuntu:22.04
[POOL] Collected 16 events for analysis (read from log file)
[POOL] Running analyzers on 16 events for 17952d321735b82b39f47a3ddeee27f4b7498fd7bc5722258ab7867c700f4ffa.elf
[POOL] Analysis completed: 0 findings in 0.00s (13472 events/s)
[AI-Integration] Submitted task: 1e1166a9
[AI] 1e1166a9 queued for DeepSeek analysis
[CgroupManager] Removed cgroup 52630 via bpftool
[POOL] Cleanup scheduled for 69fe438ca740
[DockerWorker-5] ✓ Completed: 17952d321735b82b39f47a3ddeee27f4b7498fd7bc5722258ab7867c700f4ffa.elf (16 events) (1.17s)
[DockerWorker-5] Starting: 45bb60eb2e28109b1b5e18e8e88b08bd6ce19b3cc41f5c71872bd7fad6291dea.elf (40_32bit)
[ANALYSISLOG] 45bb60eb2e28109b1b5e18e8e88b08bd6ce19b3cc41f5c71872bd7fad6291dea.elf -> ../ELF_samples/benign_report/arm32_add/raw/45bb60eb2e28109b1b5e18e8e88b08bd6ce19b3cc41f5c71872bd7fad6291dea.elf_2026-01-29_21-46-28_25978839.jsonl
[DOCKER] Selected image for libc=glibc: arm32v7/ubuntu:22.04
[CgroupManager] Added cgroup 52888 via bpftool
[CgroupManager] Added cgroup 52802 via bpftool
[EventRouter] DEBUG: EXEC #33 filename='/bin/true', triggers=['23c822430cb7f56a4bd010bf373c86d70010fd528e390618570eb1f096052d2e.elf', '/tmp/23c822430cb7f56a4bd010bf373c86d70010fd528e390618570eb1f096052d2e.elf']
[EventRouter] DEBUG: EXEC #33 filename='/bin/true', triggers=['27bb30dd0591e189db1e5ecc3398b1d9410f58cdce58a61534498939efe44148.elf', '/tmp/27bb30dd0591e189db1e5ecc3398b1d9410f58cdce58a61534498939efe44148.elf']
[CgroupManager] Added cgroup 52974 via bpftool
[EventRouter] DEBUG: EXEC #33 filename='/bin/true', triggers=['d607e0f6b91f117a8a3de2b314a5351a41b687cb3f656868d43a59773b4953f6.elf', '/tmp/d607e0f6b91f117a8a3de2b314a5351a41b687cb3f656868d43a59773b4953f6.elf']
[CgroupManager] Added cgroup 53060 via bpftool
[EventRouter] DEBUG: EXEC #33 filename='/bin/true', triggers=['9acb5b8eb8e5cee8460c582af09159a556ca14b1b0e1d3401cb5820bd8cd6fbb.elf', '/tmp/9acb5b8eb8e5cee8460c582af09159a556ca14b1b0e1d3401cb5820bd8cd6fbb.elf']
[CgroupManager] Added cgroup 53146 via bpftool
[EventRouter] ARM detected at event 144 for cgroup 52802
[EventRouter] Discarded 143 pre-ARM events for cgroup 52802
[CgroupManager] Added cgroup 53232 via bpftool
[EventRouter] DEBUG: EXEC #33 filename='/bin/true', triggers=['a120ceb26d9fdfd5e0fc90c3d67e053fd0a0c1d85478f7d8eb72cbc01f82f8f1.elf', '/tmp/a120ceb26d9fdfd5e0fc90c3d67e053fd0a0c1d85478f7d8eb72cbc01f82f8f1.elf']
[EventRouter] DEBUG: EXEC #34 filename='/bin/true', triggers=['45bb60eb2e28109b1b5e18e8e88b08bd6ce19b3cc41f5c71872bd7fad6291dea.elf', '/tmp/45bb60eb2e28109b1b5e18e8e88b08bd6ce19b3cc41f5c71872bd7fad6291dea.elf']
[EventRouter] ARM detected at event 127 for cgroup 52888
[EventRouter] Discarded 126 pre-ARM events for cgroup 52888
[DOCKER] Container exit code: 0
[EventRouter] ARM detected at event 145 for cgroup 53060
[EventRouter] Discarded 144 pre-ARM events for cgroup 53060
[DOCKER] Container exit code: 1
[DOCKER][STDOUT] BEGIN
/tmp/27bb30dd0591e189db1e5ecc3398b1d9410f58cdce58a61534498939efe44148.elf: missing operand
Try '/tmp/27bb30dd0591e189db1e5ecc3398b1d9410f58cdce58a61534498939efe44148.elf --help' for more information.
[DOCKER][STDOUT] END
[DOCKER] Raw stdout saved: ../ELF_samples/benign_report/arm32_add/raw/27bb30dd0591e189db1e5ecc3398b1d9410f58cdce58a61534498939efe44148.elf_2026-01-29_21-46-28_1ad41733_container_stdout.txt
[EventRouter] ARM detected at event 130 for cgroup 52974
[EventRouter] Discarded 129 pre-ARM events for cgroup 52974
[DOCKER] Container exit code: 0
[DOCKER] Container exit code: 2
[DOCKER][STDOUT] BEGIN
/tmp/9acb5b8eb8e5cee8460c582af09159a556ca14b1b0e1d3401cb5820bd8cd6fbb.elf: missing operand
Try '/tmp/9acb5b8eb8e5cee8460c582af09159a556ca14b1b0e1d3401cb5820bd8cd6fbb.elf --help' for more information.
[DOCKER][STDOUT] END
[DOCKER] Raw stdout saved: ../ELF_samples/benign_report/arm32_add/raw/9acb5b8eb8e5cee8460c582af09159a556ca14b1b0e1d3401cb5820bd8cd6fbb.elf_2026-01-29_21-46-28_9c10dd20_container_stdout.txt
[EventRouter] ARM detected at event 129 for cgroup 53146
[EventRouter] Discarded 128 pre-ARM events for cgroup 53146
[EventRouter] ARM detected at event 131 for cgroup 53232
[EventRouter] Discarded 130 pre-ARM events for cgroup 53232
[DOCKER] Container exit code: 0
[DOCKER] Container exit code: 1
[DOCKER][STDOUT] BEGIN
/tmp/45bb60eb2e28109b1b5e18e8e88b08bd6ce19b3cc41f5c71872bd7fad6291dea.elf: missing operand
Try '/tmp/45bb60eb2e28109b1b5e18e8e88b08bd6ce19b3cc41f5c71872bd7fad6291dea.elf --help' for more information.
[DOCKER][STDOUT] END
[DOCKER] Raw stdout saved: ../ELF_samples/benign_report/arm32_add/raw/45bb60eb2e28109b1b5e18e8e88b08bd6ce19b3cc41f5c71872bd7fad6291dea.elf_2026-01-29_21-46-28_25978839_container_stdout.txt
[POOL] Collected 13 events for analysis (read from log file)
[POOL] Running analyzers on 13 events for 23c822430cb7f56a4bd010bf373c86d70010fd528e390618570eb1f096052d2e.elf
[POOL] Analysis completed: 0 findings in 0.00s (11220 events/s)
[AI-Integration] Submitted task: 49444ff7
[AI] 49444ff7 queued for DeepSeek analysis
[CgroupManager] Removed cgroup 52888 via bpftool
[POOL] Cleanup scheduled for fc577559e476
[DockerWorker-1] ✓ Completed: 23c822430cb7f56a4bd010bf373c86d70010fd528e390618570eb1f096052d2e.elf (13 events) (1.17s)
[DockerWorker-1] Starting: 5c7f1ae519a049117ef19975672e590175020d6e6db490a1caa5cc0b8542913b.elf (40_32bit)
[ANALYSISLOG] 5c7f1ae519a049117ef19975672e590175020d6e6db490a1caa5cc0b8542913b.elf -> ../ELF_samples/benign_report/arm32_add/raw/5c7f1ae519a049117ef19975672e590175020d6e6db490a1caa5cc0b8542913b.elf_2026-01-29_21-46-29_d9e37c78.jsonl
[DOCKER] Selected image for libc=glibc: arm32v7/ubuntu:22.04
[POOL] Collected 18 events for analysis (read from log file)
[POOL] Running analyzers on 18 events for 27bb30dd0591e189db1e5ecc3398b1d9410f58cdce58a61534498939efe44148.elf
[POOL] Analysis completed: 0 findings in 0.00s (17052 events/s)
[AI-Integration] Submitted task: 1ad41733
[AI] 1ad41733 queued for DeepSeek analysis
[CgroupManager] Removed cgroup 52802 via bpftool
[POOL] Cleanup scheduled for c2f0c360f8d1
[DockerWorker-3] ✓ Completed: 27bb30dd0591e189db1e5ecc3398b1d9410f58cdce58a61534498939efe44148.elf (18 events) (1.18s)
[DockerWorker-3] Starting: 419382bf4a042767f3c8d7122522e948266c1a44cfa8d277dfe602294c9761d9.elf (40_32bit)
[ANALYSISLOG] 419382bf4a042767f3c8d7122522e948266c1a44cfa8d277dfe602294c9761d9.elf -> ../ELF_samples/benign_report/arm32_add/raw/419382bf4a042767f3c8d7122522e948266c1a44cfa8d277dfe602294c9761d9.elf_2026-01-29_21-46-29_5d0356e3.jsonl
[DOCKER] Selected image for libc=glibc: arm32v7/ubuntu:22.04
[POOL] Collected 13 events for analysis (read from log file)
[POOL] Running analyzers on 13 events for d607e0f6b91f117a8a3de2b314a5351a41b687cb3f656868d43a59773b4953f6.elf
[POOL] Analysis completed: 0 findings in 0.00s (12288 events/s)
[AI-Integration] Submitted task: b5610a6d
[AI] b5610a6d queued for DeepSeek analysis
[CgroupManager] Removed cgroup 52974 via bpftool
[POOL] Cleanup scheduled for 86c8a2d78bd4
[DockerWorker-4] ✓ Completed: d607e0f6b91f117a8a3de2b314a5351a41b687cb3f656868d43a59773b4953f6.elf (13 events) (1.18s)
[DockerWorker-4] Starting: 6c8bea056d8c8ace74b5ed1822e1e73f623eaed111d0556f127a1c0553cf8f44.elf (40_32bit)
[ANALYSISLOG] 6c8bea056d8c8ace74b5ed1822e1e73f623eaed111d0556f127a1c0553cf8f44.elf -> ../ELF_samples/benign_report/arm32_add/raw/6c8bea056d8c8ace74b5ed1822e1e73f623eaed111d0556f127a1c0553cf8f44.elf_2026-01-29_21-46-29_af7f2a7c.jsonl
[DOCKER] Selected image for libc=glibc: arm32v7/ubuntu:22.04
[POOL] Collected 17 events for analysis (read from log file)
[POOL] Running analyzers on 17 events for 9acb5b8eb8e5cee8460c582af09159a556ca14b1b0e1d3401cb5820bd8cd6fbb.elf
[POOL] Analysis completed: 0 findings in 0.00s (15073 events/s)
[AI-Integration] Submitted task: 9c10dd20
[AI] 9c10dd20 queued for DeepSeek analysis
[CgroupManager] Removed cgroup 53060 via bpftool
[POOL] Cleanup scheduled for 543ca09b6587
[DockerWorker-0] ✓ Completed: 9acb5b8eb8e5cee8460c582af09159a556ca14b1b0e1d3401cb5820bd8cd6fbb.elf (17 events) (1.14s)
[DockerWorker-0] Starting: 709af5bb08f0e39a9150dd6fa57f69a70bb354e23046c59c1ee948f1f2a81482.elf (40_32bit)
[ANALYSISLOG] 709af5bb08f0e39a9150dd6fa57f69a70bb354e23046c59c1ee948f1f2a81482.elf -> ../ELF_samples/benign_report/arm32_add/raw/709af5bb08f0e39a9150dd6fa57f69a70bb354e23046c59c1ee948f1f2a81482.elf_2026-01-29_21-46-29_5ff28ea6.jsonl
[DOCKER] Selected image for libc=glibc: arm32v7/ubuntu:22.04
[POOL] Collected 13 events for analysis (read from log file)
[POOL] Running analyzers on 13 events for a120ceb26d9fdfd5e0fc90c3d67e053fd0a0c1d85478f7d8eb72cbc01f82f8f1.elf
[POOL] Analysis completed: 0 findings in 0.00s (11230 events/s)
[AI-Integration] Submitted task: 2b216b13
[AI] 2b216b13 queued for DeepSeek analysis
[CgroupManager] Removed cgroup 53146 via bpftool
[POOL] Cleanup scheduled for 8a046bed2d72
[DockerWorker-2] ✓ Completed: a120ceb26d9fdfd5e0fc90c3d67e053fd0a0c1d85478f7d8eb72cbc01f82f8f1.elf (13 events) (1.22s)
[DockerWorker-2] Starting: 49e890048f8b2301eb2e0cc505c85c1b78d4bde65e1b6fbccf3d4ccee04cd0fd.elf (40_32bit)
[ANALYSISLOG] 49e890048f8b2301eb2e0cc505c85c1b78d4bde65e1b6fbccf3d4ccee04cd0fd.elf -> ../ELF_samples/benign_report/arm32_add/raw/49e890048f8b2301eb2e0cc505c85c1b78d4bde65e1b6fbccf3d4ccee04cd0fd.elf_2026-01-29_21-46-29_754ec09b.jsonl
[DOCKER] Selected image for libc=glibc: arm32v7/ubuntu:22.04
[POOL] Collected 17 events for analysis (read from log file)
[POOL] Running analyzers on 17 events for 45bb60eb2e28109b1b5e18e8e88b08bd6ce19b3cc41f5c71872bd7fad6291dea.elf
[POOL] Analysis completed: 0 findings in 0.00s (15989 events/s)
[AI-Integration] Submitted task: 25978839
[AI] 25978839 queued for DeepSeek analysis
[CgroupManager] Removed cgroup 53232 via bpftool
[POOL] Cleanup scheduled for 3c053eeb7e03
[DockerWorker-5] ✓ Completed: 45bb60eb2e28109b1b5e18e8e88b08bd6ce19b3cc41f5c71872bd7fad6291dea.elf (17 events) (1.21s)
[DockerWorker-5] Starting: 264ef079fa52c7651e1e83d18e6c014c987a2cb1d15e27bd3313937405f5d683.elf (40_32bit)
[ANALYSISLOG] 264ef079fa52c7651e1e83d18e6c014c987a2cb1d15e27bd3313937405f5d683.elf -> ../ELF_samples/benign_report/arm32_add/raw/264ef079fa52c7651e1e83d18e6c014c987a2cb1d15e27bd3313937405f5d683.elf_2026-01-29_21-46-29_9ba121a5.jsonl
[DOCKER] Selected image for libc=glibc: arm32v7/ubuntu:22.04
[CgroupManager] Added cgroup 53404 via bpftool
[EventRouter] DEBUG: EXEC #33 filename='/bin/true', triggers=['419382bf4a042767f3c8d7122522e948266c1a44cfa8d277dfe602294c9761d9.elf', '/tmp/419382bf4a042767f3c8d7122522e948266c1a44cfa8d277dfe602294c9761d9.elf']
[CgroupManager] Added cgroup 53318 via bpftool
[EventRouter] DEBUG: EXEC #34 filename='/bin/true', triggers=['5c7f1ae519a049117ef19975672e590175020d6e6db490a1caa5cc0b8542913b.elf', '/tmp/5c7f1ae519a049117ef19975672e590175020d6e6db490a1caa5cc0b8542913b.elf']
[CgroupManager] Added cgroup 53576 via bpftool
[CgroupManager] Added cgroup 53490 via bpftool
[EventRouter] DEBUG: EXEC #33 filename='/bin/true', triggers=['6c8bea056d8c8ace74b5ed1822e1e73f623eaed111d0556f127a1c0553cf8f44.elf', '/tmp/6c8bea056d8c8ace74b5ed1822e1e73f623eaed111d0556f127a1c0553cf8f44.elf']
[EventRouter] DEBUG: EXEC #33 filename='/bin/true', triggers=['709af5bb08f0e39a9150dd6fa57f69a70bb354e23046c59c1ee948f1f2a81482.elf', '/tmp/709af5bb08f0e39a9150dd6fa57f69a70bb354e23046c59c1ee948f1f2a81482.elf']
[EventRouter] ARM detected at event 126 for cgroup 53404
[EventRouter] Discarded 125 pre-ARM events for cgroup 53404
[CgroupManager] Added cgroup 53662 via bpftool
[DOCKER] Container exit code: 0
[EventRouter] ARM detected at event 130 for cgroup 53318
[EventRouter] Discarded 129 pre-ARM events for cgroup 53318
[CgroupManager] Added cgroup 53748 via bpftool
[EventRouter] DEBUG: EXEC #33 filename='/bin/true', triggers=['49e890048f8b2301eb2e0cc505c85c1b78d4bde65e1b6fbccf3d4ccee04cd0fd.elf', '/tmp/49e890048f8b2301eb2e0cc505c85c1b78d4bde65e1b6fbccf3d4ccee04cd0fd.elf']
[EventRouter] DEBUG: EXEC #33 filename='/bin/true', triggers=['264ef079fa52c7651e1e83d18e6c014c987a2cb1d15e27bd3313937405f5d683.elf', '/tmp/264ef079fa52c7651e1e83d18e6c014c987a2cb1d15e27bd3313937405f5d683.elf']
[EventRouter] ARM detected at event 129 for cgroup 53490
[EventRouter] Discarded 128 pre-ARM events for cgroup 53490
[DOCKER] Container exit code: 1
[DOCKER][STDOUT] BEGIN
/tmp/5c7f1ae519a049117ef19975672e590175020d6e6db490a1caa5cc0b8542913b.elf: missing operand
Try '/tmp/5c7f1ae519a049117ef19975672e590175020d6e6db490a1caa5cc0b8542913b.elf --help' for more information.
[DOCKER][STDOUT] END
[DOCKER] Raw stdout saved: ../ELF_samples/benign_report/arm32_add/raw/5c7f1ae519a049117ef19975672e590175020d6e6db490a1caa5cc0b8542913b.elf_2026-01-29_21-46-29_d9e37c78_container_stdout.txt
[EventRouter] ARM detected at event 130 for cgroup 53576
[EventRouter] Discarded 129 pre-ARM events for cgroup 53576
[DOCKER] Container exit code: 1
[DOCKER][STDOUT] BEGIN
/tmp/709af5bb08f0e39a9150dd6fa57f69a70bb354e23046c59c1ee948f1f2a81482.elf: missing operand
Try '/tmp/709af5bb08f0e39a9150dd6fa57f69a70bb354e23046c59c1ee948f1f2a81482.elf --help' for more information.
[DOCKER][STDOUT] END
[DOCKER] Raw stdout saved: ../ELF_samples/benign_report/arm32_add/raw/709af5bb08f0e39a9150dd6fa57f69a70bb354e23046c59c1ee948f1f2a81482.elf_2026-01-29_21-46-29_5ff28ea6_container_stdout.txt
[DOCKER] Container exit code: 1
[DOCKER][STDOUT] BEGIN
/tmp/6c8bea056d8c8ace74b5ed1822e1e73f623eaed111d0556f127a1c0553cf8f44.elf: missing operand
Try '/tmp/6c8bea056d8c8ace74b5ed1822e1e73f623eaed111d0556f127a1c0553cf8f44.elf --help' for more information.
[DOCKER][STDOUT] END
[DOCKER] Raw stdout saved: ../ELF_samples/benign_report/arm32_add/raw/6c8bea056d8c8ace74b5ed1822e1e73f623eaed111d0556f127a1c0553cf8f44.elf_2026-01-29_21-46-29_af7f2a7c_container_stdout.txt
[EventRouter] ARM detected at event 126 for cgroup 53662
[EventRouter] Discarded 125 pre-ARM events for cgroup 53662
[EventRouter] ARM detected at event 129 for cgroup 53748
[EventRouter] Discarded 128 pre-ARM events for cgroup 53748
[DOCKER] Container exit code: 0
[DOCKER] Container exit code: 0
[POOL] Collected 13 events for analysis (read from log file)
[POOL] Running analyzers on 13 events for 419382bf4a042767f3c8d7122522e948266c1a44cfa8d277dfe602294c9761d9.elf
[POOL] Analysis completed: 0 findings in 0.00s (11600 events/s)
[AI-Integration] Submitted task: 5d0356e3
[AI] 5d0356e3 queued for DeepSeek analysis
[CgroupManager] Removed cgroup 53404 via bpftool
[POOL] Cleanup scheduled for 4dd3621054a9
[DockerWorker-3] ✓ Completed: 419382bf4a042767f3c8d7122522e948266c1a44cfa8d277dfe602294c9761d9.elf (13 events) (1.16s)
[DockerWorker-3] Starting: fd4b3529db47d243e32e554465076368d1189fc0be34fbd44de0d17e24d6e535.elf (40_32bit)
[ANALYSISLOG] fd4b3529db47d243e32e554465076368d1189fc0be34fbd44de0d17e24d6e535.elf -> ../ELF_samples/benign_report/arm32_add/raw/fd4b3529db47d243e32e554465076368d1189fc0be34fbd44de0d17e24d6e535.elf_2026-01-29_21-46-30_6b59413a.jsonl
[DOCKER] Selected image for libc=glibc: arm32v7/ubuntu:22.04
[POOL] Collected 17 events for analysis (read from log file)
[POOL] Running analyzers on 17 events for 5c7f1ae519a049117ef19975672e590175020d6e6db490a1caa5cc0b8542913b.elf
[POOL] Analysis completed: 0 findings in 0.00s (15971 events/s)
[AI-Integration] Submitted task: d9e37c78
[AI] d9e37c78 queued for DeepSeek analysis
[CgroupManager] Removed cgroup 53318 via bpftool
[POOL] Cleanup scheduled for 09cc29aea93e
[DockerWorker-1] ✓ Completed: 5c7f1ae519a049117ef19975672e590175020d6e6db490a1caa5cc0b8542913b.elf (17 events) (1.27s)
[DockerWorker-1] Starting: 72012e3e4c96f976c97997051570bd5cbf6b64a281eaf168b77fcec5c07aac57.elf (40_32bit)
[ANALYSISLOG] 72012e3e4c96f976c97997051570bd5cbf6b64a281eaf168b77fcec5c07aac57.elf -> ../ELF_samples/benign_report/arm32_add/raw/72012e3e4c96f976c97997051570bd5cbf6b64a281eaf168b77fcec5c07aac57.elf_2026-01-29_21-46-30_f054ef2d.jsonl
[DOCKER] Selected image for libc=glibc: arm32v7/ubuntu:22.04
[POOL] Collected 17 events for analysis (read from log file)
[POOL] Running analyzers on 17 events for 709af5bb08f0e39a9150dd6fa57f69a70bb354e23046c59c1ee948f1f2a81482.elf
[POOL] Analysis completed: 0 findings in 0.00s (15144 events/s)
[AI-Integration] Submitted task: 5ff28ea6
[AI] 5ff28ea6 queued for DeepSeek analysis
[CgroupManager] Removed cgroup 53576 via bpftool
[POOL] Cleanup scheduled for 725bf5339ac9
[DockerWorker-0] ✓ Completed: 709af5bb08f0e39a9150dd6fa57f69a70bb354e23046c59c1ee948f1f2a81482.elf (17 events) (1.22s)
[DockerWorker-0] Starting: 6793855c8004bffcee9e404204921b1e67b2f9c8717c4722de45189efbe67687.elf (40_32bit)
[ANALYSISLOG] 6793855c8004bffcee9e404204921b1e67b2f9c8717c4722de45189efbe67687.elf -> ../ELF_samples/benign_report/arm32_add/raw/6793855c8004bffcee9e404204921b1e67b2f9c8717c4722de45189efbe67687.elf_2026-01-29_21-46-30_ba041ad6.jsonl
[DOCKER] Selected image for libc=glibc: arm32v7/ubuntu:22.04
[POOL] Collected 17 events for analysis (read from log file)
[POOL] Running analyzers on 17 events for 6c8bea056d8c8ace74b5ed1822e1e73f623eaed111d0556f127a1c0553cf8f44.elf
[POOL] Analysis completed: 0 findings in 0.00s (15749 events/s)
[AI-Integration] Submitted task: af7f2a7c
[AI] af7f2a7c queued for DeepSeek analysis
[CgroupManager] Removed cgroup 53490 via bpftool
[POOL] Cleanup scheduled for e1f31d5406fe
[DockerWorker-4] ✓ Completed: 6c8bea056d8c8ace74b5ed1822e1e73f623eaed111d0556f127a1c0553cf8f44.elf (17 events) (1.27s)
[DockerWorker-4] Starting: d60b2b7e7a3b285619e507d39dbe06e2b6078d9668ae76c53086012a702cd44a.elf (40_32bit)
[ANALYSISLOG] d60b2b7e7a3b285619e507d39dbe06e2b6078d9668ae76c53086012a702cd44a.elf -> ../ELF_samples/benign_report/arm32_add/raw/d60b2b7e7a3b285619e507d39dbe06e2b6078d9668ae76c53086012a702cd44a.elf_2026-01-29_21-46-30_74ce3175.jsonl
[DOCKER] Selected image for libc=glibc: arm32v7/ubuntu:22.04
[POOL] Collected 15 events for analysis (read from log file)
[POOL] Running analyzers on 15 events for 49e890048f8b2301eb2e0cc505c85c1b78d4bde65e1b6fbccf3d4ccee04cd0fd.elf
[POOL] Analysis completed: 0 findings in 0.00s (14162 events/s)
[AI-Integration] Submitted task: 754ec09b
[AI] 754ec09b queued for DeepSeek analysis
[CgroupManager] Removed cgroup 53662 via bpftool
[POOL] Cleanup scheduled for 15c0f8444ec7
[DockerWorker-2] ✓ Completed: 49e890048f8b2301eb2e0cc505c85c1b78d4bde65e1b6fbccf3d4ccee04cd0fd.elf (15 events) (1.17s)
[DockerWorker-2] Starting: 327e06e3382dc697f9a180441c3926b0a09fe7015837ebabaeee2da5e3f2fe98.elf (40_32bit)
[ANALYSISLOG] 327e06e3382dc697f9a180441c3926b0a09fe7015837ebabaeee2da5e3f2fe98.elf -> ../ELF_samples/benign_report/arm32_add/raw/327e06e3382dc697f9a180441c3926b0a09fe7015837ebabaeee2da5e3f2fe98.elf_2026-01-29_21-46-30_4b9d81d3.jsonl
[DOCKER] Selected image for libc=glibc: arm32v7/ubuntu:22.04
[POOL] Collected 13 events for analysis (read from log file)
[POOL] Running analyzers on 13 events for 264ef079fa52c7651e1e83d18e6c014c987a2cb1d15e27bd3313937405f5d683.elf
[POOL] Analysis completed: 0 findings in 0.00s (12067 events/s)
[AI-Integration] Submitted task: 9ba121a5
[AI] 9ba121a5 queued for DeepSeek analysis
[CgroupManager] Removed cgroup 53748 via bpftool
[POOL] Cleanup scheduled for 6d2db6584dd0
[DockerWorker-5] ✓ Completed: 264ef079fa52c7651e1e83d18e6c014c987a2cb1d15e27bd3313937405f5d683.elf (13 events) (1.17s)
[DockerWorker-5] Starting: 691b4a3b22c4195f5ca7172bffe0e651903a5bd767bfa4e5b289d660969b5191.elf (40_32bit)
[ANALYSISLOG] 691b4a3b22c4195f5ca7172bffe0e651903a5bd767bfa4e5b289d660969b5191.elf -> ../ELF_samples/benign_report/arm32_add/raw/691b4a3b22c4195f5ca7172bffe0e651903a5bd767bfa4e5b289d660969b5191.elf_2026-01-29_21-46-30_9a632941.jsonl
[DOCKER] Selected image for libc=glibc: arm32v7/ubuntu:22.04
[CgroupManager] Added cgroup 53834 via bpftool
[EventRouter] DEBUG: EXEC #32 filename='/bin/true', triggers=['fd4b3529db47d243e32e554465076368d1189fc0be34fbd44de0d17e24d6e535.elf', '/tmp/fd4b3529db47d243e32e554465076368d1189fc0be34fbd44de0d17e24d6e535.elf']
[CgroupManager] Added cgroup 53920 via bpftool
[EventRouter] DEBUG: EXEC #34 filename='/bin/true', triggers=['72012e3e4c96f976c97997051570bd5cbf6b64a281eaf168b77fcec5c07aac57.elf', '/tmp/72012e3e4c96f976c97997051570bd5cbf6b64a281eaf168b77fcec5c07aac57.elf']
[CgroupManager] Added cgroup 54006 via bpftool
[CgroupManager] Added cgroup 54092 via bpftool
[EventRouter] DEBUG: EXEC #33 filename='/bin/true', triggers=['6793855c8004bffcee9e404204921b1e67b2f9c8717c4722de45189efbe67687.elf', '/tmp/6793855c8004bffcee9e404204921b1e67b2f9c8717c4722de45189efbe67687.elf']
[EventRouter] ARM detected at event 127 for cgroup 53834
[EventRouter] Discarded 126 pre-ARM events for cgroup 53834
[CgroupManager] Added cgroup 54178 via bpftool
[EventRouter] DEBUG: EXEC #33 filename='/bin/true', triggers=['327e06e3382dc697f9a180441c3926b0a09fe7015837ebabaeee2da5e3f2fe98.elf', '/tmp/327e06e3382dc697f9a180441c3926b0a09fe7015837ebabaeee2da5e3f2fe98.elf']
[DOCKER] Container exit code: 0
[DOCKER][STDOUT] BEGIN
root
[DOCKER][STDOUT] END
[DOCKER] Raw stdout saved: ../ELF_samples/benign_report/arm32_add/raw/fd4b3529db47d243e32e554465076368d1189fc0be34fbd44de0d17e24d6e535.elf_2026-01-29_21-46-30_6b59413a_container_stdout.txt
[EventRouter] ARM detected at event 143 for cgroup 54006
[EventRouter] Discarded 142 pre-ARM events for cgroup 54006
[EventRouter] ARM detected at event 176 for cgroup 54092
[EventRouter] Discarded 175 pre-ARM events for cgroup 54092
[CgroupManager] Added cgroup 54264 via bpftool
[DOCKER] Container exit code: 0
[DOCKER][STDOUT] BEGIN
6793855c8004bffcee9e404204921b1e67b2f9c8717c4722de45189efbe67687.elf
[DOCKER][STDOUT] END
[DOCKER] Raw stdout saved: ../ELF_samples/benign_report/arm32_add/raw/6793855c8004bffcee9e404204921b1e67b2f9c8717c4722de45189efbe67687.elf_2026-01-29_21-46-30_ba041ad6_container_stdout.txt
[EventRouter] ARM detected at event 127 for cgroup 53920
[EventRouter] Discarded 126 pre-ARM events for cgroup 53920
[EventRouter] DEBUG: EXEC #34 filename='/bin/true', triggers=['691b4a3b22c4195f5ca7172bffe0e651903a5bd767bfa4e5b289d660969b5191.elf', '/tmp/691b4a3b22c4195f5ca7172bffe0e651903a5bd767bfa4e5b289d660969b5191.elf']
[DOCKER] Container exit code: 0
[DOCKER][STDOUT] BEGIN
/tmp/tmp.JPJtvqReCD
[DOCKER][STDOUT] END
[DOCKER] Raw stdout saved: ../ELF_samples/benign_report/arm32_add/raw/d60b2b7e7a3b285619e507d39dbe06e2b6078d9668ae76c53086012a702cd44a.elf_2026-01-29_21-46-30_74ce3175_container_stdout.txt
[DOCKER] Container exit code: 2
[DOCKER][STDOUT] BEGIN
/tmp/72012e3e4c96f976c97997051570bd5cbf6b64a281eaf168b77fcec5c07aac57.elf: missing operand
Try '/tmp/72012e3e4c96f976c97997051570bd5cbf6b64a281eaf168b77fcec5c07aac57.elf --help' for more information.
[DOCKER][STDOUT] END
[DOCKER] Raw stdout saved: ../ELF_samples/benign_report/arm32_add/raw/72012e3e4c96f976c97997051570bd5cbf6b64a281eaf168b77fcec5c07aac57.elf_2026-01-29_21-46-30_f054ef2d_container_stdout.txt
[EventRouter] ARM detected at event 127 for cgroup 54178
[EventRouter] Discarded 126 pre-ARM events for cgroup 54178
[DOCKER] Container exit code: 0
[DOCKER][STDOUT] BEGIN
/tmp/tmp.cx6Vs23a8L
[DOCKER][STDOUT] END
[DOCKER] Raw stdout saved: ../ELF_samples/benign_report/arm32_add/raw/327e06e3382dc697f9a180441c3926b0a09fe7015837ebabaeee2da5e3f2fe98.elf_2026-01-29_21-46-30_4b9d81d3_container_stdout.txt
[EventRouter] ARM detected at event 127 for cgroup 54264
[EventRouter] Discarded 126 pre-ARM events for cgroup 54264
[DOCKER] Container exit code: 1
[DOCKER][STDOUT] BEGIN
/tmp/691b4a3b22c4195f5ca7172bffe0e651903a5bd767bfa4e5b289d660969b5191.elf: missing operand
Try '/tmp/691b4a3b22c4195f5ca7172bffe0e651903a5bd767bfa4e5b289d660969b5191.elf --help' for more information.
[DOCKER][STDOUT] END
[DOCKER] Raw stdout saved: ../ELF_samples/benign_report/arm32_add/raw/691b4a3b22c4195f5ca7172bffe0e651903a5bd767bfa4e5b289d660969b5191.elf_2026-01-29_21-46-30_9a632941_container_stdout.txt
[POOL] Collected 24 events for analysis (read from log file)
[POOL] Running analyzers on 24 events for fd4b3529db47d243e32e554465076368d1189fc0be34fbd44de0d17e24d6e535.elf
[POOL] Analysis completed: 0 findings in 0.00s (21271 events/s)
[AI-Integration] Submitted task: 6b59413a
[AI] 6b59413a queued for DeepSeek analysis
[CgroupManager] Removed cgroup 53834 via bpftool
[POOL] Cleanup scheduled for dff2b10d174e
[DockerWorker-3] ✓ Completed: fd4b3529db47d243e32e554465076368d1189fc0be34fbd44de0d17e24d6e535.elf (24 events) (1.18s)
[DockerWorker-3] Starting: f388b3275811428cf0ac8368f0d2769140dce09e071305af8c6fa77fb5bd42b3.elf (40_32bit)
[ANALYSISLOG] f388b3275811428cf0ac8368f0d2769140dce09e071305af8c6fa77fb5bd42b3.elf -> ../ELF_samples/benign_report/arm32_add/raw/f388b3275811428cf0ac8368f0d2769140dce09e071305af8c6fa77fb5bd42b3.elf_2026-01-29_21-46-31_8085a3fe.jsonl
[DOCKER] Selected image for libc=glibc: arm32v7/ubuntu:22.04
[POOL] Collected 16 events for analysis (read from log file)
[POOL] Running analyzers on 16 events for 6793855c8004bffcee9e404204921b1e67b2f9c8717c4722de45189efbe67687.elf
[POOL] Analysis completed: 0 findings in 0.00s (14616 events/s)
[AI-Integration] Submitted task: ba041ad6
[AI] ba041ad6 queued for DeepSeek analysis
[CgroupManager] Removed cgroup 54006 via bpftool
[POOL] Cleanup scheduled for 1caf76613fae
[DockerWorker-0] ✓ Completed: 6793855c8004bffcee9e404204921b1e67b2f9c8717c4722de45189efbe67687.elf (16 events) (1.07s)
[DockerWorker-0] Starting: c1c3ab5d761adc278de3e418b413d5a3d6e851eecb4f66c7e5c8fbf6bb96ca7c.elf (40_32bit)
[ANALYSISLOG] c1c3ab5d761adc278de3e418b413d5a3d6e851eecb4f66c7e5c8fbf6bb96ca7c.elf -> ../ELF_samples/benign_report/arm32_add/raw/c1c3ab5d761adc278de3e418b413d5a3d6e851eecb4f66c7e5c8fbf6bb96ca7c.elf_2026-01-29_21-46-31_dd7397f1.jsonl
[DOCKER] Selected image for libc=glibc: arm32v7/ubuntu:22.04
[POOL] Collected 20 events for analysis (read from log file)
[POOL] Running analyzers on 20 events for d60b2b7e7a3b285619e507d39dbe06e2b6078d9668ae76c53086012a702cd44a.elf
[POOL] Analysis completed: 0 findings in 0.00s (18175 events/s)
[AI-Integration] Submitted task: 74ce3175
[AI] 74ce3175 queued for DeepSeek analysis
[CgroupManager] Removed cgroup 54092 via bpftool
[POOL] Cleanup scheduled for 92ef5fd0dd0f
[DockerWorker-4] ✓ Completed: d60b2b7e7a3b285619e507d39dbe06e2b6078d9668ae76c53086012a702cd44a.elf (20 events) (1.13s)
[DockerWorker-4] Starting: b6f69c134e2895627bca8b3db9dbefa29d509407578c31308b448c42d9ffdfd4.elf (40_32bit)
[ANALYSISLOG] b6f69c134e2895627bca8b3db9dbefa29d509407578c31308b448c42d9ffdfd4.elf -> ../ELF_samples/benign_report/arm32_add/raw/b6f69c134e2895627bca8b3db9dbefa29d509407578c31308b448c42d9ffdfd4.elf_2026-01-29_21-46-31_144eeae3.jsonl
[DOCKER] Selected image for libc=glibc: arm32v7/ubuntu:22.04
[POOL] Collected 17 events for analysis (read from log file)
[POOL] Running analyzers on 17 events for 72012e3e4c96f976c97997051570bd5cbf6b64a281eaf168b77fcec5c07aac57.elf
[POOL] Analysis completed: 0 findings in 0.00s (15557 events/s)
[AI-Integration] Submitted task: f054ef2d
[AI] f054ef2d queued for DeepSeek analysis
[CgroupManager] Removed cgroup 53920 via bpftool
[POOL] Cleanup scheduled for ec62a74b50ab
[DockerWorker-1] ✓ Completed: 72012e3e4c96f976c97997051570bd5cbf6b64a281eaf168b77fcec5c07aac57.elf (17 events) (1.24s)
[DockerWorker-1] Starting: 9203ea56d84491c12075821eeb1af34fafa4cc06ffca9a8c623cd03be95d1f8f.elf (40_32bit)
[ANALYSISLOG] 9203ea56d84491c12075821eeb1af34fafa4cc06ffca9a8c623cd03be95d1f8f.elf -> ../ELF_samples/benign_report/arm32_add/raw/9203ea56d84491c12075821eeb1af34fafa4cc06ffca9a8c623cd03be95d1f8f.elf_2026-01-29_21-46-31_d4102fc7.jsonl
[DOCKER] Selected image for libc=glibc: arm32v7/ubuntu:22.04
[POOL] Collected 19 events for analysis (read from log file)
[POOL] Running analyzers on 19 events for 327e06e3382dc697f9a180441c3926b0a09fe7015837ebabaeee2da5e3f2fe98.elf
[POOL] Analysis completed: 0 findings in 0.00s (17846 events/s)
[AI-Integration] Submitted task: 4b9d81d3
[AI] 4b9d81d3 queued for DeepSeek analysis
[CgroupManager] Removed cgroup 54178 via bpftool
[POOL] Cleanup scheduled for 1aeb0df54eca
[DockerWorker-2] ✓ Completed: 327e06e3382dc697f9a180441c3926b0a09fe7015837ebabaeee2da5e3f2fe98.elf (19 events) (1.12s)
[DockerWorker-2] Starting: 657c96cba98c687a43a737dd63e8ad657d73aa82c9bf53f9fe426cdcbcbd76b4.elf (40_32bit)
[ANALYSISLOG] 657c96cba98c687a43a737dd63e8ad657d73aa82c9bf53f9fe426cdcbcbd76b4.elf -> ../ELF_samples/benign_report/arm32_add/raw/657c96cba98c687a43a737dd63e8ad657d73aa82c9bf53f9fe426cdcbcbd76b4.elf_2026-01-29_21-46-31_67676e5b.jsonl
[DOCKER] Selected image for libc=glibc: arm32v7/ubuntu:22.04
[POOL] Collected 19 events for analysis (read from log file)
[POOL] Running analyzers on 19 events for 691b4a3b22c4195f5ca7172bffe0e651903a5bd767bfa4e5b289d660969b5191.elf
[POOL] Analysis completed: 0 findings in 0.00s (17016 events/s)
[AI-Integration] Submitted task: 9a632941
[AI] 9a632941 queued for DeepSeek analysis
[CgroupManager] Removed cgroup 54264 via bpftool
[POOL] Cleanup scheduled for 77631ef2cdc8
[DockerWorker-5] ✓ Completed: 691b4a3b22c4195f5ca7172bffe0e651903a5bd767bfa4e5b289d660969b5191.elf (19 events) (1.17s)
[DockerWorker-5] Starting: e7d31781a55c789f4157105ecfe6b82e7ec2f54c39cca8cb975a9d614d232830.elf (40_32bit)
[ANALYSISLOG] e7d31781a55c789f4157105ecfe6b82e7ec2f54c39cca8cb975a9d614d232830.elf -> ../ELF_samples/benign_report/arm32_add/raw/e7d31781a55c789f4157105ecfe6b82e7ec2f54c39cca8cb975a9d614d232830.elf_2026-01-29_21-46-32_9503f2e0.jsonl
[DOCKER] Selected image for libc=glibc: arm32v7/ubuntu:22.04
[CgroupManager] Added cgroup 54350 via bpftool
[CgroupManager] Added cgroup 54436 via bpftool
[EventRouter] DEBUG: EXEC #34 filename='/bin/true', triggers=['f388b3275811428cf0ac8368f0d2769140dce09e071305af8c6fa77fb5bd42b3.elf', '/tmp/f388b3275811428cf0ac8368f0d2769140dce09e071305af8c6fa77fb5bd42b3.elf']
[EventRouter] DEBUG: EXEC #34 filename='/bin/true', triggers=['c1c3ab5d761adc278de3e418b413d5a3d6e851eecb4f66c7e5c8fbf6bb96ca7c.elf', '/tmp/c1c3ab5d761adc278de3e418b413d5a3d6e851eecb4f66c7e5c8fbf6bb96ca7c.elf']
[AI-Integration] Job 7dcf4976 analyzed via deepseek
[CgroupManager] Added cgroup 54522 via bpftool
[CgroupManager] Added cgroup 54608 via bpftool
[EventRouter] DEBUG: EXEC #34 filename='/bin/true', triggers=['b6f69c134e2895627bca8b3db9dbefa29d509407578c31308b448c42d9ffdfd4.elf', '/tmp/b6f69c134e2895627bca8b3db9dbefa29d509407578c31308b448c42d9ffdfd4.elf']
[CgroupManager] Added cgroup 54694 via bpftool
[EventRouter] DEBUG: EXEC #48 filename='/bin/true', triggers=['657c96cba98c687a43a737dd63e8ad657d73aa82c9bf53f9fe426cdcbcbd76b4.elf', '/tmp/657c96cba98c687a43a737dd63e8ad657d73aa82c9bf53f9fe426cdcbcbd76b4.elf']
[EventRouter] ARM detected at event 127 for cgroup 54436
[EventRouter] Discarded 126 pre-ARM events for cgroup 54436
[EventRouter] ARM detected at event 132 for cgroup 54350
[EventRouter] Discarded 131 pre-ARM events for cgroup 54350
[CgroupManager] Added cgroup 54780 via bpftool
[DOCKER] Container exit code: 1
[DOCKER][STDOUT] BEGIN
/tmp/f388b3275811428cf0ac8368f0d2769140dce09e071305af8c6fa77fb5bd42b3.elf: missing operand
Try '/tmp/f388b3275811428cf0ac8368f0d2769140dce09e071305af8c6fa77fb5bd42b3.elf --help' for more information.
[DOCKER][STDOUT] END
[DOCKER] Raw stdout saved: ../ELF_samples/benign_report/arm32_add/raw/f388b3275811428cf0ac8368f0d2769140dce09e071305af8c6fa77fb5bd42b3.elf_2026-01-29_21-46-31_8085a3fe_container_stdout.txt
[EventRouter] DEBUG: EXEC #33 filename='/bin/true', triggers=['e7d31781a55c789f4157105ecfe6b82e7ec2f54c39cca8cb975a9d614d232830.elf', '/tmp/e7d31781a55c789f4157105ecfe6b82e7ec2f54c39cca8cb975a9d614d232830.elf']
[EventRouter] ARM detected at event 127 for cgroup 54522
[EventRouter] Discarded 126 pre-ARM events for cgroup 54522
[DOCKER] Container exit code: 0
[EventRouter] ARM detected at event 142 for cgroup 54694
[EventRouter] Discarded 141 pre-ARM events for cgroup 54694
[DOCKER] Container exit code: 0
[AI-Integration] Job 2ef8df56 analyzed via deepseek
[EventRouter] ARM detected at event 144 for cgroup 54608
[EventRouter] Discarded 143 pre-ARM events for cgroup 54608
[DOCKER] Container exit code: 1
[DOCKER][STDOUT] BEGIN
/tmp/9203ea56d84491c12075821eeb1af34fafa4cc06ffca9a8c623cd03be95d1f8f.elf: missing operand
Try '/tmp/9203ea56d84491c12075821eeb1af34fafa4cc06ffca9a8c623cd03be95d1f8f.elf --help' for more information.
[DOCKER][STDOUT] END
[DOCKER] Raw stdout saved: ../ELF_samples/benign_report/arm32_add/raw/9203ea56d84491c12075821eeb1af34fafa4cc06ffca9a8c623cd03be95d1f8f.elf_2026-01-29_21-46-31_d4102fc7_container_stdout.txt
[EventRouter] ARM detected at event 129 for cgroup 54780
[EventRouter] Discarded 128 pre-ARM events for cgroup 54780
[DOCKER] Container exit code: 1
[DOCKER][STDOUT] BEGIN
/tmp/657c96cba98c687a43a737dd63e8ad657d73aa82c9bf53f9fe426cdcbcbd76b4.elf: missing operand
Try '/tmp/657c96cba98c687a43a737dd63e8ad657d73aa82c9bf53f9fe426cdcbcbd76b4.elf --help' for more information.
[DOCKER][STDOUT] END
[DOCKER] Raw stdout saved: ../ELF_samples/benign_report/arm32_add/raw/657c96cba98c687a43a737dd63e8ad657d73aa82c9bf53f9fe426cdcbcbd76b4.elf_2026-01-29_21-46-31_67676e5b_container_stdout.txt
[DOCKER] Container exit code: 1
[DOCKER][STDOUT] BEGIN
/tmp/e7d31781a55c789f4157105ecfe6b82e7ec2f54c39cca8cb975a9d614d232830.elf: missing operand
Try '/tmp/e7d31781a55c789f4157105ecfe6b82e7ec2f54c39cca8cb975a9d614d232830.elf --help' for more information.
[DOCKER][STDOUT] END
[DOCKER] Raw stdout saved: ../ELF_samples/benign_report/arm32_add/raw/e7d31781a55c789f4157105ecfe6b82e7ec2f54c39cca8cb975a9d614d232830.elf_2026-01-29_21-46-32_9503f2e0_container_stdout.txt
[POOL] Collected 17 events for analysis (read from log file)
[POOL] Running analyzers on 17 events for f388b3275811428cf0ac8368f0d2769140dce09e071305af8c6fa77fb5bd42b3.elf
[POOL] Analysis completed: 0 findings in 0.00s (15405 events/s)
[AI-Integration] Submitted task: 8085a3fe
[AI] 8085a3fe queued for DeepSeek analysis
[CgroupManager] Removed cgroup 54350 via bpftool
[POOL] Cleanup scheduled for ca50ec344739
[DockerWorker-3] ✓ Completed: f388b3275811428cf0ac8368f0d2769140dce09e071305af8c6fa77fb5bd42b3.elf (17 events) (1.13s)
[DockerWorker-3] Starting: 2abfdacfca959e3dd65b76441c4b855f6fef6a9711ea6ffcc76c803bc4b169bd.elf (40_32bit)
[ANALYSISLOG] 2abfdacfca959e3dd65b76441c4b855f6fef6a9711ea6ffcc76c803bc4b169bd.elf -> ../ELF_samples/benign_report/arm32_add/raw/2abfdacfca959e3dd65b76441c4b855f6fef6a9711ea6ffcc76c803bc4b169bd.elf_2026-01-29_21-46-32_38097f1a.jsonl
[DOCKER] Selected image for libc=glibc: arm32v7/ubuntu:22.04
[POOL] Collected 16 events for analysis (read from log file)
[POOL] Running analyzers on 16 events for c1c3ab5d761adc278de3e418b413d5a3d6e851eecb4f66c7e5c8fbf6bb96ca7c.elf
[POOL] Analysis completed: 0 findings in 0.00s (15015 events/s)
[AI-Integration] Submitted task: dd7397f1
[AI] dd7397f1 queued for DeepSeek analysis
[CgroupManager] Removed cgroup 54436 via bpftool
[POOL] Cleanup scheduled for c97271323d68
[DockerWorker-0] ✓ Completed: c1c3ab5d761adc278de3e418b413d5a3d6e851eecb4f66c7e5c8fbf6bb96ca7c.elf (16 events) (1.18s)
[DockerWorker-0] Starting: a718115a3ea6cd82e2005d283909fec55936bb4758c4e2c14f16be181fde87c7.elf (40_32bit)
[ANALYSISLOG] a718115a3ea6cd82e2005d283909fec55936bb4758c4e2c14f16be181fde87c7.elf -> ../ELF_samples/benign_report/arm32_add/raw/a718115a3ea6cd82e2005d283909fec55936bb4758c4e2c14f16be181fde87c7.elf_2026-01-29_21-46-32_ef342b6c.jsonl
[DOCKER] Selected image for libc=glibc: arm32v7/ubuntu:22.04
[POOL] Collected 14 events for analysis (read from log file)
[POOL] Running analyzers on 14 events for b6f69c134e2895627bca8b3db9dbefa29d509407578c31308b448c42d9ffdfd4.elf
[POOL] Analysis completed: 0 findings in 0.00s (13266 events/s)
[AI-Integration] Submitted task: 144eeae3
[AI] 144eeae3 queued for DeepSeek analysis
[POOL] Collected 17 events for analysis (read from log file)
[POOL] Running analyzers on 17 events for 9203ea56d84491c12075821eeb1af34fafa4cc06ffca9a8c623cd03be95d1f8f.elf
[POOL] Analysis completed: 0 findings in 0.00s (15442 events/s)
[AI-Integration] Submitted task: d4102fc7
[AI] d4102fc7 queued for DeepSeek analysis
[CgroupManager] Removed cgroup 54522 via bpftool
[POOL] Cleanup scheduled for 2f2a590f40f7
[DockerWorker-4] ✓ Completed: b6f69c134e2895627bca8b3db9dbefa29d509407578c31308b448c42d9ffdfd4.elf (14 events) (1.18s)
[DockerWorker-4] Starting: afb08ed77879f554e0501f5a649ead67b47e5ce693141c4d14f73cfd5d972611.elf (40_32bit)
[ANALYSISLOG] afb08ed77879f554e0501f5a649ead67b47e5ce693141c4d14f73cfd5d972611.elf -> ../ELF_samples/benign_report/arm32_add/raw/afb08ed77879f554e0501f5a649ead67b47e5ce693141c4d14f73cfd5d972611.elf_2026-01-29_21-46-33_1a651d70.jsonl
[DOCKER] Selected image for libc=glibc: arm32v7/ubuntu:22.04
[CgroupManager] Removed cgroup 54608 via bpftool
[POOL] Cleanup scheduled for 633ce73cb890
[DockerWorker-1] ✓ Completed: 9203ea56d84491c12075821eeb1af34fafa4cc06ffca9a8c623cd03be95d1f8f.elf (17 events) (1.17s)
[DockerWorker-1] Starting: 3e0e74eea7147720a872a853c5797ec410735cfbd7633f0ba048ff42eaa1e777.elf (40_32bit)
[ANALYSISLOG] 3e0e74eea7147720a872a853c5797ec410735cfbd7633f0ba048ff42eaa1e777.elf -> ../ELF_samples/benign_report/arm32_add/raw/3e0e74eea7147720a872a853c5797ec410735cfbd7633f0ba048ff42eaa1e777.elf_2026-01-29_21-46-33_b96d22b4.jsonl
[DOCKER] Selected image for libc=glibc: arm32v7/ubuntu:22.04
[POOL] Collected 17 events for analysis (read from log file)
[POOL] Running analyzers on 17 events for 657c96cba98c687a43a737dd63e8ad657d73aa82c9bf53f9fe426cdcbcbd76b4.elf
[POOL] Analysis completed: 0 findings in 0.00s (15921 events/s)
[AI-Integration] Submitted task: 67676e5b
[AI] 67676e5b queued for DeepSeek analysis
[CgroupManager] Removed cgroup 54694 via bpftool
[POOL] Cleanup scheduled for 4862336736dd
[DockerWorker-2] ✓ Completed: 657c96cba98c687a43a737dd63e8ad657d73aa82c9bf53f9fe426cdcbcbd76b4.elf (17 events) (1.16s)
[DockerWorker-2] Starting: 7d47fbe816cf6375f394d8d4a2d6ae2d41352b695c25f8b3c170d6ef4af08a00.elf (40_32bit)
[ANALYSISLOG] 7d47fbe816cf6375f394d8d4a2d6ae2d41352b695c25f8b3c170d6ef4af08a00.elf -> ../ELF_samples/benign_report/arm32_add/raw/7d47fbe816cf6375f394d8d4a2d6ae2d41352b695c25f8b3c170d6ef4af08a00.elf_2026-01-29_21-46-33_55032d5d.jsonl
[DOCKER] Selected image for libc=glibc: arm32v7/ubuntu:22.04
[POOL] Collected 17 events for analysis (read from log file)
[POOL] Running analyzers on 17 events for e7d31781a55c789f4157105ecfe6b82e7ec2f54c39cca8cb975a9d614d232830.elf
[POOL] Analysis completed: 0 findings in 0.00s (15961 events/s)
[AI-Integration] Submitted task: 9503f2e0
[AI] 9503f2e0 queued for DeepSeek analysis
[CgroupManager] Removed cgroup 54780 via bpftool
[POOL] Cleanup scheduled for cacf1cccda6f
[DockerWorker-5] ✓ Completed: e7d31781a55c789f4157105ecfe6b82e7ec2f54c39cca8cb975a9d614d232830.elf (17 events) (1.11s)
[DockerWorker-5] Starting: 925f944247113d4faccca45bd13f41df5687c8051d1565b68e5b139f66cdf799.elf (40_32bit)
[ANALYSISLOG] 925f944247113d4faccca45bd13f41df5687c8051d1565b68e5b139f66cdf799.elf -> ../ELF_samples/benign_report/arm32_add/raw/925f944247113d4faccca45bd13f41df5687c8051d1565b68e5b139f66cdf799.elf_2026-01-29_21-46-33_a4d368cf.jsonl
[DOCKER] Selected image for libc=glibc: arm32v7/ubuntu:22.04
[CgroupManager] Added cgroup 54866 via bpftool
[EventRouter] DEBUG: EXEC #32 filename='/bin/true', triggers=['2abfdacfca959e3dd65b76441c4b855f6fef6a9711ea6ffcc76c803bc4b169bd.elf', '/tmp/2abfdacfca959e3dd65b76441c4b855f6fef6a9711ea6ffcc76c803bc4b169bd.elf']
[CgroupManager] Added cgroup 54952 via bpftool
[EventRouter] DEBUG: EXEC #34 filename='/bin/true', triggers=['a718115a3ea6cd82e2005d283909fec55936bb4758c4e2c14f16be181fde87c7.elf', '/tmp/a718115a3ea6cd82e2005d283909fec55936bb4758c4e2c14f16be181fde87c7.elf']
[CgroupManager] Added cgroup 55124 via bpftool
[CgroupManager] Added cgroup 55038 via bpftool
[EventRouter] DEBUG: EXEC #49 filename='/bin/true', triggers=['3e0e74eea7147720a872a853c5797ec410735cfbd7633f0ba048ff42eaa1e777.elf', '/tmp/3e0e74eea7147720a872a853c5797ec410735cfbd7633f0ba048ff42eaa1e777.elf']
[EventRouter] DEBUG: EXEC #33 filename='/bin/true', triggers=['afb08ed77879f554e0501f5a649ead67b47e5ce693141c4d14f73cfd5d972611.elf', '/tmp/afb08ed77879f554e0501f5a649ead67b47e5ce693141c4d14f73cfd5d972611.elf']
[CgroupManager] Added cgroup 55210 via bpftool
[CgroupManager] Added cgroup 55296 via bpftool
[EventRouter] ARM detected at event 128 for cgroup 54866
[EventRouter] Discarded 127 pre-ARM events for cgroup 54866
[EventRouter] DEBUG: EXEC #49 filename='/bin/true', triggers=['7d47fbe816cf6375f394d8d4a2d6ae2d41352b695c25f8b3c170d6ef4af08a00.elf', '/tmp/7d47fbe816cf6375f394d8d4a2d6ae2d41352b695c25f8b3c170d6ef4af08a00.elf']
[EventRouter] DEBUG: EXEC #34 filename='/bin/true', triggers=['925f944247113d4faccca45bd13f41df5687c8051d1565b68e5b139f66cdf799.elf', '/tmp/925f944247113d4faccca45bd13f41df5687c8051d1565b68e5b139f66cdf799.elf']
[EventRouter] ARM detected at event 131 for cgroup 54952
[EventRouter] Discarded 130 pre-ARM events for cgroup 54952
[AI-Integration] Job a32a1141 analyzed via deepseek
[AI-Integration] Job 7c3ace3a analyzed via deepseek
[DOCKER] Container exit code: 1
[DOCKER][STDOUT] BEGIN
/tmp/2abfdacfca959e3dd65b76441c4b855f6fef6a9711ea6ffcc76c803bc4b169bd.elf: missing file operand
Try '/tmp/2abfdacfca959e3dd65b76441c4b855f6fef6a9711ea6ffcc76c803bc4b169bd.elf --help' for more information.
[DOCKER][STDOUT] END
[DOCKER] Raw stdout saved: ../ELF_samples/benign_report/arm32_add/raw/2abfdacfca959e3dd65b76441c4b855f6fef6a9711ea6ffcc76c803bc4b169bd.elf_2026-01-29_21-46-32_38097f1a_container_stdout.txt
[EventRouter] ARM detected at event 142 for cgroup 55124
[EventRouter] Discarded 141 pre-ARM events for cgroup 55124
[DOCKER] Container exit code: 125
[DOCKER][STDOUT] BEGIN
/tmp/a718115a3ea6cd82e2005d283909fec55936bb4758c4e2c14f16be181fde87c7.elf: missing operand
Try '/tmp/a718115a3ea6cd82e2005d283909fec55936bb4758c4e2c14f16be181fde87c7.elf --help' for more information.
[DOCKER][STDOUT] END
[DOCKER] Raw stdout saved: ../ELF_samples/benign_report/arm32_add/raw/a718115a3ea6cd82e2005d283909fec55936bb4758c4e2c14f16be181fde87c7.elf_2026-01-29_21-46-32_ef342b6c_container_stdout.txt
[EventRouter] ARM detected at event 148 for cgroup 55038
[EventRouter] Discarded 147 pre-ARM events for cgroup 55038
[DOCKER] Container exit code: 1
[DOCKER][STDOUT] BEGIN
/tmp/3e0e74eea7147720a872a853c5797ec410735cfbd7633f0ba048ff42eaa1e777.elf: missing operand
Try '/tmp/3e0e74eea7147720a872a853c5797ec410735cfbd7633f0ba048ff42eaa1e777.elf --help' for more information.
[DOCKER][STDOUT] END
[DOCKER] Raw stdout saved: ../ELF_samples/benign_report/arm32_add/raw/3e0e74eea7147720a872a853c5797ec410735cfbd7633f0ba048ff42eaa1e777.elf_2026-01-29_21-46-33_b96d22b4_container_stdout.txt
[EventRouter] ARM detected at event 143 for cgroup 55210
[EventRouter] Discarded 142 pre-ARM events for cgroup 55210
[DOCKER] Container exit code: 0
[DOCKER] Container exit code: 1
[DOCKER][STDOUT] BEGIN
/tmp/afb08ed77879f554e0501f5a649ead67b47e5ce693141c4d14f73cfd5d972611.elf: no login name
[DOCKER][STDOUT] END
[DOCKER] Raw stdout saved: ../ELF_samples/benign_report/arm32_add/raw/afb08ed77879f554e0501f5a649ead67b47e5ce693141c4d14f73cfd5d972611.elf_2026-01-29_21-46-33_1a651d70_container_stdout.txt
[EventRouter] ARM detected at event 131 for cgroup 55296
[EventRouter] Discarded 130 pre-ARM events for cgroup 55296
[DOCKER] Container exit code: 0
[AI-Integration] Job d82f1d26 analyzed via deepseek
[POOL] Collected 17 events for analysis (read from log file)
[POOL] Running analyzers on 17 events for 2abfdacfca959e3dd65b76441c4b855f6fef6a9711ea6ffcc76c803bc4b169bd.elf
[POOL] Analysis completed: 0 findings in 0.00s (15316 events/s)
[AI-Integration] Submitted task: 38097f1a
[AI] 38097f1a queued for DeepSeek analysis
[CgroupManager] Removed cgroup 54866 via bpftool
[POOL] Cleanup scheduled for 366567dc23d3
[DockerWorker-3] ✓ Completed: 2abfdacfca959e3dd65b76441c4b855f6fef6a9711ea6ffcc76c803bc4b169bd.elf (17 events) (1.24s)
[DockerWorker-3] Starting: 90a83b2eb2fd9f0ccf3f6874ebfd8657e7653c508e64f4136346bc1acdffc71c.elf (40_32bit)
[ANALYSISLOG] 90a83b2eb2fd9f0ccf3f6874ebfd8657e7653c508e64f4136346bc1acdffc71c.elf -> ../ELF_samples/benign_report/arm32_add/raw/90a83b2eb2fd9f0ccf3f6874ebfd8657e7653c508e64f4136346bc1acdffc71c.elf_2026-01-29_21-46-34_014ea072.jsonl
[DOCKER] Selected image for libc=glibc: arm32v7/ubuntu:22.04
[POOL] Collected 17 events for analysis (read from log file)
[POOL] Running analyzers on 17 events for a718115a3ea6cd82e2005d283909fec55936bb4758c4e2c14f16be181fde87c7.elf
[POOL] Analysis completed: 0 findings in 0.00s (15939 events/s)
[AI-Integration] Submitted task: ef342b6c
[AI] ef342b6c queued for DeepSeek analysis
[CgroupManager] Removed cgroup 54952 via bpftool
[POOL] Cleanup scheduled for e747657cde84
[DockerWorker-0] ✓ Completed: a718115a3ea6cd82e2005d283909fec55936bb4758c4e2c14f16be181fde87c7.elf (17 events) (1.22s)
[DockerWorker-0] Starting: 97df708d49304c508d85d7e182a2161f05e49e44e1ba578ff5720000aa4dbb38.elf (40_32bit)
[ANALYSISLOG] 97df708d49304c508d85d7e182a2161f05e49e44e1ba578ff5720000aa4dbb38.elf -> ../ELF_samples/benign_report/arm32_add/raw/97df708d49304c508d85d7e182a2161f05e49e44e1ba578ff5720000aa4dbb38.elf_2026-01-29_21-46-34_77734920.jsonl
[DOCKER] Selected image for libc=glibc: arm32v7/ubuntu:22.04
[POOL] Collected 17 events for analysis (read from log file)
[POOL] Running analyzers on 17 events for 3e0e74eea7147720a872a853c5797ec410735cfbd7633f0ba048ff42eaa1e777.elf
[POOL] Analysis completed: 0 findings in 0.00s (14906 events/s)
[AI-Integration] Submitted task: b96d22b4
[AI] b96d22b4 queued for DeepSeek analysis
[CgroupManager] Removed cgroup 55124 via bpftool
[POOL] Cleanup scheduled for b7ee5e83a092
[DockerWorker-1] ✓ Completed: 3e0e74eea7147720a872a853c5797ec410735cfbd7633f0ba048ff42eaa1e777.elf (17 events) (1.15s)
[DockerWorker-1] Starting: 1547b971af52355a431fb260054cecf87ca46c38047f7acd905e77f1151e5694.elf (40_32bit)
[ANALYSISLOG] 1547b971af52355a431fb260054cecf87ca46c38047f7acd905e77f1151e5694.elf -> ../ELF_samples/benign_report/arm32_add/raw/1547b971af52355a431fb260054cecf87ca46c38047f7acd905e77f1151e5694.elf_2026-01-29_21-46-34_cfa30ca4.jsonl
[DOCKER] Selected image for libc=glibc: arm32v7/ubuntu:22.04
[POOL] Collected 13 events for analysis (read from log file)
[POOL] Running analyzers on 13 events for 7d47fbe816cf6375f394d8d4a2d6ae2d41352b695c25f8b3c170d6ef4af08a00.elf
[POOL] Analysis completed: 0 findings in 0.00s (12307 events/s)
[AI-Integration] Submitted task: 55032d5d
[AI] 55032d5d queued for DeepSeek analysis
[CgroupManager] Removed cgroup 55210 via bpftool
[POOL] Cleanup scheduled for fe6ece3aded4
[DockerWorker-2] ✓ Completed: 7d47fbe816cf6375f394d8d4a2d6ae2d41352b695c25f8b3c170d6ef4af08a00.elf (13 events) (1.12s)
[DockerWorker-2] Starting: 08fe3e4b1af694a78101c45ef288d8501561f0d2e3c329776a636c51fd8d4983.elf (40_32bit)
[ANALYSISLOG] 08fe3e4b1af694a78101c45ef288d8501561f0d2e3c329776a636c51fd8d4983.elf -> ../ELF_samples/benign_report/arm32_add/raw/08fe3e4b1af694a78101c45ef288d8501561f0d2e3c329776a636c51fd8d4983.elf_2026-01-29_21-46-34_8d1937b3.jsonl
[DOCKER] Selected image for libc=glibc: arm32v7/ubuntu:22.04
[POOL] Collected 18 events for analysis (read from log file)
[POOL] Running analyzers on 18 events for afb08ed77879f554e0501f5a649ead67b47e5ce693141c4d14f73cfd5d972611.elf
[POOL] Analysis completed: 0 findings in 0.00s (16439 events/s)
[AI-Integration] Submitted task: 1a651d70
[AI] 1a651d70 queued for DeepSeek analysis
[CgroupManager] Removed cgroup 55038 via bpftool
[POOL] Cleanup scheduled for 18a35383412d
[DockerWorker-4] ✓ Completed: afb08ed77879f554e0501f5a649ead67b47e5ce693141c4d14f73cfd5d972611.elf (18 events) (1.24s)
[DockerWorker-4] Starting: b86c1b3ca550398114abb042c678a17f10f259997c8580eb227f576b1ee9321c.elf (40_32bit)
[ANALYSISLOG] b86c1b3ca550398114abb042c678a17f10f259997c8580eb227f576b1ee9321c.elf -> ../ELF_samples/benign_report/arm32_add/raw/b86c1b3ca550398114abb042c678a17f10f259997c8580eb227f576b1ee9321c.elf_2026-01-29_21-46-34_6bed2e1f.jsonl
[DOCKER] Selected image for libc=glibc: arm32v7/ubuntu:22.04
[POOL] Collected 14 events for analysis (read from log file)
[POOL] Running analyzers on 14 events for 925f944247113d4faccca45bd13f41df5687c8051d1565b68e5b139f66cdf799.elf
[POOL] Analysis completed: 0 findings in 0.00s (13188 events/s)
[AI-Integration] Submitted task: a4d368cf
[AI] a4d368cf queued for DeepSeek analysis
[CgroupManager] Removed cgroup 55296 via bpftool
[POOL] Cleanup scheduled for 33f86a6ad891
[DockerWorker-5] ✓ Completed: 925f944247113d4faccca45bd13f41df5687c8051d1565b68e5b139f66cdf799.elf (14 events) (1.26s)
[DockerWorker-5] Starting: c8579eddb3da18d990d5b7faacb2c92af4c5b62c6f8ef95318c36ae830f5b61c.elf (40_32bit)
[ANALYSISLOG] c8579eddb3da18d990d5b7faacb2c92af4c5b62c6f8ef95318c36ae830f5b61c.elf -> ../ELF_samples/benign_report/arm32_add/raw/c8579eddb3da18d990d5b7faacb2c92af4c5b62c6f8ef95318c36ae830f5b61c.elf_2026-01-29_21-46-34_36021f90.jsonl
[DOCKER] Selected image for libc=glibc: arm32v7/ubuntu:22.04
[CgroupManager] Added cgroup 55382 via bpftool
[EventRouter] DEBUG: EXEC #34 filename='/bin/true', triggers=['90a83b2eb2fd9f0ccf3f6874ebfd8657e7653c508e64f4136346bc1acdffc71c.elf', '/tmp/90a83b2eb2fd9f0ccf3f6874ebfd8657e7653c508e64f4136346bc1acdffc71c.elf']
[CgroupManager] Added cgroup 55468 via bpftool
[EventRouter] DEBUG: EXEC #33 filename='/bin/true', triggers=['97df708d49304c508d85d7e182a2161f05e49e44e1ba578ff5720000aa4dbb38.elf', '/tmp/97df708d49304c508d85d7e182a2161f05e49e44e1ba578ff5720000aa4dbb38.elf']
[CgroupManager] Added cgroup 55640 via bpftool
[CgroupManager] Added cgroup 55554 via bpftool
[CgroupManager] Added cgroup 55726 via bpftool
[EventRouter] DEBUG: EXEC #49 filename='/bin/true', triggers=['b86c1b3ca550398114abb042c678a17f10f259997c8580eb227f576b1ee9321c.elf', '/tmp/b86c1b3ca550398114abb042c678a17f10f259997c8580eb227f576b1ee9321c.elf']
[EventRouter] DEBUG: EXEC #33 filename='/bin/true', triggers=['08fe3e4b1af694a78101c45ef288d8501561f0d2e3c329776a636c51fd8d4983.elf', '/tmp/08fe3e4b1af694a78101c45ef288d8501561f0d2e3c329776a636c51fd8d4983.elf']
[EventRouter] DEBUG: EXEC #49 filename='/bin/true', triggers=['1547b971af52355a431fb260054cecf87ca46c38047f7acd905e77f1151e5694.elf', '/tmp/1547b971af52355a431fb260054cecf87ca46c38047f7acd905e77f1151e5694.elf']
[CgroupManager] Added cgroup 55812 via bpftool
[EventRouter] DEBUG: EXEC #34 filename='/bin/true', triggers=['c8579eddb3da18d990d5b7faacb2c92af4c5b62c6f8ef95318c36ae830f5b61c.elf', '/tmp/c8579eddb3da18d990d5b7faacb2c92af4c5b62c6f8ef95318c36ae830f5b61c.elf']
[EventRouter] ARM detected at event 131 for cgroup 55382
[EventRouter] Discarded 130 pre-ARM events for cgroup 55382
[DOCKER] Container exit code: 0
[DOCKER][STDOUT] BEGIN
90a83b2eb2fd9f0ccf3f6874ebfd8657e7653c508e64f4136346bc1acdffc71c.elf
[DOCKER][STDOUT] END
[DOCKER] Raw stdout saved: ../ELF_samples/benign_report/arm32_add/raw/90a83b2eb2fd9f0ccf3f6874ebfd8657e7653c508e64f4136346bc1acdffc71c.elf_2026-01-29_21-46-34_014ea072_container_stdout.txt
[EventRouter] ARM detected at event 127 for cgroup 55468
[EventRouter] Discarded 126 pre-ARM events for cgroup 55468
[EventRouter] ARM detected at event 162 for cgroup 55554
[EventRouter] Discarded 161 pre-ARM events for cgroup 55554
[EventRouter] ARM detected at event 146 for cgroup 55640
[EventRouter] Discarded 145 pre-ARM events for cgroup 55640
[DOCKER] Container exit code: 0
[DOCKER][STDOUT] BEGIN
8
[DOCKER][STDOUT] END
[DOCKER] Raw stdout saved: ../ELF_samples/benign_report/arm32_add/raw/97df708d49304c508d85d7e182a2161f05e49e44e1ba578ff5720000aa4dbb38.elf_2026-01-29_21-46-34_77734920_container_stdout.txt
[DOCKER] Container exit code: 1
[DOCKER][STDOUT] BEGIN
/tmp/1547b971af52355a431fb260054cecf87ca46c38047f7acd905e77f1151e5694.elf: missing operand
Try '/tmp/1547b971af52355a431fb260054cecf87ca46c38047f7acd905e77f1151e5694.elf --help' for more information.
[DOCKER][STDOUT] END
[EventRouter] ARM detected at event 146 for cgroup 55726
[EventRouter] Discarded 145 pre-ARM events for cgroup 55726
[DOCKER] Container exit code: 0
[DOCKER] Raw stdout saved: ../ELF_samples/benign_report/arm32_add/raw/1547b971af52355a431fb260054cecf87ca46c38047f7acd905e77f1151e5694.elf_2026-01-29_21-46-34_cfa30ca4_container_stdout.txt
[EventRouter] ARM detected at event 131 for cgroup 55812
[EventRouter] Discarded 130 pre-ARM events for cgroup 55812
[DOCKER] Container exit code: 0
[DOCKER] Container exit code: 0
[AI-Integration] Job 3bb6550e analyzed via deepseek
[POOL] Collected 16 events for analysis (read from log file)
[POOL] Running analyzers on 16 events for 90a83b2eb2fd9f0ccf3f6874ebfd8657e7653c508e64f4136346bc1acdffc71c.elf
[POOL] Analysis completed: 0 findings in 0.00s (13773 events/s)
[AI-Integration] Submitted task: 014ea072
[AI] 014ea072 queued for DeepSeek analysis
[CgroupManager] Removed cgroup 55382 via bpftool
[POOL] Cleanup scheduled for 320077a4a0e4
[DockerWorker-3] ✓ Completed: 90a83b2eb2fd9f0ccf3f6874ebfd8657e7653c508e64f4136346bc1acdffc71c.elf (16 events) (1.22s)
[DockerWorker-3] Starting: ebf78d7daf35db3c19efc71d8fb37418e6bb8d0184f756308bc067b4968be6dd.elf (40_32bit)
[ANALYSISLOG] ebf78d7daf35db3c19efc71d8fb37418e6bb8d0184f756308bc067b4968be6dd.elf -> ../ELF_samples/benign_report/arm32_add/raw/ebf78d7daf35db3c19efc71d8fb37418e6bb8d0184f756308bc067b4968be6dd.elf_2026-01-29_21-46-35_7dd6f879.jsonl
[DOCKER] Selected image for libc=glibc: arm32v7/ubuntu:22.04
[POOL] Collected 14 events for analysis (read from log file)
[POOL] Running analyzers on 14 events for 97df708d49304c508d85d7e182a2161f05e49e44e1ba578ff5720000aa4dbb38.elf
[POOL] Analysis completed: 0 findings in 0.00s (13197 events/s)
[AI-Integration] Submitted task: 77734920
[AI] 77734920 queued for DeepSeek analysis
[POOL] Collected 13 events for analysis (read from log file)
[POOL] Running analyzers on 13 events for 08fe3e4b1af694a78101c45ef288d8501561f0d2e3c329776a636c51fd8d4983.elf
[POOL] Analysis completed: 0 findings in 0.00s (12033 events/s)
[POOL] Collected 17 events for analysis (read from log file)
[POOL] Running analyzers on 17 events for 1547b971af52355a431fb260054cecf87ca46c38047f7acd905e77f1151e5694.elf
[POOL] Analysis completed: 0 findings in 0.00s (15815 events/s)
[AI-Integration] Submitted task: cfa30ca4
[AI] cfa30ca4 queued for DeepSeek analysis
[AI-Integration] Submitted task: 8d1937b3
[AI] 8d1937b3 queued for DeepSeek analysis
[CgroupManager] Removed cgroup 55468 via bpftool
[POOL] Cleanup scheduled for 9619e283af18
[DockerWorker-0] ✓ Completed: 97df708d49304c508d85d7e182a2161f05e49e44e1ba578ff5720000aa4dbb38.elf (14 events) (1.25s)
[DockerWorker-0] Starting: 453b1055cacedc31064124d8cc17e29af1bd02b360ed5538eea3ecd5a48dbbf5.elf (40_32bit)
[ANALYSISLOG] 453b1055cacedc31064124d8cc17e29af1bd02b360ed5538eea3ecd5a48dbbf5.elf -> ../ELF_samples/benign_report/arm32_add/raw/453b1055cacedc31064124d8cc17e29af1bd02b360ed5538eea3ecd5a48dbbf5.elf_2026-01-29_21-46-35_333e4e49.jsonl
[DOCKER] Selected image for libc=glibc: arm32v7/ubuntu:22.04
[CgroupManager] Removed cgroup 55640 via bpftool
[POOL] Cleanup scheduled for f06a2d023829
[DockerWorker-2] ✓ Completed: 08fe3e4b1af694a78101c45ef288d8501561f0d2e3c329776a636c51fd8d4983.elf (13 events) (1.19s)
[CgroupManager] Removed cgroup 55554 via bpftool
[POOL] Cleanup scheduled for 208fc437757c
[DockerWorker-1] ✓ Completed: 1547b971af52355a431fb260054cecf87ca46c38047f7acd905e77f1151e5694.elf (17 events) (1.22s)
[POOL] Collected 13 events for analysis (read from log file)
[POOL] Running analyzers on 13 events for b86c1b3ca550398114abb042c678a17f10f259997c8580eb227f576b1ee9321c.elf
[POOL] Analysis completed: 0 findings in 0.00s (12129 events/s)
[AI-Integration] Submitted task: 6bed2e1f
[AI] 6bed2e1f queued for DeepSeek analysis
[POOL] Collected 13 events for analysis (read from log file)
[POOL] Running analyzers on 13 events for c8579eddb3da18d990d5b7faacb2c92af4c5b62c6f8ef95318c36ae830f5b61c.elf
[POOL] Analysis completed: 0 findings in 0.00s (12310 events/s)
[AI-Integration] Submitted task: 36021f90
[AI] 36021f90 queued for DeepSeek analysis
[CgroupManager] Removed cgroup 55726 via bpftool
[POOL] Cleanup scheduled for 5ddd4dcb36bf
[DockerWorker-4] ✓ Completed: b86c1b3ca550398114abb042c678a17f10f259997c8580eb227f576b1ee9321c.elf (13 events) (1.24s)
[CgroupManager] Removed cgroup 55812 via bpftool
[POOL] Cleanup scheduled for ddc7fdd68a5c
[DockerWorker-5] ✓ Completed: c8579eddb3da18d990d5b7faacb2c92af4c5b62c6f8ef95318c36ae830f5b61c.elf (13 events) (1.14s)
[CgroupManager] Added cgroup 55898 via bpftool
[CgroupManager] Added cgroup 55984 via bpftool
[EventRouter] DEBUG: EXEC #33 filename='/bin/true', triggers=['453b1055cacedc31064124d8cc17e29af1bd02b360ed5538eea3ecd5a48dbbf5.elf', '/tmp/453b1055cacedc31064124d8cc17e29af1bd02b360ed5538eea3ecd5a48dbbf5.elf']
[EventRouter] DEBUG: EXEC #33 filename='/bin/true', triggers=['ebf78d7daf35db3c19efc71d8fb37418e6bb8d0184f756308bc067b4968be6dd.elf', '/tmp/ebf78d7daf35db3c19efc71d8fb37418e6bb8d0184f756308bc067b4968be6dd.elf']
[EventRouter] ARM detected at event 126 for cgroup 55898
[EventRouter] Discarded 125 pre-ARM events for cgroup 55898
[EventRouter] ARM detected at event 129 for cgroup 55984
[EventRouter] Discarded 128 pre-ARM events for cgroup 55984
[DOCKER] Container exit code: 2
[DOCKER][STDOUT] BEGIN
/tmp/453b1055cacedc31064124d8cc17e29af1bd02b360ed5538eea3ecd5a48dbbf5.elf: missing ']'
[DOCKER][STDOUT] END
[DOCKER] Raw stdout saved: ../ELF_samples/benign_report/arm32_add/raw/453b1055cacedc31064124d8cc17e29af1bd02b360ed5538eea3ecd5a48dbbf5.elf_2026-01-29_21-46-35_333e4e49_container_stdout.txt
[DOCKER] Container exit code: 0
[DOCKER][STDOUT] BEGIN
uid=0(root) gid=0(root) groups=0(root)
[DOCKER][STDOUT] END
[DOCKER] Raw stdout saved: ../ELF_samples/benign_report/arm32_add/raw/ebf78d7daf35db3c19efc71d8fb37418e6bb8d0184f756308bc067b4968be6dd.elf_2026-01-29_21-46-35_7dd6f879_container_stdout.txt
[POOL] Collected 16 events for analysis (read from log file)
[POOL] Running analyzers on 16 events for 453b1055cacedc31064124d8cc17e29af1bd02b360ed5538eea3ecd5a48dbbf5.elf
[POOL] Analysis completed: 0 findings in 0.00s (13748 events/s)
[AI-Integration] Submitted task: 333e4e49
[AI] 333e4e49 queued for DeepSeek analysis
[CgroupManager] Removed cgroup 55984 via bpftool
[POOL] Cleanup scheduled for 2bb017ed1d20
[DockerWorker-0] ✓ Completed: 453b1055cacedc31064124d8cc17e29af1bd02b360ed5538eea3ecd5a48dbbf5.elf (16 events) (1.21s)
[POOL] Collected 31 events for analysis (read from log file)
[POOL] Running analyzers on 31 events for ebf78d7daf35db3c19efc71d8fb37418e6bb8d0184f756308bc067b4968be6dd.elf
[POOL] Analysis completed: 1 findings in 0.00s (23751 events/s)
[AI-Integration] Submitted task: 7dd6f879
[AI] 7dd6f879 queued for DeepSeek analysis
[CgroupManager] Removed cgroup 55898 via bpftool
[POOL] Cleanup scheduled for 2740de2008ac
[DockerWorker-3] ✓ Completed: ebf78d7daf35db3c19efc71d8fb37418e6bb8d0184f756308bc067b4968be6dd.elf (31 events) (1.34s)
[DOCKER_POOL] All tasks completed, stopping workers...
[MPK] Stats integrity verified: Python stats match MPK-anchored stats.
[DOCKER_POOL] All workers stopped

================================================================================
[DOCKER_POOL] Execution Summary
================================================================================
Total tasks:     200
Successful:      199  (99.5%) - Normal execution
Crashes/Exploits:1    (0.5%) - SEGFAULT/BUS/ILL (Potential Vulnerabilities)
System Failed:   0    (0.0%) - Docker/Infrastructure errors

Performance:
  Total time:    237.56s
  Average time:  1.19s per task
  Throughput:    0.84 tasks/s

By Architecture:
  40_32bit    : 199 OK, 1 Crash, 0 Fail / 200 Total

--------------------------------------------------------------------------------
[ATTENTION] DETECTED 1 CRASHES / EXPLOIT ATTEMPTS:
(These binaries triggered segmentation faults or illegal instructions)
--------------------------------------------------------------------------------
  - 529ea56cd055acdedb655b0d8526d4119e5210b8dfb1c8869069ad8e93742b2b.elf (40_32bit)
    Reason: Crashed: Segmentation Fault (SIGSEGV)
    Captured: 14 events before crash

================================================================================

================================================================================



[EVENT ROUTER STATS]
  Total events routed: 5659
  Events compressed: 708
  Compression ratio: 11.1% (6367 -> 5659)
  Events dropped: 0
  Unknown cgroups: 0
  Queue overflows: 0
  Active cgroups: 0

  Shard distribution (16 shards):
    Shard 0: 695 events, 0 overflows, 115 compressed
    Shard 2: 709 events, 0 overflows, 132 compressed
    Shard 4: 691 events, 0 overflows, 75 compressed
    Shard 6: 686 events, 0 overflows, 80 compressed
    Shard 8: 710 events, 0 overflows, 76 compressed
    Shard 10: 726 events, 0 overflows, 76 compressed
    Shard 12: 738 events, 0 overflows, 76 compressed
    Shard 14: 704 events, 0 overflows, 78 compressed
[MONITOR_READER] Stopping...

[MONITOR] Stopping global monitor process...
[AI-Integration] Job 3a9a6022 analyzed via deepseek
[AI-Integration] Job c507f97c analyzed via deepseek
[AI-Integration] Job 08cd46ec analyzed via deepseek
[AI-Integration] Job b39df376 analyzed via deepseek
[MONITOR_READER] Monitor process terminated
[MONITOR_READER] Stopped
[MONITOR] ✓ Global monitor process terminated

[AI] Waiting for DeepSeek analysis to complete...
[DEEPSEEK] Waiting for 0 tasks to complete...
[AI-Integration] Job 620b6d0f analyzed via deepseek
[AI-Integration] Job 2a2b5463 analyzed via deepseek
[AI-Integration] Job 8b67c687 analyzed via deepseek
[AI-Integration] Job f6da132e analyzed via deepseek
[AI-Integration] Job 457982e2 analyzed via deepseek
[AI-Integration] Job 7085d112 analyzed via deepseek
[AI-Integration] Job ec2d636a analyzed via deepseek
[AI-Integration] Job 1f4ccf51 analyzed via deepseek
[AI-Integration] Job a1823712 analyzed via deepseek
[AI-Integration] Job 6c029569 analyzed via deepseek
[AI-Integration] Job 8a4e41cf analyzed via deepseek
[AI-Integration] Job 7c106248 analyzed via deepseek
[AI-Integration] Job 956c7c5d analyzed via deepseek
[AI-Integration] Job b8552ce6 analyzed via deepseek
[AI-Integration] Job 4bf51052 analyzed via deepseek
[AI-Integration] Job 5cdc7a6d analyzed via deepseek
[AI-Integration] Job 98937a31 analyzed via deepseek
[AI-Integration] Job 18246c08 analyzed via deepseek
[AI-Integration] Job 095fd24b analyzed via deepseek
[AI-Integration] Job 76fc7c43 analyzed via deepseek
[AI-Integration] Job 62366496 analyzed via deepseek
[AI-Integration] Job 65baf876 analyzed via deepseek
[AI-Integration] Job 328a7411 analyzed via deepseek
[AI-Integration] Job e8074374 analyzed via deepseek
[AI-Integration] Job 964e44b0 analyzed via deepseek
[AI-Integration] Job ce832eb8 analyzed via deepseek
[AI-Integration] Job a2657b91 analyzed via deepseek
[AI-Integration] Job 214b2ec6 analyzed via deepseek
[AI-Integration] Job f837c611 analyzed via deepseek
[AI-Integration] Job d5e99cb9 analyzed via deepseek
[AI-Integration] Job fcba4cba analyzed via deepseek
[AI-Integration] Job 3c58883e analyzed via deepseek
[AI-Integration] Job a3166c5d analyzed via deepseek
[AI-Integration] Job aa5e0787 analyzed via deepseek
[AI-Integration] Job 544829a0 analyzed via deepseek
[AI-Integration] Job 36f31af9 analyzed via deepseek
[AI-Integration] Job 6d9d5a08 analyzed via deepseek
[AI-Integration] Job c09384e5 analyzed via deepseek
[AI-Integration] Job e7d66af3 analyzed via deepseek
[AI-Integration] Job 22605154 analyzed via deepseek
[AI-Integration] Job ea7b0598 analyzed via deepseek
[AI-Integration] Job c4fb83ae analyzed via deepseek
[AI-Integration] Job 80685d0d analyzed via deepseek
[AI-Integration] Job b2c0cedb analyzed via deepseek
[AI-Integration] Job 4ca37a74 analyzed via deepseek
[AI-Integration] Job 20a1fad9 analyzed via deepseek
[AI-Integration] Job 0104592f analyzed via deepseek
[AI-Integration] Job 6d59500f analyzed via deepseek
[AI-Integration] Job 5911e761 analyzed via deepseek
[AI-Integration] Job b0fa8cec analyzed via deepseek
[AI-Integration] Job 94790764 analyzed via deepseek
[AI-Integration] Job e7018d2f analyzed via deepseek
[AI-Integration] Job e2d04aed analyzed via deepseek
[AI-Integration] Job ce41ca85 analyzed via deepseek
[AI-Integration] Job dd660915 analyzed via deepseek
[AI-Integration] Job fde79c7d analyzed via deepseek
[AI-Integration] Job 1cae886b analyzed via deepseek
[AI-Integration] Job 7bfc7992 analyzed via deepseek
[AI-Integration] Job 6fd2aff9 analyzed via deepseek
[AI-Integration] Job 83a762b5 analyzed via deepseek
[AI-Integration] Job 165c936e analyzed via deepseek
[AI-Integration] Job 9794662b analyzed via deepseek
[AI-Integration] Job 40f786d2 analyzed via deepseek
[AI-Integration] Job 5ee03b2a analyzed via deepseek
[AI-Integration] Job ae2c897f analyzed via deepseek
[AI-Integration] Job eccaf8ee analyzed via deepseek
[AI-Integration] Job 7855543f analyzed via deepseek
[AI-Integration] Job c70a54cc analyzed via deepseek
[AI-Integration] Job f29ea792 analyzed via deepseek
[AI-Integration] Job 131e919f analyzed via deepseek
[AI-Integration] Job 75b6e008 analyzed via deepseek
[AI-Integration] Job e72c991a analyzed via deepseek
[AI-Integration] Job 182c4498 analyzed via deepseek
[AI-Integration] Job cc0f99da analyzed via deepseek
[AI-Integration] Job c2bb2b65 analyzed via deepseek
[AI-Integration] Job b4bbd488 analyzed via deepseek
[AI-Integration] Job fd61e210 analyzed via deepseek
[AI-Integration] Job e3b7edca analyzed via deepseek
[AI-Integration] Job 648e78c7 analyzed via deepseek
[AI-Integration] Job b22a899b analyzed via deepseek
[AI-Integration] Job c07ed771 analyzed via deepseek
[AI-Integration] Job 4aaaddc1 analyzed via deepseek
[AI-Integration] Job c695ec36 analyzed via deepseek
[AI-Integration] Job b140651b analyzed via deepseek
[AI-Integration] Job a1db2956 analyzed via deepseek
[AI-Integration] Job 66b510d4 analyzed via deepseek
[AI-Integration] Job 6ae63268 analyzed via deepseek
[AI-Integration] Job f4dfb835 analyzed via deepseek
[AI-Integration] Job 4b0a48c2 analyzed via deepseek
[AI-Integration] Job 1fa7b9df analyzed via deepseek
[AI-Integration] Job 06308e28 analyzed via deepseek
[AI-Integration] Job e90c52fb analyzed via deepseek
[AI-Integration] Job 9cc14d96 analyzed via deepseek
[AI-Integration] Job 8c60b93a analyzed via deepseek
[AI-Integration] Job c8bc059e analyzed via deepseek
[AI-Integration] Job b9a20349 analyzed via deepseek
[AI-Integration] Job a75bb7bc analyzed via deepseek
[AI-Integration] Job f65509f6 analyzed via deepseek
[AI-Integration] Job ece8ee51 analyzed via deepseek
[AI-Integration] Job 4706130c analyzed via deepseek
[AI-Integration] Job 6f313375 analyzed via deepseek
[AI-Integration] Job b0591367 analyzed via deepseek
[AI-Integration] Job e6496245 analyzed via deepseek
[AI-Integration] Job d181039a analyzed via deepseek
[AI-Integration] Job 01e6ad67 analyzed via deepseek
[AI-Integration] Job 85394484 analyzed via deepseek
[AI-Integration] Job 7bdeb412 analyzed via deepseek
[AI-Integration] Job d72f7d89 analyzed via deepseek
[AI-Integration] Job 05d10785 analyzed via deepseek
[AI-Integration] Job 7348bd83 analyzed via deepseek
[AI-Integration] Job 24723d7e analyzed via deepseek
[AI-Integration] Job 58d6e507 analyzed via deepseek
[AI-Integration] Job 2462fada analyzed via deepseek
[AI-Integration] Job f2b8c718 analyzed via deepseek
[AI-Integration] Job f34f0ec2 analyzed via deepseek
[AI-Integration] Job 7b3cd138 analyzed via deepseek
[AI-Integration] Job 1ebfa989 analyzed via deepseek
[AI-Integration] Job f53d0f70 analyzed via deepseek
[AI-Integration] Job 97eb0863 analyzed via deepseek
[AI-Integration] Job b5616d50 analyzed via deepseek
[AI-Integration] Job 7943c05c analyzed via deepseek
[AI-Integration] Job f2afe20d analyzed via deepseek
[AI-Integration] Job abcf80f9 analyzed via deepseek
[AI-Integration] Job da7c3218 analyzed via deepseek
[AI-Integration] Job cffe7fbe analyzed via deepseek
[AI-Integration] Job a75e46d7 analyzed via deepseek
[AI-Integration] Job a742a9e9 analyzed via deepseek
[AI-Integration] Job 1e1166a9 analyzed via deepseek
[AI-Integration] Job 1ad41733 analyzed via deepseek
[AI-Integration] Job 49444ff7 analyzed via deepseek
[AI-Integration] Job 2b216b13 analyzed via deepseek
[AI-Integration] Job 9c10dd20 analyzed via deepseek
[AI-Integration] Job b5610a6d analyzed via deepseek
[AI-Integration] Job 25978839 analyzed via deepseek
[AI-Integration] Job af7f2a7c analyzed via deepseek
[AI-Integration] Job 5ff28ea6 analyzed via deepseek
[AI-Integration] Job d9e37c78 analyzed via deepseek
[AI-Integration] Job 5d0356e3 analyzed via deepseek
[AI-Integration] Job 754ec09b analyzed via deepseek
[AI-Integration] Job 9ba121a5 analyzed via deepseek
[AI-Integration] Job 6b59413a analyzed via deepseek
[AI-Integration] Job ba041ad6 analyzed via deepseek
[AI-Integration] Job 74ce3175 analyzed via deepseek
[AI-Integration] Job f054ef2d analyzed via deepseek
[AI-Integration] Job 4b9d81d3 analyzed via deepseek
[AI-Integration] Job 9a632941 analyzed via deepseek
[AI-Integration] Job dd7397f1 analyzed via deepseek
[AI-Integration] Job 8085a3fe analyzed via deepseek
[AI-Integration] Job d4102fc7 analyzed via deepseek
[AI-Integration] Job 144eeae3 analyzed via deepseek
[AI-Integration] Job 67676e5b analyzed via deepseek
[AI-Integration] Job 9503f2e0 analyzed via deepseek
[AI-Integration] Job ef342b6c analyzed via deepseek
[AI-Integration] Job 38097f1a analyzed via deepseek
[AI-Integration] Job b96d22b4 analyzed via deepseek
[AI-Integration] Job 55032d5d analyzed via deepseek
[AI-Integration] Job 1a651d70 analyzed via deepseek
[AI-Integration] Job a4d368cf analyzed via deepseek
[AI-Integration] Job 014ea072 analyzed via deepseek
[AI-Integration] Job 77734920 analyzed via deepseek
[AI-Integration] Job 8d1937b3 analyzed via deepseek
[AI-Integration] Job cfa30ca4 analyzed via deepseek
[AI-Integration] Job 6bed2e1f analyzed via deepseek
[AI-Integration] Job 36021f90 analyzed via deepseek
[AI-Integration] Job 333e4e49 analyzed via deepseek
[AI-Integration] Job 7dd6f879 analyzed via deepseek
[DEEPSEEK] All tasks completed
[AI] Analysis complete:
  Total analyzed: 200
  Successful: 200
  Failed: 0
  In progress: 0
  Queued: 0
[AI-Integration] Waiting for tasks to complete...
[AI-Integration] Stopped
[AI] ✓ DeepSeek integration stopped

[EVENT ROUTER] Statistics:
  Events routed: 5659
  Unknown cgroups: 0
  Queue overflows: 0

[MONITOR READER] Statistics:
  Lines read: 38739
  Events parsed: 38739
  Parse errors: 0

[WRAPPER] Total execution time: 257.92 seconds
Would you like to exit the wrapper? [y/N]: 
Monitor terminated.
[WRAPPER] Performing final docker cleanup (prune)...
[WRAPPER] ✓ Docker container prune completed
