[MPK] Protection Keys allocated: Config Key=1, FD Key=2
[CONFIG] Analysis logs will be written to: ../ELF_samples/benign_report/armv7/raw
[SCAN] Analyzing executables in: /home/zzh/Compass-Proj1/MirrorShield/ELF_samples/benign/armv7l-eabihf
[SCAN] Found 143 supported executable(s)
[INFO] Writing vulnerability reports to session file /home/zzh/Compass-Proj1/MirrorShield/Wrapper/report/report_session_2026-01-31_16-10-51_8efcbdc8.log

[POOL MODE] Using Docker pool with 6 concurrent workers
[POOL MODE] Queue strategy: grouped
[MONITOR] Starting global monitor process...
[MONITOR] Command: sudo /home/zzh/Compass-Proj1/MirrorShield/Wrapper/monitor
[CgroupManager] Warning: No BPF object and no pinned map found
[CgroupManager] Will use bpftool for map operations
[MONITOR] Global monitor started successfully (PID: 181295)
[MONITOR_READER] Started reading monitor output
[POOL MODE] Performing BPF health check and warm-up...
[POOL MODE] Step 1/3: Basic stabilization...
[POOL MODE] Step 2/3: Probe container test - warming up BPF...
[DOCKER] Selected image for libc=glibc: ubuntu:24.04
[POOL MODE] Probe: PID=181494, cgroup=62528
[CgroupManager] Added cgroup 62528 via bpftool
[CgroupManager] Removed cgroup 62528 via bpftool
[POOL MODE] ✓ Probe container completed - BPF warmed up
[POOL MODE] Step 3/3: Final stabilization (0.5s)...
[POOL MODE] ✓ BPF health check PASSED - ready for concurrent execution
Loaded Provider: deepseek | Model: deepseek-chat
[AI-Integration] Initialized with max_workers=6
[AI-Integration] Current Provider: deepseek
[AI-Integration] Started worker pool
[AI] ✓ DeepSeek AI analysis enabled (6 workers)
[DOCKER_POOL] Submitted 143 tasks to queue (queue size: 143)
[DOCKER_POOL] Starting 6 workers...
[DockerWorker-0] Starting: 256555f4d9a4e85cf9a2e2cb4ba1c6e6291d93d51b2a175c05df6192f4710647 (40_32bit)
[DockerWorker-1] Starting: 0ff8b4d0da68e76795247cdfc3fb2488bcd9b3418050448f9220e74393591e97 (40_32bit)
[DockerWorker-2] Starting: 9c571daf6b0f09ea2c7a5609e6146811a96a43524d95b9ccc31506cfa0a4278f.static (40_32bit)
[ANALYSISLOG] 0ff8b4d0da68e76795247cdfc3fb2488bcd9b3418050448f9220e74393591e97 -> ../ELF_samples/benign_report/armv7/raw/0ff8b4d0da68e76795247cdfc3fb2488bcd9b3418050448f9220e74393591e97_2026-01-31_16-10-58_986e07e8.jsonl
[DOCKER] Selected image for libc=glibc: arm32v7/ubuntu:22.04
[DockerWorker-3] Starting: 9e8b8f911363f30986ab370bfe472b109f45ae41135069d920fc9c3194e7a45b (40_32bit)
[DockerWorker-4] Starting: 973a9a67c3b1f8954d311a184b362ba4363a73f640b94df63be2ce93b1bc582b (40_32bit)
[DockerWorker-5] Starting: 2184c43346d7aaeeea9198a820ce0271f8bef02a2355cb590b5d10758223d7e9 (40_32bit)
[ANALYSISLOG] 9c571daf6b0f09ea2c7a5609e6146811a96a43524d95b9ccc31506cfa0a4278f.static -> ../ELF_samples/benign_report/armv7/raw/9c571daf6b0f09ea2c7a5609e6146811a96a43524d95b9ccc31506cfa0a4278f.static_2026-01-31_16-10-58_c0d6b450.jsonl
[DOCKER] Selected image for libc=glibc: arm32v7/ubuntu:22.04
[ANALYSISLOG] 256555f4d9a4e85cf9a2e2cb4ba1c6e6291d93d51b2a175c05df6192f4710647 -> ../ELF_samples/benign_report/armv7/raw/256555f4d9a4e85cf9a2e2cb4ba1c6e6291d93d51b2a175c05df6192f4710647_2026-01-31_16-10-58_895ab1cc.jsonl
[DOCKER] Selected image for libc=glibc: arm32v7/ubuntu:22.04
[DOCKER_POOL] 6 workers started
[DOCKER_POOL] Waiting for all tasks to complete...
[ANALYSISLOG] 2184c43346d7aaeeea9198a820ce0271f8bef02a2355cb590b5d10758223d7e9 -> ../ELF_samples/benign_report/armv7/raw/2184c43346d7aaeeea9198a820ce0271f8bef02a2355cb590b5d10758223d7e9_2026-01-31_16-10-58_28f48917.jsonl
[DOCKER] Selected image for libc=glibc: arm32v7/ubuntu:22.04
[ANALYSISLOG] 973a9a67c3b1f8954d311a184b362ba4363a73f640b94df63be2ce93b1bc582b -> ../ELF_samples/benign_report/armv7/raw/973a9a67c3b1f8954d311a184b362ba4363a73f640b94df63be2ce93b1bc582b_2026-01-31_16-10-58_f7eb5e71.jsonl
[DOCKER] Selected image for libc=glibc: arm32v7/ubuntu:22.04
[ANALYSISLOG] 9e8b8f911363f30986ab370bfe472b109f45ae41135069d920fc9c3194e7a45b -> ../ELF_samples/benign_report/armv7/raw/9e8b8f911363f30986ab370bfe472b109f45ae41135069d920fc9c3194e7a45b_2026-01-31_16-10-58_7a219317.jsonl
[DOCKER] Selected image for libc=glibc: arm32v7/ubuntu:22.04
[CgroupManager] Added cgroup 62614 via bpftool
[CgroupManager] Added cgroup 62786 via bpftool
[EventRouter] DEBUG: EXEC #33 filename='/bin/true', triggers=['2184c43346d7aaeeea9198a820ce0271f8bef02a2355cb590b5d10758223d7e9', '/tmp/2184c43346d7aaeeea9198a820ce0271f8bef02a2355cb590b5d10758223d7e9']
[EventRouter] DEBUG: EXEC #49 filename='/bin/true', triggers=['9c571daf6b0f09ea2c7a5609e6146811a96a43524d95b9ccc31506cfa0a4278f.static', '/tmp/9c571daf6b0f09ea2c7a5609e6146811a96a43524d95b9ccc31506cfa0a4278f.static']
[CgroupManager] Added cgroup 62872 via bpftool
[CgroupManager] Added cgroup 62958 via bpftool
[CgroupManager] Added cgroup 62700 via bpftool
[CgroupManager] Added cgroup 63044 via bpftool
[EventRouter] DEBUG: EXEC #33 filename='/bin/true', triggers=['256555f4d9a4e85cf9a2e2cb4ba1c6e6291d93d51b2a175c05df6192f4710647', '/tmp/256555f4d9a4e85cf9a2e2cb4ba1c6e6291d93d51b2a175c05df6192f4710647']
[EventRouter] DEBUG: EXEC #33 filename='/bin/true', triggers=['973a9a67c3b1f8954d311a184b362ba4363a73f640b94df63be2ce93b1bc582b', '/tmp/973a9a67c3b1f8954d311a184b362ba4363a73f640b94df63be2ce93b1bc582b']
[EventRouter] DEBUG: EXEC #33 filename='/bin/true', triggers=['0ff8b4d0da68e76795247cdfc3fb2488bcd9b3418050448f9220e74393591e97', '/tmp/0ff8b4d0da68e76795247cdfc3fb2488bcd9b3418050448f9220e74393591e97']
[EventRouter] DEBUG: EXEC #49 filename='/bin/true', triggers=['9e8b8f911363f30986ab370bfe472b109f45ae41135069d920fc9c3194e7a45b', '/tmp/9e8b8f911363f30986ab370bfe472b109f45ae41135069d920fc9c3194e7a45b']
[EventRouter] ARM detected at event 142 for cgroup 62786
[EventRouter] Discarded 141 pre-ARM events for cgroup 62786
[EventRouter] ARM detected at event 145 for cgroup 62614
[EventRouter] Discarded 144 pre-ARM events for cgroup 62614
[EventRouter] ARM detected at event 128 for cgroup 62700
[EventRouter] Discarded 127 pre-ARM events for cgroup 62700
[EventRouter] ARM detected at event 126 for cgroup 62958
[EventRouter] Discarded 125 pre-ARM events for cgroup 62958
[DOCKER] Container exit code: 255
[DOCKER][STDOUT] BEGIN
ubinize: error!: input configuration file was not specified (use -h for help)
[DOCKER][STDOUT] END
[DOCKER] Raw stdout saved: ../ELF_samples/benign_report/armv7/raw/973a9a67c3b1f8954d311a184b362ba4363a73f640b94df63be2ce93b1bc582b_2026-01-31_16-10-58_f7eb5e71_container_stdout.txt
[EventRouter] ARM detected at event 167 for cgroup 62872
[EventRouter] Discarded 166 pre-ARM events for cgroup 62872
[DOCKER] Container exit code: 1
[DOCKER][STDOUT] BEGIN
/tmp/9c571daf6b0f09ea2c7a5609e6146811a96a43524d95b9ccc31506cfa0a4278f.static: too few arguments
usage: btrfs-select-super -s number dev
	-s super   copy of superbloc to overwrite the primary one (values: 1, 2)
[DOCKER][STDOUT] END
[DOCKER] Raw stdout saved: ../ELF_samples/benign_report/armv7/raw/9c571daf6b0f09ea2c7a5609e6146811a96a43524d95b9ccc31506cfa0a4278f.static_2026-01-31_16-10-58_c0d6b450_container_stdout.txt
[DOCKER] Container exit code: 0
[DOCKER] Container exit code: 1
[DOCKER][STDOUT] BEGIN
OpenVPN 2.4.6 arm-buildroot-linux-musleabihf [SSL (OpenSSL)] [LZO] [LZ4] [EPOLL] [MH/PKTINFO] [AEAD] built on Jul  9 2019

General Options:
--config file   : Read configuration options from file.
--help          : Show options.
--version       : Show copyright and version information.

Tunnel Options:
--local host    : Local host name or ip address. Implies --bind.
--remote host [port] : Remote host name or ip address.
--remote-random : If multiple --remote options specified, choose one randomly.
--remote-random-hostname : Add a random string to remote DNS name.
--mode m        : Major mode, m = 'p2p' (default, point-to-point) or 'server'.
--proto p       : Use protocol p for communicating with peer.
                  p = udp (default), tcp-server, or tcp-client
--proto-force p : only consider protocol p in list of connection profiles.
                  p = udp6, tcp6-server, or tcp6-client (ipv6)
--connect-retry n [m] : For client, number of seconds to wait between
                  connection retries (default=5). On repeated retries
                  the wait time is exponentially increased to a maximum of m
                  (default=300).
--connect-retry-max n : Maximum connection attempt retries, default infinite.
--http-proxy s p [up] [auth] : Connect to remote host
                  through an HTTP proxy at address s and port p.
                  If proxy authentication is required,
                  up is a file containing username/password on 2 lines, or
                  'stdin' to prompt from console.  Add auth='ntlm' if
                  the proxy requires NTLM authentication.
--http-proxy s p 'auto[-nct]' : Like the above directive, but automatically
                  determine auth method and query for username/password
                  if needed.  auto-nct disables weak proxy auth methods.
--http-proxy-option type [parm] : Set extended HTTP proxy options.
                                  Repeat to set multiple options.
                  VERSION version (default=1.0)
                  AGENT user-agent
--socks-proxy s [p] [up] : Connect to remote host through a Socks5 proxy at
                  address s and port p (default port = 1080).
                  If proxy authentication is required,
                  up is a file containing username/password on 2 lines, or
                  'stdin' to prompt for console.
--socks-proxy-retry : Retry indefinitely on Socks proxy errors.
--resolv-retry n: If hostname resolve fails for --remote, retry
                  resolve for n seconds before failing (disabled by default).
                  Set n="infinite" to retry indefinitely.
--float         : Allow remote to change its IP address/port, such as through
                  DHCP (this is the default if --remote is not used).
--ipchange cmd  : Run command cmd on remote ip address initial
                  setting or change -- execute as: cmd ip-address port#
--port port     : TCP/UDP port # for both local and remote.
--lport port    : TCP/UDP port # for local (default=1194). Implies --bind.
--rport port    : TCP/UDP port # for remote (default=1194).
--bind          : Bind to local address and port. (This is the default unless
                  --proto tcp-client or --http-proxy or --socks-proxy is used).
--nobind        : Do not bind to local address and port.
--dev tunX|tapX : tun/tap device (X can be omitted for dynamic device.
--dev-type dt   : Which device type are we using? (dt = tun or tap) Use
                  this option only if the tun/tap device used with --dev
                  does not begin with "tun" or "tap".
--dev-node node : Explicitly set the device node rather than using
                  /dev/net/tun, /dev/tun, /dev/tap, etc.
--lladdr hw     : Set the link layer address of the tap device.
--topology t    : Set --dev tun topology: 'net30', 'p2p', or 'subnet'.
--iproute cmd   : Use this command instead of default /sbin/ip.
--ifconfig l rn : TUN: configure device to use IP address l as a local
                  endpoint and rn as a remote endpoint.  l & rn should be
                  swapped on the other peer.  l & rn must be private
                  addresses outside of the subnets used by either peer.
                  TAP: configure device to use IP address l as a local
                  endpoint and rn as a subnet mask.
--ifconfig-ipv6 l r : configure device to use IPv6 address l as local
                      endpoint (as a /64) and r as remote endpoint
--ifconfig-noexec : Don't actually execute ifconfig/netsh command, instead
                    pass --ifconfig parms by environment to scripts.
--ifconfig-nowarn : Don't warn if the --ifconfig option on this side of the
                    connection doesn't match the remote side.
--route network [netmask] [gateway] [metric] :
                  Add route to routing table after connection
                  is established.  Multiple routes can be specified.
                  netmask default: 255.255.255.255
                  gateway default: taken from --route-gateway or --ifconfig
                  Specify default by leaving blank or setting to "nil".
--route-ipv6 network/bits [gateway] [metric] :
                  Add IPv6 route to routing table after connection
                  is established.  Multiple routes can be specified.
                  gateway default: taken from 'remote' in --ifconfig-ipv6
--route-gateway gw|'dhcp' : Specify a default gateway for use with --route.
--route-metric m : Specify a default metric for use with --route.
--route-delay n [w] : Delay n seconds after connection initiation before
                  adding routes (may be 0).  If not specified, routes will
                  be added immediately after tun/tap open.  On Windows, wait
                  up to w seconds for TUN/TAP adapter to come up.
--route-up cmd  : Run command cmd after routes are added.
--route-pre-down cmd : Run command cmd before routes are removed.
--route-noexec  : Don't add routes automatically.  Instead pass routes to
                  --route-up script using environmental variables.
--route-nopull  : When used with --client or --pull, accept options pushed
                  by server EXCEPT for routes and dhcp options.
--allow-pull-fqdn : Allow client to pull DNS names from server for
                    --ifconfig, --route, and --route-gateway.
--redirect-gateway [flags]: Automatically execute routing
                  commands to redirect all outgoing IP traffic through the
                  VPN.  Add 'local' flag if both OpenVPN servers are directly
                  connected via a common subnet, such as with WiFi.
                  Add 'def1' flag to set default route using using 0.0.0.0/1
                  and 128.0.0.0/1 rather than 0.0.0.0/0.  Add 'bypass-dhcp'
                  flag to add a direct route to DHCP server, bypassing tunnel.
                  Add 'bypass-dns' flag to similarly bypass tunnel for DNS.
--redirect-private [flags]: Like --redirect-gateway, but omit actually changing
                  the default gateway.  Useful when pushing private subnets.
--client-nat snat|dnat network netmask alias : on client add 1-to-1 NAT rule.
--push-peer-info : (client only) push client info to server.
--setenv name value : Set a custom environmental variable to pass to script.
--setenv FORWARD_COMPATIBLE 1 : Relax config file syntax checking to allow
                  directives for future OpenVPN versions to be ignored.
--ignore-unkown-option opt1 opt2 ...: Relax config file syntax. Allow
                  these options to be ignored when unknown
--script-security level: Where level can be:
                  0 -- strictly no calling of external programs
                  1 -- (default) only call built-ins such as ifconfig
                  2 -- allow calling of built-ins and scripts
                  3 -- allow password to be passed to scripts via env
--shaper n      : Restrict output to peer to n bytes per second.
--keepalive n m : Helper option for setting timeouts in server mode.  Send
                  ping once every n seconds, restart if ping not received
                  for m seconds.
--inactive n [bytes] : Exit after n seconds of activity on tun/tap device
                  produces a combined in/out byte count < bytes.
--ping-exit n   : Exit if n seconds pass without reception of remote ping.
--ping-restart n: Restart if n seconds pass without reception of remote ping.
--ping-timer-rem: Run the --ping-exit/--ping-restart timer only if we have a
                  remote address.
--ping n        : Ping remote once every n seconds over TCP/UDP port.
--multihome     : Configure a multi-homed UDP server.
--fast-io       : (experimental) Optimize TUN/TAP/UDP writes.
--remap-usr1 s  : On SIGUSR1 signals, remap signal (s='SIGHUP' or 'SIGTERM').
--persist-tun   : Keep tun/tap device open across SIGUSR1 or --ping-restart.
--persist-remote-ip : Keep remote IP address across SIGUSR1 or --ping-restart.
--persist-local-ip  : Keep local IP address across SIGUSR1 or --ping-restart.
--persist-key   : Don't re-read key files across SIGUSR1 or --ping-restart.
--passtos       : TOS passthrough (applies to IPv4 only).
--tun-mtu n     : Take the tun/tap device MTU to be n and derive the
                  TCP/UDP MTU from it (default=1500).
--tun-mtu-extra n : Assume that tun/tap device might return as many
                  as n bytes more than the tun-mtu size on read
                  (default TUN=0 TAP=32).
--link-mtu n    : Take the TCP/UDP device MTU to be n and derive the tun MTU
                  from it.
--mtu-disc type : Should we do Path MTU discovery on TCP/UDP channel?
                  'no'    -- Never send DF (Don't Fragment) frames
                  'maybe' -- Use per-route hints
                  'yes'   -- Always DF (Don't Fragment)
--mtu-test      : Empirically measure and report MTU.
--fragment max  : Enable internal datagram fragmentation so that no UDP
                  datagrams are sent which are larger than max bytes.
                  Adds 4 bytes of overhead per datagram.
--mssfix [n]    : Set upper bound on TCP MSS, default = tun-mtu size
                  or --fragment max value, whichever is lower.
--sndbuf size   : Set the TCP/UDP send buffer size.
--rcvbuf size   : Set the TCP/UDP receive buffer size.
--mark value    : Mark encrypted packets being sent with value. The mark value
                  can be matched in policy routing and packetfilter rules.
--txqueuelen n  : Set the tun/tap TX queue length to n (Linux only).
--memstats file : Write live usage stats to memory mapped binary file.
--mlock         : Disable Paging -- ensures key material and tunnel
                  data will never be written to disk.
--up cmd        : Run command cmd after successful tun device open.
                  Execute as: cmd tun/tap-dev tun-mtu link-mtu \
                              ifconfig-local-ip ifconfig-remote-ip
                  (pre --user or --group UID/GID change)
--up-delay      : Delay tun/tap open and possible --up script execution
                  until after TCP/UDP connection establishment with peer.
--down cmd      : Run command cmd after tun device close.
                  (post --user/--group UID/GID change and/or --chroot)
                  (command parameters are same as --up option)
--down-pre      : Run --down command before TUN/TAP close.
--up-restart    : Run up/down commands for all restarts including those
                  caused by --ping-restart or SIGUSR1
--user user     : Set UID to user after initialization.
--group group   : Set GID to group after initialization.
--chroot dir    : Chroot to this directory after initialization.
--cd dir        : Change to this directory before initialization.
--daemon [name] : Become a daemon after initialization.
                  The optional 'name' parameter will be passed
                  as the program name to the system logger.
--syslog [name] : Output to syslog, but do not become a daemon.
                  See --daemon above for a description of the 'name' parm.
--inetd [name] ['wait'|'nowait'] : Run as an inetd or xinetd server.
                  See --daemon above for a description of the 'name' parm.
--log file      : Output log to file which is created/truncated on open.
--log-append file : Append log to file, or create file if nonexistent.
--suppress-timestamps : Don't log timestamps to stdout/stderr.
--machine-readable-output : Always log timestamp, message flags to stdout/stderr.
--writepid file : Write main process ID to file.
--nice n        : Change process priority (>0 = lower, <0 = higher).
--echo [parms ...] : Echo parameters to log output.
--verb n        : Set output verbosity to n (default=1):
                  (Level 3 is recommended if you want a good summary
                  of what's happening without being swamped by output).
                : 0 -- no output except fatal errors
                : 1 -- startup info + connection initiated messages +
                       non-fatal encryption & net errors
                : 2,3 -- show TLS negotiations & route info
                : 4 -- show parameters
                : 5 -- show 'RrWw' chars on console for each packet sent
                       and received from TCP/UDP (caps) or tun/tap (lc)
                : 6 to 11 -- debug messages of increasing verbosity
--mute n        : Log at most n consecutive messages in the same category.
--status file n : Write operational status to file every n seconds.
--status-version [n] : Choose the status file format version number.
                  Currently, n can be 1, 2, or 3 (default=1).
--disable-occ   : Disable options consistency check between peers.
--gremlin mask  : Special stress testing mode (for debugging only).
--compress alg  : Use compression algorithm alg
--comp-lzo      : Use LZO compression -- may add up to 1 byte per
                  packet for uncompressible data.
--comp-noadapt  : Don't use adaptive compression when --comp-lzo
                  is specified.
--management ip port [pass] : Enable a TCP server on ip:port to handle
                  management functions.  pass is a password file
                  or 'stdin' to prompt from console.
                  To listen on a unix domain socket, specific the pathname
                  in place of ip and use 'unix' as the port number.
--management-client : Management interface will connect as a TCP client to
                      ip/port rather than listen as a TCP server.
--management-query-passwords : Query management channel for private key
                  and auth-user-pass passwords.
--management-query-proxy : Query management channel for proxy information.
--management-query-remote : Query management channel for --remote directive.
--management-hold : Start OpenVPN in a hibernating state, until a client
                    of the management interface explicitly starts it.
--management-signal : Issue SIGUSR1 when management disconnect event occurs.
--management-forget-disconnect : Forget passwords when management disconnect
                                 event occurs.
--management-up-down : Report tunnel up/down events to management interface.
--management-log-cache n : Cache n lines of log file history for usage
                  by the management channel.
--management-client-user u  : When management interface is a unix socket, only
                              allow connections from user u.
--management-client-group g : When management interface is a unix socket, only
                              allow connections from group g.
--management-client-auth : gives management interface client the responsibility
                           to authenticate clients after their client certificate
			      has been verified.
--management-client-pf : management interface clients must specify a packet
                         filter file for each connecting client.

Multi-Client Server options (when --mode server is used):
--server network netmask : Helper option to easily configure server mode.
--server-ipv6 network/bits : Configure IPv6 server mode.
--server-bridge [IP netmask pool-start-IP pool-end-IP] : Helper option to
                    easily configure ethernet bridging server mode.
--push "option" : Push a config file option back to the peer for remote
                  execution.  Peer must specify --pull in its config file.
--push-reset    : Don't inherit global push list for specific
                  client instance.
--ifconfig-pool start-IP end-IP [netmask] : Set aside a pool of subnets
                  to be dynamically allocated to connecting clients.
--ifconfig-pool-linear : (DEPRECATED) Use individual addresses rather 
                  than /30 subnets
 in tun mode.  Not compatible with
                  Windows clients.
--ifconfig-pool-persist file [seconds] : Persist/unpersist ifconfig-pool
                  data to file, at seconds intervals (default=600).
                  If seconds=0, file will be treated as read-only.
--ifconfig-ipv6-pool base-IP/bits : set aside an IPv6 network block
                  to be dynamically allocated to connecting clients.
--ifconfig-push local remote-netmask : Push an ifconfig option to remote,
                  overrides --ifconfig-pool dynamic allocation.
                  Only valid in a client-specific config file.
--ifconfig-ipv6-push local/bits remote : Push an ifconfig-ipv6 option to
                  remote, overrides --ifconfig-ipv6-pool allocation.
                  Only valid in a client-specific config file.
--iroute network [netmask] : Route subnet to client.
--iroute-ipv6 network/bits : Route IPv6 subnet to client.
                  Sets up internal routes only.
                  Only valid in a client-specific config file.
--disable       : Client is disabled.
                  Only valid in a client-specific config file.
--client-cert-not-required : (DEPRECATED) Don't require client certificate, client
                  will authenticate using username/password.
--verify-client-cert [none|optional|require] : perform no, optional or
                  mandatory client certificate verification.
                  Default is to require the client to supply a certificate.
--username-as-common-name  : For auth-user-pass authentication, use
                  the authenticated username as the common name,
                  rather than the common name from the client cert.
--auth-user-pass-verify cmd method: Query client for username/password and
                  run command cmd to verify.  If method='via-env', pass
                  user/pass via environment, if method='via-file', pass
                  user/pass via temporary file.
--auth-gen-token  [lifetime] Generate a random authentication token which is pushed
                  to each client, replacing the password.  Usefull when
                  OTP based two-factor auth mechanisms are in use and
                  --reneg-* options are enabled. Optionally a lifetime in seconds
                  for generated tokens can be set.
--opt-verify    : Clients that connect with options that are incompatible
                  with those of the server will be disconnected.
--auth-user-pass-optional : Allow connections by clients that don't
                  specify a username/password.
--no-name-remapping : (DEPRECATED) Allow Common Name and X509 Subject to include
                      any printable character.
--client-to-client : Internally route client-to-client traffic.
--duplicate-cn  : Allow multiple clients with the same common name to
                  concurrently connect.
--client-connect cmd : Run command cmd on client connection.
--client-disconnect cmd : Run command cmd on client disconnection.
--client-config-dir dir : Directory for custom client config files.
--ccd-exclusive : Refuse connection unless custom client config is found.
--tmp-dir dir   : Temporary directory, used for --client-connect return file and plugin communication.
--hash-size r v : Set the size of the real address hash table to r and the
                  virtual address table to v.
--bcast-buffers n : Allocate n broadcast buffers.
--tcp-queue-limit n : Maximum number of queued TCP output packets.
--tcp-nodelay   : Macro that sets TCP_NODELAY socket flag on the server
                  as well as pushes it to connecting clients.
--learn-address cmd : Run command cmd to validate client virtual addresses.
--connect-freq n s : Allow a maximum of n new connections per s seconds.
--max-clients n : Allow a maximum of n simultaneously connected clients.
--max-routes-per-client n : Allow a maximum of n internal routes per client.
--stale-routes-check n [t] : Remove routes with a last activity timestamp
                             older than n seconds. Run this check every t
                             seconds (defaults to n).
--explicit-exit-notify [n] : In UDP server mode send [RESTART] command on exit/restart to connected
                             clients. n = 1 - reconnect to same server,
                             2 - advance to next server, default=1.
--port-share host port [dir] : When run in TCP mode, proxy incoming HTTPS
                  sessions to a web server at host:port.  dir specifies an
                  optional directory to write origin IP:port data.

Client options (when connecting to a multi-client server):
--client         : Helper option to easily configure client mode.
--auth-user-pass [up] : Authenticate with server using username/password.
                  up is a file containing the username on the first line,
                  and a password on the second. If either the password or both
                  the username and the password are omitted OpenVPN will prompt
                  for them from console.
--pull           : Accept certain config file options from the peer as if they
                  were part of the local config file.  Must be specified
                  when connecting to a '--mode server' remote host.
--pull-filter accept|ignore|reject t : Filter each option received from the
                  server if it starts with the text t. The action flag accept,
                  ignore or reject causes the option to be allowed, removed or
                  rejected with error. May be specified multiple times, and
                  each filter is applied in the order of appearance.
--auth-retry t  : How to handle auth failures.  Set t to
                  none (default), interact, or nointeract.
--static-challenge t e : Enable static challenge/response protocol using
                  challenge text t, with e indicating echo flag (0|1)
--connect-timeout n : when polling possible remote servers to connect to
                  in a round-robin fashion, spend no more than n seconds
                  waiting for a response before trying the next server.
--allow-recursive-routing : When this option is set, OpenVPN will not drop
                  incoming tun packets with same destination as host.
--explicit-exit-notify [n] : On exit/restart, send exit signal to
                  server/remote. n = # of retries, default=1.

Data Channel Encryption Options (must be compatible between peers):
(These options are meaningful for both Static Key & TLS-mode)
--secret f [d]  : Enable Static Key encryption mode (non-TLS).
                  Use shared secret file f, generate with --genkey.
                  The optional d parameter controls key directionality.
                  If d is specified, use separate keys for each
                  direction, set d=0 on one side of the connection,
                  and d=1 on the other side.
--auth alg      : Authenticate packets with HMAC using message
                  digest algorithm alg (default=SHA1).
                  (usually adds 16 or 20 bytes per packet)
                  Set alg=none to disable authentication.
--cipher alg    : Encrypt packets with cipher algorithm alg
                  (default=BF-CBC).
                  Set alg=none to disable encryption.
--ncp-ciphers list : List of ciphers that are allowed to be negotiated.
--ncp-disable   : Disable cipher negotiation.
--prng alg [nsl] : For PRNG, use digest algorithm alg, and
                   nonce_secret_len=nsl.  Set alg=none to disable PRNG.
--keysize n     : (DEPRECATED) Size of cipher key in bits (optional).
                  If unspecified, defaults to cipher-specific default.
--engine [name] : Enable OpenSSL hardware crypto engine functionality.
--no-replay     : (DEPRECATED) Disable replay protection.
--mute-replay-warnings : Silence the output of replay warnings to log file.
--replay-window n [t]  : Use a replay protection sliding window of size n
                         and a time window of t seconds.
                         Default n=64 t=15
--no-iv         : Disable cipher IV -- only allowed with CBC mode ciphers.
--replay-persist file : Persist replay-protection state across sessions
                  using file.
--test-crypto   : Run a self-test of crypto features enabled.
                  For debugging only.

TLS Key Negotiation Options:
(These options are meaningful only for TLS-mode)
--tls-server    : Enable TLS and assume server role during TLS handshake.
--tls-client    : Enable TLS and assume client role during TLS handshake.
--key-method m  : (DEPRECATED) Data channel key exchange method.  m should be a method
                  number, such as 1 (default), 2, etc.
--ca file       : Certificate authority file in .pem format containing
                  root certificate.
--capath dir    : A directory of trusted certificates (CAs and CRLs).
--dh file       : File containing Diffie Hellman parameters
                  in .pem format (for --tls-server only).
                  Use "openssl dhparam -out dh1024.pem 1024" to generate.
--cert file     : Local certificate in .pem format -- must be signed
                  by a Certificate Authority in --ca file.
--extra-certs file : one or more PEM certs that complete the cert chain.
--key file      : Local private key in .pem format.
--tls-version-min <version> ['or-highest'] : sets the minimum TLS version we
    will accept from the peer.  If version is unrecognized and 'or-highest'
    is specified, require max TLS version supported by SSL implementation.
--tls-version-max <version> : sets the maximum TLS version we will use.
--pkcs12 file   : PKCS#12 file containing local private key, local certificate
                  and optionally the root CA certificate.
--verify-hash hash [algo] : Specify fingerprint for level-1 certificate.
                            Valid algo flags are SHA1 and SHA256. 
--tls-cipher l  : A list l of allowable TLS ciphers separated by : (optional).
                : Use --show-tls to see a list of supported TLS ciphers.
--tls-cert-profile p : Set the allowed certificate crypto algorithm profile
                  (default=legacy).
--tls-timeout n : Packet retransmit timeout on TLS control channel
                  if no ACK from remote within n seconds (default=2).
--reneg-bytes n : Renegotiate data chan. key after n bytes sent and recvd.
--reneg-pkts n  : Renegotiate data chan. key after n packets sent and recvd.
--reneg-sec n   : Renegotiate data chan. key after n seconds (default=3600).
--hand-window n : Data channel key exchange must finalize within n seconds
                  of handshake initiation by any peer (default=60).
--tran-window n : Transition window -- old key can live this many seconds
                  after new key renegotiation begins (default=3600).
--single-session: Allow only one session (reset state on restart).
--tls-exit      : Exit on TLS negotiation failure.
--tls-auth f [d]: Add an additional layer of authentication on top of the TLS
                  control channel to protect against attacks on the TLS stack
                  and DoS attacks.
                  f (required) is a shared-secret key file.
                  The optional d parameter controls key directionality,
                  see --secret option for more info.
--tls-crypt key : Add an additional layer of authenticated encryption on top
                  of the TLS control channel to hide the TLS certificate,
                  provide basic post-quantum security and protect against
                  attacks on the TLS stack and DoS attacks.
                  key (required) provides the pre-shared key file.
                  see --secret option for more info.
--askpass [file]: Get PEM password from controlling tty before we daemonize.
--auth-nocache  : Don't cache --askpass or --auth-user-pass passwords.
--crl-verify crl ['dir']: Check peer certificate against a CRL.
--tls-verify cmd: Run command cmd to verify the X509 name of a
                  pending TLS connection that has otherwise passed all other
                  tests of certification.  cmd should return 0 to allow
                  TLS handshake to proceed, or 1 to fail.  (cmd is
                  executed as 'cmd certificate_depth subject')
--tls-export-cert [directory] : Get peer cert in PEM format and store it 
                  in an openvpn temporary file in [directory]. Peer cert is 
                  stored before tls-verify script execution and deleted after.
--verify-x509-name name: Accept connections only from a host with X509 subject
                  DN name. The remote host must also pass all other tests
                  of verification.
--ns-cert-type t: (DEPRECATED) Require that peer certificate was signed with 
                  an explicit nsCertType designation t = 'client' | 'server'.
--x509-track x  : Save peer X509 attribute x in environment for use by
                  plugins and management interface.
--keying-material-exporter label len : Save Exported Keying Material (RFC5705)
                  of len bytes (min. 16 bytes) using label in environment for use by plugins.
--remote-cert-ku v ... : Require that the peer certificate was signed with
                  explicit key usage, you can specify more than one value.
                  value should be given in hex format.
--remote-cert-eku oid : Require that the peer certificate was signed with
                  explicit extended key usage. Extended key usage can be encoded
                  as an object identifier or OpenSSL string representation.
--remote-cert-tls t: Require that peer certificate was signed with explicit
                  key usage and extended key usage based on RFC3280 TLS rules.
                  t = 'client' | 'server'.

SSL Library information:
--show-ciphers  : Show cipher algorithms to use with --cipher option.
--show-digests  : Show message digest algorithms to use with --auth option.
--show-engines  : Show hardware crypto accelerator engines (if available).
--show-tls      : Show all TLS ciphers (TLS used only as a control channel).

Generate a random key (only for non-TLS static key encryption mode):
--genkey        : Generate a random key to be used as a shared secret,
                  for use with the --secret option.
--secret file   : Write key to file.

Tun/tap config mode (available with linux 2.4+):
--mktun         : Create a persistent tunnel.
--rmtun         : Remove a persistent tunnel.
--dev tunX|tapX : tun/tap device
--dev-type dt   : Device type.  See tunnel options above for details.
--user user     : User to set privilege to.
--group group   : Group to set privilege to.

General Standalone Options:
--show-gateway : Show info about default gateway.
[DOCKER][STDOUT] END
[DOCKER] Raw stdout saved: ../ELF_samples/benign_report/armv7/raw/2184c43346d7aaeeea9198a820ce0271f8bef02a2355cb590b5d10758223d7e9_2026-01-31_16-10-58_28f48917_container_stdout.txt
[EventRouter] ARM detected at event 146 for cgroup 63044
[EventRouter] Discarded 145 pre-ARM events for cgroup 63044
[DOCKER] Container exit code: 1
[DOCKER][STDOUT] BEGIN
0ff8b4d0da68e76795247cdfc3fb2488bcd9b3418050448f9220e74393591e97: eth1: No such device
[DOCKER][STDOUT] END
[DOCKER] Raw stdout saved: ../ELF_samples/benign_report/armv7/raw/0ff8b4d0da68e76795247cdfc3fb2488bcd9b3418050448f9220e74393591e97_2026-01-31_16-10-58_986e07e8_container_stdout.txt
[DOCKER] Container exit code: 2
[DOCKER][STDOUT] BEGIN
/tmp/9e8b8f911363f30986ab370bfe472b109f45ae41135069d920fc9c3194e7a45b: You must specify one of -oipt options.
Try `/tmp/9e8b8f911363f30986ab370bfe472b109f45ae41135069d920fc9c3194e7a45b --help' or `/tmp/9e8b8f911363f30986ab370bfe472b109f45ae41135069d920fc9c3194e7a45b --usage' for more information.

Try '/tmp/9e8b8f911363f30986ab370bfe472b109f45ae41135069d920fc9c3194e7a45b
--help' or
'/tmp/9e8b8f911363f30986ab370bfe472b109f45ae41135069d920fc9c3194e7a45b --usage'
for more information.
[DOCKER][STDOUT] END
[DOCKER] Raw stdout saved: ../ELF_samples/benign_report/armv7/raw/9e8b8f911363f30986ab370bfe472b109f45ae41135069d920fc9c3194e7a45b_2026-01-31_16-10-58_7a219317_container_stdout.txt
[POOL] Collected 6 events for analysis (read from log file)
[POOL] Running analyzers on 6 events for 973a9a67c3b1f8954d311a184b362ba4363a73f640b94df63be2ce93b1bc582b
[POOL] Analysis completed: 0 findings in 0.00s (5466 events/s)
[AI-Integration] Submitted task: f7eb5e71
[AI] f7eb5e71 queued for DeepSeek analysis
[CgroupManager] Removed cgroup 62958 via bpftool
[POOL] Cleanup scheduled for aad05757d1d9
[DockerWorker-4] ✗ Failed: 973a9a67c3b1f8954d311a184b362ba4363a73f640b94df63be2ce93b1bc582b - Crashed: Signal 127 (Exit code 255) (1.12s)
[DockerWorker-4] Starting: 557ca88e05e368e2013402bc9d5a028f3bbdb15b27b4afe4976438ebca3150e7 (40_32bit)
[ANALYSISLOG] 557ca88e05e368e2013402bc9d5a028f3bbdb15b27b4afe4976438ebca3150e7 -> ../ELF_samples/benign_report/armv7/raw/557ca88e05e368e2013402bc9d5a028f3bbdb15b27b4afe4976438ebca3150e7_2026-01-31_16-11-00_9a190fd4.jsonl
[DOCKER] Selected image for libc=glibc: arm32v7/ubuntu:22.04
[POOL] Collected 8 events for analysis (read from log file)
[POOL] Running analyzers on 8 events for 9c571daf6b0f09ea2c7a5609e6146811a96a43524d95b9ccc31506cfa0a4278f.static
[POOL] Analysis completed: 0 findings in 0.00s (7544 events/s)
[AI-Integration] Submitted task: c0d6b450
[AI] c0d6b450 queued for DeepSeek analysis
[POOL] Collected 6 events for analysis (read from log file)
[POOL] Running analyzers on 6 events for 256555f4d9a4e85cf9a2e2cb4ba1c6e6291d93d51b2a175c05df6192f4710647
[POOL] Analysis completed: 0 findings in 0.00s (5799 events/s)
[AI-Integration] Submitted task: 895ab1cc
[AI] 895ab1cc queued for DeepSeek analysis
[CgroupManager] Removed cgroup 62786 via bpftool
[POOL] Cleanup scheduled for 5bcc952d16f1
[DockerWorker-2] ✓ Completed: 9c571daf6b0f09ea2c7a5609e6146811a96a43524d95b9ccc31506cfa0a4278f.static (8 events) (1.16s)
[DockerWorker-2] Starting: 83c331bb3e1e6e2187a5e3eea81839047ba1549e17447945dfa476113b926e89 (40_32bit)
[ANALYSISLOG] 83c331bb3e1e6e2187a5e3eea81839047ba1549e17447945dfa476113b926e89 -> ../ELF_samples/benign_report/armv7/raw/83c331bb3e1e6e2187a5e3eea81839047ba1549e17447945dfa476113b926e89_2026-01-31_16-11-00_3e6c614d.jsonl
[DOCKER] Selected image for libc=glibc: arm32v7/ubuntu:22.04
[CgroupManager] Removed cgroup 62872 via bpftool
[POOL] Cleanup scheduled for a2ea383e6f12
[DockerWorker-0] ✓ Completed: 256555f4d9a4e85cf9a2e2cb4ba1c6e6291d93d51b2a175c05df6192f4710647 (6 events) (1.17s)
[DockerWorker-0] Starting: 1461494161cd997f69b913fe95affb33e9fd1ac17e1dad8bd610dc8f33d07932 (40_32bit)
[ANALYSISLOG] 1461494161cd997f69b913fe95affb33e9fd1ac17e1dad8bd610dc8f33d07932 -> ../ELF_samples/benign_report/armv7/raw/1461494161cd997f69b913fe95affb33e9fd1ac17e1dad8bd610dc8f33d07932_2026-01-31_16-11-00_9c013305.jsonl
[DOCKER] Selected image for libc=glibc: arm32v7/ubuntu:22.04
[POOL] Collected 6 events for analysis (read from log file)
[POOL] Running analyzers on 6 events for 2184c43346d7aaeeea9198a820ce0271f8bef02a2355cb590b5d10758223d7e9
[POOL] Analysis completed: 0 findings in 0.00s (5725 events/s)
[AI-Integration] Submitted task: 28f48917
[AI] 28f48917 queued for DeepSeek analysis
[POOL] Collected 7 events for analysis (read from log file)
[POOL] Running analyzers on 7 events for 0ff8b4d0da68e76795247cdfc3fb2488bcd9b3418050448f9220e74393591e97
[POOL] Analysis completed: 0 findings in 0.00s (6649 events/s)
[AI-Integration] Submitted task: 986e07e8
[AI] 986e07e8 queued for DeepSeek analysis
[POOL] Collected 5 events for analysis (read from log file)
[POOL] Running analyzers on 5 events for 9e8b8f911363f30986ab370bfe472b109f45ae41135069d920fc9c3194e7a45b
[POOL] Analysis completed: 0 findings in 0.00s (4749 events/s)
[AI-Integration] Submitted task: 7a219317
[AI] 7a219317 queued for DeepSeek analysis
[CgroupManager] Removed cgroup 62700 via bpftool
[POOL] Cleanup scheduled for 0c1b92fb4216
[DockerWorker-1] ✓ Completed: 0ff8b4d0da68e76795247cdfc3fb2488bcd9b3418050448f9220e74393591e97 (7 events) (1.20s)
[DockerWorker-1] Starting: 5426f3d05cba5bc044f7e7e493acb8fbb292db211bc9f6510593e3acd32d33a6 (40_32bit)
[ANALYSISLOG] 5426f3d05cba5bc044f7e7e493acb8fbb292db211bc9f6510593e3acd32d33a6 -> ../ELF_samples/benign_report/armv7/raw/5426f3d05cba5bc044f7e7e493acb8fbb292db211bc9f6510593e3acd32d33a6_2026-01-31_16-11-00_465e5f46.jsonl
[DOCKER] Selected image for libc=glibc: arm32v7/ubuntu:22.04
[CgroupManager] Removed cgroup 62614 via bpftool
[POOL] Cleanup scheduled for 4236d5e32a31
[DockerWorker-5] ✓ Completed: 2184c43346d7aaeeea9198a820ce0271f8bef02a2355cb590b5d10758223d7e9 (6 events) (1.21s)
[DockerWorker-5] Starting: 59c033326535b85d427e4c5001564a8967b06cc944850a042038af63e69f4b3d (40_32bit)
[ANALYSISLOG] 59c033326535b85d427e4c5001564a8967b06cc944850a042038af63e69f4b3d -> ../ELF_samples/benign_report/armv7/raw/59c033326535b85d427e4c5001564a8967b06cc944850a042038af63e69f4b3d_2026-01-31_16-11-00_fa30c79b.jsonl
[DOCKER] Selected image for libc=glibc: arm32v7/ubuntu:22.04
[CgroupManager] Removed cgroup 63044 via bpftool
[POOL] Cleanup scheduled for 64f3c63a7291
[DockerWorker-3] ✓ Completed: 9e8b8f911363f30986ab370bfe472b109f45ae41135069d920fc9c3194e7a45b (5 events) (1.23s)
[DockerWorker-3] Starting: 3d29f4817ae48c3235f600637588ed7ed2fcc0e76eec8a98e465eb587e11f9c3 (40_32bit)
[ANALYSISLOG] 3d29f4817ae48c3235f600637588ed7ed2fcc0e76eec8a98e465eb587e11f9c3 -> ../ELF_samples/benign_report/armv7/raw/3d29f4817ae48c3235f600637588ed7ed2fcc0e76eec8a98e465eb587e11f9c3_2026-01-31_16-11-00_4637bcfe.jsonl
[DOCKER] Selected image for libc=glibc: arm32v7/ubuntu:22.04
[CgroupManager] Added cgroup 63130 via bpftool
[EventRouter] DEBUG: EXEC #33 filename='/bin/true', triggers=['557ca88e05e368e2013402bc9d5a028f3bbdb15b27b4afe4976438ebca3150e7', '/tmp/557ca88e05e368e2013402bc9d5a028f3bbdb15b27b4afe4976438ebca3150e7']
[CgroupManager] Added cgroup 63216 via bpftool
[CgroupManager] Added cgroup 63302 via bpftool
[CgroupManager] Added cgroup 63560 via bpftool
[EventRouter] DEBUG: EXEC #49 filename='/bin/true', triggers=['1461494161cd997f69b913fe95affb33e9fd1ac17e1dad8bd610dc8f33d07932', '/tmp/1461494161cd997f69b913fe95affb33e9fd1ac17e1dad8bd610dc8f33d07932']
[EventRouter] DEBUG: EXEC #34 filename='/bin/true', triggers=['83c331bb3e1e6e2187a5e3eea81839047ba1549e17447945dfa476113b926e89', '/tmp/83c331bb3e1e6e2187a5e3eea81839047ba1549e17447945dfa476113b926e89']
[CgroupManager] Added cgroup 63388 via bpftool
[CgroupManager] Added cgroup 63474 via bpftool
[EventRouter] DEBUG: EXEC #33 filename='/bin/true', triggers=['3d29f4817ae48c3235f600637588ed7ed2fcc0e76eec8a98e465eb587e11f9c3', '/tmp/3d29f4817ae48c3235f600637588ed7ed2fcc0e76eec8a98e465eb587e11f9c3']
[EventRouter] DEBUG: EXEC #35 filename='/bin/true', triggers=['59c033326535b85d427e4c5001564a8967b06cc944850a042038af63e69f4b3d', '/tmp/59c033326535b85d427e4c5001564a8967b06cc944850a042038af63e69f4b3d']
[EventRouter] ARM detected at event 143 for cgroup 63216
[EventRouter] Discarded 142 pre-ARM events for cgroup 63216
[EventRouter] ARM detected at event 129 for cgroup 63130
[EventRouter] Discarded 128 pre-ARM events for cgroup 63130
[EventRouter] ARM detected at event 126 for cgroup 63560
[EventRouter] Discarded 125 pre-ARM events for cgroup 63560
[DOCKER] Container exit code: 1
[DOCKER][STDOUT] BEGIN
Usage: /tmp/557ca88e05e368e2013402bc9d5a028f3bbdb15b27b4afe4976438ebca3150e7 [-d path | --database=path] [-e | -E | --[non-]existing]
      [-i | --ignore-case] [-w | --wholename] [-b | --basename] 
      [--limit=N | -l N] [-S | --statistics] [-0 | --null] [-c | --count]
      [-P | -H | --nofollow] [-L | --follow] [-m | --mmap] [-s | --stdio]
      [-A | --all] [-p | --print] [-r | --regex] [--regextype=TYPE]
      [--max-database-age D] [--version] [--help]
      pattern...

Report bugs to <bug-findutils@gnu.org>.
[DOCKER][STDOUT] END
[DOCKER] Raw stdout saved: ../ELF_samples/benign_report/armv7/raw/557ca88e05e368e2013402bc9d5a028f3bbdb15b27b4afe4976438ebca3150e7_2026-01-31_16-11-00_9a190fd4_container_stdout.txt
[EventRouter] ARM detected at event 142 for cgroup 63302
[EventRouter] Discarded 141 pre-ARM events for cgroup 63302
[DOCKER] Container exit code: 1
[DOCKER][STDOUT] BEGIN
3d29f4817ae48c3235f600637588ed7ed2fcc0e76eec8a98e465eb587e11f9c3: cannot open /dev/rfkill: No such file or directory
3d29f4817ae48c3235f600637588ed7ed2fcc0e76eec8a98e465eb587e11f9c3: cannot read /dev/rfkill: Bad file descriptor
[DOCKER][STDOUT] END
[DOCKER] Raw stdout saved: ../ELF_samples/benign_report/armv7/raw/3d29f4817ae48c3235f600637588ed7ed2fcc0e76eec8a98e465eb587e11f9c3_2026-01-31_16-11-00_4637bcfe_container_stdout.txt
[DOCKER] Container exit code: 0
[DOCKER] Container exit code: 0
[DOCKER][STDOUT] BEGIN
OpenSSL>
[DOCKER][STDOUT] END
[DOCKER] Raw stdout saved: ../ELF_samples/benign_report/armv7/raw/1461494161cd997f69b913fe95affb33e9fd1ac17e1dad8bd610dc8f33d07932_2026-01-31_16-11-00_9c013305_container_stdout.txt
[EventRouter] ARM detected at event 131 for cgroup 63474
[EventRouter] Discarded 130 pre-ARM events for cgroup 63474
[DOCKER] Container exit code: 1
[DOCKER][STDOUT] BEGIN
59c033326535b85d427e4c5001564a8967b06cc944850a042038af63e69f4b3d: bad usage
Try '59c033326535b85d427e4c5001564a8967b06cc944850a042038af63e69f4b3d --help' for more information.
[DOCKER][STDOUT] END
[DOCKER] Raw stdout saved: ../ELF_samples/benign_report/armv7/raw/59c033326535b85d427e4c5001564a8967b06cc944850a042038af63e69f4b3d_2026-01-31_16-11-00_fa30c79b_container_stdout.txt
[EventRouter] ARM detected at event 170 for cgroup 63388
[EventRouter] Discarded 169 pre-ARM events for cgroup 63388
[DOCKER] Container exit code: 1
[DOCKER][STDOUT] BEGIN

USAGE: 5426f3d05cba5bc044f7e7e493acb8fbb292db211bc9f6510593e3acd32d33a6 COMMAND [OPTION...] {all|RESOURCE...}

GENERAL OPTIONS:
  --stacked, -S
  --dry-run, -d
  --verbose, -v
  --config-file=..., -c ...
  --config-to-test=..., -t ...
  --drbdsetup=..., -s ...
  --drbdmeta=..., -m ...
  --drbd-proxy-ctl=..., -p ...
  --sh-varname=..., -n ...
  --peer=..., -P ...
  --version, -V
  --setup-option=..., -W ...
  --help, -h

COMMANDS:
 attach                             status                             
 disk-options                       detach                             
 connect                            net-options                        
 disconnect                         up                                 
 resource-options                   down                               
 primary                            secondary                          
 invalidate                         invalidate-remote                  
 outdate                            resize                             
 verify                             pause-sync                         
 resume-sync                        adjust                             
 adjust-with-progress               wait-connect                       
 wait-con-int                       role                               
 cstate                             dstate                             
 dump                               dump-xml                           
 create-md                          show-gi                            
 get-gi                             dump-md                            
 wipe-md                            apply-al                           
 hidden-commands                    

Version: 9.2.0 (api:1)
GIT-hash: ae9450cc5e56d3ef6763ca4a0fc507b908073b4c build by build@buildserver, 2019-07-09 20:08:23

No command specified
[DOCKER][STDOUT] END
[DOCKER] Raw stdout saved: ../ELF_samples/benign_report/armv7/raw/5426f3d05cba5bc044f7e7e493acb8fbb292db211bc9f6510593e3acd32d33a6_2026-01-31_16-11-00_465e5f46_container_stdout.txt
[POOL] Collected 6 events for analysis (read from log file)
[POOL] Running analyzers on 6 events for 557ca88e05e368e2013402bc9d5a028f3bbdb15b27b4afe4976438ebca3150e7
[POOL] Analysis completed: 0 findings in 0.00s (5424 events/s)
[AI-Integration] Submitted task: 9a190fd4
[AI] 9a190fd4 queued for DeepSeek analysis
[POOL] Collected 8 events for analysis (read from log file)
[POOL] Running analyzers on 8 events for 3d29f4817ae48c3235f600637588ed7ed2fcc0e76eec8a98e465eb587e11f9c3
[POOL] Analysis completed: 0 findings in 0.00s (7644 events/s)
[AI-Integration] Submitted task: 4637bcfe
[AI] 4637bcfe queued for DeepSeek analysis
[POOL] Collected 6 events for analysis (read from log file)
[POOL] Running analyzers on 6 events for 83c331bb3e1e6e2187a5e3eea81839047ba1549e17447945dfa476113b926e89
[POOL] Analysis completed: 0 findings in 0.00s (5677 events/s)
[AI-Integration] Submitted task: 3e6c614d
[AI] 3e6c614d queued for DeepSeek analysis
[CgroupManager] Removed cgroup 63130 via bpftool
[POOL] Cleanup scheduled for 0057c9761d20
[DockerWorker-4] ✓ Completed: 557ca88e05e368e2013402bc9d5a028f3bbdb15b27b4afe4976438ebca3150e7 (6 events) (1.25s)
[DockerWorker-4] Starting: 70d836f8bc84dbe530f3eb3c93245b64b8b2720d43139f2655175eef7351b4d8 (40_32bit)
[CgroupManager] Removed cgroup 63560 via bpftool
[POOL] Cleanup scheduled for c1b853e7506d
[DockerWorker-3] ✓ Completed: 3d29f4817ae48c3235f600637588ed7ed2fcc0e76eec8a98e465eb587e11f9c3 (8 events) (1.15s)
[DockerWorker-3] Starting: 949bc438db8382252f16bdc3876c029f58ad6f315c84c7b4337324d54d13ec3d (40_32bit)
[ANALYSISLOG] 949bc438db8382252f16bdc3876c029f58ad6f315c84c7b4337324d54d13ec3d -> ../ELF_samples/benign_report/armv7/raw/949bc438db8382252f16bdc3876c029f58ad6f315c84c7b4337324d54d13ec3d_2026-01-31_16-11-01_b354153a.jsonl
[DOCKER] Selected image for libc=glibc: arm32v7/ubuntu:22.04
[ANALYSISLOG] 70d836f8bc84dbe530f3eb3c93245b64b8b2720d43139f2655175eef7351b4d8 -> ../ELF_samples/benign_report/armv7/raw/70d836f8bc84dbe530f3eb3c93245b64b8b2720d43139f2655175eef7351b4d8_2026-01-31_16-11-01_41682e11.jsonl
[DOCKER] Selected image for libc=glibc: arm32v7/ubuntu:22.04
[POOL] Collected 7 events for analysis (read from log file)
[POOL] Running analyzers on 7 events for 1461494161cd997f69b913fe95affb33e9fd1ac17e1dad8bd610dc8f33d07932
[POOL] Analysis completed: 0 findings in 0.00s (6705 events/s)
[AI-Integration] Submitted task: 9c013305
[AI] 9c013305 queued for DeepSeek analysis
[CgroupManager] Removed cgroup 63216 via bpftool
[POOL] Cleanup scheduled for 3df3dc30b263
[DockerWorker-2] ✓ Completed: 83c331bb3e1e6e2187a5e3eea81839047ba1549e17447945dfa476113b926e89 (6 events) (1.22s)
[DockerWorker-2] Starting: 4f9c3c81e22cad7e008827ce0bde470dc5e8bde02c352784b5362b163a345bde (40_32bit)
[ANALYSISLOG] 4f9c3c81e22cad7e008827ce0bde470dc5e8bde02c352784b5362b163a345bde -> ../ELF_samples/benign_report/armv7/raw/4f9c3c81e22cad7e008827ce0bde470dc5e8bde02c352784b5362b163a345bde_2026-01-31_16-11-01_94ab411a.jsonl
[DOCKER] Selected image for libc=glibc: arm32v7/ubuntu:22.04
[POOL] Collected 5 events for analysis (read from log file)
[POOL] Running analyzers on 5 events for 59c033326535b85d427e4c5001564a8967b06cc944850a042038af63e69f4b3d
[POOL] Analysis completed: 0 findings in 0.00s (4703 events/s)
[AI-Integration] Submitted task: fa30c79b
[AI] fa30c79b queued for DeepSeek analysis
[CgroupManager] Removed cgroup 63302 via bpftool
[POOL] Cleanup scheduled for 203451798cce
[DockerWorker-0] ✓ Completed: 1461494161cd997f69b913fe95affb33e9fd1ac17e1dad8bd610dc8f33d07932 (7 events) (1.25s)
[DockerWorker-0] Starting: 3983db7c56ebbd45eb9d49c1d0e8de5261f0c92262ca637d191061ffa883129c (40_32bit)
[ANALYSISLOG] 3983db7c56ebbd45eb9d49c1d0e8de5261f0c92262ca637d191061ffa883129c -> ../ELF_samples/benign_report/armv7/raw/3983db7c56ebbd45eb9d49c1d0e8de5261f0c92262ca637d191061ffa883129c_2026-01-31_16-11-01_4254ec8b.jsonl
[DOCKER] Selected image for libc=glibc: arm32v7/ubuntu:22.04
[CgroupManager] Removed cgroup 63474 via bpftool
[POOL] Cleanup scheduled for 3a120c76c4c5
[DockerWorker-5] ✓ Completed: 59c033326535b85d427e4c5001564a8967b06cc944850a042038af63e69f4b3d (5 events) (1.22s)
[DockerWorker-5] Starting: 18a3b8b7d7d9c4a3d692970d9ab47afe3c43182405757f75e52a8f542b23d47b (40_32bit)
[ANALYSISLOG] 18a3b8b7d7d9c4a3d692970d9ab47afe3c43182405757f75e52a8f542b23d47b -> ../ELF_samples/benign_report/armv7/raw/18a3b8b7d7d9c4a3d692970d9ab47afe3c43182405757f75e52a8f542b23d47b_2026-01-31_16-11-01_3d5d9737.jsonl
[DOCKER] Selected image for libc=glibc: arm32v7/ubuntu:22.04
[POOL] Collected 14 events for analysis (read from log file)
[POOL] Running analyzers on 14 events for 5426f3d05cba5bc044f7e7e493acb8fbb292db211bc9f6510593e3acd32d33a6
[POOL] Analysis completed: 0 findings in 0.00s (13393 events/s)
[AI-Integration] Submitted task: 465e5f46
[AI] 465e5f46 queued for DeepSeek analysis
[CgroupManager] Removed cgroup 63388 via bpftool
[POOL] Cleanup scheduled for 98e0a4a887ad
[DockerWorker-1] ✓ Completed: 5426f3d05cba5bc044f7e7e493acb8fbb292db211bc9f6510593e3acd32d33a6 (14 events) (1.30s)
[DockerWorker-1] Starting: a925e90b445c87c198390b919473875beaa426ed3e5a2685ba9f18e38e1e847a (40_32bit)
[ANALYSISLOG] a925e90b445c87c198390b919473875beaa426ed3e5a2685ba9f18e38e1e847a -> ../ELF_samples/benign_report/armv7/raw/a925e90b445c87c198390b919473875beaa426ed3e5a2685ba9f18e38e1e847a_2026-01-31_16-11-01_02b264f3.jsonl
[DOCKER] Selected image for libc=glibc: arm32v7/ubuntu:22.04
[CgroupManager] Added cgroup 63732 via bpftool
[CgroupManager] Added cgroup 63646 via bpftool
[CgroupManager] Added cgroup 63904 via bpftool
[EventRouter] DEBUG: EXEC #49 filename='/bin/true', triggers=['949bc438db8382252f16bdc3876c029f58ad6f315c84c7b4337324d54d13ec3d', '/tmp/949bc438db8382252f16bdc3876c029f58ad6f315c84c7b4337324d54d13ec3d']
[EventRouter] DEBUG: EXEC #34 filename='/bin/true', triggers=['4f9c3c81e22cad7e008827ce0bde470dc5e8bde02c352784b5362b163a345bde', '/tmp/4f9c3c81e22cad7e008827ce0bde470dc5e8bde02c352784b5362b163a345bde']
[EventRouter] DEBUG: EXEC #49 filename='/bin/true', triggers=['70d836f8bc84dbe530f3eb3c93245b64b8b2720d43139f2655175eef7351b4d8', '/tmp/70d836f8bc84dbe530f3eb3c93245b64b8b2720d43139f2655175eef7351b4d8']
[CgroupManager] Added cgroup 63818 via bpftool
[CgroupManager] Added cgroup 63990 via bpftool
[CgroupManager] Added cgroup 64076 via bpftool
[EventRouter] DEBUG: EXEC #33 filename='/bin/true', triggers=['3983db7c56ebbd45eb9d49c1d0e8de5261f0c92262ca637d191061ffa883129c', '/tmp/3983db7c56ebbd45eb9d49c1d0e8de5261f0c92262ca637d191061ffa883129c']
[EventRouter] DEBUG: EXEC #49 filename='/bin/true', triggers=['18a3b8b7d7d9c4a3d692970d9ab47afe3c43182405757f75e52a8f542b23d47b', '/tmp/18a3b8b7d7d9c4a3d692970d9ab47afe3c43182405757f75e52a8f542b23d47b']
[EventRouter] No ARM found in first 200 events for cgroup 64076, switching to bypass mode
[EventRouter] ARM detected at event 142 for cgroup 63818
[EventRouter] Discarded 141 pre-ARM events for cgroup 63818
[EventRouter] ARM detected at event 143 for cgroup 63904
[EventRouter] Discarded 142 pre-ARM events for cgroup 63904
[EventRouter] ARM detected at event 143 for cgroup 63646
[EventRouter] Discarded 142 pre-ARM events for cgroup 63646
[DOCKER] Container exit code: 1
[DOCKER] Container exit code: 2
[DOCKER][STDOUT] BEGIN
Usage: pcregrep [-AaBCcDdeFfHhIilLMNnoqrsuVvwx] [long options] [pattern] [files]
Type `pcregrep --help' for more information and the long options.
[DOCKER][STDOUT] END
[DOCKER] Raw stdout saved: ../ELF_samples/benign_report/armv7/raw/949bc438db8382252f16bdc3876c029f58ad6f315c84c7b4337324d54d13ec3d_2026-01-31_16-11-01_b354153a_container_stdout.txt
[EventRouter] ARM detected at event 181 for cgroup 63990
[EventRouter] Discarded 180 pre-ARM events for cgroup 63990
[DOCKER] Container exit code: 1
[DOCKER][STDOUT] BEGIN
a925e90b445c87c198390b919473875beaa426ed3e5a2685ba9f18e38e1e847a: pathname argument is missing
Try 'a925e90b445c87c198390b919473875beaa426ed3e5a2685ba9f18e38e1e847a --help' for more information.
[DOCKER][STDOUT] END
[DOCKER] Container exit code: 0
[DOCKER][STDOUT] BEGIN
e4d9ecf442828ed3dd38d3a3363f8efd
[DOCKER][STDOUT] END
[DOCKER] Raw stdout saved: ../ELF_samples/benign_report/armv7/raw/a925e90b445c87c198390b919473875beaa426ed3e5a2685ba9f18e38e1e847a_2026-01-31_16-11-01_02b264f3_container_stdout.txt
[DOCKER] Raw stdout saved: ../ELF_samples/benign_report/armv7/raw/18a3b8b7d7d9c4a3d692970d9ab47afe3c43182405757f75e52a8f542b23d47b_2026-01-31_16-11-01_3d5d9737_container_stdout.txt
[EventRouter] ARM detected at event 128 for cgroup 63732
[EventRouter] Discarded 127 pre-ARM events for cgroup 63732
[DOCKER] Container exit code: 1
[DOCKER][STDOUT] BEGIN
Could not read info about connections from the kernel, make sure netfilter is enabled in kernel or by modules.
[DOCKER][STDOUT] END
[DOCKER] Raw stdout saved: ../ELF_samples/benign_report/armv7/raw/4f9c3c81e22cad7e008827ce0bde470dc5e8bde02c352784b5362b163a345bde_2026-01-31_16-11-01_94ab411a_container_stdout.txt
[DOCKER] Container exit code: 1
[DOCKER][STDOUT] BEGIN
3983db7c56ebbd45eb9d49c1d0e8de5261f0c92262ca637d191061ffa883129c: not enough arguments
Try '3983db7c56ebbd45eb9d49c1d0e8de5261f0c92262ca637d191061ffa883129c --help' for more information.
[DOCKER][STDOUT] END
[DOCKER] Raw stdout saved: ../ELF_samples/benign_report/armv7/raw/3983db7c56ebbd45eb9d49c1d0e8de5261f0c92262ca637d191061ffa883129c_2026-01-31_16-11-01_4254ec8b_container_stdout.txt
[POOL] Collected 6 events for analysis (read from log file)
[POOL] Running analyzers on 6 events for 70d836f8bc84dbe530f3eb3c93245b64b8b2720d43139f2655175eef7351b4d8
[POOL] Analysis completed: 0 findings in 0.00s (5415 events/s)
[AI-Integration] Submitted task: 41682e11
[AI] 41682e11 queued for DeepSeek analysis
[POOL] Collected 6 events for analysis (read from log file)
[POOL] Running analyzers on 6 events for 949bc438db8382252f16bdc3876c029f58ad6f315c84c7b4337324d54d13ec3d
[POOL] Analysis completed: 0 findings in 0.00s (5648 events/s)
[AI-Integration] Submitted task: b354153a
[AI] b354153a queued for DeepSeek analysis
[POOL] Collected 190 events for analysis (read from log file)
[POOL] Running analyzers on 190 events for a925e90b445c87c198390b919473875beaa426ed3e5a2685ba9f18e38e1e847a
[POOL] Collected 6 events for analysis (read from log file)
[POOL] Running analyzers on 6 events for 18a3b8b7d7d9c4a3d692970d9ab47afe3c43182405757f75e52a8f542b23d47b
[POOL] Analysis completed: 0 findings in 0.00s (5790 events/s)
[AI-Integration] Submitted task: 3d5d9737
[AI] 3d5d9737 queued for DeepSeek analysis
[POOL] Analysis completed: 17 findings in 0.00s (124143 events/s)
[AI-Integration] Submitted task: 02b264f3
[AI] 02b264f3 queued for DeepSeek analysis
[CgroupManager] Removed cgroup 63904 via bpftool
[POOL] Cleanup scheduled for 699b0f4e80af
[DockerWorker-4] ✓ Completed: 70d836f8bc84dbe530f3eb3c93245b64b8b2720d43139f2655175eef7351b4d8 (6 events) (1.25s)
[DockerWorker-4] Starting: ba707aeb413ee8a9020a5d95a95b50132100a4ce8d3c50cd3ca8c3e253dc8cea (40_32bit)
[ANALYSISLOG] ba707aeb413ee8a9020a5d95a95b50132100a4ce8d3c50cd3ca8c3e253dc8cea -> ../ELF_samples/benign_report/armv7/raw/ba707aeb413ee8a9020a5d95a95b50132100a4ce8d3c50cd3ca8c3e253dc8cea_2026-01-31_16-11-02_416578c5.jsonl
[DOCKER] Selected image for libc=glibc: arm32v7/ubuntu:22.04
[CgroupManager] Removed cgroup 63646 via bpftool
[POOL] Cleanup scheduled for 9b1f9e3a4b2e
[DockerWorker-3] ✓ Completed: 949bc438db8382252f16bdc3876c029f58ad6f315c84c7b4337324d54d13ec3d (6 events) (1.26s)
[DockerWorker-3] Starting: 02ea869c202ea5cd3cbe873ce78258dd43dbff4d7b172a23127838d1f873ce84 (40_32bit)
[ANALYSISLOG] 02ea869c202ea5cd3cbe873ce78258dd43dbff4d7b172a23127838d1f873ce84 -> ../ELF_samples/benign_report/armv7/raw/02ea869c202ea5cd3cbe873ce78258dd43dbff4d7b172a23127838d1f873ce84_2026-01-31_16-11-02_95f71f57.jsonl
[DOCKER] Selected image for libc=glibc: arm32v7/ubuntu:22.04
[CgroupManager] Removed cgroup 64076 via bpftool
[POOL] Cleanup scheduled for be844aa938be
[DockerWorker-1] ✓ Completed: a925e90b445c87c198390b919473875beaa426ed3e5a2685ba9f18e38e1e847a (190 events) (1.14s)
[DockerWorker-1] Starting: f99a2cd377df2dceb3290bb9347d922db6fa9a5c07b62cc875f67ac3be4ef907 (40_32bit)
[ANALYSISLOG] f99a2cd377df2dceb3290bb9347d922db6fa9a5c07b62cc875f67ac3be4ef907 -> ../ELF_samples/benign_report/armv7/raw/f99a2cd377df2dceb3290bb9347d922db6fa9a5c07b62cc875f67ac3be4ef907_2026-01-31_16-11-02_ae049815.jsonl
[DOCKER] Selected image for libc=glibc: arm32v7/ubuntu:22.04
[CgroupManager] Removed cgroup 63990 via bpftool
[POOL] Cleanup scheduled for ebe6805e49cf
[DockerWorker-5] ✓ Completed: 18a3b8b7d7d9c4a3d692970d9ab47afe3c43182405757f75e52a8f542b23d47b (6 events) (1.22s)
[DockerWorker-5] Starting: 53422844cd13fe7da8510134b0350b1d58b51fae1f18321350c74c169ba35709 (40_32bit)
[ANALYSISLOG] 53422844cd13fe7da8510134b0350b1d58b51fae1f18321350c74c169ba35709 -> ../ELF_samples/benign_report/armv7/raw/53422844cd13fe7da8510134b0350b1d58b51fae1f18321350c74c169ba35709_2026-01-31_16-11-02_cf774949.jsonl
[DOCKER] Selected image for libc=glibc: arm32v7/ubuntu:22.04
[POOL] Collected 7 events for analysis (read from log file)
[POOL] Running analyzers on 7 events for 4f9c3c81e22cad7e008827ce0bde470dc5e8bde02c352784b5362b163a345bde
[POOL] Analysis completed: 0 findings in 0.00s (6672 events/s)
[AI-Integration] Submitted task: 94ab411a
[AI] 94ab411a queued for DeepSeek analysis
[POOL] Collected 8 events for analysis (read from log file)
[POOL] Running analyzers on 8 events for 3983db7c56ebbd45eb9d49c1d0e8de5261f0c92262ca637d191061ffa883129c
[POOL] Analysis completed: 0 findings in 0.00s (7465 events/s)
[AI-Integration] Submitted task: 4254ec8b
[AI] 4254ec8b queued for DeepSeek analysis
[CgroupManager] Removed cgroup 63732 via bpftool
[POOL] Cleanup scheduled for c12920d3b55d
[DockerWorker-2] ✓ Completed: 4f9c3c81e22cad7e008827ce0bde470dc5e8bde02c352784b5362b163a345bde (7 events) (1.31s)
[DockerWorker-2] Starting: 648385fd066eb55e04f5e190dd6ba586aff309621b60d9c0df08e6205e2a5974 (40_32bit)
[ANALYSISLOG] 648385fd066eb55e04f5e190dd6ba586aff309621b60d9c0df08e6205e2a5974 -> ../ELF_samples/benign_report/armv7/raw/648385fd066eb55e04f5e190dd6ba586aff309621b60d9c0df08e6205e2a5974_2026-01-31_16-11-02_c108ba10.jsonl
[DOCKER] Selected image for libc=glibc: arm32v7/ubuntu:22.04
[CgroupManager] Removed cgroup 63818 via bpftool
[POOL] Cleanup scheduled for 602ca6903f5b
[DockerWorker-0] ✓ Completed: 3983db7c56ebbd45eb9d49c1d0e8de5261f0c92262ca637d191061ffa883129c (8 events) (1.29s)
[DockerWorker-0] Starting: aa04e39dff6b7805c769c6ded2c92bd896e628d0bf65be33f23c83a227875c82.static (40_32bit)
[ANALYSISLOG] aa04e39dff6b7805c769c6ded2c92bd896e628d0bf65be33f23c83a227875c82.static -> ../ELF_samples/benign_report/armv7/raw/aa04e39dff6b7805c769c6ded2c92bd896e628d0bf65be33f23c83a227875c82.static_2026-01-31_16-11-02_883b8aab.jsonl
[DOCKER] Selected image for libc=glibc: arm32v7/ubuntu:22.04
[CgroupManager] Added cgroup 64420 via bpftool
[CgroupManager] Added cgroup 64248 via bpftool
[CgroupManager] Added cgroup 64162 via bpftool
[CgroupManager] Added cgroup 64334 via bpftool
[EventRouter] DEBUG: EXEC #33 filename='/bin/true', triggers=['f99a2cd377df2dceb3290bb9347d922db6fa9a5c07b62cc875f67ac3be4ef907', '/tmp/f99a2cd377df2dceb3290bb9347d922db6fa9a5c07b62cc875f67ac3be4ef907']
[EventRouter] DEBUG: EXEC #34 filename='/bin/true', triggers=['53422844cd13fe7da8510134b0350b1d58b51fae1f18321350c74c169ba35709', '/tmp/53422844cd13fe7da8510134b0350b1d58b51fae1f18321350c74c169ba35709']
[CgroupManager] Added cgroup 64592 via bpftool
[EventRouter] DEBUG: EXEC #50 filename='/bin/true', triggers=['ba707aeb413ee8a9020a5d95a95b50132100a4ce8d3c50cd3ca8c3e253dc8cea', '/tmp/ba707aeb413ee8a9020a5d95a95b50132100a4ce8d3c50cd3ca8c3e253dc8cea']
[CgroupManager] Added cgroup 64506 via bpftool
[EventRouter] DEBUG: EXEC #50 filename='/bin/true', triggers=['648385fd066eb55e04f5e190dd6ba586aff309621b60d9c0df08e6205e2a5974', '/tmp/648385fd066eb55e04f5e190dd6ba586aff309621b60d9c0df08e6205e2a5974']
[EventRouter] DEBUG: EXEC #34 filename='/bin/true', triggers=['aa04e39dff6b7805c769c6ded2c92bd896e628d0bf65be33f23c83a227875c82.static', '/tmp/aa04e39dff6b7805c769c6ded2c92bd896e628d0bf65be33f23c83a227875c82.static']
[EventRouter] ARM detected at event 127 for cgroup 64248
[EventRouter] Discarded 126 pre-ARM events for cgroup 64248
[EventRouter] ARM detected at event 127 for cgroup 64420
[EventRouter] Discarded 126 pre-ARM events for cgroup 64420
[DOCKER] Container exit code: 0
[DOCKER] Container exit code: 0
[DOCKER][STDOUT] BEGIN
BZh9rE8P\x90    
[DOCKER][STDOUT] END
[DOCKER] Raw stdout saved: ../ELF_samples/benign_report/armv7/raw/53422844cd13fe7da8510134b0350b1d58b51fae1f18321350c74c169ba35709_2026-01-31_16-11-02_cf774949_container_stdout.txt
[EventRouter] ARM detected at event 143 for cgroup 64506
[EventRouter] Discarded 142 pre-ARM events for cgroup 64506
[DOCKER] Container exit code: 0
[DOCKER][STDOUT] BEGIN
0x8005 UNKNOWN_MESSAGE_TYPE.CNF         0x01 "Read Stopped"
0x8005 UNKNOWN_MESSAGE_TYPE.CNF         0x03 "Stopped with Valid Read"
0x8005 UNKNOWN_MESSAGE_TYPE.CNF         0x05 "Reached End"
0x8005 UNKNOWN_MESSAGE_TYPE.CNF         0x07 "Stopped, Valid Read, Reached End - All Done! Go Away!"
0x8005 UNKNOWN_MESSAGE_TYPE.CNF         0x80 "Invalid Index"
0x8005 UNKNOWN_MESSAGE_TYPE.CNF         0x81 "Invalid Word Count"
0x8005 UNKNOWN_MESSAGE_TYPE.CNF         0x82 "No Stop Before Read"
0x8005 UNKNOWN_MESSAGE_TYPE.CNF         0x83 "Invalid MME"
0xA005 VS_WR_MEM.CNF                    0x10 "Bad Address"
0xA005 VS_WR_MEM.CNF                    0x14 "Bad Length"
0xA009 VS_RD_MEM.CNF                    0x10 "Bad Offset"
0xA009 VS_RD_MEM.CNF                    0x14 "Bad Length"
0xA00D VS_ST_MAC.CNF                    0x10 "Bad Module ID"
0xA00D VS_ST_MAC.CNF                    0x38 "Bad Command"
0xA00D VS_ST_MAC.CNF                    0x40 "Failed to Lock NVM"
0xA011 VS_GET_NVM.CNF                   0x10 "No Flash Memory"
0xA01D UNKNOWN_MESSAGE_TYPE.CNF         0x01 "Device Failed to Reset"
0xA01D UNKNOWN_MESSAGE_TYPE.CNF         0x02 "Device is Busy"
0xA021 UNKNOWN_MESSAGE_TYPE.CNF         0x10 "Bad Module"
0xA021 UNKNOWN_MESSAGE_TYPE.CNF         0x12 "Bad Length"
0xA021 UNKNOWN_MESSAGE_TYPE.CNF         0x14 "Bad Checksum"
0xA021 UNKNOWN_MESSAGE_TYPE.CNF         0x20 "Bad Offset"
0xA021 UNKNOWN_MESSAGE_TYPE.CNF         0x40 "Operation Blocked"
0xA021 UNKNOWN_MESSAGE_TYPE.CNF         0x50 "Fail to lock NVM"
0xA025 VS_RD_MOD.CNF                    0x10 "Bad Module"
0xA025 VS_RD_MOD.CNF                    0x12 "Bad Length"
0xA025 VS_RD_MOD.CNF                    0x14 "Bad Checksum"
0xA025 VS_RD_MOD.CNF                    0x20 "Unexpected Offset"
0xA025 VS_RD_MOD.CNF                    0x50 "Fail to lock NVM"
0xA025 VS_RD_MOD.CNF                    0x58 "DAK Mismatch"
0xA029 VS_MOD_NVM.CNF                   0x10 "Bad Module"
0xA029 VS_MOD_NVM.CNF                   0x14 "No Flash Memory"
0xA029 VS_MOD_NVM.CNF                   0x18 "Not enough NVRAM"
0xA029 VS_MOD_NVM.CNF                   0x1C "Bad Header Checksum"
0xA029 VS_MOD_NVM.CNF                   0x20 "Bad Image Checksum"
0xA029 VS_MOD_NVM.CNF                   0x24 "Bad PIB"
0xA029 VS_MOD_NVM.CNF                   0x28 "Softloader Too Large"
0xA029 VS_MOD_NVM.CNF                   0x2C "Firmware Too Large"
0xA029 VS_MOD_NVM.CNF                   0x42 "Firmware without PIB"
0xA029 VS_MOD_NVM.CNF                   0x44 "Bad PIB Checksum"
0xA029 VS_MOD_NVM.CNF                   0x46 "DAK Not Zero"
0xA029 VS_MOD_NVM.CNF                   0x48 "MAC Mismatch"
0xA029 VS_MOD_NVM.CNF                   0x50 "MFG HFID Mismatch"
0xA029 VS_MOD_NVM.CNF                   0x52 "Bad Bind Factory Defaults"
0xA029 VS_MOD_NVM.CNF                   0x54 "Bad Bind Template PIB"
0xA029 VS_MOD_NVM.CNF                   0x56 "Bad Bind Working PIB"
0xA029 VS_MOD_NVM.CNF                   0x58 "Error Computing PIB Checksum"
0xA029 VS_MOD_NVM.CNF                   0x5A "Bad Bind Scratch PIB"
0xA029 VS_MOD_NVM.CNF                   0x5C "No Firmware Version"
0xA029 VS_MOD_NVM.CNF                   0x5E "Version Mismatch"
0xA029 VS_MOD_NVM.CNF                   0x60 "Bad 01PIB Checksum"
0xA029 VS_MOD_NVM.CNF                   0x62 "Bad 02PIB Checksum"
0xA029 VS_MOD_NVM.CNF                   0x64 "Bad WPIB Checksum"
0xA029 VS_MOD_NVM.CNF                   0x66 "Illegal Firmware Revision"
0xA031 VS_LNK_STATS.CNF                 0x01 "Bad Control"
0xA031 VS_LNK_STATS.CNF                 0x02 "Bad Direction"
0xA031 VS_LNK_STATS.CNF                 0x10 "Bad Link ID"
0xA031 VS_LNK_STATS.CNF                 0x20 "Bad MAC Address"
0xA035 VS_SNIFFER.CNF                   0x10 "Bad Control"
0xA049 UNKNOWN_MESSAGE_TYPE.CNF         0x20 "Invalid Duration"
0xA049 UNKNOWN_MESSAGE_TYPE.CNF         0x12 "Invalid Length"
0xA049 UNKNOWN_MESSAGE_TYPE.CNF         0x24 "Already Set"
0xA051 VS_SET_KEY.CNF                   0x10 "Bad PEKS"
0xA051 VS_SET_KEY.CNF                   0x11 "Bad PIB"
0xA051 VS_SET_KEY.CNF                   0x12 "Bad PEKS Encrypted Payload"
0xA051 VS_SET_KEY.CNF                   0x13 "Remote Failure"
0xA051 VS_SET_KEY.CNF                   0x14 "Bad Remote Response"
0xA051 VS_SET_KEY.CNF                   0x15 "Remote Decryption Failed"
0xA059 VS_RD_CBLOCK.CNF                 0x10 "No Flash Memory"
0xA05D VS_SET_SDRAM.CNF                 0x30 "Bad Checksum"
0xA05D VS_SET_SDRAM.CNF                 0x34 "BIST Failed"
0xA065 UNKNOWN_MESSAGE_TYPE.CNF         0x10 "No Flash Memory"
0xA069 VS_OP_ATTRIBUTES.CNF             0x01 "Failed"
0xA069 VS_OP_ATTRIBUTES.CNF             0x02 "Not Supported"
0xA06D VS_ENET_SETTINGS.CNF             0x01 "Bad Control"
0xA06D VS_ENET_SETTINGS.CNF             0x02 "Success Write"
0xA06D VS_ENET_SETTINGS.CNF             0x03 "Bad Write Parameter"
0xA071 VS_TONE_MAP_CHAR.CNF             0x01 "Bad MAC Address"
0xA071 VS_TONE_MAP_CHAR.CNF             0x02 "Bad TMSLOT"
0xA081 UNKNOWN_MESSAGE_TYPE.CNF         0x10 "Bad Module ID"
0xA081 UNKNOWN_MESSAGE_TYPE.CNF         0x14 "No Flash Memory"
0xA081 UNKNOWN_MESSAGE_TYPE.CNF         0x18 "Not Enough Flash Memory"
0xA081 UNKNOWN_MESSAGE_TYPE.CNF         0x1C "Bad Image Header Checksum"
0xA081 UNKNOWN_MESSAGE_TYPE.CNF         0x20 "Bad Image Checksum"
0xA081 UNKNOWN_MESSAGE_TYPE.CNF         0x24 "Invalid PIB"
0xA081 UNKNOWN_MESSAGE_TYPE.CNF         0x28 "Softloader Too Large"
0xA081 UNKNOWN_MESSAGE_TYPE.CNF         0x2C "Firmware File Too Large"
0xA081 UNKNOWN_MESSAGE_TYPE.CNF         0x42 "Firmware without PIB"
0xA081 UNKNOWN_MESSAGE_TYPE.CNF         0x44 "Bad PIB Checksum"
0xA081 UNKNOWN_MESSAGE_TYPE.CNF         0x46 "DAK Not Zero"
0xA081 UNKNOWN_MESSAGE_TYPE.CNF         0x48 "DAC Mismatch"
0xA081 UNKNOWN_MESSAGE_TYPE.CNF         0x50 "MFG HFID Mismatch"
0xA081 UNKNOWN_MESSAGE_TYPE.CNF         0x52 "Bad Bind Factory Defaults"
0xA081 UNKNOWN_MESSAGE_TYPE.CNF         0x54 "Bad Bind Template PIB"
0xA081 UNKNOWN_MESSAGE_TYPE.CNF         0x56 "Bad Bind Working PIB"
0xA081 UNKNOWN_MESSAGE_TYPE.CNF         0x58 "DAK Mismatch"
0xA081 UNKNOWN_MESSAGE_TYPE.CNF         0x5A "Failed to Lock NVM"
0xA089 VS_CLASSIFICATION.CNF            0x01 "Bad Control"
0xA089 VS_CLASSIFICATION.CNF            0x02 "Bad Volatility"
0xA089 VS_CLASSIFICATION.CNF            0x03 "Bad Classifier"
0xA089 VS_CLASSIFICATION.CNF            0x04 "Classifier table full"
0xA089 VS_CLASSIFICATION.CNF            0x05 "Classifier exists with different action"
0xA089 VS_CLASSIFICATION.CNF            0x06 "Classifier not found"
0xA08D UNKNOWN_MESSAGE_TYPE.CNF         0x10 "Refused"
0xA08D UNKNOWN_MESSAGE_TYPE.CNF         0x11 "Refused"
0xA08F UNKNOWN_MESSAGE_TYPE.RSP         0x10 "Error"
0xA091 VS_RX_TONE_MAP_CHAR.CNF          0x01 "Unknown Peer Address"
0xA091 VS_RX_TONE_MAP_CHAR.CNF          0x02 "Unknown Slot Number"
0xA099 VS_WRITE_AND_EXECUTE_APPLET.CNF  0x01 "Destination Address Misaligned"
0xA099 VS_WRITE_AND_EXECUTE_APPLET.CNF  0x02 "Entry Point Misaligned"
0xA099 VS_WRITE_AND_EXECUTE_APPLET.CNF  0x04 "Entry Point Out-of-Bounds"
0xA099 VS_WRITE_AND_EXECUTE_APPLET.CNF  0x08 "Bad Checksum"
0xA099 VS_WRITE_AND_EXECUTE_APPLET.CNF  0x10 "Out of Memory"
0xA099 VS_WRITE_AND_EXECUTE_APPLET.CNF  0x20 "Offset or Length Mismatch"
0xA099 VS_WRITE_AND_EXECUTE_APPLET.CNF  0x40 "Memory not Operational"
0xA099 VS_WRITE_AND_EXECUTE_APPLET.CNF  0x80 "Bad Length"
0xA0B1 VS_MODULE_OPERATION.CNF          0x10 "Invalid Number of Module Operations"
0xA0B1 VS_MODULE_OPERATION.CNF          0x11 "Invalid Module Operation ID"
0xA0B1 VS_MODULE_OPERATION.CNF          0x12 "Invalid Session ID"
0xA0B1 VS_MODULE_OPERATION.CNF          0x13 "Invalid Num Module Operation Specific Data"
0xA0B1 VS_MODULE_OPERATION.CNF          0x14 "Module ID not found"
0xA0B1 VS_MODULE_OPERATION.CNF          0x15 "Invalid Module Length"
0xA0B1 VS_MODULE_OPERATION.CNF          0x16 "Invalid Module Index"
0xA0B1 VS_MODULE_OPERATION.CNF          0x17 "Invalid Data Length"
0xA0B1 VS_MODULE_OPERATION.CNF          0x18 "Unexpected Offset"
0xA0B1 VS_MODULE_OPERATION.CNF          0x19 "Invalid Commit Action Code"
0xA0B1 VS_MODULE_OPERATION.CNF          0x1A "Operation Block by previous Commit"
0xA0B1 VS_MODULE_OPERATION.CNF          0x1B "Duplicate ModuleID/SubID"
0xA0B1 VS_MODULE_OPERATION.CNF          0x1C "Invalid ModuleID/SubID"
0xA0B1 VS_MODULE_OPERATION.CNF          0x20 "No Flash Memory"
0xA0B1 VS_MODULE_OPERATION.CNF          0x21 "Not Enough Flash Memory"
0xA0B1 VS_MODULE_OPERATION.CNF          0x22 "Unsupported Flash memory Type"
0xA0B1 VS_MODULE_OPERATION.CNF          0x23 "Can't Lock Flash Memory"
0xA0B1 VS_MODULE_OPERATION.CNF          0x24 "Can't Write Flash Memory"
0xA0B1 VS_MODULE_OPERATION.CNF          0x30 "Bad Module Checksum"
0xA0B1 VS_MODULE_OPERATION.CNF          0x31 "Individual Module Error"
0xA0B1 VS_MODULE_OPERATION.CNF          0x32 "Module not available in NVM or Memory"
0xA0B1 VS_MODULE_OPERATION.CNF          0x40 "Invalid Header Checksum"
0xA0B1 VS_MODULE_OPERATION.CNF          0x41 "Invalid Firmware Image Checksum"
0xA0B1 VS_MODULE_OPERATION.CNF          0x42 "Softloader Image is Too Large"
0xA0B1 VS_MODULE_OPERATION.CNF          0x43 "Firmware Image is Too Large"
0xA0B1 VS_MODULE_OPERATION.CNF          0x44 "Invalid PIB Checksum"
0xA0B1 VS_MODULE_OPERATION.CNF          0x45 "No Firmware Version"
0xA0B1 VS_MODULE_OPERATION.CNF          0x46 "FW Commit but no PIB"
0xA0B1 VS_MODULE_OPERATION.CNF          0x47 "Major Version Mismatch"
0xA0B1 VS_MODULE_OPERATION.CNF          0x48 "Minor Version Mismatch"
0xA0B1 VS_MODULE_OPERATION.CNF          0x50 "Invalid PIB"
0xA0B1 VS_MODULE_OPERATION.CNF          0x51 "DAK Not Zero"
0xA0B1 VS_MODULE_OPERATION.CNF          0x52 "MAC Mismatch"
0xA0B1 VS_MODULE_OPERATION.CNF          0x53 "DAK Mismatch"
0xA0B1 VS_MODULE_OPERATION.CNF          0x54 "Manufacturer HFID Mismatch"
0xA0B1 VS_MODULE_OPERATION.CNF          0x55 "Bad Bind to Factory Default PIB"
0xA0B1 VS_MODULE_OPERATION.CNF          0x56 "Bad Bind to Template PIB"
0xA0B1 VS_MODULE_OPERATION.CNF          0x57 "Bad Bind to Working PIB"
0xA0B1 VS_MODULE_OPERATION.CNF          0x58 "Bad Bind Scratch PIB"
0xA0B1 VS_MODULE_OPERATION.CNF          0x59 "Error Generating Checksum Scratch PIB"
0xA0B1 VS_MODULE_OPERATION.CNF          0x5A "Checksum Error O1 PIB"
0xA0B1 VS_MODULE_OPERATION.CNF          0x5B "Checksum Error O2 PIB"
0xA0B1 VS_MODULE_OPERATION.CNF          0x5C "Checksum Error Working PIB"
0xA0B1 VS_MODULE_OPERATION.CNF          0x61 "Unexpected Module Operation"
0xA0B1 VS_MODULE_OPERATION.CNF          0x62 "Not Enough Resources"
0xA0B1 VS_MODULE_OPERATION.CNF          0x63 "Received Module Data Out of Order"
0xA0B1 VS_MODULE_OPERATION.CNF          0x64 "No PIB Version"
0xA0B1 VS_MODULE_OPERATION.CNF          0x70 "Module Length Mismatch with Module Info"
0xA0B1 VS_MODULE_OPERATION.CNF          0x71 "No NVM Softloader Present in Flash Memory"
0xA0C1 VS_CONN_ADD.CNF                  0x03 "Invalid Classifier"
0xA0C1 VS_CONN_ADD.CNF                  0x04 "Already too many Classifiers"
0xA0C1 VS_CONN_ADD.CNF                  0x05 "Classifier exists with different Classification Action"
0xA0C1 VS_CONN_ADD.CNF                  0x07 "Link Already in Progress"
0xA0C1 VS_CONN_ADD.CNF                  0x08 "Invalid Configuration"
0xA0C1 VS_CONN_ADD.CNF                  0x10 "Invalid CSPEC Version"
0xA0C1 VS_CONN_ADD.CNF                  0x11 "Invalid CSPEC"
0xA0C1 VS_CONN_ADD.CNF                  0x20 "Out of Local Resources"
0xA0C1 VS_CONN_ADD.CNF                  0x30 "Invalid Peer"
0xA0C1 VS_CONN_ADD.CNF                  0x31 "Peer Confirm Timed out"
0xA0C1 VS_CONN_ADD.CNF                  0x40 "Peer rejection"
0xA0C5 VS_CONN_MOD.CNF                  0x01 "Invalid Modification Control"
0xA0C5 VS_CONN_MOD.CNF                  0x06 "CID Not Found"
0xA0C5 VS_CONN_MOD.CNF                  0x07 "Link Update in Progress, try again later"
0xA0C9 VS_CONN_REL.CNF                  0x06 "CID Not Found"
0xA0C9 VS_CONN_REL.CNF                  0x07 "Link Update in Progress. Try again later"
0xA0C9 VS_CONN_REL.CNF                  0x31 "Peer Confirm Timed out"
0xA0CD VS_CONN_INFO.CNF                 0x01 "Invalid Request Type"
0xA0CD VS_CONN_INFO.CNF                 0x04 "Too Many Requests"
0xA0CD VS_CONN_INFO.CNF                 0x06 "CID Not Found"
0xA0CD VS_CONN_INFO.CNF                 0x10 "Invalid CSPEC Version"
0xA0CD VS_CONN_INFO.CNF                 0x31 "Peer Confirm Timed out"
0xA0D1 VS_MULTIPORT_LNK_STA.CNF         0x01 "Unsupported"
0xA0D1 VS_MULTIPORT_LNK_STA.CNF         0x02 "Process Failed"
0xA0D1 VS_MULTIPORT_LNK_STA.CNF         0x02 "Process Failed"
0xA0D9 UNKNOWN_MESSAGE_TYPE.CNF         0x01 "Bad VersionID or InfoID"
0xA0DD VS_EM_ID_TABLE.CNF               0x01 "No Enumeration Table"
0xA0F5 UNKNOWN_MESSAGE_TYPE.CNF         0x01 "Bad Request Type"
0xA0F5 UNKNOWN_MESSAGE_TYPE.CNF         0x02 "FMI Not Zero"
0xA0F5 UNKNOWN_MESSAGE_TYPE.CNF         0x03 "Invalid Command"
0xA0F5 UNKNOWN_MESSAGE_TYPE.CNF         0x04 "Bad Index"
0xA0F5 UNKNOWN_MESSAGE_TYPE.CNF         0x05 "Bad Value Count"
0xA0F5 UNKNOWN_MESSAGE_TYPE.CNF         0x06 "Capture Already Started"
0xA0F5 UNKNOWN_MESSAGE_TYPE.CNF         0x07 "Data Invalid"
0xA0F5 UNKNOWN_MESSAGE_TYPE.CNF         0x08 "Bad Gain Value"
0xA0F5 UNKNOWN_MESSAGE_TYPE.CNF         0x10 "Bad MAC Address"
0xA0F5 UNKNOWN_MESSAGE_TYPE.CNF         0x11 "Bad Tone Map Index"
0xA0F5 UNKNOWN_MESSAGE_TYPE.CNF         0x12 "Capture Failed"
0xA0F5 UNKNOWN_MESSAGE_TYPE.CNF         0x13 "No Data Available"
0xA0F9 VS_GET_PROPERTY.CNF              0x01 "Get Property Failure"
0xA0F9 VS_GET_PROPERTY.CNF              0x02 "Unsupported Property"
0xA0F9 VS_GET_PROPERTY.CNF              0x03 "Unsupported Property Version"
0xA101 VS_SET_PROPERTY.CNF              0x01 "Set Property Failure"
0xA101 VS_SET_PROPERTY.CNF              0x02 "Unsupported Property"
0xA101 VS_SET_PROPERTY.CNF              0x03 "Unsupported Property Version"
0xA101 VS_SET_PROPERTY.CNF              0x04 "Property Not Persistent"
0xA101 VS_SET_PROPERTY.CNF              0x05 "Flash Memory Failure"
0xA101 VS_SET_PROPERTY.CNF              0x06 "Bad Option for Supported Property"
0xA101 VS_SET_PROPERTY.CNF              0x07 "Invalid Property Data"
0xA101 VS_SET_PROPERTY.CNF              0x08 "Bad Property Data Length"
0xA105 VS_PHYSWITCH_MDIO.CNF            0x01 "Buffer Not Available"
0xA109 UNKNOWN_MESSAGE_TYPE.CNF         0x01 "No Flash Memory"
0xA109 UNKNOWN_MESSAGE_TYPE.CNF         0x02 "Invalid Flash Sector"
0xA109 UNKNOWN_MESSAGE_TYPE.CNF         0x03 "Current DAK Mismatch"
0xA109 UNKNOWN_MESSAGE_TYPE.CNF         0x04 "Flash is Busy"
0xA109 UNKNOWN_MESSAGE_TYPE.CNF         0x05 "No Access to Flash"
0xA109 UNKNOWN_MESSAGE_TYPE.CNF         0x06 "Unsupported Chip"
0xA109 UNKNOWN_MESSAGE_TYPE.CNF         0x07 "Unspecified Error"
0xA10D VS_SELFTEST_ONETIME_CONFIG.CNF   0x01 "Option Not Supported"
0xA10D VS_SELFTEST_ONETIME_CONFIG.CNF   0x02 "No Flash Memory"
0xA10D VS_SELFTEST_ONETIME_CONFIG.CNF   0x03 "Pending Self Test"
0xA10D VS_SELFTEST_ONETIME_CONFIG.CNF   0x04 "Flash Activity Conflict"
0xA10D VS_SELFTEST_ONETIME_CONFIG.CNF   0x05 "Bad Parameter"
0xA111 VS_SELFTEST_RESULTS.CNF          0x01 "Option Not Supported"
0xA111 VS_SELFTEST_RESULTS.CNF          0x02 "Self Test Finished"
0xA111 VS_SELFTEST_RESULTS.CNF          0x03 "Self Test Pending"
0xA111 VS_SELFTEST_RESULTS.CNF          0x04 "Self Test In Progress"
0xA111 VS_SELFTEST_RESULTS.CNF          0x05 "Self Test No Result"
0xA111 VS_SELFTEST_RESULTS.CNF          0x06 "Self Test Aborted"
0xA111 VS_SELFTEST_RESULTS.CNF          0x07 "No Flash Memory"
0xA115 VS_MDU_TRAFFIC_STATS.CNF         0x01 "Interface Not Supported"
0xA115 VS_MDU_TRAFFIC_STATS.CNF         0x02 "Slave Not Found"
0xA115 VS_MDU_TRAFFIC_STATS.CNF         0x03 "Wrong Parameter"
0xA119 VS_FORWARD_CONFIG.CNF            0x01 "Bad Version"
0xA119 VS_FORWARD_CONFIG.CNF            0x02 "Bad Argument"
0xA119 VS_FORWARD_CONFIG.CNF            0x03 "Too Many Slaves"
0xA119 VS_FORWARD_CONFIG.CNF            0x04 "Too Many VLAN IDs"
0xA119 VS_FORWARD_CONFIG.CNF            0x05 "No Such Slave"
0xA119 VS_FORWARD_CONFIG.CNF            0x06 "Flash Operation Blocked"
0xA119 VS_FORWARD_CONFIG.CNF            0x07 "Unsupported Operation"
0xA119 VS_FORWARD_CONFIG.CNF            0x08 "Flash Activity Conflict"
0xA119 VS_FORWARD_CONFIG.CNF            0x09 "Table Busy"
0xA119 VS_FORWARD_CONFIG.CNF            0x0A "One Slave Has Duplicate VLAN ID"
0xA119 VS_FORWARD_CONFIG.CNF            0x0B "Multiple Slaves Have Same VLAN ID"
0xA119 VS_FORWARD_CONFIG.CNF            0x0C "Multiple Configurations for One Slave"
0xA119 VS_FORWARD_CONFIG.CNF            0x0D "Can't set VLAN ID for Local Station"
0xA119 VS_FORWARD_CONFIG.CNF            0x0E "Bad Data Offset"
0xA119 VS_FORWARD_CONFIG.CNF            0x0F "Bad Data Length"
0xA119 VS_FORWARD_CONFIG.CNF            0x10 "VLAN ID Has Been Configured"
0xA119 VS_FORWARD_CONFIG.CNF            0x11 "Bad MME Source"
0xA119 VS_FORWARD_CONFIG.CNF            0x12 "VLAN ID out of range"
0xA119 VS_FORWARD_CONFIG.CNF            0x13 "Cannot remove nonexistent VLAN ID"
0xA149 UNKNOWN_MESSAGE_TYPE.CNF         0x01 "Invalid Key Length"
0xA149 UNKNOWN_MESSAGE_TYPE.CNF         0x02 "Invalid Key"
0xA149 UNKNOWN_MESSAGE_TYPE.CNF         0x03 "Invalid Access Type"
0xA149 UNKNOWN_MESSAGE_TYPE.CNF         0x04 "Invalid Level Control"
[DOCKER][STDOUT] END
[DOCKER] Raw stdout saved: ../ELF_samples/benign_report/armv7/raw/648385fd066eb55e04f5e190dd6ba586aff309621b60d9c0df08e6205e2a5974_2026-01-31_16-11-02_c108ba10_container_stdout.txt
[EventRouter] ARM detected at event 183 for cgroup 64334
[EventRouter] Discarded 182 pre-ARM events for cgroup 64334
[DOCKER] Container exit code: 1
[DOCKER][STDOUT] BEGIN
Usage: 02ea869c202ea5cd3cbe873ce78258dd43dbff4d7b172a23127838d1f873ce84 [-c cmd] file
[DOCKER][STDOUT] END
[DOCKER] Raw stdout saved: ../ELF_samples/benign_report/armv7/raw/02ea869c202ea5cd3cbe873ce78258dd43dbff4d7b172a23127838d1f873ce84_2026-01-31_16-11-02_95f71f57_container_stdout.txt
[EventRouter] ARM detected at event 146 for cgroup 64162
[EventRouter] Discarded 145 pre-ARM events for cgroup 64162
[DOCKER] Container exit code: 0
[DOCKER][STDOUT] BEGIN
Architecture:        armv7l
CPU op-mode(s):      32-bit, 64-bit
Byte Order:          Little Endian
Address sizes:       42 bits physical, 48 bits virtual
CPU(s):              8
On-line CPU(s) list: 0-7
Thread(s) per core:  1
Core(s) per socket:  8
Socket(s):           1
NUMA node(s):        1
Vendor ID:           GenuineIntel
CPU family:          6
Model:               189
Model name:          Intel(R) Core(TM) Ultra 7 258V
Stepping:            1
CPU MHz:             400.000
CPU max MHz:         4800.0000
CPU min MHz:         400.0000
BogoMIPS:            6604.80
Virtualization:      VT-x
L1d cache:           48K
L1i cache:           64K
L2 cache:            2560K
L3 cache:            12288K
NUMA node0 CPU(s):   0-7
Flags:               fpu vme de pse tsc msr pae mce cx8 apic sep mtrr pge mca cmov pat pse36 clflush dts acpi mmx fxsr sse sse2 ss ht tm pbe syscall nx pdpe1gb rdtscp lm constant_tsc art arch_perfmon pebs bts rep_good nopl xtopology nonstop_tsc cpuid aperfmperf tsc_known_freq pni pclmulqdq dtes64 monitor ds_cpl vmx smx est tm2 ssse3 sdbg fma cx16 xtpr pdcm pcid sse4_1 sse4_2 x2apic movbe popcnt tsc_deadline_timer aes xsave avx f16c rdrand lahf_lm abm 3dnowprefetch cpuid_fault epb ssbd ibrs ibpb stibp ibrs_enhanced tpr_shadow flexpriority ept vpid ept_ad fsgsbase tsc_adjust bmi1 avx2 smep bmi2 erms invpcid rdt_a rdseed adx smap clflushopt clwb intel_pt sha_ni xsaveopt xsavec xgetbv1 xsaves split_lock_detect user_shstk avx_vnni lam wbnoinvd dtherm ida arat pln pts hwp hwp_notify hwp_act_window hwp_epp hwp_pkg_req hfi vnmi umip pku ospke waitpkg gfni vaes vpclmulqdq rdpid bus_lock_detect movdiri movdir64b fsrm md_clear serialize pconfig arch_lbr ibt flush_l1d arch_capabilities
[DOCKER][STDOUT] END
[DOCKER] Raw stdout saved: ../ELF_samples/benign_report/armv7/raw/ba707aeb413ee8a9020a5d95a95b50132100a4ce8d3c50cd3ca8c3e253dc8cea_2026-01-31_16-11-02_416578c5_container_stdout.txt
[EventRouter] ARM detected at event 128 for cgroup 64592
[EventRouter] Discarded 127 pre-ARM events for cgroup 64592
[DOCKER] Container exit code: 1
[DOCKER][STDOUT] BEGIN
/tmp/aa04e39dff6b7805c769c6ded2c92bd896e628d0bf65be33f23c83a227875c82.static: too few arguments
Usage: find-roots [-a] [-o search_objectid] [ -g search_generation ] [ -l search_level ] <device>
[DOCKER][STDOUT] END
[DOCKER] Raw stdout saved: ../ELF_samples/benign_report/armv7/raw/aa04e39dff6b7805c769c6ded2c92bd896e628d0bf65be33f23c83a227875c82.static_2026-01-31_16-11-02_883b8aab_container_stdout.txt
[POOL] Collected 32 events for analysis (read from log file)
[POOL] Running analyzers on 32 events for f99a2cd377df2dceb3290bb9347d922db6fa9a5c07b62cc875f67ac3be4ef907
[POOL] Analysis completed: 0 findings in 0.00s (28664 events/s)
[POOL] Collected 6 events for analysis (read from log file)
[POOL] Running analyzers on 6 events for 53422844cd13fe7da8510134b0350b1d58b51fae1f18321350c74c169ba35709
[POOL] Analysis completed: 0 findings in 0.00s (5856 events/s)
[AI-Integration] Submitted task: cf774949
[AI] cf774949 queued for DeepSeek analysis
[AI-Integration] Submitted task: ae049815
[AI] ae049815 queued for DeepSeek analysis
[CgroupManager] Removed cgroup 64248 via bpftool
[POOL] Cleanup scheduled for de391913fd9e
[DockerWorker-5] ✓ Completed: 53422844cd13fe7da8510134b0350b1d58b51fae1f18321350c74c169ba35709 (6 events) (1.23s)
[DockerWorker-5] Starting: 5143c10ebe4b1715b344d933ece35cb10e9c07e8dc5c75b89d1b55535fcc14e2 (40_32bit)
[ANALYSISLOG] 5143c10ebe4b1715b344d933ece35cb10e9c07e8dc5c75b89d1b55535fcc14e2 -> ../ELF_samples/benign_report/armv7/raw/5143c10ebe4b1715b344d933ece35cb10e9c07e8dc5c75b89d1b55535fcc14e2_2026-01-31_16-11-03_f43b3b72.jsonl
[DOCKER] Selected image for libc=glibc: arm32v7/ubuntu:22.04
[CgroupManager] Removed cgroup 64420 via bpftool
[POOL] Cleanup scheduled for 1ffc7b9d7065
[DockerWorker-1] ✓ Completed: f99a2cd377df2dceb3290bb9347d922db6fa9a5c07b62cc875f67ac3be4ef907 (32 events) (1.24s)
[DockerWorker-1] Starting: 6d6309a9f2e86f8b3cadb8f32e1b15633285d055436c779f9a5e0b625c961fe4 (40_32bit)
[ANALYSISLOG] 6d6309a9f2e86f8b3cadb8f32e1b15633285d055436c779f9a5e0b625c961fe4 -> ../ELF_samples/benign_report/armv7/raw/6d6309a9f2e86f8b3cadb8f32e1b15633285d055436c779f9a5e0b625c961fe4_2026-01-31_16-11-03_517ecbd6.jsonl
[DOCKER] Selected image for libc=glibc: arm32v7/ubuntu:22.04
[POOL] Collected 6 events for analysis (read from log file)
[POOL] Running analyzers on 6 events for 648385fd066eb55e04f5e190dd6ba586aff309621b60d9c0df08e6205e2a5974
[POOL] Analysis completed: 0 findings in 0.00s (5749 events/s)
[AI-Integration] Submitted task: c108ba10
[AI] c108ba10 queued for DeepSeek analysis
[CgroupManager] Removed cgroup 64506 via bpftool
[POOL] Cleanup scheduled for e2661706becb
[DockerWorker-2] ✓ Completed: 648385fd066eb55e04f5e190dd6ba586aff309621b60d9c0df08e6205e2a5974 (6 events) (1.22s)
[DockerWorker-2] Starting: 3e8e0b3d8388f8cea449a91c81863abb5905acdbbbe082f69226db082153a8cd (40_32bit)
[POOL] Collected 17 events for analysis (read from log file)
[POOL] Running analyzers on 17 events for 02ea869c202ea5cd3cbe873ce78258dd43dbff4d7b172a23127838d1f873ce84
[POOL] Analysis completed: 0 findings in 0.00s (15560 events/s)
[AI-Integration] Submitted task: 95f71f57
[AI] 95f71f57 queued for DeepSeek analysis
[ANALYSISLOG] 3e8e0b3d8388f8cea449a91c81863abb5905acdbbbe082f69226db082153a8cd -> ../ELF_samples/benign_report/armv7/raw/3e8e0b3d8388f8cea449a91c81863abb5905acdbbbe082f69226db082153a8cd_2026-01-31_16-11-03_e00e93a8.jsonl
[DOCKER] Selected image for libc=glibc: arm32v7/ubuntu:22.04
[POOL] Collected 79 events for analysis (read from log file)
[POOL] Running analyzers on 79 events for ba707aeb413ee8a9020a5d95a95b50132100a4ce8d3c50cd3ca8c3e253dc8cea
[CgroupManager] Removed cgroup 64334 via bpftool
[POOL] Cleanup scheduled for 210b067aa9a6
[DockerWorker-3] ✓ Completed: 02ea869c202ea5cd3cbe873ce78258dd43dbff4d7b172a23127838d1f873ce84 (17 events) (1.31s)
[DockerWorker-3] Starting: 0d916bbef831a021047b262dc2277c6c3d050a5a88c3781a0f62d657ed0e06d0 (40_32bit)
[ANALYSISLOG] 0d916bbef831a021047b262dc2277c6c3d050a5a88c3781a0f62d657ed0e06d0 -> ../ELF_samples/benign_report/armv7/raw/0d916bbef831a021047b262dc2277c6c3d050a5a88c3781a0f62d657ed0e06d0_2026-01-31_16-11-03_2121498e.jsonl
[DOCKER] Selected image for libc=glibc: arm32v7/ubuntu:22.04
[POOL] Analysis completed: 2 findings in 0.00s (33475 events/s)
[AI-Integration] Submitted task: 416578c5
[AI] 416578c5 queued for DeepSeek analysis
[CgroupManager] Removed cgroup 64162 via bpftool
[POOL] Cleanup scheduled for bfc822933094
[DockerWorker-4] ✓ Completed: ba707aeb413ee8a9020a5d95a95b50132100a4ce8d3c50cd3ca8c3e253dc8cea (79 events) (1.33s)
[DockerWorker-4] Starting: 12a92e2e7fd4d7770cee50308dc31d025772d57728f73a6889d38e0d35ef7e30 (40_32bit)
[ANALYSISLOG] 12a92e2e7fd4d7770cee50308dc31d025772d57728f73a6889d38e0d35ef7e30 -> ../ELF_samples/benign_report/armv7/raw/12a92e2e7fd4d7770cee50308dc31d025772d57728f73a6889d38e0d35ef7e30_2026-01-31_16-11-03_488c4e5c.jsonl
[DOCKER] Selected image for libc=glibc: arm32v7/ubuntu:22.04
[POOL] Collected 6 events for analysis (read from log file)
[POOL] Running analyzers on 6 events for aa04e39dff6b7805c769c6ded2c92bd896e628d0bf65be33f23c83a227875c82.static
[POOL] Analysis completed: 2 findings in 0.00s (5171 events/s)
[AI-Integration] Submitted task: 883b8aab
[AI] 883b8aab queued for DeepSeek analysis
[CgroupManager] Removed cgroup 64592 via bpftool
[POOL] Cleanup scheduled for f9824977db40
[DockerWorker-0] ✓ Completed: aa04e39dff6b7805c769c6ded2c92bd896e628d0bf65be33f23c83a227875c82.static (6 events) (1.31s)
[DockerWorker-0] Starting: 50cd3521b6d365abaf87051a98223ac5a6d48f344fc8bf56a3cd4a45147a95b2 (40_32bit)
[ANALYSISLOG] 50cd3521b6d365abaf87051a98223ac5a6d48f344fc8bf56a3cd4a45147a95b2 -> ../ELF_samples/benign_report/armv7/raw/50cd3521b6d365abaf87051a98223ac5a6d48f344fc8bf56a3cd4a45147a95b2_2026-01-31_16-11-03_8343a4d6.jsonl
[DOCKER] Selected image for libc=glibc: arm32v7/ubuntu:22.04
[CgroupManager] Added cgroup 64678 via bpftool
[CgroupManager] Added cgroup 64764 via bpftool
[EventRouter] DEBUG: EXEC #34 filename='/bin/true', triggers=['6d6309a9f2e86f8b3cadb8f32e1b15633285d055436c779f9a5e0b625c961fe4', '/tmp/6d6309a9f2e86f8b3cadb8f32e1b15633285d055436c779f9a5e0b625c961fe4']
[CgroupManager] Added cgroup 64936 via bpftool
[EventRouter] DEBUG: EXEC #33 filename='/bin/true', triggers=['5143c10ebe4b1715b344d933ece35cb10e9c07e8dc5c75b89d1b55535fcc14e2', '/tmp/5143c10ebe4b1715b344d933ece35cb10e9c07e8dc5c75b89d1b55535fcc14e2']
[CgroupManager] Added cgroup 65022 via bpftool
[CgroupManager] Added cgroup 64850 via bpftool
[CgroupManager] Added cgroup 65108 via bpftool
[EventRouter] DEBUG: EXEC #34 filename='/bin/true', triggers=['0d916bbef831a021047b262dc2277c6c3d050a5a88c3781a0f62d657ed0e06d0', '/tmp/0d916bbef831a021047b262dc2277c6c3d050a5a88c3781a0f62d657ed0e06d0']
[EventRouter] DEBUG: EXEC #48 filename='/bin/true', triggers=['12a92e2e7fd4d7770cee50308dc31d025772d57728f73a6889d38e0d35ef7e30', '/tmp/12a92e2e7fd4d7770cee50308dc31d025772d57728f73a6889d38e0d35ef7e30']
[EventRouter] DEBUG: EXEC #49 filename='/bin/true', triggers=['50cd3521b6d365abaf87051a98223ac5a6d48f344fc8bf56a3cd4a45147a95b2', '/tmp/50cd3521b6d365abaf87051a98223ac5a6d48f344fc8bf56a3cd4a45147a95b2']
[EventRouter] DEBUG: EXEC #50 filename='/bin/true', triggers=['3e8e0b3d8388f8cea449a91c81863abb5905acdbbbe082f69226db082153a8cd', '/tmp/3e8e0b3d8388f8cea449a91c81863abb5905acdbbbe082f69226db082153a8cd']
[EventRouter] ARM detected at event 128 for cgroup 64764
[EventRouter] Discarded 127 pre-ARM events for cgroup 64764
[DOCKER] Container exit code: 16
[DOCKER][STDOUT] BEGIN
usage: /tmp/5143c10ebe4b1715b344d933ece35cb10e9c07e8dc5c75b89d1b55535fcc14e2 [-h] [-e edition] [-i file] [-n name] [-D file] dirname outfile
 -h         print this help
 -E         make all warnings errors (non-zero exit status)
 -e edition set edition number (part of fsid)
 -i file    insert a file image into the filesystem (requires >= 2.4.0)
 -n name    set name of cramfs filesystem
 -p         pad by 512 bytes for boot code
 -s         sort directory entries (old option, ignored)
 -v         be more verbose
 -x         use extended block pointers (requires >= 4.15)
 -X         allow XIP of ELF files (imply -x)
 -z         make explicit holes (requires >= 2.3.39)
 -D         Use the named FILE as a device table file
 -q         squash permissions (make everything owned by root)
 -B         force big-endian filesystem creation
 -L         force little-endian filesystem creation
 dirname    root of the filesystem to be compressed
 outfile    output file
[DOCKER][STDOUT] END
[DOCKER] Raw stdout saved: ../ELF_samples/benign_report/armv7/raw/5143c10ebe4b1715b344d933ece35cb10e9c07e8dc5c75b89d1b55535fcc14e2_2026-01-31_16-11-03_f43b3b72_container_stdout.txt
[EventRouter] ARM detected at event 127 for cgroup 64678
[EventRouter] Discarded 126 pre-ARM events for cgroup 64678
[EventRouter] ARM detected at event 157 for cgroup 65022
[EventRouter] Discarded 156 pre-ARM events for cgroup 65022
[DOCKER] Container exit code: 0
[EventRouter] ARM detected at event 127 for cgroup 64936
[EventRouter] Discarded 126 pre-ARM events for cgroup 64936
[DOCKER] Container exit code: 1
[DOCKER][STDOUT] BEGIN
0d916bbef831a021047b262dc2277c6c3d050a5a88c3781a0f62d657ed0e06d0: eth1: No such device
[DOCKER][STDOUT] END
[DOCKER] Raw stdout saved: ../ELF_samples/benign_report/armv7/raw/0d916bbef831a021047b262dc2277c6c3d050a5a88c3781a0f62d657ed0e06d0_2026-01-31_16-11-03_2121498e_container_stdout.txt
[EventRouter] ARM detected at event 161 for cgroup 65108
[EventRouter] Discarded 160 pre-ARM events for cgroup 65108
[DOCKER] Container exit code: 1
[DOCKER][STDOUT] BEGIN
Device name missing!
usage: /tmp/50cd3521b6d365abaf87051a98223ac5a6d48f344fc8bf56a3cd4a45147a95b2 [-a | -c] <ppsdev>
[DOCKER][STDOUT] END
[DOCKER] Raw stdout saved: ../ELF_samples/benign_report/armv7/raw/50cd3521b6d365abaf87051a98223ac5a6d48f344fc8bf56a3cd4a45147a95b2_2026-01-31_16-11-03_8343a4d6_container_stdout.txt
[DOCKER] Container exit code: 0
[DOCKER][STDOUT] BEGIN
12a92e2e7fd4d7770cee50308dc31d025772d57728f73a6889d38e0d35ef7e30: cannot get tty name: Not a tty
[DOCKER][STDOUT] END
[DOCKER] Raw stdout saved: ../ELF_samples/benign_report/armv7/raw/12a92e2e7fd4d7770cee50308dc31d025772d57728f73a6889d38e0d35ef7e30_2026-01-31_16-11-03_488c4e5c_container_stdout.txt
[EventRouter] ARM detected at event 146 for cgroup 64850
[EventRouter] Discarded 145 pre-ARM events for cgroup 64850
[DOCKER] Container exit code: 1
[DOCKER][STDOUT] BEGIN
usage: 3e8e0b3d8388f8cea449a91c81863abb5905acdbbbe082f69226db082153a8cd [--binary] [--stdkey] key [filename]
[DOCKER][STDOUT] END
[DOCKER] Raw stdout saved: ../ELF_samples/benign_report/armv7/raw/3e8e0b3d8388f8cea449a91c81863abb5905acdbbbe082f69226db082153a8cd_2026-01-31_16-11-03_e00e93a8_container_stdout.txt
[POOL] Collected 6 events for analysis (read from log file)
[POOL] Running analyzers on 6 events for 5143c10ebe4b1715b344d933ece35cb10e9c07e8dc5c75b89d1b55535fcc14e2
[POOL] Analysis completed: 2 findings in 0.00s (4740 events/s)
[AI-Integration] Submitted task: f43b3b72
[AI] f43b3b72 queued for DeepSeek analysis
[POOL] Collected 6 events for analysis (read from log file)
[POOL] Running analyzers on 6 events for 6d6309a9f2e86f8b3cadb8f32e1b15633285d055436c779f9a5e0b625c961fe4
[POOL] Analysis completed: 2 findings in 0.00s (5479 events/s)
[AI-Integration] Submitted task: 517ecbd6
[AI] 517ecbd6 queued for DeepSeek analysis
[CgroupManager] Removed cgroup 64678 via bpftool
[POOL] Cleanup scheduled for 8af3792ebf22
[DockerWorker-1] ✓ Completed: 6d6309a9f2e86f8b3cadb8f32e1b15633285d055436c779f9a5e0b625c961fe4 (6 events) (1.24s)
[DockerWorker-1] Starting: 393f00b4e929e9fa7cc6e1e4327682e7be85db86ac9d4fc49295b525de3fb1c5 (40_32bit)
[ANALYSISLOG] 393f00b4e929e9fa7cc6e1e4327682e7be85db86ac9d4fc49295b525de3fb1c5 -> ../ELF_samples/benign_report/armv7/raw/393f00b4e929e9fa7cc6e1e4327682e7be85db86ac9d4fc49295b525de3fb1c5_2026-01-31_16-11-05_fd683aae.jsonl
[DOCKER] Selected image for libc=glibc: arm32v7/ubuntu:22.04
[CgroupManager] Removed cgroup 64764 via bpftool
[POOL] Cleanup scheduled for f725c8fd4e22
[DockerWorker-5] ✓ Completed: 5143c10ebe4b1715b344d933ece35cb10e9c07e8dc5c75b89d1b55535fcc14e2 (6 events) (1.24s)
[DockerWorker-5] Starting: 9d2bb24e5848feea38b7c8c8c0800b2c2285f886141933419fd756e1a1cf2311 (40_32bit)
[ANALYSISLOG] 9d2bb24e5848feea38b7c8c8c0800b2c2285f886141933419fd756e1a1cf2311 -> ../ELF_samples/benign_report/armv7/raw/9d2bb24e5848feea38b7c8c8c0800b2c2285f886141933419fd756e1a1cf2311_2026-01-31_16-11-05_60698f68.jsonl
[DOCKER] Selected image for libc=glibc: arm32v7/ubuntu:22.04
[POOL] Collected 7 events for analysis (read from log file)
[POOL] Running analyzers on 7 events for 0d916bbef831a021047b262dc2277c6c3d050a5a88c3781a0f62d657ed0e06d0
[POOL] Analysis completed: 0 findings in 0.00s (6646 events/s)
[AI-Integration] Submitted task: 2121498e
[AI] 2121498e queued for DeepSeek analysis
[POOL] Collected 5 events for analysis (read from log file)
[POOL] Running analyzers on 5 events for 50cd3521b6d365abaf87051a98223ac5a6d48f344fc8bf56a3cd4a45147a95b2
[POOL] Analysis completed: 0 findings in 0.00s (4719 events/s)
[AI-Integration] Submitted task: 8343a4d6
[AI] 8343a4d6 queued for DeepSeek analysis
[CgroupManager] Removed cgroup 64936 via bpftool
[POOL] Cleanup scheduled for f215d0569383
[DockerWorker-3] ✓ Completed: 0d916bbef831a021047b262dc2277c6c3d050a5a88c3781a0f62d657ed0e06d0 (7 events) (1.22s)
[DockerWorker-3] Starting: 501d7d03f450416077510873fa3c6de412904f219106dd83593c915f840381a6 (40_32bit)
[ANALYSISLOG] 501d7d03f450416077510873fa3c6de412904f219106dd83593c915f840381a6 -> ../ELF_samples/benign_report/armv7/raw/501d7d03f450416077510873fa3c6de412904f219106dd83593c915f840381a6_2026-01-31_16-11-05_6212b7ba.jsonl
[DOCKER] Selected image for libc=glibc: arm32v7/ubuntu:22.04
[CgroupManager] Removed cgroup 65108 via bpftool
[POOL] Cleanup scheduled for 1f9edaf89cc7
[DockerWorker-0] ✓ Completed: 50cd3521b6d365abaf87051a98223ac5a6d48f344fc8bf56a3cd4a45147a95b2 (5 events) (1.16s)
[DockerWorker-0] Starting: 712d2b311329a4b903f6ff6b7578ba3f5b41ca9edb66c7b8dc1cd8e03e8b70cf (40_32bit)
[ANALYSISLOG] 712d2b311329a4b903f6ff6b7578ba3f5b41ca9edb66c7b8dc1cd8e03e8b70cf -> ../ELF_samples/benign_report/armv7/raw/712d2b311329a4b903f6ff6b7578ba3f5b41ca9edb66c7b8dc1cd8e03e8b70cf_2026-01-31_16-11-05_e6356bc6.jsonl
[DOCKER] Selected image for libc=glibc: arm32v7/ubuntu:22.04
[POOL] Collected 9 events for analysis (read from log file)
[POOL] Running analyzers on 9 events for 12a92e2e7fd4d7770cee50308dc31d025772d57728f73a6889d38e0d35ef7e30
[POOL] Analysis completed: 0 findings in 0.00s (8412 events/s)
[AI-Integration] Submitted task: 488c4e5c
[AI] 488c4e5c queued for DeepSeek analysis
[POOL] Collected 5 events for analysis (read from log file)
[POOL] Running analyzers on 5 events for 3e8e0b3d8388f8cea449a91c81863abb5905acdbbbe082f69226db082153a8cd
[POOL] Analysis completed: 0 findings in 0.00s (4787 events/s)
[AI-Integration] Submitted task: e00e93a8
[AI] e00e93a8 queued for DeepSeek analysis
[CgroupManager] Removed cgroup 65022 via bpftool
[POOL] Cleanup scheduled for 128362c5bacf
[DockerWorker-4] ✓ Completed: 12a92e2e7fd4d7770cee50308dc31d025772d57728f73a6889d38e0d35ef7e30 (9 events) (1.25s)
[DockerWorker-4] Starting: 9d19a6d45aeab4b7dd5b170c169977ce2306c8a12e25be537486d2bc9edc0d1b (40_32bit)
[ANALYSISLOG] 9d19a6d45aeab4b7dd5b170c169977ce2306c8a12e25be537486d2bc9edc0d1b -> ../ELF_samples/benign_report/armv7/raw/9d19a6d45aeab4b7dd5b170c169977ce2306c8a12e25be537486d2bc9edc0d1b_2026-01-31_16-11-05_1333ce08.jsonl
[DOCKER] Selected image for libc=glibc: arm32v7/ubuntu:22.04
[CgroupManager] Removed cgroup 64850 via bpftool
[POOL] Cleanup scheduled for af8b5b037266
[DockerWorker-2] ✓ Completed: 3e8e0b3d8388f8cea449a91c81863abb5905acdbbbe082f69226db082153a8cd (5 events) (1.32s)
[DockerWorker-2] Starting: 25b8a0b641e48aa90e9d6a828496a5e0978cdd72d730660244f9571385a981e8 (40_32bit)
[ANALYSISLOG] 25b8a0b641e48aa90e9d6a828496a5e0978cdd72d730660244f9571385a981e8 -> ../ELF_samples/benign_report/armv7/raw/25b8a0b641e48aa90e9d6a828496a5e0978cdd72d730660244f9571385a981e8_2026-01-31_16-11-05_da463420.jsonl
[DOCKER] Selected image for libc=glibc: arm32v7/ubuntu:22.04
[CgroupManager] Added cgroup 65194 via bpftool
[CgroupManager] Added cgroup 65280 via bpftool
[EventRouter] DEBUG: EXEC #33 filename='/bin/true', triggers=['9d2bb24e5848feea38b7c8c8c0800b2c2285f886141933419fd756e1a1cf2311', '/tmp/9d2bb24e5848feea38b7c8c8c0800b2c2285f886141933419fd756e1a1cf2311']
[CgroupManager] Added cgroup 65366 via bpftool
[EventRouter] DEBUG: EXEC #33 filename='/bin/true', triggers=['393f00b4e929e9fa7cc6e1e4327682e7be85db86ac9d4fc49295b525de3fb1c5', '/tmp/393f00b4e929e9fa7cc6e1e4327682e7be85db86ac9d4fc49295b525de3fb1c5']
[CgroupManager] Added cgroup 65452 via bpftool
[CgroupManager] Added cgroup 65538 via bpftool
[EventRouter] DEBUG: EXEC #50 filename='/bin/true', triggers=['501d7d03f450416077510873fa3c6de412904f219106dd83593c915f840381a6', '/tmp/501d7d03f450416077510873fa3c6de412904f219106dd83593c915f840381a6']
[CgroupManager] Added cgroup 65624 via bpftool
[EventRouter] DEBUG: EXEC #34 filename='/bin/true', triggers=['9d19a6d45aeab4b7dd5b170c169977ce2306c8a12e25be537486d2bc9edc0d1b', '/tmp/9d19a6d45aeab4b7dd5b170c169977ce2306c8a12e25be537486d2bc9edc0d1b']
[EventRouter] DEBUG: EXEC #49 filename='/bin/true', triggers=['25b8a0b641e48aa90e9d6a828496a5e0978cdd72d730660244f9571385a981e8', '/tmp/25b8a0b641e48aa90e9d6a828496a5e0978cdd72d730660244f9571385a981e8']
[EventRouter] DEBUG: EXEC #35 filename='/bin/true', triggers=['712d2b311329a4b903f6ff6b7578ba3f5b41ca9edb66c7b8dc1cd8e03e8b70cf', '/tmp/712d2b311329a4b903f6ff6b7578ba3f5b41ca9edb66c7b8dc1cd8e03e8b70cf']
[EventRouter] ARM detected at event 128 for cgroup 65538
[EventRouter] Discarded 127 pre-ARM events for cgroup 65538
[EventRouter] ARM detected at event 142 for cgroup 65624
[EventRouter] Discarded 141 pre-ARM events for cgroup 65624
[DOCKER] Container exit code: 2
[DOCKER][STDOUT] BEGIN
9d19a6d45aeab4b7dd5b170c169977ce2306c8a12e25be537486d2bc9edc0d1b: missing operand after '/tmp/9d19a6d45aeab4b7dd5b170c169977ce2306c8a12e25be537486d2bc9edc0d1b'
9d19a6d45aeab4b7dd5b170c169977ce2306c8a12e25be537486d2bc9edc0d1b: Try '/tmp/9d19a6d45aeab4b7dd5b170c169977ce2306c8a12e25be537486d2bc9edc0d1b --help' for more information.
[DOCKER][STDOUT] END
[DOCKER] Raw stdout saved: ../ELF_samples/benign_report/armv7/raw/9d19a6d45aeab4b7dd5b170c169977ce2306c8a12e25be537486d2bc9edc0d1b_2026-01-31_16-11-05_1333ce08_container_stdout.txt
[DOCKER] Container exit code: 1
[DOCKER][STDOUT] BEGIN
Environment variable TERM not defined!
[DOCKER][STDOUT] END
[DOCKER] Raw stdout saved: ../ELF_samples/benign_report/armv7/raw/25b8a0b641e48aa90e9d6a828496a5e0978cdd72d730660244f9571385a981e8_2026-01-31_16-11-05_da463420_container_stdout.txt
[EventRouter] ARM detected at event 159 for cgroup 65366
[EventRouter] Discarded 158 pre-ARM events for cgroup 65366
[DOCKER] Container exit code: 1
[DOCKER][STDOUT] BEGIN
501d7d03f450416077510873fa3c6de412904f219106dd83593c915f840381a6: not enough arguments
Try '501d7d03f450416077510873fa3c6de412904f219106dd83593c915f840381a6 --help' for more information.
[DOCKER][STDOUT] END
[DOCKER] Raw stdout saved: ../ELF_samples/benign_report/armv7/raw/501d7d03f450416077510873fa3c6de412904f219106dd83593c915f840381a6_2026-01-31_16-11-05_6212b7ba_container_stdout.txt
[EventRouter] ARM detected at event 126 for cgroup 65194
[EventRouter] Discarded 125 pre-ARM events for cgroup 65194
[EventRouter] ARM detected at event 128 for cgroup 65452
[EventRouter] Discarded 127 pre-ARM events for cgroup 65452
[DOCKER] Container exit code: 1
[DOCKER][STDOUT] BEGIN
9d2bb24e5848feea38b7c8c8c0800b2c2285f886141933419fd756e1a1cf2311: Not supported: Want action 'CAP0','CAP1','CAP2','CAP3','Boost','Drop','DropTX','DropRX','AutoConnect','StripTX','StripRX','TagTX','TagRX'.
[DOCKER][STDOUT] END
[DOCKER] Raw stdout saved: ../ELF_samples/benign_report/armv7/raw/9d2bb24e5848feea38b7c8c8c0800b2c2285f886141933419fd756e1a1cf2311_2026-01-31_16-11-05_60698f68_container_stdout.txt
[EventRouter] ARM detected at event 127 for cgroup 65280
[EventRouter] Discarded 126 pre-ARM events for cgroup 65280
[DOCKER] Container exit code: 0
[DOCKER][STDOUT] BEGIN
"Md@\xa7    ]\xcc
[DOCKER][STDOUT] END
[DOCKER] Raw stdout saved: ../ELF_samples/benign_report/armv7/raw/393f00b4e929e9fa7cc6e1e4327682e7be85db86ac9d4fc49295b525de3fb1c5_2026-01-31_16-11-05_fd683aae_container_stdout.txt
[DOCKER] Container exit code: 0
[DOCKER][STDOUT] BEGIN

Wireshark - 712d2b311329a4b903f6ff6b7578ba3f5b41ca9edb66c7b8dc1cd8e03e8b70cf v1.1.0

Usage:
 /tmp/712d2b311329a4b903f6ff6b7578ba3f5b41ca9edb66c7b8dc1cd8e03e8b70cf --extcap-interfaces [--adb-server-ip=<arg>] [--adb-server-tcp-port=<arg>]
 /tmp/712d2b311329a4b903f6ff6b7578ba3f5b41ca9edb66c7b8dc1cd8e03e8b70cf --extcap-interface=INTERFACE --extcap-dlts
 /tmp/712d2b311329a4b903f6ff6b7578ba3f5b41ca9edb66c7b8dc1cd8e03e8b70cf --extcap-interface=INTERFACE --extcap-config
 /tmp/712d2b311329a4b903f6ff6b7578ba3f5b41ca9edb66c7b8dc1cd8e03e8b70cf --extcap-interface=INTERFACE --fifo=PATH_FILENAME --capture

INTERFACE has the form TYPE-DEVICEID:
	For example: android-bluetooth-btsnoop-net-W3D7N15C29005648

	TYPE is one of:
	android-logcat-main
	android-logcat-system
	android-logcat-radio
	android-logcat-events
	android-logcat-text-main
	android-logcat-text-system
	android-logcat-text-radio
	android-logcat-text-events
	android-logcat-text-crash
	android-bluetooth-hcidump
	android-bluetooth-external-parser
	android-bluetooth-btsnoop-net
	android-tcpdump

	DEVICEID is the identifier of the device provided by Android SDK (see "adb devices")
	For example: W3D7N15C29005648

Options:
	--extcap-interfaces: list the extcap Interfaces
	--extcap-dlts: list the DLTs
	--extcap-interface <iface>: specify the extcap interface
	--extcap-config: list the additional configuration for an interface
	--capture: run the capture
	--extcap-capture-filter <filter>: the capture filter
	--fifo <file>: dump data to file or fifo
	--extcap-version: print tool version
	--debug: print additional messages
	--debug-file: print debug messages to file
	--help: print this help
	--adb-server-ip <IP>: the IP address of the ADB server
	--adb-server-tcp-port <port>: the TCP port of the ADB server
	--logcat-text: use logcat text format
	--logcat-ignore-log-buffer: ignore log buffer
	--logcat-custom-options <text>: use custom logcat parameters
	--bt-server-tcp-port <port>: bluetooth server TCP port
	--bt-forward-socket <path>: bluetooth forward socket
	--bt-local-ip <IP>: the bluetooth local IP
	--bt-local-tcp-port <port>: the bluetooth local TCP port
[DOCKER][STDOUT] END
[DOCKER] Raw stdout saved: ../ELF_samples/benign_report/armv7/raw/712d2b311329a4b903f6ff6b7578ba3f5b41ca9edb66c7b8dc1cd8e03e8b70cf_2026-01-31_16-11-05_e6356bc6_container_stdout.txt
[POOL] Collected 6 events for analysis (read from log file)
[POOL] Running analyzers on 6 events for 9d19a6d45aeab4b7dd5b170c169977ce2306c8a12e25be537486d2bc9edc0d1b
[POOL] Analysis completed: 0 findings in 0.00s (5325 events/s)
[AI-Integration] Submitted task: 1333ce08
[AI] 1333ce08 queued for DeepSeek analysis
[POOL] Collected 6 events for analysis (read from log file)
[POOL] Running analyzers on 6 events for 25b8a0b641e48aa90e9d6a828496a5e0978cdd72d730660244f9571385a981e8
[POOL] Analysis completed: 0 findings in 0.00s (5706 events/s)
[AI-Integration] Submitted task: da463420
[AI] da463420 queued for DeepSeek analysis
[POOL] Collected 6 events for analysis (read from log file)
[POOL] Running analyzers on 6 events for 501d7d03f450416077510873fa3c6de412904f219106dd83593c915f840381a6
[POOL] Analysis completed: 0 findings in 0.00s (5648 events/s)
[AI-Integration] Submitted task: 6212b7ba
[AI] 6212b7ba queued for DeepSeek analysis
[CgroupManager] Removed cgroup 65538 via bpftool
[POOL] Cleanup scheduled for eb5222e24f35
[DockerWorker-4] ✓ Completed: 9d19a6d45aeab4b7dd5b170c169977ce2306c8a12e25be537486d2bc9edc0d1b (6 events) (1.15s)
[DockerWorker-4] Starting: fdaa06040406dff4beb07372678bdda3daa293525779544b58687e2ff6391012 (40_32bit)
[ANALYSISLOG] fdaa06040406dff4beb07372678bdda3daa293525779544b58687e2ff6391012 -> ../ELF_samples/benign_report/armv7/raw/fdaa06040406dff4beb07372678bdda3daa293525779544b58687e2ff6391012_2026-01-31_16-11-06_6cc7be49.jsonl
[DOCKER] Selected image for libc=glibc: arm32v7/ubuntu:22.04
[CgroupManager] Removed cgroup 65624 via bpftool
[POOL] Cleanup scheduled for 3e860067e166
[DockerWorker-2] ✓ Completed: 25b8a0b641e48aa90e9d6a828496a5e0978cdd72d730660244f9571385a981e8 (6 events) (1.13s)
[DockerWorker-2] Starting: 7c9b33a66873955848b0a06c9a88830fc0602e0d920c222feb1c1fa754d35477 (40_32bit)
[ANALYSISLOG] 7c9b33a66873955848b0a06c9a88830fc0602e0d920c222feb1c1fa754d35477 -> ../ELF_samples/benign_report/armv7/raw/7c9b33a66873955848b0a06c9a88830fc0602e0d920c222feb1c1fa754d35477_2026-01-31_16-11-06_b14fc466.jsonl
[DOCKER] Selected image for libc=glibc: arm32v7/ubuntu:22.04
[POOL] Collected 6 events for analysis (read from log file)
[POOL] Running analyzers on 6 events for 9d2bb24e5848feea38b7c8c8c0800b2c2285f886141933419fd756e1a1cf2311
[POOL] Analysis completed: 0 findings in 0.00s (5762 events/s)
[AI-Integration] Submitted task: 60698f68
[AI] 60698f68 queued for DeepSeek analysis
[CgroupManager] Removed cgroup 65366 via bpftool
[POOL] Cleanup scheduled for b2426cd449a5
[DockerWorker-3] ✓ Completed: 501d7d03f450416077510873fa3c6de412904f219106dd83593c915f840381a6 (6 events) (1.21s)
[DockerWorker-3] Starting: 0f38dde726874b6624c006a35a7f3059ae69a432a2471e5d2fb83d462dec5fd6 (40_32bit)
[ANALYSISLOG] 0f38dde726874b6624c006a35a7f3059ae69a432a2471e5d2fb83d462dec5fd6 -> ../ELF_samples/benign_report/armv7/raw/0f38dde726874b6624c006a35a7f3059ae69a432a2471e5d2fb83d462dec5fd6_2026-01-31_16-11-06_cdb9db23.jsonl
[DOCKER] Selected image for libc=glibc: arm32v7/ubuntu:22.04
[CgroupManager] Removed cgroup 65194 via bpftool
[POOL] Cleanup scheduled for a587376d51e9
[DockerWorker-5] ✓ Completed: 9d2bb24e5848feea38b7c8c8c0800b2c2285f886141933419fd756e1a1cf2311 (6 events) (1.26s)
[DockerWorker-5] Starting: 3f033d5314f04327c3e850edc7d00991dc29862dff00ed19f2e283dced2bc572 (40_32bit)
[ANALYSISLOG] 3f033d5314f04327c3e850edc7d00991dc29862dff00ed19f2e283dced2bc572 -> ../ELF_samples/benign_report/armv7/raw/3f033d5314f04327c3e850edc7d00991dc29862dff00ed19f2e283dced2bc572_2026-01-31_16-11-06_12d29859.jsonl
[DOCKER] Selected image for libc=glibc: arm32v7/ubuntu:22.04
[POOL] Collected 6 events for analysis (read from log file)
[POOL] Running analyzers on 6 events for 393f00b4e929e9fa7cc6e1e4327682e7be85db86ac9d4fc49295b525de3fb1c5
[POOL] Analysis completed: 0 findings in 0.00s (5657 events/s)
[AI-Integration] Submitted task: fd683aae
[AI] fd683aae queued for DeepSeek analysis
[POOL] Collected 7 events for analysis (read from log file)
[POOL] Running analyzers on 7 events for 712d2b311329a4b903f6ff6b7578ba3f5b41ca9edb66c7b8dc1cd8e03e8b70cf
[POOL] Analysis completed: 0 findings in 0.00s (6634 events/s)
[AI-Integration] Submitted task: e6356bc6
[AI] e6356bc6 queued for DeepSeek analysis
[CgroupManager] Removed cgroup 65280 via bpftool
[POOL] Cleanup scheduled for 86cb0023d67c
[DockerWorker-1] ✓ Completed: 393f00b4e929e9fa7cc6e1e4327682e7be85db86ac9d4fc49295b525de3fb1c5 (6 events) (1.30s)
[DockerWorker-1] Starting: fb78ccaae7c5f5e91c5ca18e90814a46ea5541fda4dffd17dbc145eb50fca4d4 (40_32bit)
[ANALYSISLOG] fb78ccaae7c5f5e91c5ca18e90814a46ea5541fda4dffd17dbc145eb50fca4d4 -> ../ELF_samples/benign_report/armv7/raw/fb78ccaae7c5f5e91c5ca18e90814a46ea5541fda4dffd17dbc145eb50fca4d4_2026-01-31_16-11-06_2cb31228.jsonl
[DOCKER] Selected image for libc=glibc: arm32v7/ubuntu:22.04
[CgroupManager] Removed cgroup 65452 via bpftool
[POOL] Cleanup scheduled for 25ce872c2c5a
[DockerWorker-0] ✓ Completed: 712d2b311329a4b903f6ff6b7578ba3f5b41ca9edb66c7b8dc1cd8e03e8b70cf (7 events) (1.25s)
[DockerWorker-0] Starting: 40c022dc94a2547ceacfbce3865f4df370962e4d1a4a8dafd0b06cdba577be6c (40_32bit)
[ANALYSISLOG] 40c022dc94a2547ceacfbce3865f4df370962e4d1a4a8dafd0b06cdba577be6c -> ../ELF_samples/benign_report/armv7/raw/40c022dc94a2547ceacfbce3865f4df370962e4d1a4a8dafd0b06cdba577be6c_2026-01-31_16-11-06_f6986a18.jsonl
[DOCKER] Selected image for libc=glibc: arm32v7/ubuntu:22.04
[AI-Integration] Job 895ab1cc analyzed via deepseek
[AI-Integration] Job c0d6b450 analyzed via deepseek
[AI-Integration] Job 7a219317 analyzed via deepseek
[CgroupManager] Added cgroup 65796 via bpftool
[CgroupManager] Added cgroup 65710 via bpftool
[CgroupManager] Added cgroup 65882 via bpftool
[EventRouter] DEBUG: EXEC #33 filename='/bin/true', triggers=['3f033d5314f04327c3e850edc7d00991dc29862dff00ed19f2e283dced2bc572', '/tmp/3f033d5314f04327c3e850edc7d00991dc29862dff00ed19f2e283dced2bc572']
[CgroupManager] Added cgroup 66054 via bpftool
[CgroupManager] Added cgroup 65968 via bpftool
[CgroupManager] Added cgroup 66140 via bpftool
[EventRouter] DEBUG: EXEC #33 filename='/bin/true', triggers=['fdaa06040406dff4beb07372678bdda3daa293525779544b58687e2ff6391012', '/tmp/fdaa06040406dff4beb07372678bdda3daa293525779544b58687e2ff6391012']
[EventRouter] DEBUG: EXEC #33 filename='/bin/true', triggers=['0f38dde726874b6624c006a35a7f3059ae69a432a2471e5d2fb83d462dec5fd6', '/tmp/0f38dde726874b6624c006a35a7f3059ae69a432a2471e5d2fb83d462dec5fd6']
[EventRouter] DEBUG: EXEC #33 filename='/bin/true', triggers=['40c022dc94a2547ceacfbce3865f4df370962e4d1a4a8dafd0b06cdba577be6c', '/tmp/40c022dc94a2547ceacfbce3865f4df370962e4d1a4a8dafd0b06cdba577be6c']
[AI-Integration] Job 28f48917 analyzed via deepseek
[EventRouter] ARM detected at event 166 for cgroup 65710
[EventRouter] Discarded 165 pre-ARM events for cgroup 65710
[DOCKER] Container exit code: 1
[DOCKER][STDOUT] BEGIN
7c9b33a66873955848b0a06c9a88830fc0602e0d920c222feb1c1fa754d35477: /dev/ttyUSB0: No such file or directory
[DOCKER][STDOUT] END
[DOCKER] Raw stdout saved: ../ELF_samples/benign_report/armv7/raw/7c9b33a66873955848b0a06c9a88830fc0602e0d920c222feb1c1fa754d35477_2026-01-31_16-11-06_b14fc466_container_stdout.txt
[EventRouter] ARM detected at event 127 for cgroup 65968
[EventRouter] Discarded 126 pre-ARM events for cgroup 65968
[DOCKER] Container exit code: 1
[DOCKER][STDOUT] BEGIN
0f38dde726874b6624c006a35a7f3059ae69a432a2471e5d2fb83d462dec5fd6: eth1: No such device
[DOCKER][STDOUT] END
[DOCKER] Raw stdout saved: ../ELF_samples/benign_report/armv7/raw/0f38dde726874b6624c006a35a7f3059ae69a432a2471e5d2fb83d462dec5fd6_2026-01-31_16-11-06_cdb9db23_container_stdout.txt
[EventRouter] ARM detected at event 143 for cgroup 66054
[EventRouter] Discarded 142 pre-ARM events for cgroup 66054
[DOCKER] Container exit code: 3
[DOCKER][STDOUT] BEGIN

 Pixiewps 1.4 WPS pixie-dust attack tool
 Copyright (c) 2015-2017, wiire <wi7ire@gmail.com>

 Usage: /tmp/40c022dc94a2547ceacfbce3865f4df370962e4d1a4a8dafd0b06cdba577be6c <arguments>

 Required arguments:

   -e, --pke         : Enrollee public key
   -r, --pkr         : Registrar public key
   -s, --e-hash1     : Enrollee hash-1
   -z, --e-hash2     : Enrollee hash-2
   -a, --authkey     : Authentication session key
   -n, --e-nonce     : Enrollee nonce

 Optional arguments:

   -m, --r-nonce     : Registrar nonce
   -b, --e-bssid     : Enrollee BSSID
   -v, --verbosity   : Verbosity level 1-3, 1 is quietest           [3]
   -o, --output      : Write output to file
   -j, --jobs        : Number of parallel threads to use         [Auto]

   -h                : Display this usage screen
   --help            : Verbose help and more usage examples
   -V, --version     : Display version

   --mode N[,... N]  : Mode selection, comma separated           [Auto]
   --start [mm/]yyyy : Starting date             (only mode 3) [+1 day]
   --end   [mm/]yyyy : Ending date               (only mode 3) [-1 day]
   -f, --force       : Bruteforce full range     (only mode 3)

 Miscellaneous arguments:

   -7, --m7-enc      : Recover encrypted settings from M7 (only mode 3)
   -5, --m5-enc      : Recover secret nonce from M5       (only mode 3)

 Example (use --help for more):

 pixiewps -e <pke> -r <pkr> -s <e-hash1> -z <e-hash2> -a <authkey> -n <e-nonce>
[DOCKER][STDOUT] END
[DOCKER] Raw stdout saved: ../ELF_samples/benign_report/armv7/raw/40c022dc94a2547ceacfbce3865f4df370962e4d1a4a8dafd0b06cdba577be6c_2026-01-31_16-11-06_f6986a18_container_stdout.txt
[EventRouter] ARM detected at event 131 for cgroup 65796
[EventRouter] Discarded 130 pre-ARM events for cgroup 65796
[EventRouter] ARM detected at event 168 for cgroup 66140
[EventRouter] Discarded 167 pre-ARM events for cgroup 66140
[EventRouter] ARM detected at event 145 for cgroup 65882
[EventRouter] Discarded 144 pre-ARM events for cgroup 65882
[DOCKER] Container exit code: 1
[DOCKER][STDOUT] BEGIN

Reaver v1.6.4 WiFi Protected Setup Attack Tool
Copyright (c) 2011, Tactical Network Solutions, Craig Heffner <cheffner@tacnetsol.com>

Required Arguments:
	-i, --interface=<wlan>          Name of the monitor-mode interface to use
	-b, --bssid=<mac>               BSSID of the target AP

Optional Arguments:
	-m, --mac=<mac>                 MAC of the host system
	-e, --essid=<ssid>              ESSID of the target AP
	-c, --channel=<channel>         Set the 802.11 channel for the interface (implies -f)
	-s, --session=<file>            Restore a previous session file
	-C, --exec=<command>            Execute the supplied command upon successful pin recovery
	-f, --fixed                     Disable channel hopping
	-5, --5ghz                      Use 5GHz 802.11 channels
	-v, --verbose                   Display non-critical warnings (-vv or -vvv for more)
	-q, --quiet                     Only display critical messages
	-h, --help                      Show help

Advanced Options:
	-p, --pin=<wps pin>             Use the specified pin (may be arbitrary string or 4/8 digit WPS pin)
	-d, --delay=<seconds>           Set the delay between pin attempts [1]
	-l, --lock-delay=<seconds>      Set the time to wait if the AP locks WPS pin attempts [60]
	-g, --max-attempts=<num>        Quit after num pin attempts
	-x, --fail-wait=<seconds>       Set the time to sleep after 10 unexpected failures [0]
	-r, --recurring-delay=<x:y>     Sleep for y seconds every x pin attempts
	-t, --timeout=<seconds>         Set the receive timeout period [10]
	-T, --m57-timeout=<seconds>     Set the M5/M7 timeout period [0.40]
	-A, --no-associate              Do not associate with the AP (association must be done by another application)
	-N, --no-nacks                  Do not send NACK messages when out of order packets are received
	-S, --dh-small                  Use small DH keys to improve crack speed
	-L, --ignore-locks              Ignore locked state reported by the target AP
	-E, --eap-terminate             Terminate each WPS session with an EAP FAIL packet
	-J, --timeout-is-nack           Treat timeout as NACK (DIR-300/320)
	-F, --ignore-fcs                Ignore frame checksum errors
	-w, --win7                      Mimic a Windows 7 registrar [False]
	-K, --pixie-dust                Run pixiedust attack
	-Z                              Run pixiedust attack

Example:
	/tmp/fb78ccaae7c5f5e91c5ca18e90814a46ea5541fda4dffd17dbc145eb50fca4d4 -i wlan0mon -b 00:90:4C:C1:AC:21 -vv
[DOCKER][STDOUT] END
[DOCKER] Raw stdout saved: ../ELF_samples/benign_report/armv7/raw/fb78ccaae7c5f5e91c5ca18e90814a46ea5541fda4dffd17dbc145eb50fca4d4_2026-01-31_16-11-06_2cb31228_container_stdout.txt
[DOCKER] Container exit code: 0
[AI-Integration] Job f7eb5e71 analyzed via deepseek
[DOCKER] Container exit code: 1
[DOCKER][STDOUT] BEGIN
Couldn't load termcap/terminfo entry
[DOCKER][STDOUT] END
[DOCKER] Raw stdout saved: ../ELF_samples/benign_report/armv7/raw/3f033d5314f04327c3e850edc7d00991dc29862dff00ed19f2e283dced2bc572_2026-01-31_16-11-06_12d29859_container_stdout.txt
[POOL] Collected 8 events for analysis (read from log file)
[POOL] Running analyzers on 8 events for 7c9b33a66873955848b0a06c9a88830fc0602e0d920c222feb1c1fa754d35477
[POOL] Analysis completed: 0 findings in 0.00s (7418 events/s)
[AI-Integration] Submitted task: b14fc466
[AI] b14fc466 queued for DeepSeek analysis
[CgroupManager] Removed cgroup 65710 via bpftool
[POOL] Cleanup scheduled for f9e7d78d22e9
[DockerWorker-2] ✓ Completed: 7c9b33a66873955848b0a06c9a88830fc0602e0d920c222feb1c1fa754d35477 (8 events) (1.24s)
[DockerWorker-2] Starting: 71a4663828112e3eed6543660eeb5d96d8d9014eb9e1dff57c5354905b7aa5a3 (40_32bit)
[ANALYSISLOG] 71a4663828112e3eed6543660eeb5d96d8d9014eb9e1dff57c5354905b7aa5a3 -> ../ELF_samples/benign_report/armv7/raw/71a4663828112e3eed6543660eeb5d96d8d9014eb9e1dff57c5354905b7aa5a3_2026-01-31_16-11-07_c3aa5187.jsonl
[DOCKER] Selected image for libc=glibc: arm32v7/ubuntu:22.04
[POOL] Collected 7 events for analysis (read from log file)
[POOL] Running analyzers on 7 events for 0f38dde726874b6624c006a35a7f3059ae69a432a2471e5d2fb83d462dec5fd6
[POOL] Analysis completed: 0 findings in 0.00s (6508 events/s)
[AI-Integration] Submitted task: cdb9db23
[AI] cdb9db23 queued for DeepSeek analysis
[POOL] Collected 6 events for analysis (read from log file)
[POOL] Running analyzers on 6 events for 40c022dc94a2547ceacfbce3865f4df370962e4d1a4a8dafd0b06cdba577be6c
[POOL] Analysis completed: 0 findings in 0.00s (5707 events/s)
[AI-Integration] Submitted task: f6986a18
[AI] f6986a18 queued for DeepSeek analysis
[CgroupManager] Removed cgroup 65968 via bpftool
[POOL] Cleanup scheduled for feeac27d15f6
[DockerWorker-3] ✓ Completed: 0f38dde726874b6624c006a35a7f3059ae69a432a2471e5d2fb83d462dec5fd6 (7 events) (1.26s)
[DockerWorker-3] Starting: 9b4c04547eea708ddc13c26146bb840d913c6c0201c77cb1e82e9b6532c3414d (40_32bit)
[ANALYSISLOG] 9b4c04547eea708ddc13c26146bb840d913c6c0201c77cb1e82e9b6532c3414d -> ../ELF_samples/benign_report/armv7/raw/9b4c04547eea708ddc13c26146bb840d913c6c0201c77cb1e82e9b6532c3414d_2026-01-31_16-11-07_0a13ac58.jsonl
[DOCKER] Selected image for libc=glibc: arm32v7/ubuntu:22.04
[CgroupManager] Removed cgroup 66054 via bpftool
[POOL] Cleanup scheduled for 204c41d2203a
[DockerWorker-0] ✓ Completed: 40c022dc94a2547ceacfbce3865f4df370962e4d1a4a8dafd0b06cdba577be6c (6 events) (1.23s)
[DockerWorker-0] Starting: 05e7803d917617fbbe23ff0415803abdbe03a0727979621a3e3abaf3aef1df3a (40_32bit)
[ANALYSISLOG] 05e7803d917617fbbe23ff0415803abdbe03a0727979621a3e3abaf3aef1df3a -> ../ELF_samples/benign_report/armv7/raw/05e7803d917617fbbe23ff0415803abdbe03a0727979621a3e3abaf3aef1df3a_2026-01-31_16-11-07_6cb955a4.jsonl
[DOCKER] Selected image for libc=glibc: arm32v7/ubuntu:22.04
[POOL] Collected 5 events for analysis (read from log file)
[POOL] Running analyzers on 5 events for fb78ccaae7c5f5e91c5ca18e90814a46ea5541fda4dffd17dbc145eb50fca4d4
[POOL] Analysis completed: 0 findings in 0.00s (4784 events/s)
[AI-Integration] Submitted task: 2cb31228
[AI] 2cb31228 queued for DeepSeek analysis
[POOL] Collected 5 events for analysis (read from log file)
[POOL] Running analyzers on 5 events for fdaa06040406dff4beb07372678bdda3daa293525779544b58687e2ff6391012
[POOL] Analysis completed: 0 findings in 0.00s (4854 events/s)
[AI-Integration] Submitted task: 6cc7be49
[AI] 6cc7be49 queued for DeepSeek analysis
[CgroupManager] Removed cgroup 65882 via bpftool
[POOL] Cleanup scheduled for e9c9bc0ba776
[DockerWorker-4] ✓ Completed: fdaa06040406dff4beb07372678bdda3daa293525779544b58687e2ff6391012 (5 events) (1.35s)
[DockerWorker-4] Starting: 4142ccfad2594a91d3918bac753d659bdac4905a092e36004bed2fef2c187545 (40_32bit)
[ANALYSISLOG] 4142ccfad2594a91d3918bac753d659bdac4905a092e36004bed2fef2c187545 -> ../ELF_samples/benign_report/armv7/raw/4142ccfad2594a91d3918bac753d659bdac4905a092e36004bed2fef2c187545_2026-01-31_16-11-07_7b18f0d1.jsonl
[DOCKER] Selected image for libc=glibc: arm32v7/ubuntu:22.04
[CgroupManager] Removed cgroup 66140 via bpftool
[POOL] Cleanup scheduled for ec9a42a410ca
[DockerWorker-1] ✓ Completed: fb78ccaae7c5f5e91c5ca18e90814a46ea5541fda4dffd17dbc145eb50fca4d4 (5 events) (1.29s)
[DockerWorker-1] Starting: 364c56c5a905a0f8d0ab15de82437c0a5d2f742240739545b27ffffdfb660afd.static (40_32bit)
[ANALYSISLOG] 364c56c5a905a0f8d0ab15de82437c0a5d2f742240739545b27ffffdfb660afd.static -> ../ELF_samples/benign_report/armv7/raw/364c56c5a905a0f8d0ab15de82437c0a5d2f742240739545b27ffffdfb660afd.static_2026-01-31_16-11-07_29412736.jsonl
[DOCKER] Selected image for libc=glibc: arm32v7/ubuntu:22.04
[POOL] Collected 8 events for analysis (read from log file)
[POOL] Running analyzers on 8 events for 3f033d5314f04327c3e850edc7d00991dc29862dff00ed19f2e283dced2bc572
[POOL] Analysis completed: 0 findings in 0.00s (7556 events/s)
[AI-Integration] Submitted task: 12d29859
[AI] 12d29859 queued for DeepSeek analysis
[CgroupManager] Removed cgroup 65796 via bpftool
[POOL] Cleanup scheduled for b857f00b25fd
[DockerWorker-5] ✓ Completed: 3f033d5314f04327c3e850edc7d00991dc29862dff00ed19f2e283dced2bc572 (8 events) (1.50s)
[DockerWorker-5] Starting: d487495486a08b2dbfc608921bc114b3ad213ea0e3047504a6860ff75ca831b1 (40_32bit)
[ANALYSISLOG] d487495486a08b2dbfc608921bc114b3ad213ea0e3047504a6860ff75ca831b1 -> ../ELF_samples/benign_report/armv7/raw/d487495486a08b2dbfc608921bc114b3ad213ea0e3047504a6860ff75ca831b1_2026-01-31_16-11-07_6f507548.jsonl
[DOCKER] Selected image for libc=glibc: arm32v7/ubuntu:22.04
[AI-Integration] Job 986e07e8 analyzed via deepseek
[CgroupManager] Added cgroup 66312 via bpftool
[EventRouter] DEBUG: EXEC #33 filename='/bin/true', triggers=['9b4c04547eea708ddc13c26146bb840d913c6c0201c77cb1e82e9b6532c3414d', '/tmp/9b4c04547eea708ddc13c26146bb840d913c6c0201c77cb1e82e9b6532c3414d']
[CgroupManager] Added cgroup 66226 via bpftool
[CgroupManager] Added cgroup 66398 via bpftool
[EventRouter] DEBUG: EXEC #33 filename='/bin/true', triggers=['71a4663828112e3eed6543660eeb5d96d8d9014eb9e1dff57c5354905b7aa5a3', '/tmp/71a4663828112e3eed6543660eeb5d96d8d9014eb9e1dff57c5354905b7aa5a3']
[CgroupManager] Added cgroup 66570 via bpftool
[CgroupManager] Added cgroup 66484 via bpftool
[EventRouter] DEBUG: EXEC #34 filename='/bin/true', triggers=['05e7803d917617fbbe23ff0415803abdbe03a0727979621a3e3abaf3aef1df3a', '/tmp/05e7803d917617fbbe23ff0415803abdbe03a0727979621a3e3abaf3aef1df3a']
[EventRouter] DEBUG: EXEC #49 filename='/bin/true', triggers=['364c56c5a905a0f8d0ab15de82437c0a5d2f742240739545b27ffffdfb660afd.static', '/tmp/364c56c5a905a0f8d0ab15de82437c0a5d2f742240739545b27ffffdfb660afd.static']
[EventRouter] DEBUG: EXEC #50 filename='/bin/true', triggers=['4142ccfad2594a91d3918bac753d659bdac4905a092e36004bed2fef2c187545', '/tmp/4142ccfad2594a91d3918bac753d659bdac4905a092e36004bed2fef2c187545']
[CgroupManager] Added cgroup 66656 via bpftool
[EventRouter] DEBUG: EXEC #34 filename='/bin/true', triggers=['d487495486a08b2dbfc608921bc114b3ad213ea0e3047504a6860ff75ca831b1', '/tmp/d487495486a08b2dbfc608921bc114b3ad213ea0e3047504a6860ff75ca831b1']
[EventRouter] ARM detected at event 126 for cgroup 66312
[EventRouter] Discarded 125 pre-ARM events for cgroup 66312
[DOCKER] Container exit code: 1
[DOCKER][STDOUT] BEGIN
Please specify at least one package name on the command line.
[DOCKER][STDOUT] END
[DOCKER] Raw stdout saved: ../ELF_samples/benign_report/armv7/raw/9b4c04547eea708ddc13c26146bb840d913c6c0201c77cb1e82e9b6532c3414d_2026-01-31_16-11-07_0a13ac58_container_stdout.txt
[EventRouter] ARM detected at event 143 for cgroup 66226
[EventRouter] Discarded 142 pre-ARM events for cgroup 66226
[DOCKER] Container exit code: 20
[DOCKER][STDOUT] BEGIN
drbdsetup - Configure the DRBD kernel module.

USAGE: 71a4663828112e3eed6543660eeb5d96d8d9014eb9e1dff57c5354905b7aa5a3 command {arguments} [options]

Commands:
    primary - Change the role of a node in a resource to primary.
    secondary - Change the role of a node in a resource to secondary.
    attach - Attach a lower-level device to an existing replicated device.
    disk-options - Change the disk options of an attached lower-level device.
    detach - Detach the lower-level device of a replicated device.
    connect - Attempt to (re)establish a replication link to a peer host.
    new-peer - Make a peer host known to a resource.
    del-peer - Remove a connection to a peer host.
    new-path - Add a path (endpoint address pair) where a peer host should be
        reachable.
    del-path - Remove a path (endpoint address pair) from a connection to a peer
        host.
    net-options - Change the network options of a connection.
    disconnect - Unconnect from a peer host.
    resize - Reexamine the lower-level device sizes to resize a replicated
        device.
    resource-options - Change the resource options of an existing resource.
    peer-device-options - Change peer-device options.
    new-current-uuid - Generate a new current UUID.
    invalidate - Replace the local data of a volume with that of a peer.
    invalidate-remote - Replace a peer's data of a volume with the local data.
    pause-sync - Stop resynchronizing between a local and a peer device.
    resume-sync - Allow resynchronization to resume on a replicated device.
    suspend-io - Suspend I/O on a replicated device.
    resume-io - Resume I/O on a replicated device.
    outdate - Mark the data on a lower-level device as outdated.
    verify - Verify the data on a lower-level device against a peer device.
    down - Take a resource down.
    role - Show the current role of a resource.
    cstate - Show the current state of a connection.
    dstate - Show the current disk state of a lower-level device.
    show-gi - Show the data generation identifiers for a device on a particular
        connection, with explanations.
    get-gi - Show the data generation identifiers for a device on a particular
        connection.
    show - Show the current configuration of a resource, or of all resources.
    status - Show the state of a resource, or of all resources.
    check-resize - Remember the current size of a lower-level device.
    events2 - Show the current state and all state changes of a resource, or of
        all resources.
    wait-sync-volume - Wait until resync finished on a volume.
    wait-sync-connection - Wait until resync finished on all volumes of a
        connection.
    wait-sync-resource - Wait until resync finished on all volumes.
    wait-connect-volume - Wait until a device on a peer is visible.
    wait-connect-connection - Wait until all peer volumes of connection are
        visible.
    wait-connect-resource - Wait until all connections are establised.
    new-resource - Create a new resource.
    new-minor - Create a new replicated device within a resource.
    del-minor - Remove a replicated device.
    del-resource - Remove a resource.
    forget-peer - Completely remove any reference to a unconnected peer from
        meta-data.

Use 'drbdsetup help command' for command-specific help.
[DOCKER][STDOUT] END
[DOCKER] Raw stdout saved: ../ELF_samples/benign_report/armv7/raw/71a4663828112e3eed6543660eeb5d96d8d9014eb9e1dff57c5354905b7aa5a3_2026-01-31_16-11-07_c3aa5187_container_stdout.txt
[EventRouter] ARM detected at event 143 for cgroup 66484
[EventRouter] Discarded 142 pre-ARM events for cgroup 66484
[EventRouter] ARM detected at event 147 for cgroup 66570
[EventRouter] Discarded 146 pre-ARM events for cgroup 66570
[EventRouter] ARM detected at event 128 for cgroup 66398
[EventRouter] Discarded 127 pre-ARM events for cgroup 66398
[DOCKER] Container exit code: 0
[DOCKER][STDOUT] BEGIN
  FD  type	device	inode	mode	links	uid	gid	rdev	size	blksize	blocks	atime				mtime				ctime				cloexec	flags	sigown	sigio
   0: chrdev	0,6		Sat Jan 31 10:35:19 2026	Sat Jan 31 10:35:19 2026	Sat Jan 31 10:35:19 2026	0	x020000	0	0	(no STREAMS modules)poll: IN,OUT,
   1: pipe	0,15		Sat Jan 31 08:11:08 2026	Sat Jan 31 08:11:08 2026	Sat Jan 31 08:11:08 2026	0	x020001	0	0	(no STREAMS modules)poll: OUT,
   2: pipe	0,15		Sat Jan 31 08:11:08 2026	Sat Jan 31 08:11:08 2026	Sat Jan 31 08:11:08 2026	0	x020001	0	0	(no STREAMS modules)poll: OUT,
   3: socket	0,9		Thu Jan  1 00:00:00 1970	Thu Jan  1 00:00:00 1970	Thu Jan  1 00:00:00 1970	0	x020002	0	0	(no STREAMS modules)DEBUG=0	REUSEADDR=0	TYPE=2	ERROR=0	DONTROUTE=0	BROADCAST=0	SNDBUF=212992	RCVBUF=212992	KEEPALIVE=0	OOBINLINE=0	NO_CHECK=0	PRIORITY=0	LINGER={0,0}	BSDCOMPAT=0	REUSEPORT=0	PASSCRED=0	PEERCRED={25,0}	RCVLOWAT=1	SNDLOWAT=1	RCVTIMEO={0,0}	SNDTIMEO={0,0}				BINDTODEVICE={0,0}	ATTACH_FILTER={0,0}			AF=1 "<anon>" <-> AF=1 "<anon>"	poll: OUT,
   4: socket	0,9		Thu Jan  1 00:00:00 1970	Thu Jan  1 00:00:00 1970	Thu Jan  1 00:00:00 1970	0	x020002	0	0	(no STREAMS modules)DEBUG=0	REUSEADDR=0	TYPE=2	ERROR=0	DONTROUTE=0	BROADCAST=0	SNDBUF=212992	RCVBUF=212992	KEEPALIVE=0	OOBINLINE=0	NO_CHECK=0	PRIORITY=0	LINGER={0,0}	BSDCOMPAT=0	REUSEPORT=0	PASSCRED=0	PEERCRED={25,0}	RCVLOWAT=1	SNDLOWAT=1	RCVTIMEO={0,0}	SNDTIMEO={0,0}				BINDTODEVICE={0,0}	ATTACH_FILTER={0,0}			AF=1 "<anon>" <-> AF=1 "<anon>"	poll: OUT,
[DOCKER][STDOUT] END
[DOCKER] Raw stdout saved: ../ELF_samples/benign_report/armv7/raw/4142ccfad2594a91d3918bac753d659bdac4905a092e36004bed2fef2c187545_2026-01-31_16-11-07_7b18f0d1_container_stdout.txt
[DOCKER] Container exit code: 0
[DOCKER] Container exit code: 1
[DOCKER][STDOUT] BEGIN
/tmp/364c56c5a905a0f8d0ab15de82437c0a5d2f742240739545b27ffffdfb660afd.static: too few arguments
usage: btrfs-corrupt-block [options] device
	-l   Logical extent to be corrupted
	-c   Copy of the extent to be corrupted (usually 1 or 2, default: 0)
	-b   Number of bytes to be corrupted
	-e   Extent to be corrupted
	-E   The whole extent tree to be corrupted
	-u   Given chunk item to be corrupted
	-U   The whole chunk tree to be corrupted
	-i   The inode item to corrupt (must also specify the field to corrupt)
	-x   The file extent item to corrupt (must also specify -i for the inode and -f for the field to corrupt)
	-m   The metadata block to corrupt (must also specify -f for the field to corrupt)
	-K <u64,u8,u64> Corrupt the given key (must also specify -f for the field and optionally -r for the root)
	-f   The field in the item to corrupt
	-I <u64,u8,u64> Corrupt an item corresponding to the passed key triplet (must also specify the field to corrupt and root for the item)
	-D <u64,u8,u64> Corrupt a dir item corresponding to the passed key triplet, must also specify a field
	-d <u64,u8,u64> Delete item corresponding to passed key triplet
	-r   Operate on this root (only works with -d)
	-C   Delete a csum for the specified bytenr.  When used with -b it'll delete that many bytes, otherwise it's just sectorsize
[DOCKER][STDOUT] END
[DOCKER] Raw stdout saved: ../ELF_samples/benign_report/armv7/raw/364c56c5a905a0f8d0ab15de82437c0a5d2f742240739545b27ffffdfb660afd.static_2026-01-31_16-11-07_29412736_container_stdout.txt
[EventRouter] ARM detected at event 130 for cgroup 66656
[EventRouter] Discarded 129 pre-ARM events for cgroup 66656
[DOCKER] Container exit code: 1
[DOCKER][STDOUT] BEGIN
interface: eth0
IP address is: 172.17.0.2
MAC address is: d2:b7:c7:12:55:db
pcap_open_live(eth0): eth0: SIOCETHTOOL(ETHTOOL_GET_TS_INFO) ioctl failed: Not a tty
[DOCKER][STDOUT] END
[DOCKER] Raw stdout saved: ../ELF_samples/benign_report/armv7/raw/d487495486a08b2dbfc608921bc114b3ad213ea0e3047504a6860ff75ca831b1_2026-01-31_16-11-07_6f507548_container_stdout.txt
[POOL] Collected 8 events for analysis (read from log file)
[POOL] Running analyzers on 8 events for 9b4c04547eea708ddc13c26146bb840d913c6c0201c77cb1e82e9b6532c3414d
[POOL] Analysis completed: 0 findings in 0.00s (7346 events/s)
[AI-Integration] Submitted task: 0a13ac58
[AI] 0a13ac58 queued for DeepSeek analysis
[POOL] Collected 6 events for analysis (read from log file)
[POOL] Running analyzers on 6 events for 71a4663828112e3eed6543660eeb5d96d8d9014eb9e1dff57c5354905b7aa5a3
[POOL] Analysis completed: 0 findings in 0.00s (5659 events/s)
[AI-Integration] Submitted task: c3aa5187
[AI] c3aa5187 queued for DeepSeek analysis
[CgroupManager] Removed cgroup 66312 via bpftool
[POOL] Cleanup scheduled for 4ffd75b1a7ce
[DockerWorker-3] ✓ Completed: 9b4c04547eea708ddc13c26146bb840d913c6c0201c77cb1e82e9b6532c3414d (8 events) (1.16s)
[DockerWorker-3] Starting: 81b62b5cd0db288c8731811fe6acef58a9639b6d1ad2cfe360053004e81eb6f9 (40_32bit)
[ANALYSISLOG] 81b62b5cd0db288c8731811fe6acef58a9639b6d1ad2cfe360053004e81eb6f9 -> ../ELF_samples/benign_report/armv7/raw/81b62b5cd0db288c8731811fe6acef58a9639b6d1ad2cfe360053004e81eb6f9_2026-01-31_16-11-08_67d11f97.jsonl
[DOCKER] Selected image for libc=glibc: arm32v7/ubuntu:22.04
[CgroupManager] Removed cgroup 66226 via bpftool
[POOL] Cleanup scheduled for 48f332570b81
[DockerWorker-2] ✓ Completed: 71a4663828112e3eed6543660eeb5d96d8d9014eb9e1dff57c5354905b7aa5a3 (6 events) (1.20s)
[DockerWorker-2] Starting: 95eaa6bc8687d5aa208be52613ec9c5d91b55b3f24c80e2d1a4444f5dfcd4f1b (40_32bit)
[ANALYSISLOG] 95eaa6bc8687d5aa208be52613ec9c5d91b55b3f24c80e2d1a4444f5dfcd4f1b -> ../ELF_samples/benign_report/armv7/raw/95eaa6bc8687d5aa208be52613ec9c5d91b55b3f24c80e2d1a4444f5dfcd4f1b_2026-01-31_16-11-08_f5da5f9a.jsonl
[DOCKER] Selected image for libc=glibc: arm32v7/ubuntu:22.04
[POOL] Collected 7 events for analysis (read from log file)
[POOL] Running analyzers on 7 events for 4142ccfad2594a91d3918bac753d659bdac4905a092e36004bed2fef2c187545
[POOL] Analysis completed: 0 findings in 0.00s (6442 events/s)
[AI-Integration] Submitted task: 7b18f0d1
[AI] 7b18f0d1 queued for DeepSeek analysis
[POOL] Collected 6 events for analysis (read from log file)
[POOL] Running analyzers on 6 events for 05e7803d917617fbbe23ff0415803abdbe03a0727979621a3e3abaf3aef1df3a
[POOL] Analysis completed: 0 findings in 0.00s (5713 events/s)
[AI-Integration] Submitted task: 6cb955a4
[AI] 6cb955a4 queued for DeepSeek analysis
[POOL] Collected 8 events for analysis (read from log file)
[POOL] Running analyzers on 8 events for 364c56c5a905a0f8d0ab15de82437c0a5d2f742240739545b27ffffdfb660afd.static
[POOL] Analysis completed: 1 findings in 0.00s (6774 events/s)
[AI-Integration] Submitted task: 29412736
[AI] 29412736 queued for DeepSeek analysis
[CgroupManager] Removed cgroup 66570 via bpftool
[POOL] Cleanup scheduled for c783db530b5e
[DockerWorker-4] ✓ Completed: 4142ccfad2594a91d3918bac753d659bdac4905a092e36004bed2fef2c187545 (7 events) (1.19s)
[DockerWorker-4] Starting: f1123fdb389cba983c85822c9afa4c7ae8ae400a5a01c7c589ef87baf936dc5c (40_32bit)
[ANALYSISLOG] f1123fdb389cba983c85822c9afa4c7ae8ae400a5a01c7c589ef87baf936dc5c -> ../ELF_samples/benign_report/armv7/raw/f1123fdb389cba983c85822c9afa4c7ae8ae400a5a01c7c589ef87baf936dc5c_2026-01-31_16-11-08_e1991b3b.jsonl
[DOCKER] Selected image for libc=glibc: arm32v7/ubuntu:22.04
[CgroupManager] Removed cgroup 66398 via bpftool
[POOL] Cleanup scheduled for 688eed1825b2
[DockerWorker-0] ✓ Completed: 05e7803d917617fbbe23ff0415803abdbe03a0727979621a3e3abaf3aef1df3a (6 events) (1.24s)
[DockerWorker-0] Starting: 3b6a9b173a6baf1e34134bbc1d63801a906429ccdac6132e05e17001a076034a (40_32bit)
[ANALYSISLOG] 3b6a9b173a6baf1e34134bbc1d63801a906429ccdac6132e05e17001a076034a -> ../ELF_samples/benign_report/armv7/raw/3b6a9b173a6baf1e34134bbc1d63801a906429ccdac6132e05e17001a076034a_2026-01-31_16-11-08_7eb743fe.jsonl
[DOCKER] Selected image for libc=glibc: arm32v7/ubuntu:22.04
[CgroupManager] Removed cgroup 66484 via bpftool
[POOL] Cleanup scheduled for 78e2d953c3b2
[DockerWorker-1] ✓ Completed: 364c56c5a905a0f8d0ab15de82437c0a5d2f742240739545b27ffffdfb660afd.static (8 events) (1.20s)
[DockerWorker-1] Starting: e4c86f41fed230797b3f30a23e36c4eadb92edee294a5b067a4af45377ad6837 (40_32bit)
[ANALYSISLOG] e4c86f41fed230797b3f30a23e36c4eadb92edee294a5b067a4af45377ad6837 -> ../ELF_samples/benign_report/armv7/raw/e4c86f41fed230797b3f30a23e36c4eadb92edee294a5b067a4af45377ad6837_2026-01-31_16-11-08_ead0aea5.jsonl
[DOCKER] Selected image for libc=glibc: arm32v7/ubuntu:22.04
[POOL] Collected 20 events for analysis (read from log file)
[POOL] Running analyzers on 20 events for d487495486a08b2dbfc608921bc114b3ad213ea0e3047504a6860ff75ca831b1
[POOL] Analysis completed: 0 findings in 0.00s (18419 events/s)
[AI-Integration] Submitted task: 6f507548
[AI] 6f507548 queued for DeepSeek analysis
[CgroupManager] Removed cgroup 66656 via bpftool
[POOL] Cleanup scheduled for b2f5c0c6e184
[DockerWorker-5] ✓ Completed: d487495486a08b2dbfc608921bc114b3ad213ea0e3047504a6860ff75ca831b1 (20 events) (1.11s)
[DockerWorker-5] Starting: e24b38dd233f6a1a0b88a742488e89f1132e2d26dca9a096435e6f3a468303ef (40_32bit)
[ANALYSISLOG] e24b38dd233f6a1a0b88a742488e89f1132e2d26dca9a096435e6f3a468303ef -> ../ELF_samples/benign_report/armv7/raw/e24b38dd233f6a1a0b88a742488e89f1132e2d26dca9a096435e6f3a468303ef_2026-01-31_16-11-08_af6f82b6.jsonl
[DOCKER] Selected image for libc=glibc: arm32v7/ubuntu:22.04
[CgroupManager] Added cgroup 66742 via bpftool
[CgroupManager] Added cgroup 66828 via bpftool
[EventRouter] DEBUG: EXEC #33 filename='/bin/true', triggers=['81b62b5cd0db288c8731811fe6acef58a9639b6d1ad2cfe360053004e81eb6f9', '/tmp/81b62b5cd0db288c8731811fe6acef58a9639b6d1ad2cfe360053004e81eb6f9']
[CgroupManager] Added cgroup 66914 via bpftool
[CgroupManager] Added cgroup 67086 via bpftool
[EventRouter] DEBUG: EXEC #33 filename='/bin/true', triggers=['f1123fdb389cba983c85822c9afa4c7ae8ae400a5a01c7c589ef87baf936dc5c', '/tmp/f1123fdb389cba983c85822c9afa4c7ae8ae400a5a01c7c589ef87baf936dc5c']
[CgroupManager] Added cgroup 67000 via bpftool
[CgroupManager] Added cgroup 67172 via bpftool
[EventRouter] DEBUG: EXEC #48 filename='/bin/true', triggers=['e24b38dd233f6a1a0b88a742488e89f1132e2d26dca9a096435e6f3a468303ef', '/tmp/e24b38dd233f6a1a0b88a742488e89f1132e2d26dca9a096435e6f3a468303ef']
[EventRouter] ARM detected at event 146 for cgroup 66828
[EventRouter] Discarded 145 pre-ARM events for cgroup 66828
[DOCKER] Container exit code: 0
[DOCKER][STDOUT] BEGIN
\x8b \xe7\xda}i          
[DOCKER][STDOUT] END
[DOCKER] Raw stdout saved: ../ELF_samples/benign_report/armv7/raw/95eaa6bc8687d5aa208be52613ec9c5d91b55b3f24c80e2d1a4444f5dfcd4f1b_2026-01-31_16-11-08_f5da5f9a_container_stdout.txt
[EventRouter] ARM detected at event 130 for cgroup 66742
[EventRouter] Discarded 129 pre-ARM events for cgroup 66742
[DOCKER] Container exit code: 0
[DOCKER][STDOUT] BEGIN
        NS TYPE   NPROCS PID USER COMMAND
4026531837 user        4   1 root /sbin/docker-init -- sleep 300
4026533600 mnt         4   1 root /sbin/docker-init -- sleep 300
4026533604 uts         4   1 root /sbin/docker-init -- sleep 300
4026533606 ipc         4   1 root /sbin/docker-init -- sleep 300
4026533608 pid         4   1 root /sbin/docker-init -- sleep 300
4026533612 cgroup      4   1 root /sbin/docker-init -- sleep 300
4026533615 net         4   1 root /sbin/docker-init -- sleep 300
[DOCKER][STDOUT] END
[DOCKER] Raw stdout saved: ../ELF_samples/benign_report/armv7/raw/81b62b5cd0db288c8731811fe6acef58a9639b6d1ad2cfe360053004e81eb6f9_2026-01-31_16-11-08_67d11f97_container_stdout.txt
[EventRouter] ARM detected at event 128 for cgroup 66914
[EventRouter] Discarded 127 pre-ARM events for cgroup 66914
[DOCKER] Container exit code: 0
[EventRouter] ARM detected at event 168 for cgroup 67000
[EventRouter] Discarded 167 pre-ARM events for cgroup 67000
[DOCKER] Container exit code: 0
[EventRouter] ARM detected at event 164 for cgroup 67086
[EventRouter] Discarded 163 pre-ARM events for cgroup 67086
[DOCKER] Container exit code: 0
[EventRouter] ARM detected at event 160 for cgroup 67172
[EventRouter] Discarded 159 pre-ARM events for cgroup 67172
[DOCKER] Container exit code: 0
[DOCKER][STDOUT] BEGIN
version: leafnode-2.0.0.alpha20140727b
current machine: Linux ede378e6be70 6.17.0-8-generic #8-Ubuntu SMP PREEMPT_DYNAMIC Fri Nov 14 21:44:46 UTC 2025 armv7l armv7l armv7l GNU/Linux
bindir: /usr/bin
sysconfdir: /etc/leafnode2
default spooldir: /var/spool/news
default MTA: /usr/sbin/sendmail
pcre version: 8.42 2018-03-20
[DOCKER][STDOUT] END
[DOCKER] Raw stdout saved: ../ELF_samples/benign_report/armv7/raw/e24b38dd233f6a1a0b88a742488e89f1132e2d26dca9a096435e6f3a468303ef_2026-01-31_16-11-08_af6f82b6_container_stdout.txt
[POOL] Collected 15 events for analysis (read from log file)
[POOL] Running analyzers on 15 events for 95eaa6bc8687d5aa208be52613ec9c5d91b55b3f24c80e2d1a4444f5dfcd4f1b
[POOL] Analysis completed: 0 findings in 0.00s (13723 events/s)
[AI-Integration] Submitted task: f5da5f9a
[AI] f5da5f9a queued for DeepSeek analysis
[CgroupManager] Removed cgroup 66828 via bpftool
[POOL] Cleanup scheduled for c37b13d76009
[DockerWorker-2] ✓ Completed: 95eaa6bc8687d5aa208be52613ec9c5d91b55b3f24c80e2d1a4444f5dfcd4f1b (15 events) (1.13s)
[DockerWorker-2] Starting: 0df8c6526b243a6a37e2fdd5d04ce8422fcf555445b6489606d370550808e1af (40_32bit)
[ANALYSISLOG] 0df8c6526b243a6a37e2fdd5d04ce8422fcf555445b6489606d370550808e1af -> ../ELF_samples/benign_report/armv7/raw/0df8c6526b243a6a37e2fdd5d04ce8422fcf555445b6489606d370550808e1af_2026-01-31_16-11-09_ba6ccda2.jsonl
[DOCKER] Selected image for libc=glibc: arm32v7/ubuntu:22.04
[POOL] Collected 20 events for analysis (read from log file)
[POOL] Running analyzers on 20 events for 81b62b5cd0db288c8731811fe6acef58a9639b6d1ad2cfe360053004e81eb6f9
[POOL] Analysis completed: 0 findings in 0.00s (19068 events/s)
[AI-Integration] Submitted task: 67d11f97
[AI] 67d11f97 queued for DeepSeek analysis
[CgroupManager] Removed cgroup 66742 via bpftool
[POOL] Cleanup scheduled for b0056f756f79
[DockerWorker-3] ✓ Completed: 81b62b5cd0db288c8731811fe6acef58a9639b6d1ad2cfe360053004e81eb6f9 (20 events) (1.19s)
[DockerWorker-3] Starting: 6f353d2e93fb890c46b18419fae7c05e1915fa8c139d5d819ecad6b125adaa41 (40_32bit)
[ANALYSISLOG] 6f353d2e93fb890c46b18419fae7c05e1915fa8c139d5d819ecad6b125adaa41 -> ../ELF_samples/benign_report/armv7/raw/6f353d2e93fb890c46b18419fae7c05e1915fa8c139d5d819ecad6b125adaa41_2026-01-31_16-11-09_021a733f.jsonl
[DOCKER] Selected image for libc=glibc: arm32v7/ubuntu:22.04
[POOL] Collected 6 events for analysis (read from log file)
[POOL] Running analyzers on 6 events for f1123fdb389cba983c85822c9afa4c7ae8ae400a5a01c7c589ef87baf936dc5c
[POOL] Analysis completed: 0 findings in 0.00s (5628 events/s)
[AI-Integration] Submitted task: e1991b3b
[AI] e1991b3b queued for DeepSeek analysis
[CgroupManager] Removed cgroup 66914 via bpftool
[POOL] Cleanup scheduled for 1cb0f5f0d8be
[DockerWorker-4] ✓ Completed: f1123fdb389cba983c85822c9afa4c7ae8ae400a5a01c7c589ef87baf936dc5c (6 events) (1.18s)
[DockerWorker-4] Starting: b7dab6b86727228ef9c7ee9b230c00d68d5eccd73a0fa867afb106bfdcb9f4e8 (40_32bit)
[ANALYSISLOG] b7dab6b86727228ef9c7ee9b230c00d68d5eccd73a0fa867afb106bfdcb9f4e8 -> ../ELF_samples/benign_report/armv7/raw/b7dab6b86727228ef9c7ee9b230c00d68d5eccd73a0fa867afb106bfdcb9f4e8_2026-01-31_16-11-09_bca594fe.jsonl
[DOCKER] Selected image for libc=glibc: arm32v7/ubuntu:22.04
[POOL] Collected 8 events for analysis (read from log file)
[POOL] Running analyzers on 8 events for 3b6a9b173a6baf1e34134bbc1d63801a906429ccdac6132e05e17001a076034a
[POOL] Analysis completed: 0 findings in 0.00s (7539 events/s)
[AI-Integration] Submitted task: 7eb743fe
[AI] 7eb743fe queued for DeepSeek analysis
[POOL] Collected 5 events for analysis (read from log file)
[POOL] Running analyzers on 5 events for e4c86f41fed230797b3f30a23e36c4eadb92edee294a5b067a4af45377ad6837
[POOL] Analysis completed: 0 findings in 0.00s (4825 events/s)
[AI-Integration] Submitted task: ead0aea5
[AI] ead0aea5 queued for DeepSeek analysis
[CgroupManager] Removed cgroup 67000 via bpftool
[POOL] Cleanup scheduled for b515e6f04936
[DockerWorker-0] ✓ Completed: 3b6a9b173a6baf1e34134bbc1d63801a906429ccdac6132e05e17001a076034a (8 events) (1.19s)
[DockerWorker-0] Starting: b2d1c6a80a1c111f579f6c8de66024b8db74f6abe88c4380aa3a78ad36374adf (40_32bit)
[ANALYSISLOG] b2d1c6a80a1c111f579f6c8de66024b8db74f6abe88c4380aa3a78ad36374adf -> ../ELF_samples/benign_report/armv7/raw/b2d1c6a80a1c111f579f6c8de66024b8db74f6abe88c4380aa3a78ad36374adf_2026-01-31_16-11-09_5520db18.jsonl
[DOCKER] Selected image for libc=glibc: arm32v7/ubuntu:22.04
[CgroupManager] Removed cgroup 67086 via bpftool
[POOL] Cleanup scheduled for ab3ccb02a74c
[DockerWorker-1] ✓ Completed: e4c86f41fed230797b3f30a23e36c4eadb92edee294a5b067a4af45377ad6837 (5 events) (1.20s)
[DockerWorker-1] Starting: 0b04107438b8e2e3414c126f20e1dfebfdace96a7a2425fd8f92d382ba9cadaf (40_32bit)
[ANALYSISLOG] 0b04107438b8e2e3414c126f20e1dfebfdace96a7a2425fd8f92d382ba9cadaf -> ../ELF_samples/benign_report/armv7/raw/0b04107438b8e2e3414c126f20e1dfebfdace96a7a2425fd8f92d382ba9cadaf_2026-01-31_16-11-09_aa788553.jsonl
[DOCKER] Selected image for libc=glibc: arm32v7/ubuntu:22.04
[CgroupManager] Added cgroup 67344 via bpftool
[CgroupManager] Added cgroup 67258 via bpftool
[EventRouter] DEBUG: EXEC #33 filename='/bin/true', triggers=['6f353d2e93fb890c46b18419fae7c05e1915fa8c139d5d819ecad6b125adaa41', '/tmp/6f353d2e93fb890c46b18419fae7c05e1915fa8c139d5d819ecad6b125adaa41']
[POOL] Collected 40 events for analysis (read from log file)
[POOL] Running analyzers on 40 events for e24b38dd233f6a1a0b88a742488e89f1132e2d26dca9a096435e6f3a468303ef
[POOL] Analysis completed: 1 findings in 0.00s (35701 events/s)
[AI-Integration] Submitted task: af6f82b6
[AI] af6f82b6 queued for DeepSeek analysis
[CgroupManager] Removed cgroup 67172 via bpftool
[POOL] Cleanup scheduled for ede378e6be70
[DockerWorker-5] ✓ Completed: e24b38dd233f6a1a0b88a742488e89f1132e2d26dca9a096435e6f3a468303ef (40 events) (1.34s)
[DockerWorker-5] Starting: 205faedf1713173928aa48ce02067daf5bf23c33226ee0b020b8d9b89c2d953c (40_32bit)
[ANALYSISLOG] 205faedf1713173928aa48ce02067daf5bf23c33226ee0b020b8d9b89c2d953c -> ../ELF_samples/benign_report/armv7/raw/205faedf1713173928aa48ce02067daf5bf23c33226ee0b020b8d9b89c2d953c_2026-01-31_16-11-10_6bff19a8.jsonl
[DOCKER] Selected image for libc=glibc: arm32v7/ubuntu:22.04
[CgroupManager] Added cgroup 67430 via bpftool
[CgroupManager] Added cgroup 67602 via bpftool
[CgroupManager] Added cgroup 67516 via bpftool
[EventRouter] DEBUG: EXEC #33 filename='/bin/true', triggers=['b7dab6b86727228ef9c7ee9b230c00d68d5eccd73a0fa867afb106bfdcb9f4e8', '/tmp/b7dab6b86727228ef9c7ee9b230c00d68d5eccd73a0fa867afb106bfdcb9f4e8']
[EventRouter] DEBUG: EXEC #33 filename='/bin/true', triggers=['0b04107438b8e2e3414c126f20e1dfebfdace96a7a2425fd8f92d382ba9cadaf', '/tmp/0b04107438b8e2e3414c126f20e1dfebfdace96a7a2425fd8f92d382ba9cadaf']
[EventRouter] DEBUG: EXEC #50 filename='/bin/true', triggers=['b2d1c6a80a1c111f579f6c8de66024b8db74f6abe88c4380aa3a78ad36374adf', '/tmp/b2d1c6a80a1c111f579f6c8de66024b8db74f6abe88c4380aa3a78ad36374adf']
[EventRouter] ARM detected at event 143 for cgroup 67344
[EventRouter] Discarded 142 pre-ARM events for cgroup 67344
[DOCKER] Container exit code: 0
[DOCKER][STDOUT] BEGIN
Available commands:
  add_key              adds a key to the user's keyring
  get_policy           get the encryption for directories
  new_session          give the invoking process a new session keyring
  set_policy           sets a policy for directories

To get more information on a command, type 'e4crypt help cmd'
[DOCKER][STDOUT] END
[DOCKER] Raw stdout saved: ../ELF_samples/benign_report/armv7/raw/6f353d2e93fb890c46b18419fae7c05e1915fa8c139d5d819ecad6b125adaa41_2026-01-31_16-11-09_021a733f_container_stdout.txt
[EventRouter] ARM detected at event 166 for cgroup 67258
[EventRouter] Discarded 165 pre-ARM events for cgroup 67258
[DOCKER] Container exit code: 127
[DOCKER][STDOUT] BEGIN
0df8c6526b243a6a37e2fdd5d04ce8422fcf555445b6489606d370550808e1af: applet not found
[DOCKER][STDOUT] END
[DOCKER] Raw stdout saved: ../ELF_samples/benign_report/armv7/raw/0df8c6526b243a6a37e2fdd5d04ce8422fcf555445b6489606d370550808e1af_2026-01-31_16-11-09_ba6ccda2_container_stdout.txt
[CgroupManager] Added cgroup 67688 via bpftool
[EventRouter] ARM detected at event 127 for cgroup 67430
[EventRouter] Discarded 126 pre-ARM events for cgroup 67430
[DOCKER] Container exit code: 2
[DOCKER][STDOUT] BEGIN
Usage: b7dab6b86727228ef9c7ee9b230c00d68d5eccd73a0fa867afb106bfdcb9f4e8 [OPTION]... PATTERNS [FILE]...
Try 'b7dab6b86727228ef9c7ee9b230c00d68d5eccd73a0fa867afb106bfdcb9f4e8 --help' for more information.
[DOCKER][STDOUT] END
[DOCKER] Raw stdout saved: ../ELF_samples/benign_report/armv7/raw/b7dab6b86727228ef9c7ee9b230c00d68d5eccd73a0fa867afb106bfdcb9f4e8_2026-01-31_16-11-09_bca594fe_container_stdout.txt
[EventRouter] DEBUG: EXEC #34 filename='/bin/true', triggers=['205faedf1713173928aa48ce02067daf5bf23c33226ee0b020b8d9b89c2d953c', '/tmp/205faedf1713173928aa48ce02067daf5bf23c33226ee0b020b8d9b89c2d953c']
[EventRouter] ARM detected at event 145 for cgroup 67602
[EventRouter] Discarded 144 pre-ARM events for cgroup 67602
[DOCKER] Container exit code: 1
[DOCKER][STDOUT] BEGIN
Error opening terminal: unknown.
[DOCKER][STDOUT] END
[DOCKER] Raw stdout saved: ../ELF_samples/benign_report/armv7/raw/0b04107438b8e2e3414c126f20e1dfebfdace96a7a2425fd8f92d382ba9cadaf_2026-01-31_16-11-09_aa788553_container_stdout.txt
[EventRouter] ARM detected at event 145 for cgroup 67516
[EventRouter] Discarded 144 pre-ARM events for cgroup 67516
[DOCKER] Container exit code: 1
[DOCKER][STDOUT] BEGIN
Usage : /tmp/b2d1c6a80a1c111f579f6c8de66024b8db74f6abe88c4380aa3a78ad36374adf [options] XMLfiles ...
	Parse the XML files and output the result of the parsing
	--version : display the version of the XML library used
	--debug : dump the nodes content when using --stream
	--copy : used to test the internal copy implementation
	--recover : output what was parsable on broken XML documents
	--huge : remove any internal arbitrary parser limits
	--noent : substitute entity references by their value
	--noenc : ignore any encoding specified inside the document
	--noout : don't output the result tree
	--path 'paths': provide a set of paths for resources
	--load-trace : print trace of all external entities loaded
	--nonet : refuse to fetch DTDs or entities over network
	--nocompact : do not generate compact text nodes
	--htmlout : output results as HTML
	--nowrap : do not put HTML doc wrapper
	--valid : validate the document in addition to std well-formed check
	--postvalid : do a posteriori validation, i.e after parsing
	--dtdvalid URL : do a posteriori validation against a given DTD
	--dtdvalidfpi FPI : same but name the DTD with a Public Identifier
	--timing : print some timings
	--output file or -o file: save to a given file
	--repeat : repeat 100 times, for timing or profiling
	--insert : ad-hoc test for valid insertions
	--compress : turn on gzip compression of output
	--html : use the HTML parser
	--xmlout : force to use the XML serializer when using --html
	--nodefdtd : do not default HTML doctype
	--push : use the push mode of the parser
	--pushsmall : use the push mode of the parser using tiny increments
	--memory : parse from memory
	--maxmem nbbytes : limits memory allocation to nbbytes bytes
	--nowarning : do not emit warnings from parser/validator
	--noblanks : drop (ignorable?) blanks spaces
	--nocdata : replace cdata section with text nodes
	--format : reformat/reindent the output
	--encode encoding : output in the given encoding
	--dropdtd : remove the DOCTYPE of the input docs
	--pretty STYLE : pretty-print in a particular style
	                 0 Do not pretty print
	                 1 Format the XML content, as --format
	                 2 Add whitespace inside tags, preserving content
	--c14n : save in W3C canonical format v1.0 (with comments)
	--c14n11 : save in W3C canonical format v1.1 (with comments)
	--exc-c14n : save in W3C exclusive canonical format (with comments)
	--nsclean : remove redundant namespace declarations
	--testIO : test user I/O support
	--catalogs : use SGML catalogs from $SGML_CATALOG_FILES
	             otherwise XML Catalogs starting from 
	         file:///etc/xml/catalog are activated by default
	--nocatalogs: deactivate all catalogs
	--auto : generate a small doc on the fly
	--xinclude : do XInclude processing
	--noxincludenode : same but do not generate XInclude nodes
	--nofixup-base-uris : do not fixup xml:base uris
	--loaddtd : fetch external DTD
	--dtdattr : loaddtd + populate the tree with inherited attributes 
	--stream : use the streaming interface to process very large files
	--walker : create a reader and walk though the resulting doc
	--pattern pattern_value : test the pattern support
	--chkregister : verify the node registration code
	--relaxng schema : do RelaxNG validation against the schema
	--schema schema : do validation against the WXS schema
	--schematron schema : do validation against a schematron
	--sax1: use the old SAX1 interfaces for processing
	--sax: do not build a tree but work just at the SAX level
	--oldxml10: use XML-1.0 parsing rules before the 5th edition
	--xpath expr: evaluate the XPath expression, imply --noout

Libxml project home page: http://xmlsoft.org/
To report bugs or get some help check: http://xmlsoft.org/bugs.html
[DOCKER][STDOUT] END
[DOCKER] Raw stdout saved: ../ELF_samples/benign_report/armv7/raw/b2d1c6a80a1c111f579f6c8de66024b8db74f6abe88c4380aa3a78ad36374adf_2026-01-31_16-11-09_5520db18_container_stdout.txt
[EventRouter] ARM detected at event 126 for cgroup 67688
[EventRouter] Discarded 125 pre-ARM events for cgroup 67688
[DOCKER] Container exit code: 1
[DOCKER][STDOUT] BEGIN
205faedf1713173928aa48ce02067daf5bf23c33226ee0b020b8d9b89c2d953c: bad usage
Try '205faedf1713173928aa48ce02067daf5bf23c33226ee0b020b8d9b89c2d953c --help' for more information.
[DOCKER][STDOUT] END
[DOCKER] Raw stdout saved: ../ELF_samples/benign_report/armv7/raw/205faedf1713173928aa48ce02067daf5bf23c33226ee0b020b8d9b89c2d953c_2026-01-31_16-11-10_6bff19a8_container_stdout.txt
[POOL] Collected 6 events for analysis (read from log file)
[POOL] Running analyzers on 6 events for 6f353d2e93fb890c46b18419fae7c05e1915fa8c139d5d819ecad6b125adaa41
[POOL] Analysis completed: 0 findings in 0.00s (5216 events/s)
[AI-Integration] Submitted task: 021a733f
[AI] 021a733f queued for DeepSeek analysis
[CgroupManager] Removed cgroup 67344 via bpftool
[POOL] Cleanup scheduled for feca1a2406f1
[DockerWorker-3] ✓ Completed: 6f353d2e93fb890c46b18419fae7c05e1915fa8c139d5d819ecad6b125adaa41 (6 events) (1.04s)
[DockerWorker-3] Starting: ca0f03a77bb0f9ad458fb1ff5fd3db863ee43814a88f343d552fd00f8812033a (40_32bit)
[ANALYSISLOG] ca0f03a77bb0f9ad458fb1ff5fd3db863ee43814a88f343d552fd00f8812033a -> ../ELF_samples/benign_report/armv7/raw/ca0f03a77bb0f9ad458fb1ff5fd3db863ee43814a88f343d552fd00f8812033a_2026-01-31_16-11-10_8dcac70b.jsonl
[DOCKER] Selected image for libc=glibc: arm32v7/ubuntu:22.04
[POOL] Collected 8 events for analysis (read from log file)
[POOL] Running analyzers on 8 events for 0df8c6526b243a6a37e2fdd5d04ce8422fcf555445b6489606d370550808e1af
[POOL] Analysis completed: 0 findings in 0.00s (7403 events/s)
[AI-Integration] Submitted task: ba6ccda2
[AI] ba6ccda2 queued for DeepSeek analysis
[CgroupManager] Removed cgroup 67258 via bpftool
[POOL] Cleanup scheduled for a4e2c2e35b27
[DockerWorker-2] ✓ Completed: 0df8c6526b243a6a37e2fdd5d04ce8422fcf555445b6489606d370550808e1af (8 events) (1.19s)
[DockerWorker-2] Starting: 5b748c838e6be1bce7624250aa310a964cbd0496d2c9283582a00cd0a1fcde25 (40_32bit)
[ANALYSISLOG] 5b748c838e6be1bce7624250aa310a964cbd0496d2c9283582a00cd0a1fcde25 -> ../ELF_samples/benign_report/armv7/raw/5b748c838e6be1bce7624250aa310a964cbd0496d2c9283582a00cd0a1fcde25_2026-01-31_16-11-11_07746a9a.jsonl
[DOCKER] Selected image for libc=glibc: arm32v7/ubuntu:22.04
[POOL] Collected 6 events for analysis (read from log file)
[POOL] Running analyzers on 6 events for b7dab6b86727228ef9c7ee9b230c00d68d5eccd73a0fa867afb106bfdcb9f4e8
[POOL] Analysis completed: 0 findings in 0.00s (5717 events/s)
[AI-Integration] Submitted task: bca594fe
[AI] bca594fe queued for DeepSeek analysis
[CgroupManager] Removed cgroup 67430 via bpftool
[POOL] Cleanup scheduled for 767ef15e8bae
[DockerWorker-4] ✓ Completed: b7dab6b86727228ef9c7ee9b230c00d68d5eccd73a0fa867afb106bfdcb9f4e8 (6 events) (1.10s)
[DockerWorker-4] Starting: e9575c760c0c919efa718c94f41205cd7aa10bd8d07c991c3116dc8af87288a5 (40_32bit)
[ANALYSISLOG] e9575c760c0c919efa718c94f41205cd7aa10bd8d07c991c3116dc8af87288a5 -> ../ELF_samples/benign_report/armv7/raw/e9575c760c0c919efa718c94f41205cd7aa10bd8d07c991c3116dc8af87288a5_2026-01-31_16-11-11_9e7e0820.jsonl
[DOCKER] Selected image for libc=glibc: arm32v7/ubuntu:22.04
[POOL] Collected 7 events for analysis (read from log file)
[POOL] Running analyzers on 7 events for 0b04107438b8e2e3414c126f20e1dfebfdace96a7a2425fd8f92d382ba9cadaf
[POOL] Analysis completed: 0 findings in 0.00s (6581 events/s)
[AI-Integration] Submitted task: aa788553
[AI] aa788553 queued for DeepSeek analysis
[CgroupManager] Removed cgroup 67602 via bpftool
[POOL] Cleanup scheduled for 5ee7d3216bb5
[DockerWorker-1] ✓ Completed: 0b04107438b8e2e3414c126f20e1dfebfdace96a7a2425fd8f92d382ba9cadaf (7 events) (1.10s)
[DockerWorker-1] Starting: 328d9fe20a888d99821d7e0cde7d8435d3f004d1fe6d164d2deeb16daf732b24 (40_32bit)
[ANALYSISLOG] 328d9fe20a888d99821d7e0cde7d8435d3f004d1fe6d164d2deeb16daf732b24 -> ../ELF_samples/benign_report/armv7/raw/328d9fe20a888d99821d7e0cde7d8435d3f004d1fe6d164d2deeb16daf732b24_2026-01-31_16-11-11_e1ae9f80.jsonl
[DOCKER] Selected image for libc=glibc: arm32v7/ubuntu:22.04
[POOL] Collected 6 events for analysis (read from log file)
[POOL] Running analyzers on 6 events for b2d1c6a80a1c111f579f6c8de66024b8db74f6abe88c4380aa3a78ad36374adf
[POOL] Analysis completed: 0 findings in 0.00s (5699 events/s)
[AI-Integration] Submitted task: 5520db18
[AI] 5520db18 queued for DeepSeek analysis
[CgroupManager] Removed cgroup 67516 via bpftool
[POOL] Cleanup scheduled for 316f38728cb7
[DockerWorker-0] ✓ Completed: b2d1c6a80a1c111f579f6c8de66024b8db74f6abe88c4380aa3a78ad36374adf (6 events) (1.16s)
[DockerWorker-0] Starting: fec0d4c1f368c49392f823162571509e0de15dca0048a4b97e5e27a6407382ff (40_32bit)
[ANALYSISLOG] fec0d4c1f368c49392f823162571509e0de15dca0048a4b97e5e27a6407382ff -> ../ELF_samples/benign_report/armv7/raw/fec0d4c1f368c49392f823162571509e0de15dca0048a4b97e5e27a6407382ff_2026-01-31_16-11-11_422f5c22.jsonl
[DOCKER] Selected image for libc=glibc: arm32v7/ubuntu:22.04
[CgroupManager] Added cgroup 67774 via bpftool
[EventRouter] DEBUG: EXEC #35 filename='/bin/true', triggers=['ca0f03a77bb0f9ad458fb1ff5fd3db863ee43814a88f343d552fd00f8812033a', '/tmp/ca0f03a77bb0f9ad458fb1ff5fd3db863ee43814a88f343d552fd00f8812033a']
[POOL] Collected 12 events for analysis (read from log file)
[POOL] Running analyzers on 12 events for 205faedf1713173928aa48ce02067daf5bf23c33226ee0b020b8d9b89c2d953c
[POOL] Analysis completed: 0 findings in 0.00s (11327 events/s)
[AI-Integration] Submitted task: 6bff19a8
[AI] 6bff19a8 queued for DeepSeek analysis
[CgroupManager] Removed cgroup 67688 via bpftool
[POOL] Cleanup scheduled for be3b93831fd9
[DockerWorker-5] ✓ Completed: 205faedf1713173928aa48ce02067daf5bf23c33226ee0b020b8d9b89c2d953c (12 events) (1.10s)
[DockerWorker-5] Starting: 7f52fc7ade46587e28b377a8890ae8c36770d4a3f3fe8557dbca8170b4fe4240 (40_32bit)
[ANALYSISLOG] 7f52fc7ade46587e28b377a8890ae8c36770d4a3f3fe8557dbca8170b4fe4240 -> ../ELF_samples/benign_report/armv7/raw/7f52fc7ade46587e28b377a8890ae8c36770d4a3f3fe8557dbca8170b4fe4240_2026-01-31_16-11-11_4290ff49.jsonl
[DOCKER] Selected image for libc=glibc: arm32v7/ubuntu:22.04
[CgroupManager] Added cgroup 67860 via bpftool
[EventRouter] DEBUG: EXEC #34 filename='/bin/true', triggers=['5b748c838e6be1bce7624250aa310a964cbd0496d2c9283582a00cd0a1fcde25', '/tmp/5b748c838e6be1bce7624250aa310a964cbd0496d2c9283582a00cd0a1fcde25']
[CgroupManager] Added cgroup 67946 via bpftool
[CgroupManager] Added cgroup 68032 via bpftool
[EventRouter] DEBUG: EXEC #33 filename='/bin/true', triggers=['e9575c760c0c919efa718c94f41205cd7aa10bd8d07c991c3116dc8af87288a5', '/tmp/e9575c760c0c919efa718c94f41205cd7aa10bd8d07c991c3116dc8af87288a5']
[CgroupManager] Added cgroup 68118 via bpftool
[EventRouter] DEBUG: EXEC #33 filename='/bin/true', triggers=['328d9fe20a888d99821d7e0cde7d8435d3f004d1fe6d164d2deeb16daf732b24', '/tmp/328d9fe20a888d99821d7e0cde7d8435d3f004d1fe6d164d2deeb16daf732b24']
[EventRouter] DEBUG: EXEC #33 filename='/bin/true', triggers=['fec0d4c1f368c49392f823162571509e0de15dca0048a4b97e5e27a6407382ff', '/tmp/fec0d4c1f368c49392f823162571509e0de15dca0048a4b97e5e27a6407382ff']
[EventRouter] ARM detected at event 131 for cgroup 67774
[EventRouter] Discarded 130 pre-ARM events for cgroup 67774
[DOCKER] Container exit code: 0
[DOCKER][STDOUT] BEGIN
(to)
[DOCKER][STDOUT] END
[DOCKER] Raw stdout saved: ../ELF_samples/benign_report/armv7/raw/ca0f03a77bb0f9ad458fb1ff5fd3db863ee43814a88f343d552fd00f8812033a_2026-01-31_16-11-10_8dcac70b_container_stdout.txt
[EventRouter] ARM detected at event 129 for cgroup 67946
[EventRouter] Discarded 128 pre-ARM events for cgroup 67946
[CgroupManager] Added cgroup 68204 via bpftool
[EventRouter] ARM detected at event 126 for cgroup 68118
[EventRouter] Discarded 125 pre-ARM events for cgroup 68118
[EventRouter] ARM detected at event 130 for cgroup 67860
[EventRouter] Discarded 129 pre-ARM events for cgroup 67860
[EventRouter] DEBUG: EXEC #34 filename='/bin/true', triggers=['7f52fc7ade46587e28b377a8890ae8c36770d4a3f3fe8557dbca8170b4fe4240', '/tmp/7f52fc7ade46587e28b377a8890ae8c36770d4a3f3fe8557dbca8170b4fe4240']
[DOCKER] Container exit code: 1
[DOCKER][STDOUT] BEGIN
No command specified!
Usage: /tmp/5b748c838e6be1bce7624250aa310a964cbd0496d2c9283582a00cd0a1fcde25 [-bBfFac] <ppsdev>
Commands:
  -b   bind kernel PPS consumer
  -B   unbind kernel PPS consumer
  -f   set kernel NTP PPS flags
  -F   unset kernel NTP PPS flags
Options:
  -a   use assert edge
  -c   use clear edge (default)
[DOCKER][STDOUT] END
[DOCKER] Raw stdout saved: ../ELF_samples/benign_report/armv7/raw/5b748c838e6be1bce7624250aa310a964cbd0496d2c9283582a00cd0a1fcde25_2026-01-31_16-11-11_07746a9a_container_stdout.txt
[DOCKER] Container exit code: 1
[EventRouter] ARM detected at event 127 for cgroup 68032
[EventRouter] Discarded 126 pre-ARM events for cgroup 68032
[DOCKER] Container exit code: 0
[DOCKER][STDOUT] BEGIN
Active Internet connections (w/o servers)
Proto Recv-Q Send-Q Local Address           Foreign Address         State      
Active UNIX domain sockets (w/o servers)
Proto RefCnt Flags       Type       State         I-Node   Path
[DOCKER][STDOUT] END
[DOCKER] Raw stdout saved: ../ELF_samples/benign_report/armv7/raw/328d9fe20a888d99821d7e0cde7d8435d3f004d1fe6d164d2deeb16daf732b24_2026-01-31_16-11-11_e1ae9f80_container_stdout.txt
[EventRouter] ARM detected at event 129 for cgroup 68204
[EventRouter] Discarded 128 pre-ARM events for cgroup 68204
[DOCKER] Container exit code: 1
[DOCKER][STDOUT] BEGIN
Usage: /tmp/7f52fc7ade46587e28b377a8890ae8c36770d4a3f3fe8557dbca8170b4fe4240 [option(s)] in-file [out-file]
 Copies a binary file, possibly transforming it in the process
 The options are:
  -I --input-target <bfdname>      Assume input file is in format <bfdname>
  -O --output-target <bfdname>     Create an output file in format <bfdname>
  -B --binary-architecture <arch>  Set output arch, when input is arch-less
  -F --target <bfdname>            Set both input and output format to <bfdname>
     --debugging                   Convert debugging information, if possible
  -p --preserve-dates              Copy modified/access timestamps to the output
  -D --enable-deterministic-archives
                                   Produce deterministic output when stripping archives
  -U --disable-deterministic-archives
                                   Disable -D behavior (default)
  -j --only-section <name>         Only copy section <name> into the output
     --add-gnu-debuglink=<file>    Add section .gnu_debuglink linking to <file>
  -R --remove-section <name>       Remove section <name> from the output
     --remove-relocations <name>   Remove relocations from section <name>
  -S --strip-all                   Remove all symbol and relocation information
  -g --strip-debug                 Remove all debugging symbols & sections
     --strip-dwo                   Remove all DWO sections
     --strip-unneeded              Remove all symbols not needed by relocations
  -N --strip-symbol <name>         Do not copy symbol <name>
     --strip-unneeded-symbol <name>
                                   Do not copy symbol <name> unless needed by
                                     relocations
     --only-keep-debug             Strip everything but the debug information
     --extract-dwo                 Copy only DWO sections
     --extract-symbol              Remove section contents but keep symbols
  -K --keep-symbol <name>          Do not strip symbol <name>
     --keep-file-symbols           Do not strip file symbol(s)
     --localize-hidden             Turn all ELF hidden symbols into locals
  -L --localize-symbol <name>      Force symbol <name> to be marked as a local
     --globalize-symbol <name>     Force symbol <name> to be marked as a global
  -G --keep-global-symbol <name>   Localize all symbols except <name>
  -W --weaken-symbol <name>        Force symbol <name> to be marked as a weak
     --weaken                      Force all global symbols to be marked as weak
  -w --wildcard                    Permit wildcard in symbol comparison
  -x --discard-all                 Remove all non-global symbols
  -X --discard-locals              Remove any compiler-generated symbols
  -i --interleave[=<number>]       Only copy N out of every <number> bytes
     --interleave-width <number>   Set N for --interleave
  -b --byte <num>                  Select byte <num> in every interleaved block
     --gap-fill <val>              Fill gaps between sections with <val>
     --pad-to <addr>               Pad the last section up to address <addr>
     --set-start <addr>            Set the start address to <addr>
    {--change-start|--adjust-start} <incr>
                                   Add <incr> to the start address
    {--change-addresses|--adjust-vma} <incr>
                                   Add <incr> to LMA, VMA and start addresses
    {--change-section-address|--adjust-section-vma} <name>{=|+|-}<val>
                                   Change LMA and VMA of section <name> by <val>
     --change-section-lma <name>{=|+|-}<val>
                                   Change the LMA of section <name> by <val>
     --change-section-vma <name>{=|+|-}<val>
                                   Change the VMA of section <name> by <val>
    {--[no-]change-warnings|--[no-]adjust-warnings}
                                   Warn if a named section does not exist
     --set-section-flags <name>=<flags>
                                   Set section <name>'s properties to <flags>
     --add-section <name>=<file>   Add section <name> found in <file> to output
     --update-section <name>=<file>
                                   Update contents of section <name> with
                                   contents found in <file>
     --dump-section <name>=<file>  Dump the contents of section <name> into <file>
     --rename-section <old>=<new>[,<flags>] Rename section <old> to <new>
     --long-section-names {enable|disable|keep}
                                   Handle long section names in Coff objects.
     --change-leading-char         Force output format's leading character style
     --remove-leading-char         Remove leading character from global symbols
     --reverse-bytes=<num>         Reverse <num> bytes at a time, in output sections with content
     --redefine-sym <old>=<new>    Redefine symbol name <old> to <new>
     --redefine-syms <file>        --redefine-sym for all symbol pairs 
                                     listed in <file>
     --srec-len <number>           Restrict the length of generated Srecords
     --srec-forceS3                Restrict the type of generated Srecords to S3
     --strip-symbols <file>        -N for all symbols listed in <file>
     --strip-unneeded-symbols <file>
                                   --strip-unneeded-symbol for all symbols listed
                                     in <file>
     --keep-symbols <file>         -K for all symbols listed in <file>
     --localize-symbols <file>     -L for all symbols listed in <file>
     --globalize-symbols <file>    --globalize-symbol for all in <file>
     --keep-global-symbols <file>  -G for all symbols listed in <file>
     --weaken-symbols <file>       -W for all symbols listed in <file>
     --add-symbol <name>=[<section>:]<value>[,<flags>]  Add a symbol
     --alt-machine-code <index>    Use the target's <index>'th alternative machine
     --writable-text               Mark the output text as writable
     --readonly-text               Make the output text write protected
     --pure                        Mark the output file as demand paged
     --impure                      Mark the output file as impure
     --prefix-symbols <prefix>     Add <prefix> to start of every symbol name
     --prefix-sections <prefix>    Add <prefix> to start of every section name
     --prefix-alloc-sections <prefix>
                                   Add <prefix> to start of every allocatable
                                     section name
     --file-alignment <num>        Set PE file alignment to <num>
     --heap <reserve>[,<commit>]   Set PE reserve/commit heap to <reserve>/
                                   <commit>
     --image-base <address>        Set PE image base to <address>
     --section-alignment <num>     Set PE section alignment to <num>
     --stack <reserve>[,<commit>]  Set PE reserve/commit stack to <reserve>/
                                   <commit>
     --subsystem <name>[:<version>]
                                   Set PE subsystem to <name> [& <version>]
     --compress-debug-sections[={none|zlib|zlib-gnu|zlib-gabi}]
                                   Compress DWARF debug sections using zlib
     --decompress-debug-sections   Decompress DWARF debug sections using zlib
     --elf-stt-common=[yes|no]     Generate ELF common symbols with STT_COMMON
                                     type
  -M  --merge-notes                Remove redundant entries in note sections
      --no-merge-notes             Do not attempt to remove redundant notes (default)
  -v --verbose                     List all object files modified
  @<file>                          Read options from <file>
  -V --version                     Display this program's version number
  -h --help                        Display this output
     --info                        List object formats & architectures supported
/tmp/7f52fc7ade46587e28b377a8890ae8c36770d4a3f3fe8557dbca8170b4fe4240: supported targets: elf32-littlearm elf32-bigarm elf32-little elf32-big srec symbolsrec verilog tekhex binary ihex
[DOCKER][STDOUT] END
[DOCKER] Raw stdout saved: ../ELF_samples/benign_report/armv7/raw/7f52fc7ade46587e28b377a8890ae8c36770d4a3f3fe8557dbca8170b4fe4240_2026-01-31_16-11-11_4290ff49_container_stdout.txt
[POOL] Collected 6 events for analysis (read from log file)
[POOL] Running analyzers on 6 events for ca0f03a77bb0f9ad458fb1ff5fd3db863ee43814a88f343d552fd00f8812033a
[POOL] Analysis completed: 0 findings in 0.00s (5337 events/s)
[AI-Integration] Submitted task: 8dcac70b
[AI] 8dcac70b queued for DeepSeek analysis
[CgroupManager] Removed cgroup 67774 via bpftool
[POOL] Cleanup scheduled for da6a3bf67550
[DockerWorker-3] ✓ Completed: ca0f03a77bb0f9ad458fb1ff5fd3db863ee43814a88f343d552fd00f8812033a (6 events) (1.13s)
[DockerWorker-3] Starting: 314dfaf3e678da7e1df84b0f83908fa67985b43f7c8c850854c92dd3bf04740e (40_32bit)
[ANALYSISLOG] 314dfaf3e678da7e1df84b0f83908fa67985b43f7c8c850854c92dd3bf04740e -> ../ELF_samples/benign_report/armv7/raw/314dfaf3e678da7e1df84b0f83908fa67985b43f7c8c850854c92dd3bf04740e_2026-01-31_16-11-12_f2344f4d.jsonl
[DOCKER] Selected image for libc=glibc: arm32v7/ubuntu:22.04
[POOL] Collected 5 events for analysis (read from log file)
[POOL] Running analyzers on 5 events for 5b748c838e6be1bce7624250aa310a964cbd0496d2c9283582a00cd0a1fcde25
[POOL] Analysis completed: 0 findings in 0.00s (4719 events/s)
[AI-Integration] Submitted task: 07746a9a
[AI] 07746a9a queued for DeepSeek analysis
[POOL] Collected 16 events for analysis (read from log file)
[POOL] Running analyzers on 16 events for fec0d4c1f368c49392f823162571509e0de15dca0048a4b97e5e27a6407382ff
[POOL] Analysis completed: 1 findings in 0.00s (12929 events/s)
[AI-Integration] Submitted task: 422f5c22
[AI] 422f5c22 queued for DeepSeek analysis
[CgroupManager] Removed cgroup 68118 via bpftool
[POOL] Cleanup scheduled for 1db6708c12ec
[DockerWorker-0] ✓ Completed: fec0d4c1f368c49392f823162571509e0de15dca0048a4b97e5e27a6407382ff (16 events) (1.05s)
[DockerWorker-0] Starting: 4775df44b62048a16912aee68e51cfea89e8d1c077f7631b2457c31585c293c7 (40_32bit)
[CgroupManager] Removed cgroup 67860 via bpftool
[POOL] Cleanup scheduled for 931cc96df76f
[DockerWorker-2] ✓ Completed: 5b748c838e6be1bce7624250aa310a964cbd0496d2c9283582a00cd0a1fcde25 (5 events) (1.18s)
[DockerWorker-2] Starting: 2f6ba51f5d588a7a6611dd8a9f2773525bef9e6ae12a18760dc8dbc4d2f1aec0 (40_32bit)
[ANALYSISLOG] 4775df44b62048a16912aee68e51cfea89e8d1c077f7631b2457c31585c293c7 -> ../ELF_samples/benign_report/armv7/raw/4775df44b62048a16912aee68e51cfea89e8d1c077f7631b2457c31585c293c7_2026-01-31_16-11-12_cf6540f3.jsonl
[DOCKER] Selected image for libc=glibc: arm32v7/ubuntu:22.04
[POOL] Collected 24 events for analysis (read from log file)
[POOL] Running analyzers on 24 events for 328d9fe20a888d99821d7e0cde7d8435d3f004d1fe6d164d2deeb16daf732b24
[POOL] Analysis completed: 0 findings in 0.00s (23112 events/s)
[AI-Integration] Submitted task: e1ae9f80
[AI] e1ae9f80 queued for DeepSeek analysis
[ANALYSISLOG] 2f6ba51f5d588a7a6611dd8a9f2773525bef9e6ae12a18760dc8dbc4d2f1aec0 -> ../ELF_samples/benign_report/armv7/raw/2f6ba51f5d588a7a6611dd8a9f2773525bef9e6ae12a18760dc8dbc4d2f1aec0_2026-01-31_16-11-12_65f0ac72.jsonl
[DOCKER] Selected image for libc=glibc: arm32v7/ubuntu:22.04
[CgroupManager] Removed cgroup 68032 via bpftool
[POOL] Cleanup scheduled for 46730a41e721
[DockerWorker-1] ✓ Completed: 328d9fe20a888d99821d7e0cde7d8435d3f004d1fe6d164d2deeb16daf732b24 (24 events) (1.12s)
[DockerWorker-1] Starting: 67aab1e13364628865665cde8b6e6696498316a51b26a0d63bbcb5efd63baad4 (40_32bit)
[ANALYSISLOG] 67aab1e13364628865665cde8b6e6696498316a51b26a0d63bbcb5efd63baad4 -> ../ELF_samples/benign_report/armv7/raw/67aab1e13364628865665cde8b6e6696498316a51b26a0d63bbcb5efd63baad4_2026-01-31_16-11-12_8f440b6e.jsonl
[DOCKER] Selected image for libc=glibc: arm32v7/ubuntu:22.04
[CgroupManager] Added cgroup 68290 via bpftool
[EventRouter] DEBUG: EXEC #33 filename='/bin/true', triggers=['314dfaf3e678da7e1df84b0f83908fa67985b43f7c8c850854c92dd3bf04740e', '/tmp/314dfaf3e678da7e1df84b0f83908fa67985b43f7c8c850854c92dd3bf04740e']
[POOL] Collected 6 events for analysis (read from log file)
[POOL] Running analyzers on 6 events for 7f52fc7ade46587e28b377a8890ae8c36770d4a3f3fe8557dbca8170b4fe4240
[POOL] Analysis completed: 0 findings in 0.00s (5846 events/s)
[AI-Integration] Submitted task: 4290ff49
[AI] 4290ff49 queued for DeepSeek analysis
[CgroupManager] Removed cgroup 68204 via bpftool
[POOL] Cleanup scheduled for 6e462f74c161
[DockerWorker-5] ✓ Completed: 7f52fc7ade46587e28b377a8890ae8c36770d4a3f3fe8557dbca8170b4fe4240 (6 events) (1.10s)
[DockerWorker-5] Starting: 6c1aeefb4f621a8c670a1629f2da61f53c8aebf64bed266dec377ba4456aacf7 (40_32bit)
[ANALYSISLOG] 6c1aeefb4f621a8c670a1629f2da61f53c8aebf64bed266dec377ba4456aacf7 -> ../ELF_samples/benign_report/armv7/raw/6c1aeefb4f621a8c670a1629f2da61f53c8aebf64bed266dec377ba4456aacf7_2026-01-31_16-11-12_2bffe401.jsonl
[DOCKER] Selected image for libc=glibc: arm32v7/ubuntu:22.04
[CgroupManager] Added cgroup 68376 via bpftool
[CgroupManager] Added cgroup 68548 via bpftool
[CgroupManager] Added cgroup 68462 via bpftool
[EventRouter] DEBUG: EXEC #49 filename='/bin/true', triggers=['4775df44b62048a16912aee68e51cfea89e8d1c077f7631b2457c31585c293c7', '/tmp/4775df44b62048a16912aee68e51cfea89e8d1c077f7631b2457c31585c293c7']
[EventRouter] DEBUG: EXEC #49 filename='/bin/true', triggers=['2f6ba51f5d588a7a6611dd8a9f2773525bef9e6ae12a18760dc8dbc4d2f1aec0', '/tmp/2f6ba51f5d588a7a6611dd8a9f2773525bef9e6ae12a18760dc8dbc4d2f1aec0']
[EventRouter] ARM detected at event 127 for cgroup 68290
[EventRouter] Discarded 126 pre-ARM events for cgroup 68290
[DOCKER] Container exit code: 0
[CgroupManager] Added cgroup 68634 via bpftool
[EventRouter] ARM detected at event 159 for cgroup 68376
[EventRouter] Discarded 158 pre-ARM events for cgroup 68376
[EventRouter] DEBUG: EXEC #33 filename='/bin/true', triggers=['6c1aeefb4f621a8c670a1629f2da61f53c8aebf64bed266dec377ba4456aacf7', '/tmp/6c1aeefb4f621a8c670a1629f2da61f53c8aebf64bed266dec377ba4456aacf7']
[DOCKER] Container exit code: 0
[EventRouter] ARM detected at event 148 for cgroup 68548
[EventRouter] Discarded 147 pre-ARM events for cgroup 68548
[DOCKER] Container exit code: 2
[DOCKER][STDOUT] BEGIN
Usage: ping [-aAbBdDfhLnOqrRUvV64] [-c count] [-i interval] [-I interface]
            [-m mark] [-M pmtudisc_option] [-l preload] [-p pattern] [-Q tos]
            [-s packetsize] [-S sndbuf] [-t ttl] [-T timestamp_option]
            [-w deadline] [-W timeout] [hop1 ...] destination
Usage: ping -6 [-aAbBdDfhLnOqrRUvV] [-c count] [-i interval] [-I interface]
             [-l preload] [-m mark] [-M pmtudisc_option]
             [-N nodeinfo_option] [-p pattern] [-Q tclass] [-s packetsize]
             [-S sndbuf] [-t ttl] [-T timestamp_option] [-w deadline]
             [-W timeout] destination
[DOCKER][STDOUT] END
[DOCKER] Raw stdout saved: ../ELF_samples/benign_report/armv7/raw/67aab1e13364628865665cde8b6e6696498316a51b26a0d63bbcb5efd63baad4_2026-01-31_16-11-12_8f440b6e_container_stdout.txt
[EventRouter] ARM detected at event 183 for cgroup 68462
[EventRouter] Discarded 182 pre-ARM events for cgroup 68462
[DOCKER] Container exit code: 1
[DOCKER][STDOUT] BEGIN
2f6ba51f5d588a7a6611dd8a9f2773525bef9e6ae12a18760dc8dbc4d2f1aec0: No host NVM file named: Operation canceled
[DOCKER][STDOUT] END
[DOCKER] Raw stdout saved: ../ELF_samples/benign_report/armv7/raw/2f6ba51f5d588a7a6611dd8a9f2773525bef9e6ae12a18760dc8dbc4d2f1aec0_2026-01-31_16-11-12_65f0ac72_container_stdout.txt
[EventRouter] ARM detected at event 127 for cgroup 68634
[EventRouter] Discarded 126 pre-ARM events for cgroup 68634
[DOCKER] Container exit code: 0
[AI-Integration] Job 3e6c614d analyzed via deepseek
[POOL] Collected 72 events for analysis (read from log file)
[POOL] Running analyzers on 72 events for 314dfaf3e678da7e1df84b0f83908fa67985b43f7c8c850854c92dd3bf04740e
[POOL] Analysis completed: 0 findings in 0.00s (65731 events/s)
[AI-Integration] Submitted task: f2344f4d
[AI] f2344f4d queued for DeepSeek analysis
[CgroupManager] Removed cgroup 68290 via bpftool
[POOL] Cleanup scheduled for af9e3971c5c0
[DockerWorker-3] ✓ Completed: 314dfaf3e678da7e1df84b0f83908fa67985b43f7c8c850854c92dd3bf04740e (72 events) (1.15s)
[DockerWorker-3] Starting: 3f735744db1ba49ab6485e725f60086f65a13cdf6f22ced23fe96b723ddb7f3b (40_32bit)
[ANALYSISLOG] 3f735744db1ba49ab6485e725f60086f65a13cdf6f22ced23fe96b723ddb7f3b -> ../ELF_samples/benign_report/armv7/raw/3f735744db1ba49ab6485e725f60086f65a13cdf6f22ced23fe96b723ddb7f3b_2026-01-31_16-11-13_5ecca848.jsonl
[DOCKER] Selected image for libc=glibc: arm32v7/ubuntu:22.04
[AI-Integration] Job 9c013305 analyzed via deepseek
[POOL] Collected 8 events for analysis (read from log file)
[POOL] Running analyzers on 8 events for 4775df44b62048a16912aee68e51cfea89e8d1c077f7631b2457c31585c293c7
[POOL] Analysis completed: 0 findings in 0.00s (7625 events/s)
[AI-Integration] Submitted task: cf6540f3
[AI] cf6540f3 queued for DeepSeek analysis
[POOL] Collected 6 events for analysis (read from log file)
[POOL] Running analyzers on 6 events for 67aab1e13364628865665cde8b6e6696498316a51b26a0d63bbcb5efd63baad4
[POOL] Analysis completed: 1 findings in 0.00s (5627 events/s)
[AI-Integration] Submitted task: 8f440b6e
[AI] 8f440b6e queued for DeepSeek analysis
[CgroupManager] Removed cgroup 68376 via bpftool
[POOL] Cleanup scheduled for 72a885091aa1
[DockerWorker-0] ✓ Completed: 4775df44b62048a16912aee68e51cfea89e8d1c077f7631b2457c31585c293c7 (8 events) (1.12s)
[DockerWorker-0] Starting: 5c12c486028a6cf1ccc9051b06d1195eb5394223c827db9ec367a1864c235987 (40_32bit)
[ANALYSISLOG] 5c12c486028a6cf1ccc9051b06d1195eb5394223c827db9ec367a1864c235987 -> ../ELF_samples/benign_report/armv7/raw/5c12c486028a6cf1ccc9051b06d1195eb5394223c827db9ec367a1864c235987_2026-01-31_16-11-13_ccd635f6.jsonl
[DOCKER] Selected image for libc=glibc: arm32v7/ubuntu:22.04
[CgroupManager] Removed cgroup 68548 via bpftool
[POOL] Cleanup scheduled for 75f1b12f4515
[DockerWorker-1] ✓ Completed: 67aab1e13364628865665cde8b6e6696498316a51b26a0d63bbcb5efd63baad4 (6 events) (1.11s)
[DockerWorker-1] Starting: d0436940083bbbed2c9e8922b78741ef1fae48d8744c196b4c2346b706eebebb (40_32bit)
[ANALYSISLOG] d0436940083bbbed2c9e8922b78741ef1fae48d8744c196b4c2346b706eebebb -> ../ELF_samples/benign_report/armv7/raw/d0436940083bbbed2c9e8922b78741ef1fae48d8744c196b4c2346b706eebebb_2026-01-31_16-11-13_f4abddf7.jsonl
[DOCKER] Selected image for libc=glibc: arm32v7/ubuntu:22.04
[POOL] Collected 5 events for analysis (read from log file)
[POOL] Running analyzers on 5 events for 2f6ba51f5d588a7a6611dd8a9f2773525bef9e6ae12a18760dc8dbc4d2f1aec0
[POOL] Analysis completed: 0 findings in 0.00s (4787 events/s)
[AI-Integration] Submitted task: 65f0ac72
[AI] 65f0ac72 queued for DeepSeek analysis
[CgroupManager] Removed cgroup 68462 via bpftool
[POOL] Cleanup scheduled for a5b827d0f431
[DockerWorker-2] ✓ Completed: 2f6ba51f5d588a7a6611dd8a9f2773525bef9e6ae12a18760dc8dbc4d2f1aec0 (5 events) (1.18s)
[DockerWorker-2] Starting: d25729e4bdd1227af181b5312ac75178803c3a74722356decc4cebeacd8035fd (40_32bit)
[ANALYSISLOG] d25729e4bdd1227af181b5312ac75178803c3a74722356decc4cebeacd8035fd -> ../ELF_samples/benign_report/armv7/raw/d25729e4bdd1227af181b5312ac75178803c3a74722356decc4cebeacd8035fd_2026-01-31_16-11-13_b6a0b3a6.jsonl
[DOCKER] Selected image for libc=glibc: arm32v7/ubuntu:22.04
[POOL] Collected 30 events for analysis (read from log file)
[POOL] Running analyzers on 30 events for 6c1aeefb4f621a8c670a1629f2da61f53c8aebf64bed266dec377ba4456aacf7
[POOL] Analysis completed: 0 findings in 0.00s (27713 events/s)
[AI-Integration] Submitted task: 2bffe401
[AI] 2bffe401 queued for DeepSeek analysis
[CgroupManager] Removed cgroup 68634 via bpftool
[POOL] Cleanup scheduled for bb9aa0419d75
[DockerWorker-5] ✓ Completed: 6c1aeefb4f621a8c670a1629f2da61f53c8aebf64bed266dec377ba4456aacf7 (30 events) (1.07s)
[DockerWorker-5] Starting: 51440738865041c9615489c11bb6b9094b21a7a5920de195fc4d3ec9c9f32596 (40_32bit)
[ANALYSISLOG] 51440738865041c9615489c11bb6b9094b21a7a5920de195fc4d3ec9c9f32596 -> ../ELF_samples/benign_report/armv7/raw/51440738865041c9615489c11bb6b9094b21a7a5920de195fc4d3ec9c9f32596_2026-01-31_16-11-13_2e735a01.jsonl
[DOCKER] Selected image for libc=glibc: arm32v7/ubuntu:22.04
[CgroupManager] Added cgroup 68720 via bpftool
[EventRouter] DEBUG: EXEC #33 filename='/bin/true', triggers=['3f735744db1ba49ab6485e725f60086f65a13cdf6f22ced23fe96b723ddb7f3b', '/tmp/3f735744db1ba49ab6485e725f60086f65a13cdf6f22ced23fe96b723ddb7f3b']
[CgroupManager] Added cgroup 68806 via bpftool
[CgroupManager] Added cgroup 68978 via bpftool
[EventRouter] DEBUG: EXEC #35 filename='/bin/true', triggers=['5c12c486028a6cf1ccc9051b06d1195eb5394223c827db9ec367a1864c235987', '/tmp/5c12c486028a6cf1ccc9051b06d1195eb5394223c827db9ec367a1864c235987']
[CgroupManager] Added cgroup 68892 via bpftool
[EventRouter] DEBUG: EXEC #34 filename='/bin/true', triggers=['d25729e4bdd1227af181b5312ac75178803c3a74722356decc4cebeacd8035fd', '/tmp/d25729e4bdd1227af181b5312ac75178803c3a74722356decc4cebeacd8035fd']
[EventRouter] DEBUG: EXEC #33 filename='/bin/true', triggers=['d0436940083bbbed2c9e8922b78741ef1fae48d8744c196b4c2346b706eebebb', '/tmp/d0436940083bbbed2c9e8922b78741ef1fae48d8744c196b4c2346b706eebebb']
[EventRouter] ARM detected at event 142 for cgroup 68720
[EventRouter] Discarded 141 pre-ARM events for cgroup 68720
[DOCKER] Container exit code: 1
[DOCKER][STDOUT] BEGIN
3f735744db1ba49ab6485e725f60086f65a13cdf6f22ced23fe96b723ddb7f3b: read kernel buffer failed: Operation not permitted
[DOCKER][STDOUT] END
[DOCKER] Raw stdout saved: ../ELF_samples/benign_report/armv7/raw/3f735744db1ba49ab6485e725f60086f65a13cdf6f22ced23fe96b723ddb7f3b_2026-01-31_16-11-13_5ecca848_container_stdout.txt
[CgroupManager] Added cgroup 69064 via bpftool
[EventRouter] DEBUG: EXEC #33 filename='/bin/true', triggers=['51440738865041c9615489c11bb6b9094b21a7a5920de195fc4d3ec9c9f32596', '/tmp/51440738865041c9615489c11bb6b9094b21a7a5920de195fc4d3ec9c9f32596']
[EventRouter] ARM detected at event 126 for cgroup 68892
[EventRouter] Discarded 125 pre-ARM events for cgroup 68892
[EventRouter] ARM detected at event 128 for cgroup 68806
[EventRouter] Discarded 127 pre-ARM events for cgroup 68806
[DOCKER] Container exit code: 0
[DOCKER][STDOUT] BEGIN

Usage:

pure-quotacheck -u <user> -d <directory> [-g <group>]

-d <directory>: start from this directory
-g <group/gid>: scan the directory under this gid
-h: help
-u <user/uid>: scan the directory under this uid
[DOCKER][STDOUT] END
[DOCKER] Raw stdout saved: ../ELF_samples/benign_report/armv7/raw/d0436940083bbbed2c9e8922b78741ef1fae48d8744c196b4c2346b706eebebb_2026-01-31_16-11-13_f4abddf7_container_stdout.txt
[DOCKER] Container exit code: 1
[DOCKER][STDOUT] BEGIN
5c12c486028a6cf1ccc9051b06d1195eb5394223c827db9ec367a1864c235987: No node address given: Operation canceled
[DOCKER][STDOUT] END
[DOCKER] Raw stdout saved: ../ELF_samples/benign_report/armv7/raw/5c12c486028a6cf1ccc9051b06d1195eb5394223c827db9ec367a1864c235987_2026-01-31_16-11-13_ccd635f6_container_stdout.txt
[EventRouter] ARM detected at event 130 for cgroup 68978
[EventRouter] Discarded 129 pre-ARM events for cgroup 68978
[DOCKER] Container exit code: 0
[DOCKER][STDOUT] BEGIN
TARGET                                            SOURCE                                                                                                                  FSTYPE  OPTIONS
/                                                 overlay                                                                                                                 overlay rw,relatime,lowerdir=/var/lib/docker/overlay2/l/Z6BV4KTGUOUBUUG6OAEJQ5VX3M:/var/lib/docker/overlay2/l/GL4FBXYDAHSDWZWDKU2DYLGJFQ,upperdir=/var/lib/docker/overlay2/238a4e335c5b629a47d17cc5d7fd08d198ae2a6c4759e4b3eed54dac4922267a/diff,workdir=/var/lib/docker/overlay2/238a4e335c5b629a47d17cc5d7fd08d198ae2a6c4759e4b3eed54dac4922267a/work,nouserxattr
|-/proc                                           proc                                                                                                                    proc    rw,nosuid,nodev,noexec,relatime
| |-/proc/bus                                     proc[/bus]                                                                                                              proc    ro,nosuid,nodev,noexec,relatime
| |-/proc/fs                                      proc[/fs]                                                                                                               proc    ro,nosuid,nodev,noexec,relatime
| |-/proc/irq                                     proc[/irq]                                                                                                              proc    ro,nosuid,nodev,noexec,relatime
| |-/proc/sys                                     proc[/sys]                                                                                                              proc    ro,nosuid,nodev,noexec,relatime
| |-/proc/sysrq-trigger                           proc[/sysrq-trigger]                                                                                                    proc    ro,nosuid,nodev,noexec,relatime
| |-/proc/asound                                  tmpfs                                                                                                                   tmpfs   ro,relatime,inode64
| |-/proc/acpi                                    tmpfs                                                                                                                   tmpfs   ro,relatime,inode64
| |-/proc/interrupts                              tmpfs[/null]                                                                                                            tmpfs   rw,nosuid,size=65536k,mode=755,inode64
| |-/proc/kcore                                   tmpfs[/null]                                                                                                            tmpfs   rw,nosuid,size=65536k,mode=755,inode64
| |-/proc/keys                                    tmpfs[/null]                                                                                                            tmpfs   rw,nosuid,size=65536k,mode=755,inode64
| |-/proc/latency_stats                           tmpfs[/null]                                                                                                            tmpfs   rw,nosuid,size=65536k,mode=755,inode64
| |-/proc/timer_list                              tmpfs[/null]                                                                                                            tmpfs   rw,nosuid,size=65536k,mode=755,inode64
| `-/proc/scsi                                    tmpfs                                                                                                                   tmpfs   ro,relatime,inode64
|-/dev                                            tmpfs                                                                                                                   tmpfs   rw,nosuid,size=65536k,mode=755,inode64
| |-/dev/pts                                      devpts                                                                                                                  devpts  rw,nosuid,noexec,relatime,gid=5,mode=620,ptmxmode=666
| |-/dev/mqueue                                   mqueue                                                                                                                  mqueue  rw,nosuid,nodev,noexec,relatime
| `-/dev/shm                                      shm                                                                                                                     tmpfs   rw,nosuid,nodev,noexec,relatime,size=65536k,inode64
|-/sys                                            sysfs                                                                                                                   sysfs   ro,nosuid,nodev,noexec,relatime
| |-/sys/firmware                                 tmpfs                                                                                                                   tmpfs   ro,relatime,inode64
| |-/sys/devices/virtual/powercap                 tmpfs                                                                                                                   tmpfs   ro,relatime,inode64
| |-/sys/devices/system/cpu/cpu0/thermal_throttle tmpfs                                                                                                                   tmpfs   ro,relatime,inode64
| |-/sys/devices/system/cpu/cpu1/thermal_throttle tmpfs                                                                                                                   tmpfs   ro,relatime,inode64
| |-/sys/devices/system/cpu/cpu2/thermal_throttle tmpfs                                                                                                                   tmpfs   ro,relatime,inode64
| |-/sys/devices/system/cpu/cpu3/thermal_throttle tmpfs                                                                                                                   tmpfs   ro,relatime,inode64
| |-/sys/devices/system/cpu/cpu4/thermal_throttle tmpfs                                                                                                                   tmpfs   ro,relatime,inode64
| |-/sys/devices/system/cpu/cpu5/thermal_throttle tmpfs                                                                                                                   tmpfs   ro,relatime,inode64
| |-/sys/devices/system/cpu/cpu6/thermal_throttle tmpfs                                                                                                                   tmpfs   ro,relatime,inode64
| |-/sys/devices/system/cpu/cpu7/thermal_throttle tmpfs                                                                                                                   tmpfs   ro,relatime,inode64
| `-/sys/fs/cgroup                                cgroup                                                                                                                  cgroup2 ro,nosuid,nodev,noexec,relatime,nsdelegate,memory_recursiveprot
|-/usr/sbin/docker-init                           /dev/nvme0n1p9[/usr/bin/docker-init]                                                                                    ext4    ro,relatime
|-/etc/resolv.conf                                /dev/nvme0n1p9[/var/lib/docker/containers/e40bc63cc1124f1911e3fdafa7e001063ad76b9f6ea1897d2b419fe8a4004c98/resolv.conf] ext4    rw,relatime
|-/etc/hostname                                   /dev/nvme0n1p9[/var/lib/docker/containers/e40bc63cc1124f1911e3fdafa7e001063ad76b9f6ea1897d2b419fe8a4004c98/hostname]    ext4    rw,relatime
`-/etc/hosts                                      /dev/nvme0n1p9[/var/lib/docker/containers/e40bc63cc1124f1911e3fdafa7e001063ad76b9f6ea1897d2b419fe8a4004c98/hosts]       ext4    rw,relatime
[DOCKER][STDOUT] END
[DOCKER] Raw stdout saved: ../ELF_samples/benign_report/armv7/raw/d25729e4bdd1227af181b5312ac75178803c3a74722356decc4cebeacd8035fd_2026-01-31_16-11-13_b6a0b3a6_container_stdout.txt
[EventRouter] ARM detected at event 129 for cgroup 69064
[EventRouter] Discarded 128 pre-ARM events for cgroup 69064
[DOCKER] Container exit code: 0
[AI-Integration] Job 4637bcfe analyzed via deepseek
[AI-Integration] Job fa30c79b analyzed via deepseek
[POOL] Collected 8 events for analysis (read from log file)
[POOL] Running analyzers on 8 events for 3f735744db1ba49ab6485e725f60086f65a13cdf6f22ced23fe96b723ddb7f3b
[POOL] Analysis completed: 0 findings in 0.00s (7704 events/s)
[AI-Integration] Submitted task: 5ecca848
[AI] 5ecca848 queued for DeepSeek analysis
[CgroupManager] Removed cgroup 68720 via bpftool
[POOL] Cleanup scheduled for b422ecc6dff1
[DockerWorker-3] ✓ Completed: 3f735744db1ba49ab6485e725f60086f65a13cdf6f22ced23fe96b723ddb7f3b (8 events) (1.10s)
[DockerWorker-3] Starting: 9d33120935bcf4cfb1a98e7aae6aa04a4ac90cec88c504399e1e010a7baa9b37 (40_32bit)
[ANALYSISLOG] 9d33120935bcf4cfb1a98e7aae6aa04a4ac90cec88c504399e1e010a7baa9b37 -> ../ELF_samples/benign_report/armv7/raw/9d33120935bcf4cfb1a98e7aae6aa04a4ac90cec88c504399e1e010a7baa9b37_2026-01-31_16-11-14_4c10fcb5.jsonl
[DOCKER] Selected image for libc=glibc: arm32v7/ubuntu:22.04
[POOL] Collected 6 events for analysis (read from log file)
[POOL] Running analyzers on 6 events for d0436940083bbbed2c9e8922b78741ef1fae48d8744c196b4c2346b706eebebb
[POOL] Analysis completed: 0 findings in 0.00s (5639 events/s)
[AI-Integration] Submitted task: f4abddf7
[AI] f4abddf7 queued for DeepSeek analysis
[POOL] Collected 6 events for analysis (read from log file)
[POOL] Running analyzers on 6 events for 5c12c486028a6cf1ccc9051b06d1195eb5394223c827db9ec367a1864c235987
[POOL] Analysis completed: 0 findings in 0.00s (5792 events/s)
[AI-Integration] Submitted task: ccd635f6
[AI] ccd635f6 queued for DeepSeek analysis
[CgroupManager] Removed cgroup 68892 via bpftool
[POOL] Cleanup scheduled for e6fe424c82cc
[DockerWorker-1] ✓ Completed: d0436940083bbbed2c9e8922b78741ef1fae48d8744c196b4c2346b706eebebb (6 events) (1.14s)
[DockerWorker-1] Starting: a9f7a97731f8e2695ed33e11daec1884669962f8e9a496055f8e7f2b11bada26 (40_32bit)
[ANALYSISLOG] a9f7a97731f8e2695ed33e11daec1884669962f8e9a496055f8e7f2b11bada26 -> ../ELF_samples/benign_report/armv7/raw/a9f7a97731f8e2695ed33e11daec1884669962f8e9a496055f8e7f2b11bada26_2026-01-31_16-11-14_4380ebd3.jsonl
[DOCKER] Selected image for libc=glibc: arm32v7/ubuntu:22.04
[CgroupManager] Removed cgroup 68806 via bpftool
[POOL] Cleanup scheduled for a3d25ccd9380
[DockerWorker-0] ✓ Completed: 5c12c486028a6cf1ccc9051b06d1195eb5394223c827db9ec367a1864c235987 (6 events) (1.17s)
[DockerWorker-0] Starting: 252e44a3e70d9307a39ab957e0cd226167d45113afdf5e627c07945ab4066ff2 (40_32bit)
[ANALYSISLOG] 252e44a3e70d9307a39ab957e0cd226167d45113afdf5e627c07945ab4066ff2 -> ../ELF_samples/benign_report/armv7/raw/252e44a3e70d9307a39ab957e0cd226167d45113afdf5e627c07945ab4066ff2_2026-01-31_16-11-14_9048378b.jsonl
[DOCKER] Selected image for libc=glibc: arm32v7/ubuntu:22.04
[POOL] Collected 11 events for analysis (read from log file)
[POOL] Running analyzers on 11 events for d25729e4bdd1227af181b5312ac75178803c3a74722356decc4cebeacd8035fd
[POOL] Analysis completed: 0 findings in 0.00s (10449 events/s)
[AI-Integration] Submitted task: b6a0b3a6
[AI] b6a0b3a6 queued for DeepSeek analysis
[CgroupManager] Removed cgroup 68978 via bpftool
[POOL] Cleanup scheduled for e40bc63cc112
[DockerWorker-2] ✓ Completed: d25729e4bdd1227af181b5312ac75178803c3a74722356decc4cebeacd8035fd (11 events) (1.19s)
[DockerWorker-2] Starting: 1144e17b725c48ba5112a95a4fc5e032ab9c17d1d4289e1d053a85ef53400d39 (40_32bit)
[ANALYSISLOG] 1144e17b725c48ba5112a95a4fc5e032ab9c17d1d4289e1d053a85ef53400d39 -> ../ELF_samples/benign_report/armv7/raw/1144e17b725c48ba5112a95a4fc5e032ab9c17d1d4289e1d053a85ef53400d39_2026-01-31_16-11-14_ce9e8ba3.jsonl
[DOCKER] Selected image for libc=glibc: arm32v7/ubuntu:22.04
[POOL] Collected 5 events for analysis (read from log file)
[POOL] Running analyzers on 5 events for 51440738865041c9615489c11bb6b9094b21a7a5920de195fc4d3ec9c9f32596
[POOL] Analysis completed: 0 findings in 0.00s (2991 events/s)
[AI-Integration] Submitted task: 2e735a01
[AI] 2e735a01 queued for DeepSeek analysis
[CgroupManager] Removed cgroup 69064 via bpftool
[POOL] Cleanup scheduled for 79ee5ef354e8
[DockerWorker-5] ✓ Completed: 51440738865041c9615489c11bb6b9094b21a7a5920de195fc4d3ec9c9f32596 (5 events) (1.10s)
[DockerWorker-5] Starting: b3143a8299dacc126dcf8ea4f172d6b9530080ec5fa600e3b7c467735b148f49 (40_32bit)
[ANALYSISLOG] b3143a8299dacc126dcf8ea4f172d6b9530080ec5fa600e3b7c467735b148f49 -> ../ELF_samples/benign_report/armv7/raw/b3143a8299dacc126dcf8ea4f172d6b9530080ec5fa600e3b7c467735b148f49_2026-01-31_16-11-14_75abffb7.jsonl
[DOCKER] Selected image for libc=glibc: arm32v7/ubuntu:22.04
[CgroupManager] Added cgroup 69150 via bpftool
[EventRouter] DEBUG: EXEC #49 filename='/bin/true', triggers=['9d33120935bcf4cfb1a98e7aae6aa04a4ac90cec88c504399e1e010a7baa9b37', '/tmp/9d33120935bcf4cfb1a98e7aae6aa04a4ac90cec88c504399e1e010a7baa9b37']
[CgroupManager] Added cgroup 69236 via bpftool
[CgroupManager] Added cgroup 69322 via bpftool
[EventRouter] DEBUG: EXEC #33 filename='/bin/true', triggers=['a9f7a97731f8e2695ed33e11daec1884669962f8e9a496055f8e7f2b11bada26', '/tmp/a9f7a97731f8e2695ed33e11daec1884669962f8e9a496055f8e7f2b11bada26']
[EventRouter] DEBUG: EXEC #33 filename='/bin/true', triggers=['252e44a3e70d9307a39ab957e0cd226167d45113afdf5e627c07945ab4066ff2', '/tmp/252e44a3e70d9307a39ab957e0cd226167d45113afdf5e627c07945ab4066ff2']
[EventRouter] ARM detected at event 146 for cgroup 69150
[EventRouter] Discarded 145 pre-ARM events for cgroup 69150
[DOCKER] Container exit code: 64
[DOCKER][STDOUT] BEGIN
9d33120935bcf4cfb1a98e7aae6aa04a4ac90cec88c504399e1e010a7baa9b37: not enough arguments
Try '9d33120935bcf4cfb1a98e7aae6aa04a4ac90cec88c504399e1e010a7baa9b37 --help' for more information.
[DOCKER][STDOUT] END
[DOCKER] Raw stdout saved: ../ELF_samples/benign_report/armv7/raw/9d33120935bcf4cfb1a98e7aae6aa04a4ac90cec88c504399e1e010a7baa9b37_2026-01-31_16-11-14_4c10fcb5_container_stdout.txt
[CgroupManager] Added cgroup 69494 via bpftool
[CgroupManager] Added cgroup 69408 via bpftool
[EventRouter] DEBUG: EXEC #33 filename='/bin/true', triggers=['b3143a8299dacc126dcf8ea4f172d6b9530080ec5fa600e3b7c467735b148f49', '/tmp/b3143a8299dacc126dcf8ea4f172d6b9530080ec5fa600e3b7c467735b148f49']
[EventRouter] DEBUG: EXEC #33 filename='/bin/true', triggers=['1144e17b725c48ba5112a95a4fc5e032ab9c17d1d4289e1d053a85ef53400d39', '/tmp/1144e17b725c48ba5112a95a4fc5e032ab9c17d1d4289e1d053a85ef53400d39']
[EventRouter] ARM detected at event 126 for cgroup 69236
[EventRouter] Discarded 125 pre-ARM events for cgroup 69236
[EventRouter] ARM detected at event 131 for cgroup 69322
[EventRouter] Discarded 130 pre-ARM events for cgroup 69322
[DOCKER] Container exit code: 2
[DOCKER][STDOUT] BEGIN
a9f7a97731f8e2695ed33e11daec1884669962f8e9a496055f8e7f2b11bada26: bad usage
Try 'a9f7a97731f8e2695ed33e11daec1884669962f8e9a496055f8e7f2b11bada26 --help' for more information.
[DOCKER][STDOUT] END
[DOCKER] Raw stdout saved: ../ELF_samples/benign_report/armv7/raw/a9f7a97731f8e2695ed33e11daec1884669962f8e9a496055f8e7f2b11bada26_2026-01-31_16-11-14_4380ebd3_container_stdout.txt
[AI-Integration] Job 465e5f46 analyzed via deepseek
[DOCKER] Container exit code: 1
[EventRouter] ARM detected at event 126 for cgroup 69494
[EventRouter] Discarded 125 pre-ARM events for cgroup 69494
[DOCKER] Container exit code: 1
[DOCKER][STDOUT] BEGIN
Object "143a8299dacc126dcf8ea4f172d6b9530080ec5fa600e3b7c467735b148f49" is unknown, try "ip help".
[DOCKER][STDOUT] END
[DOCKER] Raw stdout saved: ../ELF_samples/benign_report/armv7/raw/b3143a8299dacc126dcf8ea4f172d6b9530080ec5fa600e3b7c467735b148f49_2026-01-31_16-11-14_75abffb7_container_stdout.txt
[EventRouter] ARM detected at event 129 for cgroup 69408
[EventRouter] Discarded 128 pre-ARM events for cgroup 69408
[DOCKER] Container exit code: 1
[DOCKER][STDOUT] BEGIN
Usage: /tmp/1144e17b725c48ba5112a95a4fc5e032ab9c17d1d4289e1d053a85ef53400d39 [emulation options] [-]{dmpqrstx}[abcDfilMNoPsSTuvV] [member-name] [count] archive-file file...
       /tmp/1144e17b725c48ba5112a95a4fc5e032ab9c17d1d4289e1d053a85ef53400d39 -M [<mri-script]
 commands:
  d            - delete file(s) from the archive
  m[ab]        - move file(s) in the archive
  p            - print file(s) found in the archive
  q[f]         - quick append file(s) to the archive
  r[ab][f][u]  - replace existing or insert new file(s) into the archive
  s            - act as ranlib
  t            - display contents of archive
  x[o]         - extract file(s) from the archive
 command specific modifiers:
  [a]          - put file(s) after [member-name]
  [b]          - put file(s) before [member-name] (same as [i])
  [D]          - use zero for timestamps and uids/gids
  [U]          - use actual timestamps and uids/gids (default)
  [N]          - use instance [count] of name
  [f]          - truncate inserted file names
  [P]          - use full path names when matching
  [o]          - preserve original dates
  [u]          - only replace files that are newer than current archive contents
 generic modifiers:
  [c]          - do not warn if the library had to be created
  [s]          - create an archive index (cf. ranlib)
  [S]          - do not build a symbol table
  [T]          - make a thin archive
  [v]          - be verbose
  [V]          - display the version number
  @<file>      - read options from <file>
  --target=BFDNAME - specify the target object format as BFDNAME
 emulation options: 
  No emulation specific options
/tmp/1144e17b725c48ba5112a95a4fc5e032ab9c17d1d4289e1d053a85ef53400d39: supported targets: elf32-littlearm elf32-bigarm elf32-little elf32-big srec symbolsrec verilog tekhex binary ihex
[DOCKER][STDOUT] END
[DOCKER] Raw stdout saved: ../ELF_samples/benign_report/armv7/raw/1144e17b725c48ba5112a95a4fc5e032ab9c17d1d4289e1d053a85ef53400d39_2026-01-31_16-11-14_ce9e8ba3_container_stdout.txt
[POOL] Collected 5 events for analysis (read from log file)
[POOL] Running analyzers on 5 events for 9d33120935bcf4cfb1a98e7aae6aa04a4ac90cec88c504399e1e010a7baa9b37
[POOL] Analysis completed: 0 findings in 0.00s (4666 events/s)
[AI-Integration] Job 9a190fd4 analyzed via deepseek
[AI-Integration] Submitted task: 4c10fcb5
[AI] 4c10fcb5 queued for DeepSeek analysis
[CgroupManager] Removed cgroup 69150 via bpftool
[POOL] Cleanup scheduled for ec6e79ab40b9
[DockerWorker-3] ✓ Completed: 9d33120935bcf4cfb1a98e7aae6aa04a4ac90cec88c504399e1e010a7baa9b37 (5 events) (1.13s)
[DockerWorker-3] Starting: 0d0013e41eaad9334d6541f3065723eeab2111bd4736929fd63557679728ec24.static (40_32bit)
[ANALYSISLOG] 0d0013e41eaad9334d6541f3065723eeab2111bd4736929fd63557679728ec24.static -> ../ELF_samples/benign_report/armv7/raw/0d0013e41eaad9334d6541f3065723eeab2111bd4736929fd63557679728ec24.static_2026-01-31_16-11-15_7d600e05.jsonl
[DOCKER] Selected image for libc=glibc: arm32v7/ubuntu:22.04
[POOL] Collected 6 events for analysis (read from log file)
[POOL] Running analyzers on 6 events for a9f7a97731f8e2695ed33e11daec1884669962f8e9a496055f8e7f2b11bada26
[POOL] Analysis completed: 0 findings in 0.00s (5463 events/s)
[AI-Integration] Submitted task: 4380ebd3
[AI] 4380ebd3 queued for DeepSeek analysis
[POOL] Collected 7 events for analysis (read from log file)
[POOL] Running analyzers on 7 events for 252e44a3e70d9307a39ab957e0cd226167d45113afdf5e627c07945ab4066ff2
[POOL] Analysis completed: 0 findings in 0.00s (6769 events/s)
[AI-Integration] Submitted task: 9048378b
[AI] 9048378b queued for DeepSeek analysis
[CgroupManager] Removed cgroup 69236 via bpftool
[POOL] Cleanup scheduled for 36a6e21d9b15
[DockerWorker-1] ✓ Completed: a9f7a97731f8e2695ed33e11daec1884669962f8e9a496055f8e7f2b11bada26 (6 events) (1.17s)
[DockerWorker-1] Starting: a46f904b80fac1ffc403ba63f385d85a8034ab8e58b2f1f4083324255d1d8bad (40_32bit)
[ANALYSISLOG] a46f904b80fac1ffc403ba63f385d85a8034ab8e58b2f1f4083324255d1d8bad -> ../ELF_samples/benign_report/armv7/raw/a46f904b80fac1ffc403ba63f385d85a8034ab8e58b2f1f4083324255d1d8bad_2026-01-31_16-11-15_afb7d609.jsonl
[DOCKER] Selected image for libc=glibc: arm32v7/ubuntu:22.04
[CgroupManager] Removed cgroup 69322 via bpftool
[POOL] Cleanup scheduled for fa518f0d9474
[DockerWorker-0] ✓ Completed: 252e44a3e70d9307a39ab957e0cd226167d45113afdf5e627c07945ab4066ff2 (7 events) (1.15s)
[DockerWorker-0] Starting: 559e3e7a914433566d8ebe43d76fb7efb3c00b87c85cec280503de17a780300f (40_32bit)
[ANALYSISLOG] 559e3e7a914433566d8ebe43d76fb7efb3c00b87c85cec280503de17a780300f -> ../ELF_samples/benign_report/armv7/raw/559e3e7a914433566d8ebe43d76fb7efb3c00b87c85cec280503de17a780300f_2026-01-31_16-11-15_335a6522.jsonl
[DOCKER] Selected image for libc=glibc: arm32v7/ubuntu:22.04
[POOL] Collected 7 events for analysis (read from log file)
[POOL] Running analyzers on 7 events for b3143a8299dacc126dcf8ea4f172d6b9530080ec5fa600e3b7c467735b148f49
[POOL] Analysis completed: 0 findings in 0.00s (6741 events/s)
[AI-Integration] Submitted task: 75abffb7
[AI] 75abffb7 queued for DeepSeek analysis
[CgroupManager] Removed cgroup 69494 via bpftool
[POOL] Cleanup scheduled for 5cfe778e8598
[DockerWorker-5] ✓ Completed: b3143a8299dacc126dcf8ea4f172d6b9530080ec5fa600e3b7c467735b148f49 (7 events) (1.07s)
[DockerWorker-5] Starting: 5b65bb5132907438c8ca514fcc2c6fba37c643d9c2caf2dba262111b34eb673f (40_32bit)
[ANALYSISLOG] 5b65bb5132907438c8ca514fcc2c6fba37c643d9c2caf2dba262111b34eb673f -> ../ELF_samples/benign_report/armv7/raw/5b65bb5132907438c8ca514fcc2c6fba37c643d9c2caf2dba262111b34eb673f_2026-01-31_16-11-15_dabe1971.jsonl
[DOCKER] Selected image for libc=glibc: arm32v7/ubuntu:22.04
[CgroupManager] Added cgroup 69580 via bpftool
[POOL] Collected 6 events for analysis (read from log file)
[POOL] Running analyzers on 6 events for 1144e17b725c48ba5112a95a4fc5e032ab9c17d1d4289e1d053a85ef53400d39
[POOL] Analysis completed: 0 findings in 0.00s (5826 events/s)
[AI-Integration] Submitted task: ce9e8ba3
[AI] ce9e8ba3 queued for DeepSeek analysis
[EventRouter] DEBUG: EXEC #33 filename='/bin/true', triggers=['0d0013e41eaad9334d6541f3065723eeab2111bd4736929fd63557679728ec24.static', '/tmp/0d0013e41eaad9334d6541f3065723eeab2111bd4736929fd63557679728ec24.static']
[CgroupManager] Removed cgroup 69408 via bpftool
[POOL] Cleanup scheduled for e73ad2c13189
[DockerWorker-2] ✓ Completed: 1144e17b725c48ba5112a95a4fc5e032ab9c17d1d4289e1d053a85ef53400d39 (6 events) (1.22s)
[DockerWorker-2] Starting: 5489d6bc95fcc7bf7323f4897ef4ff4a94c51b603a01773809f621b4d9a83b6d (40_32bit)
[ANALYSISLOG] 5489d6bc95fcc7bf7323f4897ef4ff4a94c51b603a01773809f621b4d9a83b6d -> ../ELF_samples/benign_report/armv7/raw/5489d6bc95fcc7bf7323f4897ef4ff4a94c51b603a01773809f621b4d9a83b6d_2026-01-31_16-11-15_5899b200.jsonl
[DOCKER] Selected image for libc=glibc: arm32v7/ubuntu:22.04
[EventRouter] ARM detected at event 129 for cgroup 69580
[EventRouter] Discarded 128 pre-ARM events for cgroup 69580
[DOCKER] Container exit code: 1
[DOCKER][STDOUT] BEGIN
/tmp/0d0013e41eaad9334d6541f3065723eeab2111bd4736929fd63557679728ec24.static: too few arguments
usage: btrfs-image [options] source target
	-r      	restore metadump image
	-c value	compression level (0 ~ 9)
	-t value	number of threads (1 ~ 32)
	-o      	don't mess with the chunk tree when restoring
	-s      	sanitize file names, use once to just use garbage, use twice if you want crc collisions
	-w      	walk all trees instead of using extent tree, do this if your extent tree is broken
	-m	   	restore for multiple devices

	In the dump mode, source is the btrfs device and target is the output file (use '-' for stdout).
	In the restore mode, source is the dumped image and target is the btrfs device/file.
[DOCKER][STDOUT] END
[DOCKER] Raw stdout saved: ../ELF_samples/benign_report/armv7/raw/0d0013e41eaad9334d6541f3065723eeab2111bd4736929fd63557679728ec24.static_2026-01-31_16-11-15_7d600e05_container_stdout.txt
[CgroupManager] Added cgroup 69752 via bpftool
[CgroupManager] Added cgroup 69666 via bpftool
[EventRouter] DEBUG: EXEC #33 filename='/bin/true', triggers=['a46f904b80fac1ffc403ba63f385d85a8034ab8e58b2f1f4083324255d1d8bad', '/tmp/a46f904b80fac1ffc403ba63f385d85a8034ab8e58b2f1f4083324255d1d8bad']
[CgroupManager] Added cgroup 69838 via bpftool
[EventRouter] DEBUG: EXEC #34 filename='/bin/true', triggers=['559e3e7a914433566d8ebe43d76fb7efb3c00b87c85cec280503de17a780300f', '/tmp/559e3e7a914433566d8ebe43d76fb7efb3c00b87c85cec280503de17a780300f']
[EventRouter] DEBUG: EXEC #33 filename='/bin/true', triggers=['5b65bb5132907438c8ca514fcc2c6fba37c643d9c2caf2dba262111b34eb673f', '/tmp/5b65bb5132907438c8ca514fcc2c6fba37c643d9c2caf2dba262111b34eb673f']
[CgroupManager] Added cgroup 69924 via bpftool
[EventRouter] DEBUG: EXEC #33 filename='/bin/true', triggers=['5489d6bc95fcc7bf7323f4897ef4ff4a94c51b603a01773809f621b4d9a83b6d', '/tmp/5489d6bc95fcc7bf7323f4897ef4ff4a94c51b603a01773809f621b4d9a83b6d']
[EventRouter] ARM detected at event 129 for cgroup 69666
[EventRouter] Discarded 128 pre-ARM events for cgroup 69666
[EventRouter] ARM detected at event 146 for cgroup 69752
[EventRouter] Discarded 145 pre-ARM events for cgroup 69752
[EventRouter] ARM detected at event 127 for cgroup 69838
[EventRouter] Discarded 126 pre-ARM events for cgroup 69838
[DOCKER] Container exit code: 1
[DOCKER][STDOUT] BEGIN
559e3e7a914433566d8ebe43d76fb7efb3c00b87c85cec280503de17a780300f: no device specified
Try '559e3e7a914433566d8ebe43d76fb7efb3c00b87c85cec280503de17a780300f --help' for more information.
[DOCKER][STDOUT] END
[DOCKER] Raw stdout saved: ../ELF_samples/benign_report/armv7/raw/559e3e7a914433566d8ebe43d76fb7efb3c00b87c85cec280503de17a780300f_2026-01-31_16-11-15_335a6522_container_stdout.txt
[DOCKER] Container exit code: 1
[DOCKER][STDOUT] BEGIN
Created directory: /var/lib/snmp
Created directory: /var/lib/snmp/cert_indexes
Created directory: /var/lib/snmp/mib_indexes
MIB search path: /root/.snmp/mibs:/usr/share/snmp/mibs
Cannot find module (SNMPv2-MIB): At line 0 in (none)
Cannot find module (IF-MIB): At line 0 in (none)
Cannot find module (IP-MIB): At line 0 in (none)
Cannot find module (TCP-MIB): At line 0 in (none)
Cannot find module (UDP-MIB): At line 0 in (none)
Cannot find module (HOST-RESOURCES-MIB): At line 0 in (none)
Cannot find module (HOST-RESOURCES-TYPES): At line 0 in (none)
Cannot find module (SNMP-VIEW-BASED-ACM-MIB): At line 0 in (none)
Cannot find module (SNMP-COMMUNITY-MIB): At line 0 in (none)
Cannot find module (SNMP-FRAMEWORK-MIB): At line 0 in (none)
Cannot find module (SNMP-MPD-MIB): At line 0 in (none)
Cannot find module (SNMP-USER-BASED-SM-MIB): At line 0 in (none)
Missing trap-oid parameter
USAGE: 5b65bb5132907438c8ca514fcc2c6fba37c643d9c2caf2dba262111b34eb673f [OPTIONS] TRAP-PARAMETERS

  Version:  5.8
  Web:      http://www.net-snmp.org/
  Email:    net-snmp-coders@lists.sourceforge.net

OPTIONS:
  -h			display this help message
  -V			display package version number
  -m MIB[:...]		load given list of MIBs (ALL loads everything)
  -M DIR[:...]		look in given list of directories for MIBs
  -D[TOKEN[,...]]	turn on debugging output for the specified TOKENs
			   (ALL gives extremely verbose debugging output)
  -d			dump all traffic
  -P MIBOPTS		Toggle various defaults controlling mib parsing:
			  u:  allow the use of underlines in MIB symbols
			  c:  disallow the use of "--" to terminate comments
			  d:  save the DESCRIPTIONs of the MIB objects
			  e:  disable errors when MIB symbols conflict
			  w:  enable warnings when MIB symbols conflict
			  W:  enable detailed warnings when MIB symbols conflict
			  R:  replace MIB symbols from latest module
  -L LOGOPTS		Toggle various defaults controlling logging:
			  e:           log to standard error
			  o:           log to standard output
			  n:           don't log at all
			  f file:      log to the specified file
			  s facility:  log to syslog (via the specified facility)

			  (variants)
			  [EON] pri:   log to standard error, output or /dev/null for level 'pri' and above
			  [EON] p1-p2: log to standard error, output or /dev/null for levels 'p1' to 'p2'
			  [FS] pri token:    log to file/syslog for level 'pri' and above
			  [FS] p1-p2 token:  log to file/syslog for levels 'p1' to 'p2'
  -c context
  -U uptime
  -x ADDRESS		use ADDRESS as AgentX address

TRAP-PARAMETERS:
  trapoid [OID TYPE VALUE] ...
[DOCKER][STDOUT] END
[DOCKER] Raw stdout saved: ../ELF_samples/benign_report/armv7/raw/5b65bb5132907438c8ca514fcc2c6fba37c643d9c2caf2dba262111b34eb673f_2026-01-31_16-11-15_dabe1971_container_stdout.txt
[EventRouter] ARM detected at event 129 for cgroup 69924
[EventRouter] Discarded 128 pre-ARM events for cgroup 69924
[DOCKER] Container exit code: 0
[DOCKER][STDOUT] BEGIN
Usage: rarp -a                               list entries in cache.
       rarp -d <hostname>                    delete entry from cache.
       rarp [<HW>] -s <hostname> <hwaddr>    add entry to cache.
       rarp -f                               add entries from /etc/ethers.
       rarp -V                               display program version.

  <HW>=Use '-H <hw>' to specify hardware address type. Default: ether
  List of possible hardware types (which support ARP):
    ash (Ash) ether (Ethernet) ax25 (AMPR AX.25) 
    netrom (AMPR NET/ROM) rose (AMPR ROSE) arcnet (ARCnet) 
    dlci (Frame Relay DLCI) fddi (Fiber Distributed Data Interface) hippi (HIPPI) 
    irda (IrLAP) x25 (generic X.25) infiniband (InfiniBand) 
    eui64 (Generic EUI-64)
[DOCKER][STDOUT] END
[DOCKER] Raw stdout saved: ../ELF_samples/benign_report/armv7/raw/5489d6bc95fcc7bf7323f4897ef4ff4a94c51b603a01773809f621b4d9a83b6d_2026-01-31_16-11-15_5899b200_container_stdout.txt
[POOL] Collected 6 events for analysis (read from log file)
[POOL] Running analyzers on 6 events for 0d0013e41eaad9334d6541f3065723eeab2111bd4736929fd63557679728ec24.static
[POOL] Analysis completed: 0 findings in 0.00s (5767 events/s)
[AI-Integration] Submitted task: 7d600e05
[AI] 7d600e05 queued for DeepSeek analysis
[CgroupManager] Removed cgroup 69580 via bpftool
[POOL] Cleanup scheduled for c4f70200504d
[DockerWorker-3] ✓ Completed: 0d0013e41eaad9334d6541f3065723eeab2111bd4736929fd63557679728ec24.static (6 events) (1.09s)
[DockerWorker-3] Starting: 89637abeb27ec5197131d2c98ca8af20d4c6a2a44a28064850e4bddff26e93f9 (40_32bit)
[ANALYSISLOG] 89637abeb27ec5197131d2c98ca8af20d4c6a2a44a28064850e4bddff26e93f9 -> ../ELF_samples/benign_report/armv7/raw/89637abeb27ec5197131d2c98ca8af20d4c6a2a44a28064850e4bddff26e93f9_2026-01-31_16-11-16_6c521562.jsonl
[DOCKER] Selected image for libc=glibc: arm32v7/ubuntu:22.04
[DOCKER] Container exit code: 0
[DOCKER][STDOUT] BEGIN
Using OpenSSL version OpenSSL 1.1.1c  28 May 2019
Using host dcaf9f1770f2 group dcaf9f1770f2
Generating RSA keys (512 bits)...
RSA 0 0 1RSA 0 1 2RSA 0 2 3RSA 0 3 4RSA 0 4 5RSA		1 0 1RSA		1 1 2RSA		1 2 3RSA		1 3 4RSA		1 4 5RSA		1 5 6RSA		1 6 7RSA		1 7 8RSA		1 8 9RSA		1 9 10RSA		1 10 11RSA		1 11 12RSA		1 12 13RSA		1 13 14RSA		1 14 15RSA		1 15 16RSA		1 16 17RSA		1 17 18RSA		1 18 19RSA		1 19 20RSA		1 20 21RSA		1 21 22RSA		1 22 23RSA		1 23 24RSA		1 24 25RSA		1 25 26RSA		1 26 27RSA						3 0 1RSA 0 0 6RSA 0 1 7RSA 0 2 8RSA 0 3 9RSA 0 4 10RSA 0 5 11RSA		1 0 28RSA		1 1 29RSA		1 2 30RSA		1 3 31RSA		1 4 32RSA		1 5 33RSA		1 6 34RSA		1 7 35RSA		1 8 36RSA		1 9 37RSA		1 10 38RSA		1 11 39RSA		1 12 40RSA		1 13 41RSA		1 14 42RSA		1 15 43RSA		1 16 44RSA		1 17 45RSA		1 18 46RSA		1 19 47RSA		1 20 48RSA		1 21 49RSA		1 22 50RSA		1 23 51RSA		1 24 52RSA		1 25 53RSA		1 26 54RSA						3 1 2
Generating new host file and link
ntpkey_host_dcaf9f1770f2->ntpkey_RSAhost_dcaf9f1770f2.3978835876
Using host key as sign key
Generating new certificate dcaf9f1770f2 RSA-MD5
X509v3 Basic Constraints: critical,CA:TRUE
X509v3 Key Usage: digitalSignature,keyCertSign
Generating new cert file and link
ntpkey_cert_dcaf9f1770f2->ntpkey_RSA-MD5cert_dcaf9f1770f2.3978835876
[DOCKER][STDOUT] END
[DOCKER] Raw stdout saved: ../ELF_samples/benign_report/armv7/raw/a46f904b80fac1ffc403ba63f385d85a8034ab8e58b2f1f4083324255d1d8bad_2026-01-31_16-11-15_afb7d609_container_stdout.txt
[POOL] Collected 5 events for analysis (read from log file)
[POOL] Running analyzers on 5 events for 559e3e7a914433566d8ebe43d76fb7efb3c00b87c85cec280503de17a780300f
[POOL] Analysis completed: 0 findings in 0.00s (4713 events/s)
[AI-Integration] Submitted task: 335a6522
[AI] 335a6522 queued for DeepSeek analysis
[CgroupManager] Removed cgroup 69752 via bpftool
[POOL] Cleanup scheduled for 01d448aed31c
[DockerWorker-0] ✓ Completed: 559e3e7a914433566d8ebe43d76fb7efb3c00b87c85cec280503de17a780300f (5 events) (1.12s)
[DockerWorker-0] Starting: a2de22ff656e27ccd6f9fdac098d3680cb9b0aef316bfc7f11ab08775098086f (40_32bit)
[ANALYSISLOG] a2de22ff656e27ccd6f9fdac098d3680cb9b0aef316bfc7f11ab08775098086f -> ../ELF_samples/benign_report/armv7/raw/a2de22ff656e27ccd6f9fdac098d3680cb9b0aef316bfc7f11ab08775098086f_2026-01-31_16-11-16_fdbcbfb8.jsonl
[DOCKER] Selected image for libc=glibc: arm32v7/ubuntu:22.04
[POOL] Collected 7 events for analysis (read from log file)
[POOL] Running analyzers on 7 events for 5b65bb5132907438c8ca514fcc2c6fba37c643d9c2caf2dba262111b34eb673f
[POOL] Analysis completed: 0 findings in 0.00s (6756 events/s)
[AI-Integration] Submitted task: dabe1971
[AI] dabe1971 queued for DeepSeek analysis
[CgroupManager] Removed cgroup 69838 via bpftool
[POOL] Cleanup scheduled for ced53d5d2915
[DockerWorker-5] ✓ Completed: 5b65bb5132907438c8ca514fcc2c6fba37c643d9c2caf2dba262111b34eb673f (7 events) (1.10s)
[DockerWorker-5] Starting: 0510ff95200cde4e5dd3c5faa4db1d4bd17eda311665c26ffd293c0ceb7da6c2 (40_32bit)
[ANALYSISLOG] 0510ff95200cde4e5dd3c5faa4db1d4bd17eda311665c26ffd293c0ceb7da6c2 -> ../ELF_samples/benign_report/armv7/raw/0510ff95200cde4e5dd3c5faa4db1d4bd17eda311665c26ffd293c0ceb7da6c2_2026-01-31_16-11-16_59188263.jsonl
[DOCKER] Selected image for libc=glibc: arm32v7/ubuntu:22.04
[CgroupManager] Added cgroup 70010 via bpftool
[POOL] Collected 5 events for analysis (read from log file)
[POOL] Running analyzers on 5 events for 5489d6bc95fcc7bf7323f4897ef4ff4a94c51b603a01773809f621b4d9a83b6d
[POOL] Analysis completed: 0 findings in 0.00s (4822 events/s)
[AI-Integration] Submitted task: 5899b200
[AI] 5899b200 queued for DeepSeek analysis
[EventRouter] DEBUG: EXEC #33 filename='/bin/true', triggers=['89637abeb27ec5197131d2c98ca8af20d4c6a2a44a28064850e4bddff26e93f9', '/tmp/89637abeb27ec5197131d2c98ca8af20d4c6a2a44a28064850e4bddff26e93f9']
[CgroupManager] Removed cgroup 69924 via bpftool
[POOL] Cleanup scheduled for 67d6679f22a1
[DockerWorker-2] ✓ Completed: 5489d6bc95fcc7bf7323f4897ef4ff4a94c51b603a01773809f621b4d9a83b6d (5 events) (1.11s)
[DockerWorker-2] Starting: ffa83c0e65fedae9cb2ee13e6551fea20192a1b560d6b3615e2f378dd8a01167 (40_32bit)
[ANALYSISLOG] ffa83c0e65fedae9cb2ee13e6551fea20192a1b560d6b3615e2f378dd8a01167 -> ../ELF_samples/benign_report/armv7/raw/ffa83c0e65fedae9cb2ee13e6551fea20192a1b560d6b3615e2f378dd8a01167_2026-01-31_16-11-16_0ec4de7c.jsonl
[DOCKER] Selected image for libc=glibc: arm32v7/ubuntu:22.04
[POOL] Collected 23 events for analysis (read from log file)
[POOL] Running analyzers on 23 events for a46f904b80fac1ffc403ba63f385d85a8034ab8e58b2f1f4083324255d1d8bad
[POOL] Analysis completed: 0 findings in 0.00s (21686 events/s)
[AI-Integration] Submitted task: afb7d609
[AI] afb7d609 queued for DeepSeek analysis
[CgroupManager] Removed cgroup 69666 via bpftool
[POOL] Cleanup scheduled for dcaf9f1770f2
[DockerWorker-1] ✓ Completed: a46f904b80fac1ffc403ba63f385d85a8034ab8e58b2f1f4083324255d1d8bad (23 events) (1.41s)
[DockerWorker-1] Starting: da5492c700795a58febb8b24261ed2731bfe00b92b4daff826713751641dd2a4 (40_32bit)
[ANALYSISLOG] da5492c700795a58febb8b24261ed2731bfe00b92b4daff826713751641dd2a4 -> ../ELF_samples/benign_report/armv7/raw/da5492c700795a58febb8b24261ed2731bfe00b92b4daff826713751641dd2a4_2026-01-31_16-11-17_3631863c.jsonl
[DOCKER] Selected image for libc=glibc: arm32v7/ubuntu:22.04
[CgroupManager] Added cgroup 70182 via bpftool
[EventRouter] ARM detected at event 132 for cgroup 70010
[EventRouter] Discarded 131 pre-ARM events for cgroup 70010
[CgroupManager] Added cgroup 70096 via bpftool
[DOCKER] Container exit code: 0
[DOCKER][STDOUT] BEGIN
RESOURCE DESCRIPTION                                              LIMIT USED  USE%
MSGMNI   Number of message queues                                 32000    0 0.00%
MSGMAX   Max size of message (bytes)                               8192    -     -
MSGMNB   Default max size of queue (bytes)                        16384    -     -
SHMMNI   Shared memory segments                                    4096    0 0.00%
SHMALL   Shared memory pages                       18446744073692774399    0 0.00%
SHMMAX   Max size of shared memory segment (bytes) 18446744073692774399    -     -
SHMMIN   Min size of shared memory segment (bytes)                    1    -     -
SEMMNI   Number of semaphore identifiers                          32000    0 0.00%
SEMMNS   Total number of semaphores                          1024000000    0 0.00%
SEMMSL   Max semaphores per semaphore set.                        32000    -     -
SEMOPM   Max number of operations per semop(2)                      500    -     -
SEMVMX   Semaphore max value                                      32767    -     -
[DOCKER][STDOUT] END
[DOCKER] Raw stdout saved: ../ELF_samples/benign_report/armv7/raw/89637abeb27ec5197131d2c98ca8af20d4c6a2a44a28064850e4bddff26e93f9_2026-01-31_16-11-16_6c521562_container_stdout.txt
[EventRouter] DEBUG: EXEC #33 filename='/bin/true', triggers=['0510ff95200cde4e5dd3c5faa4db1d4bd17eda311665c26ffd293c0ceb7da6c2', '/tmp/0510ff95200cde4e5dd3c5faa4db1d4bd17eda311665c26ffd293c0ceb7da6c2']
[EventRouter] DEBUG: EXEC #49 filename='/bin/true', triggers=['a2de22ff656e27ccd6f9fdac098d3680cb9b0aef316bfc7f11ab08775098086f', '/tmp/a2de22ff656e27ccd6f9fdac098d3680cb9b0aef316bfc7f11ab08775098086f']
[CgroupManager] Added cgroup 70268 via bpftool
[EventRouter] DEBUG: EXEC #34 filename='/bin/true', triggers=['ffa83c0e65fedae9cb2ee13e6551fea20192a1b560d6b3615e2f378dd8a01167', '/tmp/ffa83c0e65fedae9cb2ee13e6551fea20192a1b560d6b3615e2f378dd8a01167']
[EventRouter] ARM detected at event 130 for cgroup 70182
[EventRouter] Discarded 129 pre-ARM events for cgroup 70182
[CgroupManager] Added cgroup 70354 via bpftool
[EventRouter] ARM detected at event 145 for cgroup 70096
[EventRouter] Discarded 144 pre-ARM events for cgroup 70096
[DOCKER] Container exit code: 0
[DOCKER][STDOUT] BEGIN
Sorry, but I need -r <program to run>

-B	--daemonize	
-g	--gid	<opt>
-h	--help	
-p	--pidfile	<opt>
-r	--run	<opt>
-u	--uid	<opt>
[DOCKER][STDOUT] END
[DOCKER] Raw stdout saved: ../ELF_samples/benign_report/armv7/raw/a2de22ff656e27ccd6f9fdac098d3680cb9b0aef316bfc7f11ab08775098086f_2026-01-31_16-11-16_fdbcbfb8_container_stdout.txt
[EventRouter] DEBUG: EXEC #33 filename='/bin/true', triggers=['da5492c700795a58febb8b24261ed2731bfe00b92b4daff826713751641dd2a4', '/tmp/da5492c700795a58febb8b24261ed2731bfe00b92b4daff826713751641dd2a4']
[EventRouter] ARM detected at event 127 for cgroup 70268
[EventRouter] Discarded 126 pre-ARM events for cgroup 70268
[DOCKER] Container exit code: 1
[DOCKER][STDOUT] BEGIN

Flash Copy - Written by Abraham van der Merwe <abraham@2d3d.co.za>

usage: flashcp [ -v | --verbose ] <filename> <device>
       flashcp -h | --help
       flashcp -V | --version

   -h | --help      Show this help message
   -v | --verbose   Show progress reports
   -V | --version   Show version information and exit
   <filename>       File which you want to copy to flash
   <device>         Flash device to write to (e.g. /dev/mtd0, /dev/mtd1, etc.)
[DOCKER][STDOUT] END
[DOCKER] Raw stdout saved: ../ELF_samples/benign_report/armv7/raw/ffa83c0e65fedae9cb2ee13e6551fea20192a1b560d6b3615e2f378dd8a01167_2026-01-31_16-11-16_0ec4de7c_container_stdout.txt
[POOL] Collected 18 events for analysis (read from log file)
[POOL] Running analyzers on 18 events for 89637abeb27ec5197131d2c98ca8af20d4c6a2a44a28064850e4bddff26e93f9
[POOL] Analysis completed: 0 findings in 0.00s (16273 events/s)
[AI-Integration] Submitted task: 6c521562
[AI] 6c521562 queued for DeepSeek analysis
[EventRouter] ARM detected at event 129 for cgroup 70354
[EventRouter] Discarded 128 pre-ARM events for cgroup 70354
[DOCKER] Container exit code: 100
[DOCKER][STDOUT] BEGIN
s6-dnsname: usage: s6-dnsname [ -4 | -6 ] [ -r ] [ -t timeout ] ip
[DOCKER][STDOUT] END
[DOCKER] Raw stdout saved: ../ELF_samples/benign_report/armv7/raw/da5492c700795a58febb8b24261ed2731bfe00b92b4daff826713751641dd2a4_2026-01-31_16-11-17_3631863c_container_stdout.txt
[CgroupManager] Removed cgroup 70010 via bpftool
[POOL] Cleanup scheduled for 1434aedc6b8f
[DockerWorker-3] ✓ Completed: 89637abeb27ec5197131d2c98ca8af20d4c6a2a44a28064850e4bddff26e93f9 (18 events) (1.13s)
[DockerWorker-3] Starting: 53dc49d9f47a6ce946a40eb1d2597f56fe5ab1ca07d4e30de2104d69385bec91 (40_32bit)
[ANALYSISLOG] 53dc49d9f47a6ce946a40eb1d2597f56fe5ab1ca07d4e30de2104d69385bec91 -> ../ELF_samples/benign_report/armv7/raw/53dc49d9f47a6ce946a40eb1d2597f56fe5ab1ca07d4e30de2104d69385bec91_2026-01-31_16-11-17_2d12a197.jsonl
[DOCKER] Selected image for libc=glibc: arm32v7/ubuntu:22.04
[POOL] Collected 5 events for analysis (read from log file)
[POOL] Running analyzers on 5 events for a2de22ff656e27ccd6f9fdac098d3680cb9b0aef316bfc7f11ab08775098086f
[POOL] Analysis completed: 0 findings in 0.00s (4631 events/s)
[AI-Integration] Submitted task: fdbcbfb8
[AI] fdbcbfb8 queued for DeepSeek analysis
[CgroupManager] Removed cgroup 70096 via bpftool
[POOL] Cleanup scheduled for 973a8f93a211
[DockerWorker-0] ✓ Completed: a2de22ff656e27ccd6f9fdac098d3680cb9b0aef316bfc7f11ab08775098086f (5 events) (1.13s)
[DockerWorker-0] Starting: c8fdf3cb0913eae2261b17f610fdc7164d3b9a22d8553325156fb0b0edb42b96 (40_32bit)
[ANALYSISLOG] c8fdf3cb0913eae2261b17f610fdc7164d3b9a22d8553325156fb0b0edb42b96 -> ../ELF_samples/benign_report/armv7/raw/c8fdf3cb0913eae2261b17f610fdc7164d3b9a22d8553325156fb0b0edb42b96_2026-01-31_16-11-17_f7ee9654.jsonl
[DOCKER] Selected image for libc=glibc: arm32v7/ubuntu:22.04
[POOL] Collected 6 events for analysis (read from log file)
[POOL] Running analyzers on 6 events for ffa83c0e65fedae9cb2ee13e6551fea20192a1b560d6b3615e2f378dd8a01167
[POOL] Analysis completed: 0 findings in 0.00s (5791 events/s)
[AI-Integration] Submitted task: 0ec4de7c
[AI] 0ec4de7c queued for DeepSeek analysis
[CgroupManager] Removed cgroup 70268 via bpftool
[POOL] Cleanup scheduled for 126104088bda
[DockerWorker-2] ✓ Completed: ffa83c0e65fedae9cb2ee13e6551fea20192a1b560d6b3615e2f378dd8a01167 (6 events) (1.06s)
[DockerWorker-2] Starting: 29f76a90b1d4cdfeea8f46a12307ef47f4448563248c21efe8d3a6dfd47fd3be (40_32bit)
[ANALYSISLOG] 29f76a90b1d4cdfeea8f46a12307ef47f4448563248c21efe8d3a6dfd47fd3be -> ../ELF_samples/benign_report/armv7/raw/29f76a90b1d4cdfeea8f46a12307ef47f4448563248c21efe8d3a6dfd47fd3be_2026-01-31_16-11-17_bbac5875.jsonl
[DOCKER] Selected image for libc=glibc: arm32v7/ubuntu:22.04
[CgroupManager] Added cgroup 70440 via bpftool
[EventRouter] DEBUG: EXEC #34 filename='/bin/true', triggers=['53dc49d9f47a6ce946a40eb1d2597f56fe5ab1ca07d4e30de2104d69385bec91', '/tmp/53dc49d9f47a6ce946a40eb1d2597f56fe5ab1ca07d4e30de2104d69385bec91']
[POOL] Collected 5 events for analysis (read from log file)
[POOL] Running analyzers on 5 events for da5492c700795a58febb8b24261ed2731bfe00b92b4daff826713751641dd2a4
[POOL] Analysis completed: 0 findings in 0.00s (4850 events/s)
[AI-Integration] Submitted task: 3631863c
[AI] 3631863c queued for DeepSeek analysis
[CgroupManager] Removed cgroup 70354 via bpftool
[POOL] Cleanup scheduled for 8986fc35c7eb
[DockerWorker-1] ✓ Completed: da5492c700795a58febb8b24261ed2731bfe00b92b4daff826713751641dd2a4 (5 events) (1.10s)
[DockerWorker-1] Starting: 0bec8270f8a2ef8099e0ae2b90a2fce9bb15f32fd90e3982aa9bf72ad3484ae4 (40_32bit)
[ANALYSISLOG] 0bec8270f8a2ef8099e0ae2b90a2fce9bb15f32fd90e3982aa9bf72ad3484ae4 -> ../ELF_samples/benign_report/armv7/raw/0bec8270f8a2ef8099e0ae2b90a2fce9bb15f32fd90e3982aa9bf72ad3484ae4_2026-01-31_16-11-18_b96d4d2b.jsonl
[DOCKER] Selected image for libc=glibc: arm32v7/ubuntu:22.04
[EventRouter] ARM detected at event 130 for cgroup 70440
[EventRouter] Discarded 129 pre-ARM events for cgroup 70440
[CgroupManager] Added cgroup 70526 via bpftool
[DOCKER] Container exit code: 0
[EventRouter] DEBUG: EXEC #33 filename='/bin/true', triggers=['c8fdf3cb0913eae2261b17f610fdc7164d3b9a22d8553325156fb0b0edb42b96', '/tmp/c8fdf3cb0913eae2261b17f610fdc7164d3b9a22d8553325156fb0b0edb42b96']
[CgroupManager] Added cgroup 70612 via bpftool
[EventRouter] DEBUG: EXEC #33 filename='/bin/true', triggers=['29f76a90b1d4cdfeea8f46a12307ef47f4448563248c21efe8d3a6dfd47fd3be', '/tmp/29f76a90b1d4cdfeea8f46a12307ef47f4448563248c21efe8d3a6dfd47fd3be']
[DOCKER] Container exit code: 4
[DOCKER][STDOUT] BEGIN
)07[?1000h[?1002h[?1005l[?1015l[?1006h[warn] Epoll ADD(1) on fd 0 failed. Old events were 0; read change was 1 (add); write change was 0 (none); close change was 0 (none): Operation not permitted

ERROR: event_add failed: Operation not permitted at select.c:361, handle 0
[DOCKER][STDOUT] END
[DOCKER] Raw stdout saved: ../ELF_samples/benign_report/armv7/raw/0510ff95200cde4e5dd3c5faa4db1d4bd17eda311665c26ffd293c0ceb7da6c2_2026-01-31_16-11-16_59188263_container_stdout.txt
[EventRouter] ARM detected at event 126 for cgroup 70526
[EventRouter] Discarded 125 pre-ARM events for cgroup 70526
[DOCKER] Container exit code: 1
[DOCKER][STDOUT] BEGIN
c8fdf3cb0913eae2261b17f610fdc7164d3b9a22d8553325156fb0b0edb42b96: eth1: No such device
[DOCKER][STDOUT] END
[DOCKER] Raw stdout saved: ../ELF_samples/benign_report/armv7/raw/c8fdf3cb0913eae2261b17f610fdc7164d3b9a22d8553325156fb0b0edb42b96_2026-01-31_16-11-17_f7ee9654_container_stdout.txt
[CgroupManager] Added cgroup 70698 via bpftool
[EventRouter] DEBUG: EXEC #50 filename='/bin/true', triggers=['0bec8270f8a2ef8099e0ae2b90a2fce9bb15f32fd90e3982aa9bf72ad3484ae4', '/tmp/0bec8270f8a2ef8099e0ae2b90a2fce9bb15f32fd90e3982aa9bf72ad3484ae4']
[EventRouter] ARM detected at event 129 for cgroup 70612
[EventRouter] Discarded 128 pre-ARM events for cgroup 70612
[DOCKER] Container exit code: 0
[POOL] Collected 5 events for analysis (read from log file)
[POOL] Running analyzers on 5 events for 53dc49d9f47a6ce946a40eb1d2597f56fe5ab1ca07d4e30de2104d69385bec91
[POOL] Analysis completed: 0 findings in 0.00s (4860 events/s)
[AI-Integration] Submitted task: 2d12a197
[AI] 2d12a197 queued for DeepSeek analysis
[EventRouter] ARM detected at event 148 for cgroup 70698
[EventRouter] Discarded 147 pre-ARM events for cgroup 70698
[DOCKER] Container exit code: 1
[DOCKER][STDOUT] BEGIN
Usage: mtrace [-lMnpsv] [-g gateway] [-i if_addr] [-m max_hops] [-q nqueries]
              [-r host] [-S stat_int] [-t ttl] [-w waittime] source [receiver]
              [group]
[DOCKER][STDOUT] END
[DOCKER] Raw stdout saved: ../ELF_samples/benign_report/armv7/raw/0bec8270f8a2ef8099e0ae2b90a2fce9bb15f32fd90e3982aa9bf72ad3484ae4_2026-01-31_16-11-18_b96d4d2b_container_stdout.txt
[CgroupManager] Removed cgroup 70440 via bpftool
[POOL] Cleanup scheduled for a0d5c0456ebb
[DockerWorker-3] ✓ Completed: 53dc49d9f47a6ce946a40eb1d2597f56fe5ab1ca07d4e30de2104d69385bec91 (5 events) (1.10s)
[DockerWorker-3] Starting: 620b4ab663dec966fa48101609bcf2a5a2777e1eaf7504efba29e9abf0dcd490 (40_32bit)
[ANALYSISLOG] 620b4ab663dec966fa48101609bcf2a5a2777e1eaf7504efba29e9abf0dcd490 -> ../ELF_samples/benign_report/armv7/raw/620b4ab663dec966fa48101609bcf2a5a2777e1eaf7504efba29e9abf0dcd490_2026-01-31_16-11-18_04adff60.jsonl
[DOCKER] Selected image for libc=glibc: arm32v7/ubuntu:22.04
[POOL] Collected 18 events for analysis (read from log file)
[POOL] Running analyzers on 18 events for 0510ff95200cde4e5dd3c5faa4db1d4bd17eda311665c26ffd293c0ceb7da6c2
[POOL] Analysis completed: 0 findings in 0.00s (16475 events/s)
[AI-Integration] Submitted task: 59188263
[AI] 59188263 queued for DeepSeek analysis
[CgroupManager] Removed cgroup 70182 via bpftool
[POOL] Cleanup scheduled for 76a55f3a93f0
[DockerWorker-5] ✓ Completed: 0510ff95200cde4e5dd3c5faa4db1d4bd17eda311665c26ffd293c0ceb7da6c2 (18 events) (2.10s)
[DockerWorker-5] Starting: ed2a09b48fcacedc25a85da3dab0efc391c4c6bf7103bdae4824704eb1da4b0a (40_32bit)
[ANALYSISLOG] ed2a09b48fcacedc25a85da3dab0efc391c4c6bf7103bdae4824704eb1da4b0a -> ../ELF_samples/benign_report/armv7/raw/ed2a09b48fcacedc25a85da3dab0efc391c4c6bf7103bdae4824704eb1da4b0a_2026-01-31_16-11-18_fc2f73b7.jsonl
[DOCKER] Selected image for libc=glibc: arm32v7/ubuntu:22.04
[POOL] Collected 7 events for analysis (read from log file)
[POOL] Running analyzers on 7 events for c8fdf3cb0913eae2261b17f610fdc7164d3b9a22d8553325156fb0b0edb42b96
[POOL] Analysis completed: 0 findings in 0.00s (6394 events/s)
[AI-Integration] Submitted task: f7ee9654
[AI] f7ee9654 queued for DeepSeek analysis
[CgroupManager] Removed cgroup 70526 via bpftool
[POOL] Cleanup scheduled for b88e948b4267
[DockerWorker-0] ✓ Completed: c8fdf3cb0913eae2261b17f610fdc7164d3b9a22d8553325156fb0b0edb42b96 (7 events) (1.08s)
[DockerWorker-0] Starting: c965cab78c6e49c031857dee4ef8e7432ab47ea8a071bd73b674d1e3fd91cce4 (40_32bit)
[ANALYSISLOG] c965cab78c6e49c031857dee4ef8e7432ab47ea8a071bd73b674d1e3fd91cce4 -> ../ELF_samples/benign_report/armv7/raw/c965cab78c6e49c031857dee4ef8e7432ab47ea8a071bd73b674d1e3fd91cce4_2026-01-31_16-11-18_4c4c27d1.jsonl
[DOCKER] Selected image for libc=glibc: arm32v7/ubuntu:22.04
[POOL] Collected 5 events for analysis (read from log file)
[POOL] Running analyzers on 5 events for 29f76a90b1d4cdfeea8f46a12307ef47f4448563248c21efe8d3a6dfd47fd3be
[POOL] Analysis completed: 0 findings in 0.00s (4849 events/s)
[AI-Integration] Submitted task: bbac5875
[AI] bbac5875 queued for DeepSeek analysis
[CgroupManager] Removed cgroup 70612 via bpftool
[POOL] Cleanup scheduled for 1fa1a4e311a1
[DockerWorker-2] ✓ Completed: 29f76a90b1d4cdfeea8f46a12307ef47f4448563248c21efe8d3a6dfd47fd3be (5 events) (1.07s)
[DockerWorker-2] Starting: 7ac9c81d32b7e9985b420e61c8f56b2e70c5b6d06a7473892022b57bf2f581b1 (40_32bit)
[ANALYSISLOG] 7ac9c81d32b7e9985b420e61c8f56b2e70c5b6d06a7473892022b57bf2f581b1 -> ../ELF_samples/benign_report/armv7/raw/7ac9c81d32b7e9985b420e61c8f56b2e70c5b6d06a7473892022b57bf2f581b1_2026-01-31_16-11-19_ddedfc9b.jsonl
[DOCKER] Selected image for libc=glibc: arm32v7/ubuntu:22.04
[CgroupManager] Added cgroup 70784 via bpftool
[EventRouter] DEBUG: EXEC #36 filename='/bin/true', triggers=['620b4ab663dec966fa48101609bcf2a5a2777e1eaf7504efba29e9abf0dcd490', '/tmp/620b4ab663dec966fa48101609bcf2a5a2777e1eaf7504efba29e9abf0dcd490']
[CgroupManager] Added cgroup 70870 via bpftool
[EventRouter] DEBUG: EXEC #33 filename='/bin/true', triggers=['ed2a09b48fcacedc25a85da3dab0efc391c4c6bf7103bdae4824704eb1da4b0a', '/tmp/ed2a09b48fcacedc25a85da3dab0efc391c4c6bf7103bdae4824704eb1da4b0a']
[POOL] Collected 8 events for analysis (read from log file)
[POOL] Running analyzers on 8 events for 0bec8270f8a2ef8099e0ae2b90a2fce9bb15f32fd90e3982aa9bf72ad3484ae4
[POOL] Analysis completed: 1 findings in 0.00s (7526 events/s)
[AI-Integration] Submitted task: b96d4d2b
[AI] b96d4d2b queued for DeepSeek analysis
[CgroupManager] Removed cgroup 70698 via bpftool
[POOL] Cleanup scheduled for 9ff2102274bb
[DockerWorker-1] ✓ Completed: 0bec8270f8a2ef8099e0ae2b90a2fce9bb15f32fd90e3982aa9bf72ad3484ae4 (8 events) (1.10s)
[DockerWorker-1] Starting: 68b4f1b9a5f040a78d195d7ac63fe0dd2ba12579d34cb14eb825e910be8e7f4d (40_32bit)
[ANALYSISLOG] 68b4f1b9a5f040a78d195d7ac63fe0dd2ba12579d34cb14eb825e910be8e7f4d -> ../ELF_samples/benign_report/armv7/raw/68b4f1b9a5f040a78d195d7ac63fe0dd2ba12579d34cb14eb825e910be8e7f4d_2026-01-31_16-11-19_d519baa3.jsonl
[DOCKER] Selected image for libc=glibc: arm32v7/ubuntu:22.04
[EventRouter] ARM detected at event 132 for cgroup 70784
[EventRouter] Discarded 131 pre-ARM events for cgroup 70784
[CgroupManager] Added cgroup 70956 via bpftool
[DOCKER] Container exit code: 1
[DOCKER][STDOUT] BEGIN
Must specify input and output filename

Usage: text2pcap [options] <infile> <outfile>

where  <infile> specifies input  filename (use - for standard input)
      <outfile> specifies output filename (use - for standard output)

Input:
  -o hex|oct|dec         parse offsets as (h)ex, (o)ctal or (d)ecimal;
                         default is hex.
  -t <timefmt>           treat the text before the packet as a date/time code;
                         the specified argument is a format string of the sort
                         supported by strptime.
                         Example: The time "10:15:14.5476" has the format code
                         "%H:%M:%S."
                         NOTE: The subsecond component delimiter, '.', must be
                         given, but no pattern is required; the remaining
                         number is assumed to be fractions of a second.
                         NOTE: Date/time fields from the current date/time are
                         used as the default for unspecified fields.
  -D                     the text before the packet starts with an I or an O,
                         indicating that the packet is inbound or outbound.
                         This is only stored if the output format is pcapng.
  -a                     enable ASCII text dump identification.
                         The start of the ASCII text dump can be identified
                         and excluded from the packet data, even if it looks
                         like a HEX dump.
                         NOTE: Do not enable it if the input file does not
                         contain the ASCII text dump.

Output:
  -l <typenum>           link-layer type number; default is 1 (Ethernet).  See
                         http://www.tcpdump.org/linktypes.html for a list of
                         numbers.  Use this option if your dump is a complete
                         hex dump of an encapsulated packet and you wish to
                         specify the exact type of encapsulation.
                         Example: -l 7 for ARCNet packets.
  -m <max-packet>        max packet length in output; default is 262144

Prepend dummy header:
  -e <l3pid>             prepend dummy Ethernet II header with specified L3PID
                         (in HEX).
                         Example: -e 0x806 to specify an ARP packet.
  -i <proto>             prepend dummy IP header with specified IP protocol
                         (in DECIMAL).
                         Automatically prepends Ethernet header as well.
                         Example: -i 46
  -4 <srcip>,<destip>    prepend dummy IPv4 header with specified
                         dest and source address.
                         Example: -4 10.0.0.1,10.0.0.2
  -6 <srcip>,<destip>    replace IPv6 header with specified
                         dest and source address.
                         Example: -6 fe80:0:0:0:202:b3ff:fe1e:8329,2001:0db8:85a3:0000:0000:8a2e:0370:7334
  -u <srcp>,<destp>      prepend dummy UDP header with specified
                         source and destination ports (in DECIMAL).
                         Automatically prepends Ethernet & IP headers as well.
                         Example: -u 1000,69 to make the packets look like
                         TFTP/UDP packets.
  -T <srcp>,<destp>      prepend dummy TCP header with specified
                         source and destination ports (in DECIMAL).
                         Automatically prepends Ethernet & IP headers as well.
                         Example: -T 50,60
  -s <srcp>,<dstp>,<tag> prepend dummy SCTP header with specified
                         source/dest ports and verification tag (in DECIMAL).
                         Automatically prepends Ethernet & IP headers as well.
                         Example: -s 30,40,34
  -S <srcp>,<dstp>,<ppi> prepend dummy SCTP header with specified
                         source/dest ports and verification tag 0.
                         Automatically prepends a dummy SCTP DATA
                         chunk header with payload protocol identifier ppi.
                         Example: -S 30,40,34

Miscellaneous:
  -h                     display this help and exit.
  -d                     show detailed debug of parser states.
  -q                     generate no output at all (automatically disables -d).
  -n                     use pcapng instead of pcap as output format.
[DOCKER][STDOUT] END
[DOCKER] Raw stdout saved: ../ELF_samples/benign_report/armv7/raw/620b4ab663dec966fa48101609bcf2a5a2777e1eaf7504efba29e9abf0dcd490_2026-01-31_16-11-18_04adff60_container_stdout.txt
[EventRouter] DEBUG: EXEC #33 filename='/bin/true', triggers=['c965cab78c6e49c031857dee4ef8e7432ab47ea8a071bd73b674d1e3fd91cce4', '/tmp/c965cab78c6e49c031857dee4ef8e7432ab47ea8a071bd73b674d1e3fd91cce4']
[CgroupManager] Added cgroup 71042 via bpftool
[EventRouter] DEBUG: EXEC #34 filename='/bin/true', triggers=['7ac9c81d32b7e9985b420e61c8f56b2e70c5b6d06a7473892022b57bf2f581b1', '/tmp/7ac9c81d32b7e9985b420e61c8f56b2e70c5b6d06a7473892022b57bf2f581b1']
[EventRouter] ARM detected at event 129 for cgroup 70870
[EventRouter] Discarded 128 pre-ARM events for cgroup 70870
[DOCKER] Container exit code: 134
[DOCKER][STDOUT] BEGIN
whoami: canonical hostname is invalid.

Leafnode must have a fully-qualified domain name,
not just "40231f1cd2be".
Edit your /etc/hosts file to add a fully qualified domain name.



Leafnode must have a fully-qualified domain name,
not just "40231f1cd2be".
Edit your /etc/hosts file to add a fully qualified domain name.

qemu: uncaught target signal 6 (Aborted) - core dumped
Aborted (core dumped)
[DOCKER][STDOUT] END
[DOCKER] Raw stdout saved: ../ELF_samples/benign_report/armv7/raw/ed2a09b48fcacedc25a85da3dab0efc391c4c6bf7103bdae4824704eb1da4b0a_2026-01-31_16-11-18_fc2f73b7_container_stdout.txt
[EventRouter] ARM detected at event 127 for cgroup 70956
[EventRouter] Discarded 126 pre-ARM events for cgroup 70956
[CgroupManager] Added cgroup 71128 via bpftool
[EventRouter] ARM detected at event 127 for cgroup 71042
[EventRouter] Discarded 126 pre-ARM events for cgroup 71042
[DOCKER] Container exit code: 1
[DOCKER][STDOUT] BEGIN
Usage: /tmp/7ac9c81d32b7e9985b420e61c8f56b2e70c5b6d06a7473892022b57bf2f581b1 [OPTION]... {script-only-if-no-other-script} [input-file]...

  -n, --quiet, --silent
                 suppress automatic printing of pattern space
      --debug
                 annotate program execution
  -e script, --expression=script
                 add the script to the commands to be executed
  -f script-file, --file=script-file
                 add the contents of script-file to the commands to be executed
  --follow-symlinks
                 follow symlinks when processing in place
  -i[SUFFIX], --in-place[=SUFFIX]
                 edit files in place (makes backup if SUFFIX supplied)
  -l N, --line-length=N
                 specify the desired line-wrap length for the `l' command
  --posix
                 disable all GNU extensions.
  -E, -r, --regexp-extended
                 use extended regular expressions in the script
                 (for portability use POSIX -E).
  -s, --separate
                 consider files as separate rather than as a single,
                 continuous long stream.
      --sandbox
                 operate in sandbox mode (disable e/r/w commands).
  -u, --unbuffered
                 load minimal amounts of data from the input files and flush
                 the output buffers more often
  -z, --null-data
                 separate lines by NUL characters
      --help     display this help and exit
      --version  output version information and exit

If no -e, --expression, -f, or --file option is given, then the first
non-option argument is taken as the sed script to interpret.  All
remaining arguments are names of input files; if no input files are
specified, then the standard input is read.

GNU sed home page: <https://www.gnu.org/software/sed/>.
General help using GNU software: <https://www.gnu.org/gethelp/>.
[DOCKER][STDOUT] END
[DOCKER] Raw stdout saved: ../ELF_samples/benign_report/armv7/raw/7ac9c81d32b7e9985b420e61c8f56b2e70c5b6d06a7473892022b57bf2f581b1_2026-01-31_16-11-19_ddedfc9b_container_stdout.txt
[EventRouter] DEBUG: EXEC #34 filename='/bin/true', triggers=['68b4f1b9a5f040a78d195d7ac63fe0dd2ba12579d34cb14eb825e910be8e7f4d', '/tmp/68b4f1b9a5f040a78d195d7ac63fe0dd2ba12579d34cb14eb825e910be8e7f4d']
[AI-Integration] Job 41682e11 analyzed via deepseek
[POOL] Collected 5 events for analysis (read from log file)
[POOL] Running analyzers on 5 events for 620b4ab663dec966fa48101609bcf2a5a2777e1eaf7504efba29e9abf0dcd490
[POOL] Analysis completed: 0 findings in 0.00s (4765 events/s)
[AI-Integration] Submitted task: 04adff60
[AI] 04adff60 queued for DeepSeek analysis
[CgroupManager] Removed cgroup 70784 via bpftool
[POOL] Cleanup scheduled for 8fb72fec01d4
[DockerWorker-3] ✓ Completed: 620b4ab663dec966fa48101609bcf2a5a2777e1eaf7504efba29e9abf0dcd490 (5 events) (1.09s)
[DockerWorker-3] Starting: c8564d4699a1929175f4feefdc2e732a7ee9a21d3e0b8387e0845a02a824177f (40_32bit)
[ANALYSISLOG] c8564d4699a1929175f4feefdc2e732a7ee9a21d3e0b8387e0845a02a824177f -> ../ELF_samples/benign_report/armv7/raw/c8564d4699a1929175f4feefdc2e732a7ee9a21d3e0b8387e0845a02a824177f_2026-01-31_16-11-19_c61de048.jsonl
[DOCKER] Selected image for libc=glibc: arm32v7/ubuntu:22.04
[EventRouter] ARM detected at event 131 for cgroup 71128
[EventRouter] Discarded 130 pre-ARM events for cgroup 71128
[DOCKER] Container exit code: 0
[DOCKER][STDOUT] BEGIN
ntp_gettime() returns code 0 (OK)
  time ed2837a7.d6eed890  Sat, Jan 31 2026  8:11:19.839, (.839582310),
  maximum error 148844 us, estimated error 52741 us
ntp_adjtime() returns code 0 (OK)
  modes 0x0 (),
  offset 0.000 us, frequency -23.914 ppm, interval 1 s,
  maximum error 148844 us, estimated error 52741 us,
  status 0x2000 (NANO),
  time constant 2, precision 1.000 us, tolerance 500 ppm,
[DOCKER][STDOUT] END
[DOCKER] Raw stdout saved: ../ELF_samples/benign_report/armv7/raw/68b4f1b9a5f040a78d195d7ac63fe0dd2ba12579d34cb14eb825e910be8e7f4d_2026-01-31_16-11-19_d519baa3_container_stdout.txt
[POOL] Collected 22 events for analysis (read from log file)
[POOL] Running analyzers on 22 events for ed2a09b48fcacedc25a85da3dab0efc391c4c6bf7103bdae4824704eb1da4b0a
[POOL] Analysis completed: 0 findings in 0.00s (19834 events/s)
[AI-Integration] Submitted task: fc2f73b7
[AI] fc2f73b7 queued for DeepSeek analysis
[CgroupManager] Removed cgroup 70870 via bpftool
[POOL] Cleanup scheduled for 40231f1cd2be
[DockerWorker-5] ✗ Failed: ed2a09b48fcacedc25a85da3dab0efc391c4c6bf7103bdae4824704eb1da4b0a - Crashed: Signal 6 (Exit code 134) (1.16s)
[DockerWorker-5] Starting: a0fc75d57ff8fca2f3adc3540697a00494b70007bbf830c06e9cbb6be590f8cd (40_32bit)
[ANALYSISLOG] a0fc75d57ff8fca2f3adc3540697a00494b70007bbf830c06e9cbb6be590f8cd -> ../ELF_samples/benign_report/armv7/raw/a0fc75d57ff8fca2f3adc3540697a00494b70007bbf830c06e9cbb6be590f8cd_2026-01-31_16-11-20_0da3f8b8.jsonl
[DOCKER] Selected image for libc=glibc: arm32v7/ubuntu:22.04
[POOL] Collected 6 events for analysis (read from log file)
[POOL] Running analyzers on 6 events for 7ac9c81d32b7e9985b420e61c8f56b2e70c5b6d06a7473892022b57bf2f581b1
[POOL] Analysis completed: 0 findings in 0.00s (5791 events/s)
[AI-Integration] Submitted task: ddedfc9b
[AI] ddedfc9b queued for DeepSeek analysis
[CgroupManager] Removed cgroup 71042 via bpftool
[POOL] Cleanup scheduled for a14961195b72
[DockerWorker-2] ✓ Completed: 7ac9c81d32b7e9985b420e61c8f56b2e70c5b6d06a7473892022b57bf2f581b1 (6 events) (1.07s)
[DockerWorker-2] Starting: 3263d983da94df92b4a1346b97f480fd93c45780a4525562c1fd9366ec8d41cb (40_32bit)
[ANALYSISLOG] 3263d983da94df92b4a1346b97f480fd93c45780a4525562c1fd9366ec8d41cb -> ../ELF_samples/benign_report/armv7/raw/3263d983da94df92b4a1346b97f480fd93c45780a4525562c1fd9366ec8d41cb_2026-01-31_16-11-20_423c3ccf.jsonl
[DOCKER] Selected image for libc=glibc: arm32v7/ubuntu:22.04
[AI-Integration] Job b354153a analyzed via deepseek
[CgroupManager] Added cgroup 71214 via bpftool
[EventRouter] DEBUG: EXEC #49 filename='/bin/true', triggers=['c8564d4699a1929175f4feefdc2e732a7ee9a21d3e0b8387e0845a02a824177f', '/tmp/c8564d4699a1929175f4feefdc2e732a7ee9a21d3e0b8387e0845a02a824177f']
[POOL] Collected 6 events for analysis (read from log file)
[POOL] Running analyzers on 6 events for 68b4f1b9a5f040a78d195d7ac63fe0dd2ba12579d34cb14eb825e910be8e7f4d
[POOL] Analysis completed: 0 findings in 0.00s (5818 events/s)
[AI-Integration] Submitted task: d519baa3
[AI] d519baa3 queued for DeepSeek analysis
[CgroupManager] Added cgroup 71300 via bpftool
[CgroupManager] Removed cgroup 71128 via bpftool
[POOL] Cleanup scheduled for ed1278ea98d8
[DockerWorker-1] ✓ Completed: 68b4f1b9a5f040a78d195d7ac63fe0dd2ba12579d34cb14eb825e910be8e7f4d (6 events) (1.13s)
[DockerWorker-1] Starting: afa7150a8ed9e6b5395f644894e5691a183477b002af59fd1ff9bcfe1b27bda3 (40_32bit)
[ANALYSISLOG] afa7150a8ed9e6b5395f644894e5691a183477b002af59fd1ff9bcfe1b27bda3 -> ../ELF_samples/benign_report/armv7/raw/afa7150a8ed9e6b5395f644894e5691a183477b002af59fd1ff9bcfe1b27bda3_2026-01-31_16-11-20_425d11fd.jsonl
[DOCKER] Selected image for libc=glibc: arm32v7/ubuntu:22.04
[EventRouter] DEBUG: EXEC #33 filename='/bin/true', triggers=['a0fc75d57ff8fca2f3adc3540697a00494b70007bbf830c06e9cbb6be590f8cd', '/tmp/a0fc75d57ff8fca2f3adc3540697a00494b70007bbf830c06e9cbb6be590f8cd']
[CgroupManager] Added cgroup 71386 via bpftool
[EventRouter] DEBUG: EXEC #49 filename='/bin/true', triggers=['3263d983da94df92b4a1346b97f480fd93c45780a4525562c1fd9366ec8d41cb', '/tmp/3263d983da94df92b4a1346b97f480fd93c45780a4525562c1fd9366ec8d41cb']
[EventRouter] ARM detected at event 145 for cgroup 71214
[EventRouter] Discarded 144 pre-ARM events for cgroup 71214
[DOCKER] Container exit code: 0
[EventRouter] ARM detected at event 129 for cgroup 71300
[EventRouter] Discarded 128 pre-ARM events for cgroup 71300
[DOCKER] Container exit code: 0
[DOCKER][STDOUT] BEGIN
root:x:0:
daemon:x:1:
bin:x:2:
sys:x:3:
adm:x:4:
tty:x:5:
disk:x:6:
lp:x:7:
mail:x:8:
news:x:9:
uucp:x:10:
man:x:12:
proxy:x:13:
kmem:x:15:
dialout:x:20:
fax:x:21:
voice:x:22:
cdrom:x:24:
floppy:x:25:
tape:x:26:
sudo:x:27:
audio:x:29:
dip:x:30:
www-data:x:33:
backup:x:34:
operator:x:37:
list:x:38:
irc:x:39:
src:x:40:
gnats:x:41:
shadow:x:42:
utmp:x:43:
video:x:44:
sasl:x:45:
plugdev:x:46:
staff:x:50:
games:x:60:
users:x:100:
nogroup:x:65534:
[DOCKER][STDOUT] END
[DOCKER] Raw stdout saved: ../ELF_samples/benign_report/armv7/raw/a0fc75d57ff8fca2f3adc3540697a00494b70007bbf830c06e9cbb6be590f8cd_2026-01-31_16-11-20_0da3f8b8_container_stdout.txt
[EventRouter] ARM detected at event 142 for cgroup 71386
[EventRouter] Discarded 141 pre-ARM events for cgroup 71386
[DOCKER] Container exit code: 0
[DOCKER][STDOUT] BEGIN
cdialog (ComeOn Dialog!) version 1.3-20170509
Copyright 2000-2016,2017 Thomas E. Dickey
This is free software; see the source for copying conditions.  There is NO
warranty; not even for MERCHANTABILITY or FITNESS FOR A PARTICULAR PURPOSE.

* Display dialog boxes from shell scripts *

Usage: 3263d983da94df92b4a1346b97f480fd93c45780a4525562c1fd9366ec8d41cb <options> { --and-widget <options> }
where options are "common" options, followed by "box" options

Special options:
  [--create-rc "file"]
Common options:
  [--ascii-lines] [--aspect <ratio>] [--backtitle <backtitle>] [--beep]
  [--beep-after] [--begin <y> <x>] [--cancel-label <str>] [--clear]
  [--colors] [--column-separator <str>] [--cr-wrap] [--date-format <str>]
  [--default-button <str>] [--default-item <str>] [--defaultno]
  [--exit-label <str>] [--extra-button] [--extra-label <str>]
  [--help-button] [--help-label <str>] [--help-status] [--help-tags]
  [--hfile <str>] [--hline <str>] [--ignore] [--input-fd <fd>]
  [--insecure] [--item-help] [--keep-tite] [--keep-window] [--last-key]
  [--max-input <n>] [--no-cancel] [--no-collapse] [--no-cr-wrap]
  [--no-items] [--no-kill] [--no-label <str>] [--no-lines] [--no-mouse]
  [--no-nl-expand] [--no-ok] [--no-shadow] [--no-tags] [--nook]
  [--ok-label <str>] [--output-fd <fd>] [--output-separator <str>]
  [--print-maxsize] [--print-size] [--print-version] [--quoted]
  [--reorder] [--scrollbar] [--separate-output] [--separate-widget <str>]
  [--shadow] [--single-quoted] [--size-err] [--sleep <secs>] [--stderr]
  [--stdout] [--tab-correct] [--tab-len <n>] [--time-format <str>]
  [--timeout <secs>] [--title <title>] [--trace <file>] [--trim]
  [--version] [--visit-items] [--week-start <str>] [--yes-label <str>]
Box options:
  --buildlist    <text> <height> <width> <list-height> <tag1> <item1> <status1>...
  --calendar     <text> <height> <width> <day> <month> <year>
  --checklist    <text> <height> <width> <list height> <tag1> <item1> <status1>...
  --dselect      <directory> <height> <width>
  --editbox      <file> <height> <width>
  --form         <text> <height> <width> <form height> <label1> <l_y1> <l_x1> <item1> <i_y1> <i_x1> <flen1> <ilen1>...
  --fselect      <filepath> <height> <width>
  --gauge        <text> <height> <width> [<percent>]
  --infobox      <text> <height> <width>
  --inputbox     <text> <height> <width> [<init>]
  --inputmenu    <text> <height> <width> <menu height> <tag1> <item1>...
  --menu         <text> <height> <width> <menu height> <tag1> <item1>...
  --mixedform    <text> <height> <width> <form height> <label1> <l_y1> <l_x1> <item1> <i_y1> <i_x1> <flen1> <ilen1> <itype>...
  --mixedgauge   <text> <height> <width> <percent> <tag1> <item1>...
  --msgbox       <text> <height> <width>
  --passwordbox  <text> <height> <width> [<init>]
  --passwordform <text> <height> <width> <form height> <label1> <l_y1> <l_x1> <item1> <i_y1> <i_x1> <flen1> <ilen1>...
  --pause        <text> <height> <width> <seconds>
  --prgbox       <text> <command> <height> <width>
  --programbox   <text> <height> <width>
  --progressbox  <text> <height> <width>
  --radiolist    <text> <height> <width> <list height> <tag1> <item1> <status1>...
  --rangebox     <text> <height> <width> <min-value> <max-value> <default-value>
  --tailbox      <file> <height> <width>
  --tailboxbg    <file> <height> <width>
  --textbox      <file> <height> <width>
  --timebox      <text> <height> <width> <hour> <minute> <second>
  --treeview     <text> <height> <width> <list-height> <tag1> <item1> <status1> <depth1>...
  --yesno        <text> <height> <width>

Auto-size with height and width = 0. Maximize with height and width = -1.
Global-auto-size if also menu_height/list_height = 0.
[DOCKER][STDOUT] END
[DOCKER] Raw stdout saved: ../ELF_samples/benign_report/armv7/raw/3263d983da94df92b4a1346b97f480fd93c45780a4525562c1fd9366ec8d41cb_2026-01-31_16-11-20_423c3ccf_container_stdout.txt
[CgroupManager] Added cgroup 71472 via bpftool
[EventRouter] DEBUG: EXEC #33 filename='/bin/true', triggers=['afa7150a8ed9e6b5395f644894e5691a183477b002af59fd1ff9bcfe1b27bda3', '/tmp/afa7150a8ed9e6b5395f644894e5691a183477b002af59fd1ff9bcfe1b27bda3']
[AI-Integration] Job 3d5d9737 analyzed via deepseek
[EventRouter] ARM detected at event 126 for cgroup 71472
[EventRouter] Discarded 125 pre-ARM events for cgroup 71472
[DOCKER] Container exit code: 20
[DOCKER][STDOUT] BEGIN

USAGE: afa7150a8ed9e6b5395f644894e5691a183477b002af59fd1ff9bcfe1b27bda3 command device arguments options

Device is usually /dev/drbdX or /dev/drbd/X.

Commands are:
    primary             secondary           attach              
    disk-options        detach              connect             
    net-options         disconnect          resize              
    resource-options    new-current-uuid    invalidate          
    invalidate-remote   pause-sync          resume-sync         
    suspend-io          resume-io           outdate             
    verify              down                state               
    role                sh-status           cstate              
    dstate              show-gi             get-gi              
    show                status              check-resize        
    events              events2             wait-connect        
    wait-sync           new-resource        new-minor           
    del-minor           del-resource        

To get more details about a command issue 'drbdsetup help cmd'.
[DOCKER][STDOUT] END
[DOCKER] Raw stdout saved: ../ELF_samples/benign_report/armv7/raw/afa7150a8ed9e6b5395f644894e5691a183477b002af59fd1ff9bcfe1b27bda3_2026-01-31_16-11-20_425d11fd_container_stdout.txt
[AI-Integration] Job 94ab411a analyzed via deepseek
[POOL] Collected 5 events for analysis (read from log file)
[POOL] Running analyzers on 5 events for c8564d4699a1929175f4feefdc2e732a7ee9a21d3e0b8387e0845a02a824177f
[POOL] Analysis completed: 0 findings in 0.00s (4783 events/s)
[AI-Integration] Submitted task: c61de048
[AI] c61de048 queued for DeepSeek analysis
[CgroupManager] Removed cgroup 71214 via bpftool
[POOL] Cleanup scheduled for 95ecd6d378b2
[DockerWorker-3] ✓ Completed: c8564d4699a1929175f4feefdc2e732a7ee9a21d3e0b8387e0845a02a824177f (5 events) (1.15s)
[DockerWorker-3] Starting: b00992b85238dff978eca4a4f57654e52441c55f178bc7e66da4190814d3c26f (40_32bit)
[ANALYSISLOG] b00992b85238dff978eca4a4f57654e52441c55f178bc7e66da4190814d3c26f -> ../ELF_samples/benign_report/armv7/raw/b00992b85238dff978eca4a4f57654e52441c55f178bc7e66da4190814d3c26f_2026-01-31_16-11-20_5185f71a.jsonl
[DOCKER] Selected image for libc=glibc: arm32v7/ubuntu:22.04
[POOL] Collected 7 events for analysis (read from log file)
[POOL] Running analyzers on 7 events for a0fc75d57ff8fca2f3adc3540697a00494b70007bbf830c06e9cbb6be590f8cd
[POOL] Analysis completed: 0 findings in 0.00s (6783 events/s)
[AI-Integration] Submitted task: 0da3f8b8
[AI] 0da3f8b8 queued for DeepSeek analysis
[CgroupManager] Removed cgroup 71300 via bpftool
[POOL] Cleanup scheduled for 7f94c1dcb2af
[DockerWorker-5] ✓ Completed: a0fc75d57ff8fca2f3adc3540697a00494b70007bbf830c06e9cbb6be590f8cd (7 events) (1.09s)
[DockerWorker-5] Starting: abde8cc04d5385e39fc26ee52d5981ff67090bb0bec6a778cccf112edbb3f0c0 (40_32bit)
[ANALYSISLOG] abde8cc04d5385e39fc26ee52d5981ff67090bb0bec6a778cccf112edbb3f0c0 -> ../ELF_samples/benign_report/armv7/raw/abde8cc04d5385e39fc26ee52d5981ff67090bb0bec6a778cccf112edbb3f0c0_2026-01-31_16-11-21_347d0a0f.jsonl
[DOCKER] Selected image for libc=glibc: arm32v7/ubuntu:22.04
[POOL] Collected 8 events for analysis (read from log file)
[POOL] Running analyzers on 8 events for 3263d983da94df92b4a1346b97f480fd93c45780a4525562c1fd9366ec8d41cb
[POOL] Analysis completed: 0 findings in 0.00s (7606 events/s)
[AI-Integration] Submitted task: 423c3ccf
[AI] 423c3ccf queued for DeepSeek analysis
[CgroupManager] Removed cgroup 71386 via bpftool
[POOL] Cleanup scheduled for dce86308ba3e
[DockerWorker-2] ✓ Completed: 3263d983da94df92b4a1346b97f480fd93c45780a4525562c1fd9366ec8d41cb (8 events) (1.11s)
[DockerWorker-2] Starting: 32ff15650fa7a178f3b90580bd426a4559f96dca590338b3a9a3c8f6022fb516 (40_32bit)
[ANALYSISLOG] 32ff15650fa7a178f3b90580bd426a4559f96dca590338b3a9a3c8f6022fb516 -> ../ELF_samples/benign_report/armv7/raw/32ff15650fa7a178f3b90580bd426a4559f96dca590338b3a9a3c8f6022fb516_2026-01-31_16-11-21_ed3df21a.jsonl
[DOCKER] Selected image for libc=glibc: arm32v7/ubuntu:22.04
[CgroupManager] Added cgroup 71558 via bpftool
[EventRouter] DEBUG: EXEC #33 filename='/bin/true', triggers=['b00992b85238dff978eca4a4f57654e52441c55f178bc7e66da4190814d3c26f', '/tmp/b00992b85238dff978eca4a4f57654e52441c55f178bc7e66da4190814d3c26f']
[POOL] Collected 6 events for analysis (read from log file)
[POOL] Running analyzers on 6 events for afa7150a8ed9e6b5395f644894e5691a183477b002af59fd1ff9bcfe1b27bda3
[POOL] Analysis completed: 0 findings in 0.00s (5784 events/s)
[AI-Integration] Submitted task: 425d11fd
[AI] 425d11fd queued for DeepSeek analysis
[CgroupManager] Added cgroup 71644 via bpftool
[CgroupManager] Removed cgroup 71472 via bpftool
[POOL] Cleanup scheduled for 7c3e3270966b
[DockerWorker-1] ✓ Completed: afa7150a8ed9e6b5395f644894e5691a183477b002af59fd1ff9bcfe1b27bda3 (6 events) (1.07s)
[DockerWorker-1] Starting: 41636fef3f2187f8af5076daa40e0e5de35c62b9a2a0a132bd5635cb690a35b8 (40_32bit)
[ANALYSISLOG] 41636fef3f2187f8af5076daa40e0e5de35c62b9a2a0a132bd5635cb690a35b8 -> ../ELF_samples/benign_report/armv7/raw/41636fef3f2187f8af5076daa40e0e5de35c62b9a2a0a132bd5635cb690a35b8_2026-01-31_16-11-21_5cb11b0e.jsonl
[DOCKER] Selected image for libc=glibc: arm32v7/ubuntu:22.04
[EventRouter] DEBUG: EXEC #34 filename='/bin/true', triggers=['abde8cc04d5385e39fc26ee52d5981ff67090bb0bec6a778cccf112edbb3f0c0', '/tmp/abde8cc04d5385e39fc26ee52d5981ff67090bb0bec6a778cccf112edbb3f0c0']
[CgroupManager] Added cgroup 71730 via bpftool
[EventRouter] DEBUG: EXEC #33 filename='/bin/true', triggers=['32ff15650fa7a178f3b90580bd426a4559f96dca590338b3a9a3c8f6022fb516', '/tmp/32ff15650fa7a178f3b90580bd426a4559f96dca590338b3a9a3c8f6022fb516']
[EventRouter] ARM detected at event 129 for cgroup 71558
[EventRouter] Discarded 128 pre-ARM events for cgroup 71558
[DOCKER] Container exit code: 2
[DOCKER][STDOUT] BEGIN
Usage: /tmp/b00992b85238dff978eca4a4f57654e52441c55f178bc7e66da4190814d3c26f [--version | --help]
or     /tmp/b00992b85238dff978eca4a4f57654e52441c55f178bc7e66da4190814d3c26f most_common_bigrams < file-list > locate-database

Report bugs to <bug-findutils@gnu.org>.
[DOCKER][STDOUT] END
[DOCKER] Raw stdout saved: ../ELF_samples/benign_report/armv7/raw/b00992b85238dff978eca4a4f57654e52441c55f178bc7e66da4190814d3c26f_2026-01-31_16-11-20_5185f71a_container_stdout.txt
[EventRouter] ARM detected at event 130 for cgroup 71644
[EventRouter] Discarded 129 pre-ARM events for cgroup 71644
[DOCKER] Container exit code: 1
[DOCKER][STDOUT] BEGIN
Usage: abde8cc04d5385e39fc26ee52d5981ff67090bb0bec6a778cccf112edbb3f0c0 [cvs-options] command [command-options-and-arguments]
  where cvs-options are -q, -n, etc.
    (specify --help-options for a list of options)
  where command is add, admin, etc.
    (specify --help-commands for a list of commands
     or --help-synonyms for a list of command synonyms)
  where command-options-and-arguments depend on the specific command
    (specify -H followed by a command name for command-specific help)
  Specify --help to receive this message

The Concurrent Versions System (CVS) is a tool for version control.
For CVS updates and additional information, see
    the CVS home page at http://www.nongnu.org/cvs/ or
    the CVSNT home page at http://www.cvsnt.org/
[DOCKER][STDOUT] END
[DOCKER] Raw stdout saved: ../ELF_samples/benign_report/armv7/raw/abde8cc04d5385e39fc26ee52d5981ff67090bb0bec6a778cccf112edbb3f0c0_2026-01-31_16-11-21_347d0a0f_container_stdout.txt
[CgroupManager] Added cgroup 71816 via bpftool
[EventRouter] ARM detected at event 126 for cgroup 71730
[EventRouter] Discarded 125 pre-ARM events for cgroup 71730
[DOCKER] Container exit code: 0
[EventRouter] DEBUG: EXEC #35 filename='/bin/true', triggers=['41636fef3f2187f8af5076daa40e0e5de35c62b9a2a0a132bd5635cb690a35b8', '/tmp/41636fef3f2187f8af5076daa40e0e5de35c62b9a2a0a132bd5635cb690a35b8']
[EventRouter] ARM detected at event 131 for cgroup 71816
[EventRouter] Discarded 130 pre-ARM events for cgroup 71816
[DOCKER] Container exit code: 0
[DOCKER][STDOUT] BEGIN

7-Zip (a) [32] 16.02 : Copyright (c) 1999-2016 Igor Pavlov : 2016-05-21
p7zip Version 16.02 (locale=C.UTF-8,Utf16=on,HugeFiles=on,32 bits,8 CPUs LE)

Usage: 7za <command> [<switches>...] <archive_name> [<file_names>...]
       [<@listfiles...>]

<Commands>
  a : Add files to archive
  b : Benchmark
  d : Delete files from archive
  e : Extract files from archive (without using directory names)
  h : Calculate hash values for files
  i : Show information about supported formats
  l : List contents of archive
  rn : Rename files in archive
  t : Test integrity of archive
  u : Update files to archive
  x : eXtract files with full paths

<Switches>
  -- : Stop switches parsing
  -ai[r[-|0]]{@listfile|!wildcard} : Include archives
  -ax[r[-|0]]{@listfile|!wildcard} : eXclude archives
  -ao{a|s|t|u} : set Overwrite mode
  -an : disable archive_name field
  -bb[0-3] : set output log level
  -bd : disable progress indicator
  -bs{o|e|p}{0|1|2} : set output stream for output/error/progress line
  -bt : show execution time statistics
  -i[r[-|0]]{@listfile|!wildcard} : Include filenames
  -m{Parameters} : set compression Method
    -mmt[N] : set number of CPU threads
  -o{Directory} : set Output directory
  -r[-|0] : Recurse subdirectories
  -sa{a|e|s} : set Archive name mode
  -scc{UTF-8|WIN|DOS} : set charset for for console input/output
  -scs{UTF-8|UTF-16LE|UTF-16BE|WIN|DOS|{id}} : set charset for list files
  -scrc[CRC32|CRC64|SHA1|SHA256|*] : set hash function for x, e, h commands
  -sdel : delete files after compression
  -seml[.] : send archive by email
  -sfx[{name}] : Create SFX archive
  -si[{name}] : read data from stdin
  -slp : set Large Pages mode
  -slt : show technical information for l (List) command
  -snh : store hard links as links
  -snl : store symbolic links as links
  -sni : store NT security information
  -sns[-] : store NTFS alternate streams
  -so : write data to stdout
  -spd : disable wildcard matching for file names
  -spe : eliminate duplication of root folder for extract command
  -spf : use fully qualified file paths
  -ssc[-] : set sensitive case mode
  -ssw : compress shared files
  -stl : set archive timestamp from the most recently modified file
  -stm{HexMask} : set CPU thread affinity mask (hexadecimal number)
  -stx{Type} : exclude archive type
  -t{Type} : Set type of archive
  -u[-][p#][q#][r#][x#][y#][z#][!newArchiveName] : Update options
  -v{Size}[b|k|m|g] : Create volumes
  -w[{path}] : assign Work directory. Empty path means a temporary directory
  -x[r[-|0]]{@listfile|!wildcard} : eXclude filenames
  -y : assume Yes on all queries
[DOCKER][STDOUT] END
[DOCKER] Raw stdout saved: ../ELF_samples/benign_report/armv7/raw/41636fef3f2187f8af5076daa40e0e5de35c62b9a2a0a132bd5635cb690a35b8_2026-01-31_16-11-21_5cb11b0e_container_stdout.txt
[POOL] Collected 6 events for analysis (read from log file)
[POOL] Running analyzers on 6 events for b00992b85238dff978eca4a4f57654e52441c55f178bc7e66da4190814d3c26f
[POOL] Analysis completed: 0 findings in 0.00s (5546 events/s)
[AI-Integration] Submitted task: 5185f71a
[AI] 5185f71a queued for DeepSeek analysis
[CgroupManager] Removed cgroup 71558 via bpftool
[POOL] Cleanup scheduled for f52fc74a20c8
[DockerWorker-3] ✓ Completed: b00992b85238dff978eca4a4f57654e52441c55f178bc7e66da4190814d3c26f (6 events) (1.18s)
[DockerWorker-3] Starting: 96ef3fa1948bb94177016cb569b6222609651285c43fcae04c16184dae2180eb.static (40_32bit)
[ANALYSISLOG] 96ef3fa1948bb94177016cb569b6222609651285c43fcae04c16184dae2180eb.static -> ../ELF_samples/benign_report/armv7/raw/96ef3fa1948bb94177016cb569b6222609651285c43fcae04c16184dae2180eb.static_2026-01-31_16-11-22_2ebbb0ea.jsonl
[DOCKER] Selected image for libc=glibc: arm32v7/ubuntu:22.04
[POOL] Collected 8 events for analysis (read from log file)
[POOL] Running analyzers on 8 events for abde8cc04d5385e39fc26ee52d5981ff67090bb0bec6a778cccf112edbb3f0c0
[POOL] Analysis completed: 0 findings in 0.00s (7770 events/s)
[AI-Integration] Submitted task: 347d0a0f
[AI] 347d0a0f queued for DeepSeek analysis
[POOL] Collected 6 events for analysis (read from log file)
[POOL] Running analyzers on 6 events for 32ff15650fa7a178f3b90580bd426a4559f96dca590338b3a9a3c8f6022fb516
[POOL] Analysis completed: 0 findings in 0.00s (5802 events/s)
[AI-Integration] Submitted task: ed3df21a
[AI] ed3df21a queued for DeepSeek analysis
[CgroupManager] Removed cgroup 71644 via bpftool
[POOL] Cleanup scheduled for 09bd3a4aa2c9
[DockerWorker-5] ✓ Completed: abde8cc04d5385e39fc26ee52d5981ff67090bb0bec6a778cccf112edbb3f0c0 (8 events) (1.15s)
[DockerWorker-5] Starting: fc43a8cc8057b658168d1015203572a0bc7333efd1c9c1c9be980d71e31ec1d0 (40_32bit)
[ANALYSISLOG] fc43a8cc8057b658168d1015203572a0bc7333efd1c9c1c9be980d71e31ec1d0 -> ../ELF_samples/benign_report/armv7/raw/fc43a8cc8057b658168d1015203572a0bc7333efd1c9c1c9be980d71e31ec1d0_2026-01-31_16-11-22_afa08ba1.jsonl
[DOCKER] Selected image for libc=glibc: arm32v7/ubuntu:22.04
[CgroupManager] Removed cgroup 71730 via bpftool
[POOL] Cleanup scheduled for 340ae36e3db3
[DockerWorker-2] ✓ Completed: 32ff15650fa7a178f3b90580bd426a4559f96dca590338b3a9a3c8f6022fb516 (6 events) (1.08s)
[DockerWorker-2] Starting: e9044a089fba8117722d9ac95fe127d78c649dac10a466f8c4f51e89d68fcbb4 (40_32bit)
[ANALYSISLOG] e9044a089fba8117722d9ac95fe127d78c649dac10a466f8c4f51e89d68fcbb4 -> ../ELF_samples/benign_report/armv7/raw/e9044a089fba8117722d9ac95fe127d78c649dac10a466f8c4f51e89d68fcbb4_2026-01-31_16-11-22_9193d2eb.jsonl
[DOCKER] Selected image for libc=glibc: arm32v7/ubuntu:22.04
[AI-Integration] Job 4254ec8b analyzed via deepseek
[CgroupManager] Added cgroup 71902 via bpftool
[EventRouter] DEBUG: EXEC #33 filename='/bin/true', triggers=['96ef3fa1948bb94177016cb569b6222609651285c43fcae04c16184dae2180eb.static', '/tmp/96ef3fa1948bb94177016cb569b6222609651285c43fcae04c16184dae2180eb.static']
[POOL] Collected 6 events for analysis (read from log file)
[POOL] Running analyzers on 6 events for 41636fef3f2187f8af5076daa40e0e5de35c62b9a2a0a132bd5635cb690a35b8
[POOL] Analysis completed: 0 findings in 0.00s (5814 events/s)
[AI-Integration] Submitted task: 5cb11b0e
[AI] 5cb11b0e queued for DeepSeek analysis
[CgroupManager] Removed cgroup 71816 via bpftool
[POOL] Cleanup scheduled for de1bfbdbc347
[DockerWorker-1] ✓ Completed: 41636fef3f2187f8af5076daa40e0e5de35c62b9a2a0a132bd5635cb690a35b8 (6 events) (1.09s)
[DockerWorker-1] Starting: eeaf5046fc94e435b8e2c423830905c6304f3d266d219057314103a0d7aef803 (40_32bit)
[ANALYSISLOG] eeaf5046fc94e435b8e2c423830905c6304f3d266d219057314103a0d7aef803 -> ../ELF_samples/benign_report/armv7/raw/eeaf5046fc94e435b8e2c423830905c6304f3d266d219057314103a0d7aef803_2026-01-31_16-11-22_57303b42.jsonl
[DOCKER] Selected image for libc=glibc: arm32v7/ubuntu:22.04
[CgroupManager] Added cgroup 72074 via bpftool
[CgroupManager] Added cgroup 71988 via bpftool
[EventRouter] DEBUG: EXEC #33 filename='/bin/true', triggers=['e9044a089fba8117722d9ac95fe127d78c649dac10a466f8c4f51e89d68fcbb4', '/tmp/e9044a089fba8117722d9ac95fe127d78c649dac10a466f8c4f51e89d68fcbb4']
[EventRouter] DEBUG: EXEC #49 filename='/bin/true', triggers=['fc43a8cc8057b658168d1015203572a0bc7333efd1c9c1c9be980d71e31ec1d0', '/tmp/fc43a8cc8057b658168d1015203572a0bc7333efd1c9c1c9be980d71e31ec1d0']
[EventRouter] ARM detected at event 129 for cgroup 71902
[EventRouter] Discarded 128 pre-ARM events for cgroup 71902
[DOCKER] Container exit code: 1
[DOCKER][STDOUT] BEGIN
usage: btrfs [--help] [--version] <group> [<group>...] <command> [<args>]

Command groups:
  subvolume         manage subvolumes: create, delete, list, etc
  filesystem        overall filesystem tasks and information
  balance           balance data across devices, or change block groups using filters
  device            manage and query devices in the filesystem
  scrub             verify checksums of data and metadata
  rescue            toolbox for specific rescue operations
  inspect-internal  query various internal information
  property          modify properties of filesystem objects
  quota             manage filesystem quota settings
  qgroup            manage quota groups
  replace           replace a device in the filesystem

Commands:
  check             Check structural integrity of a filesystem (unmounted).
  restore           Try to restore files from a damaged filesystem (unmounted)
  send              Send the subvolume(s) to stdout.
  receive           Receive subvolumes from a stream
  help              Display help information
  version           Display btrfs-progs versionFor an overview of a given command use 'btrfs command --help'
or 'btrfs [command...] --help --full' to print all available options.
Any command name can be shortened as far as it stays unambiguous,
however it is recommended to use full command names in scripts.
All command groups have their manual page named 'btrfs-<group>'.
[DOCKER][STDOUT] END
[DOCKER] Raw stdout saved: ../ELF_samples/benign_report/armv7/raw/96ef3fa1948bb94177016cb569b6222609651285c43fcae04c16184dae2180eb.static_2026-01-31_16-11-22_2ebbb0ea_container_stdout.txt
[EventRouter] ARM detected at event 146 for cgroup 71988
[EventRouter] Discarded 145 pre-ARM events for cgroup 71988
[DOCKER] Container exit code: 1
[DOCKER][STDOUT] BEGIN
fc43a8cc8057b658168d1015203572a0bc7333efd1c9c1c9be980d71e31ec1d0: Not supported: Want control 'STA','CID','RSVD','VIC','BW','BWC'.
[DOCKER][STDOUT] END
[DOCKER] Raw stdout saved: ../ELF_samples/benign_report/armv7/raw/fc43a8cc8057b658168d1015203572a0bc7333efd1c9c1c9be980d71e31ec1d0_2026-01-31_16-11-22_afa08ba1_container_stdout.txt
[EventRouter] ARM detected at event 127 for cgroup 72074
[EventRouter] Discarded 126 pre-ARM events for cgroup 72074
[CgroupManager] Added cgroup 72160 via bpftool
[EventRouter] DEBUG: EXEC #33 filename='/bin/true', triggers=['eeaf5046fc94e435b8e2c423830905c6304f3d266d219057314103a0d7aef803', '/tmp/eeaf5046fc94e435b8e2c423830905c6304f3d266d219057314103a0d7aef803']
[DOCKER] Container exit code: 1
[DOCKER][STDOUT] BEGIN
Usage: /tmp/e9044a089fba8117722d9ac95fe127d78c649dac10a466f8c4f51e89d68fcbb4 [-f] [-h] [-n] [-o offset] [-v] [-z undo_file] <transaction file> <filesystem>
[DOCKER][STDOUT] END
[DOCKER] Raw stdout saved: ../ELF_samples/benign_report/armv7/raw/e9044a089fba8117722d9ac95fe127d78c649dac10a466f8c4f51e89d68fcbb4_2026-01-31_16-11-22_9193d2eb_container_stdout.txt
[EventRouter] ARM detected at event 126 for cgroup 72160
[EventRouter] Discarded 125 pre-ARM events for cgroup 72160
[DOCKER] Container exit code: 0
[DOCKER][STDOUT] BEGIN
LZIP \x83\xff\xfb\xff\xff\xc0               $       
[DOCKER][STDOUT] END
[DOCKER] Raw stdout saved: ../ELF_samples/benign_report/armv7/raw/eeaf5046fc94e435b8e2c423830905c6304f3d266d219057314103a0d7aef803_2026-01-31_16-11-22_57303b42_container_stdout.txt
[POOL] Collected 6 events for analysis (read from log file)
[POOL] Running analyzers on 6 events for 96ef3fa1948bb94177016cb569b6222609651285c43fcae04c16184dae2180eb.static
[POOL] Analysis completed: 0 findings in 0.00s (5707 events/s)
[AI-Integration] Submitted task: 2ebbb0ea
[AI] 2ebbb0ea queued for DeepSeek analysis
[CgroupManager] Removed cgroup 71902 via bpftool
[POOL] Cleanup scheduled for 8c56011f63b8
[DockerWorker-3] ✓ Completed: 96ef3fa1948bb94177016cb569b6222609651285c43fcae04c16184dae2180eb.static (6 events) (1.07s)
[DockerWorker-3] Starting: 6b90289bdf4665d02489c3cfaf5e58c9c07045e2ffe392b1d75bf6b4d5a67d49 (40_32bit)
[ANALYSISLOG] 6b90289bdf4665d02489c3cfaf5e58c9c07045e2ffe392b1d75bf6b4d5a67d49 -> ../ELF_samples/benign_report/armv7/raw/6b90289bdf4665d02489c3cfaf5e58c9c07045e2ffe392b1d75bf6b4d5a67d49_2026-01-31_16-11-23_6372ea02.jsonl
[DOCKER] Selected image for libc=glibc: arm32v7/ubuntu:22.04
[POOL] Collected 5 events for analysis (read from log file)
[POOL] Running analyzers on 5 events for fc43a8cc8057b658168d1015203572a0bc7333efd1c9c1c9be980d71e31ec1d0
[POOL] Analysis completed: 0 findings in 0.00s (4835 events/s)
[AI-Integration] Submitted task: afa08ba1
[AI] afa08ba1 queued for DeepSeek analysis
[CgroupManager] Removed cgroup 71988 via bpftool
[POOL] Cleanup scheduled for 03bd5387f109
[DockerWorker-5] ✓ Completed: fc43a8cc8057b658168d1015203572a0bc7333efd1c9c1c9be980d71e31ec1d0 (5 events) (1.06s)
[DockerWorker-5] Starting: ec8ecbe490925703bc47aabff7c2b520ed3924305ff932753a449b6af47f0b9e (40_32bit)
[ANALYSISLOG] ec8ecbe490925703bc47aabff7c2b520ed3924305ff932753a449b6af47f0b9e -> ../ELF_samples/benign_report/armv7/raw/ec8ecbe490925703bc47aabff7c2b520ed3924305ff932753a449b6af47f0b9e_2026-01-31_16-11-23_bfa8537c.jsonl
[DOCKER] Selected image for libc=glibc: arm32v7/ubuntu:22.04
[POOL] Collected 6 events for analysis (read from log file)
[POOL] Running analyzers on 6 events for e9044a089fba8117722d9ac95fe127d78c649dac10a466f8c4f51e89d68fcbb4
[POOL] Analysis completed: 0 findings in 0.00s (5686 events/s)
[AI-Integration] Submitted task: 9193d2eb
[AI] 9193d2eb queued for DeepSeek analysis
[CgroupManager] Removed cgroup 72074 via bpftool
[POOL] Cleanup scheduled for 41ceea7b205e
[DockerWorker-2] ✓ Completed: e9044a089fba8117722d9ac95fe127d78c649dac10a466f8c4f51e89d68fcbb4 (6 events) (1.12s)
[DockerWorker-2] Starting: 01b8ce19cf3cc1d3c6f87c3ec258b97f51447eb735265e7448c5fbdba1de04af (40_32bit)
[ANALYSISLOG] 01b8ce19cf3cc1d3c6f87c3ec258b97f51447eb735265e7448c5fbdba1de04af -> ../ELF_samples/benign_report/armv7/raw/01b8ce19cf3cc1d3c6f87c3ec258b97f51447eb735265e7448c5fbdba1de04af_2026-01-31_16-11-23_5d0e7005.jsonl
[DOCKER] Selected image for libc=glibc: arm32v7/ubuntu:22.04
[CgroupManager] Added cgroup 72246 via bpftool
[EventRouter] DEBUG: EXEC #34 filename='/bin/true', triggers=['6b90289bdf4665d02489c3cfaf5e58c9c07045e2ffe392b1d75bf6b4d5a67d49', '/tmp/6b90289bdf4665d02489c3cfaf5e58c9c07045e2ffe392b1d75bf6b4d5a67d49']
[POOL] Collected 9 events for analysis (read from log file)
[POOL] Running analyzers on 9 events for eeaf5046fc94e435b8e2c423830905c6304f3d266d219057314103a0d7aef803
[POOL] Analysis completed: 1 findings in 0.00s (7954 events/s)
[AI-Integration] Submitted task: 57303b42
[AI] 57303b42 queued for DeepSeek analysis
[CgroupManager] Removed cgroup 72160 via bpftool
[POOL] Cleanup scheduled for 7ce8ee1e949c
[DockerWorker-1] ✓ Completed: eeaf5046fc94e435b8e2c423830905c6304f3d266d219057314103a0d7aef803 (9 events) (1.12s)
[DockerWorker-1] Starting: 54ac4d7806f79d8018e1232599c2859c617dee6a765d664b153ad20bff9a4ae8 (40_32bit)
[ANALYSISLOG] 54ac4d7806f79d8018e1232599c2859c617dee6a765d664b153ad20bff9a4ae8 -> ../ELF_samples/benign_report/armv7/raw/54ac4d7806f79d8018e1232599c2859c617dee6a765d664b153ad20bff9a4ae8_2026-01-31_16-11-23_48fba0f7.jsonl
[DOCKER] Selected image for libc=glibc: arm32v7/ubuntu:22.04
[CgroupManager] Added cgroup 72332 via bpftool
[EventRouter] DEBUG: EXEC #33 filename='/bin/true', triggers=['ec8ecbe490925703bc47aabff7c2b520ed3924305ff932753a449b6af47f0b9e', '/tmp/ec8ecbe490925703bc47aabff7c2b520ed3924305ff932753a449b6af47f0b9e']
[CgroupManager] Added cgroup 72418 via bpftool
[EventRouter] DEBUG: EXEC #33 filename='/bin/true', triggers=['01b8ce19cf3cc1d3c6f87c3ec258b97f51447eb735265e7448c5fbdba1de04af', '/tmp/01b8ce19cf3cc1d3c6f87c3ec258b97f51447eb735265e7448c5fbdba1de04af']
[EventRouter] ARM detected at event 131 for cgroup 72246
[EventRouter] Discarded 130 pre-ARM events for cgroup 72246
[EventRouter] ARM detected at event 127 for cgroup 72332
[EventRouter] Discarded 126 pre-ARM events for cgroup 72332
[DOCKER] Container exit code: 1
[DOCKER][STDOUT] BEGIN
ec8ecbe490925703bc47aabff7c2b520ed3924305ff932753a449b6af47f0b9e: eth1: No such device
[DOCKER][STDOUT] END
[DOCKER] Raw stdout saved: ../ELF_samples/benign_report/armv7/raw/ec8ecbe490925703bc47aabff7c2b520ed3924305ff932753a449b6af47f0b9e_2026-01-31_16-11-23_bfa8537c_container_stdout.txt
[DOCKER] Container exit code: 134
[DOCKER][STDOUT] BEGIN
whoami: canonical hostname is invalid.

Leafnode must have a fully-qualified domain name,
not just "d20aff561456".
Edit your /etc/hosts file to add a fully qualified domain name.



Leafnode must have a fully-qualified domain name,
not just "d20aff561456".
Edit your /etc/hosts file to add a fully qualified domain name.

qemu: uncaught target signal 6 (Aborted) - core dumped
Aborted (core dumped)
[DOCKER][STDOUT] END
[DOCKER] Raw stdout saved: ../ELF_samples/benign_report/armv7/raw/6b90289bdf4665d02489c3cfaf5e58c9c07045e2ffe392b1d75bf6b4d5a67d49_2026-01-31_16-11-23_6372ea02_container_stdout.txt
[EventRouter] ARM detected at event 129 for cgroup 72418
[EventRouter] Discarded 128 pre-ARM events for cgroup 72418
[DOCKER] Container exit code: 255
[DOCKER][STDOUT] BEGIN
ubiupdatevol: error!: UBI device name was not specified (use -h for help)
[DOCKER][STDOUT] END
[DOCKER] Raw stdout saved: ../ELF_samples/benign_report/armv7/raw/01b8ce19cf3cc1d3c6f87c3ec258b97f51447eb735265e7448c5fbdba1de04af_2026-01-31_16-11-23_5d0e7005_container_stdout.txt
[CgroupManager] Added cgroup 72504 via bpftool
[EventRouter] DEBUG: EXEC #34 filename='/bin/true', triggers=['54ac4d7806f79d8018e1232599c2859c617dee6a765d664b153ad20bff9a4ae8', '/tmp/54ac4d7806f79d8018e1232599c2859c617dee6a765d664b153ad20bff9a4ae8']
[EventRouter] ARM detected at event 131 for cgroup 72504
[EventRouter] Discarded 130 pre-ARM events for cgroup 72504
[DOCKER] Container exit code: 0
[DOCKER][STDOUT] BEGIN
ADDR DATA 5432-1098-7654-3210
0000 0241 0000-0010-0100-0001
0002 8185 1000-0001-1000-0101
0004 0000 0000-0000-0000-0000
0006 FFFF 1111-1111-1111-1111
0008 AD05 1010-1101-0000-0101
0010 003F 0000-0000-0011-1111
0012 FFFF 1111-1111-1111-1111
0014 AF05 1010-1111-0000-0101
0016 7E3F 0111-1110-0011-1111
0018 FFFF 1111-1111-1111-1111
0020 8185 1000-0001-1000-0101
0022 0000 0000-0000-0000-0000
0024 FFFF 1111-1111-1111-1111
0026 8505 1000-0101-0000-0101
0028 0700 0000-0111-0000-0000
0030 FFFF 1111-1111-1111-1111
0032 8705 1000-0111-0000-0101
0034 0000 0000-0000-0000-0000
0036 FFFF 1111-1111-1111-1111
0038 8185 1000-0001-1000-0101
0040 0000 0000-0000-0000-0000
0042 FFFF 1111-1111-1111-1111
0044 8145 1000-0001-0100-0101
0046 007D 0000-0000-0111-1101
0048 FFFF 1111-1111-1111-1111
0050 8345 1000-0011-0100-0101
0052 0000 0000-0000-0000-0000
0054 FFFF 1111-1111-1111-1111
[DOCKER][STDOUT] END
[DOCKER] Raw stdout saved: ../ELF_samples/benign_report/armv7/raw/54ac4d7806f79d8018e1232599c2859c617dee6a765d664b153ad20bff9a4ae8_2026-01-31_16-11-23_48fba0f7_container_stdout.txt
[POOL] Collected 7 events for analysis (read from log file)
[POOL] Running analyzers on 7 events for ec8ecbe490925703bc47aabff7c2b520ed3924305ff932753a449b6af47f0b9e
[POOL] Analysis completed: 0 findings in 0.00s (6615 events/s)
[AI-Integration] Submitted task: bfa8537c
[AI] bfa8537c queued for DeepSeek analysis
[CgroupManager] Removed cgroup 72332 via bpftool
[POOL] Cleanup scheduled for eecc4d733ded
[DockerWorker-5] ✓ Completed: ec8ecbe490925703bc47aabff7c2b520ed3924305ff932753a449b6af47f0b9e (7 events) (1.10s)
[DockerWorker-5] Starting: 601c1da1f5ae3cf9c8b6e8449022a16e24fffce6acca8c10f9a88afac88fd67e (40_32bit)
[ANALYSISLOG] 601c1da1f5ae3cf9c8b6e8449022a16e24fffce6acca8c10f9a88afac88fd67e -> ../ELF_samples/benign_report/armv7/raw/601c1da1f5ae3cf9c8b6e8449022a16e24fffce6acca8c10f9a88afac88fd67e_2026-01-31_16-11-24_3799cf3e.jsonl
[DOCKER] Selected image for libc=glibc: arm32v7/ubuntu:22.04
[POOL] Collected 20 events for analysis (read from log file)
[POOL] Running analyzers on 20 events for 6b90289bdf4665d02489c3cfaf5e58c9c07045e2ffe392b1d75bf6b4d5a67d49
[POOL] Analysis completed: 0 findings in 0.00s (18447 events/s)
[AI-Integration] Submitted task: 6372ea02
[AI] 6372ea02 queued for DeepSeek analysis
[CgroupManager] Removed cgroup 72246 via bpftool
[POOL] Cleanup scheduled for d20aff561456
[DockerWorker-3] ✗ Failed: 6b90289bdf4665d02489c3cfaf5e58c9c07045e2ffe392b1d75bf6b4d5a67d49 - Crashed: Signal 6 (Exit code 134) (1.23s)
[DockerWorker-3] Starting: cc65fb9feaf68457916234e66b762a22acadcdeb4d78b98b16142aa9d74d4f11.static (40_32bit)
[ANALYSISLOG] cc65fb9feaf68457916234e66b762a22acadcdeb4d78b98b16142aa9d74d4f11.static -> ../ELF_samples/benign_report/armv7/raw/cc65fb9feaf68457916234e66b762a22acadcdeb4d78b98b16142aa9d74d4f11.static_2026-01-31_16-11-24_a07f94d0.jsonl
[DOCKER] Selected image for libc=glibc: arm32v7/ubuntu:22.04
[POOL] Collected 5 events for analysis (read from log file)
[POOL] Running analyzers on 5 events for 01b8ce19cf3cc1d3c6f87c3ec258b97f51447eb735265e7448c5fbdba1de04af
[POOL] Analysis completed: 0 findings in 0.00s (4848 events/s)
[AI-Integration] Submitted task: 5d0e7005
[AI] 5d0e7005 queued for DeepSeek analysis
[CgroupManager] Removed cgroup 72418 via bpftool
[POOL] Cleanup scheduled for bfcf8ec75ac6
[DockerWorker-2] ✗ Failed: 01b8ce19cf3cc1d3c6f87c3ec258b97f51447eb735265e7448c5fbdba1de04af - Crashed: Signal 127 (Exit code 255) (1.10s)
[DockerWorker-2] Starting: 75c598a80090e7b27a210d72c20fc839645a6e5499cfafdee4235b2bdccbe452 (40_32bit)
[ANALYSISLOG] 75c598a80090e7b27a210d72c20fc839645a6e5499cfafdee4235b2bdccbe452 -> ../ELF_samples/benign_report/armv7/raw/75c598a80090e7b27a210d72c20fc839645a6e5499cfafdee4235b2bdccbe452_2026-01-31_16-11-24_4084df3d.jsonl
[DOCKER] Selected image for libc=glibc: arm32v7/ubuntu:22.04
[POOL] Collected 6 events for analysis (read from log file)
[POOL] Running analyzers on 6 events for 54ac4d7806f79d8018e1232599c2859c617dee6a765d664b153ad20bff9a4ae8
[POOL] Analysis completed: 0 findings in 0.00s (5754 events/s)
[AI-Integration] Submitted task: 48fba0f7
[AI] 48fba0f7 queued for DeepSeek analysis
[CgroupManager] Added cgroup 72590 via bpftool
[CgroupManager] Removed cgroup 72504 via bpftool
[POOL] Cleanup scheduled for e02ff04b29a2
[DockerWorker-1] ✓ Completed: 54ac4d7806f79d8018e1232599c2859c617dee6a765d664b153ad20bff9a4ae8 (6 events) (1.12s)
[DockerWorker-1] Starting: b9006643cd2f5f357ef9c972d766254c9cdb74e6c21495cece83cf58accb88b1 (40_32bit)
[ANALYSISLOG] b9006643cd2f5f357ef9c972d766254c9cdb74e6c21495cece83cf58accb88b1 -> ../ELF_samples/benign_report/armv7/raw/b9006643cd2f5f357ef9c972d766254c9cdb74e6c21495cece83cf58accb88b1_2026-01-31_16-11-24_34edea6b.jsonl
[DOCKER] Selected image for libc=glibc: arm32v7/ubuntu:22.04
[EventRouter] DEBUG: EXEC #34 filename='/bin/true', triggers=['601c1da1f5ae3cf9c8b6e8449022a16e24fffce6acca8c10f9a88afac88fd67e', '/tmp/601c1da1f5ae3cf9c8b6e8449022a16e24fffce6acca8c10f9a88afac88fd67e']
[CgroupManager] Added cgroup 72676 via bpftool
[CgroupManager] Added cgroup 72762 via bpftool
[EventRouter] DEBUG: EXEC #34 filename='/bin/true', triggers=['cc65fb9feaf68457916234e66b762a22acadcdeb4d78b98b16142aa9d74d4f11.static', '/tmp/cc65fb9feaf68457916234e66b762a22acadcdeb4d78b98b16142aa9d74d4f11.static']
[EventRouter] DEBUG: EXEC #34 filename='/bin/true', triggers=['75c598a80090e7b27a210d72c20fc839645a6e5499cfafdee4235b2bdccbe452', '/tmp/75c598a80090e7b27a210d72c20fc839645a6e5499cfafdee4235b2bdccbe452']
[EventRouter] ARM detected at event 127 for cgroup 72590
[EventRouter] Discarded 126 pre-ARM events for cgroup 72590
[EventRouter] ARM detected at event 166 for cgroup 72676
[EventRouter] Discarded 165 pre-ARM events for cgroup 72676
[DOCKER] Container exit code: 1
[DOCKER][STDOUT] BEGIN
btrfs-progs v4.17.1 
See http://btrfs.wiki.kernel.org for more information.

Usage: mkfs.btrfs [options] dev [ dev ... ]
Options:
  allocation profiles:
	-d|--data PROFILE       data profile, raid0, raid1, raid5, raid6, raid10, dup or single
	-m|--metadata PROFILE   metadata profile, values like for data profile
	-M|--mixed              mix metadata and data together
  features:
	-n|--nodesize SIZE      size of btree nodes
	-s|--sectorsize SIZE    data block size (may not be mountable by current kernel)
	-O|--features LIST      comma separated list of filesystem features (use '-O list-all' to list features)
	-L|--label LABEL        set the filesystem label
	-U|--uuid UUID          specify the filesystem UUID (must be unique)
  creation:
	-b|--byte-count SIZE    set filesystem size to SIZE (on the first device)
	-r|--rootdir DIR        copy files from DIR to the image root directory
	--shrink                (with --rootdir) shrink the filled filesystem to minimal size
	-K|--nodiscard          do not perform whole device TRIM
	-f|--force              force overwrite of existing filesystem
  general:
	-q|--quiet              no messages except errors
	-V|--version            print the mkfs.btrfs version and exit
	--help                  print this help and exit
  deprecated:
	-A|--alloc-start START  the offset to start the filesystem
	-l|--leafsize SIZE      deprecated, alias for nodesize
[DOCKER][STDOUT] END
[DOCKER] Raw stdout saved: ../ELF_samples/benign_report/armv7/raw/cc65fb9feaf68457916234e66b762a22acadcdeb4d78b98b16142aa9d74d4f11.static_2026-01-31_16-11-24_a07f94d0_container_stdout.txt
[DOCKER] Container exit code: 2
[DOCKER][STDOUT] BEGIN
dumpcap: Can't get list of interfaces: eth0: SIOCETHTOOL(ETHTOOL_GLINK) ioctl failed: Not a tty
[DOCKER][STDOUT] END
[DOCKER] Raw stdout saved: ../ELF_samples/benign_report/armv7/raw/601c1da1f5ae3cf9c8b6e8449022a16e24fffce6acca8c10f9a88afac88fd67e_2026-01-31_16-11-24_3799cf3e_container_stdout.txt
[CgroupManager] Added cgroup 72848 via bpftool
[EventRouter] ARM detected at event 131 for cgroup 72762
[EventRouter] Discarded 130 pre-ARM events for cgroup 72762
[DOCKER] Container exit code: 1
[DOCKER][STDOUT] BEGIN
/tmp/75c598a80090e7b27a210d72c20fc839645a6e5499cfafdee4235b2bdccbe452: no input files
[DOCKER][STDOUT] END
[DOCKER] Raw stdout saved: ../ELF_samples/benign_report/armv7/raw/75c598a80090e7b27a210d72c20fc839645a6e5499cfafdee4235b2bdccbe452_2026-01-31_16-11-24_4084df3d_container_stdout.txt
[EventRouter] DEBUG: EXEC #33 filename='/bin/true', triggers=['b9006643cd2f5f357ef9c972d766254c9cdb74e6c21495cece83cf58accb88b1', '/tmp/b9006643cd2f5f357ef9c972d766254c9cdb74e6c21495cece83cf58accb88b1']
[EventRouter] ARM detected at event 127 for cgroup 72848
[EventRouter] Discarded 126 pre-ARM events for cgroup 72848
[DOCKER] Container exit code: 0
[POOL] Collected 6 events for analysis (read from log file)
[POOL] Running analyzers on 6 events for cc65fb9feaf68457916234e66b762a22acadcdeb4d78b98b16142aa9d74d4f11.static
[POOL] Analysis completed: 0 findings in 0.00s (5675 events/s)
[AI-Integration] Submitted task: a07f94d0
[AI] a07f94d0 queued for DeepSeek analysis
[CgroupManager] Removed cgroup 72676 via bpftool
[POOL] Cleanup scheduled for 47d7cec1afc4
[DockerWorker-3] ✓ Completed: cc65fb9feaf68457916234e66b762a22acadcdeb4d78b98b16142aa9d74d4f11.static (6 events) (1.10s)
[DockerWorker-3] Starting: 3f05903254c9a586eb80da27b225dec8b61935027b99393a7821cae603fb2ab8 (40_32bit)
[ANALYSISLOG] 3f05903254c9a586eb80da27b225dec8b61935027b99393a7821cae603fb2ab8 -> ../ELF_samples/benign_report/armv7/raw/3f05903254c9a586eb80da27b225dec8b61935027b99393a7821cae603fb2ab8_2026-01-31_16-11-25_56284b9d.jsonl
[DOCKER] Selected image for libc=glibc: arm32v7/ubuntu:22.04
[POOL] Collected 15 events for analysis (read from log file)
[POOL] Running analyzers on 15 events for 601c1da1f5ae3cf9c8b6e8449022a16e24fffce6acca8c10f9a88afac88fd67e
[POOL] Analysis completed: 0 findings in 0.00s (14008 events/s)
[AI-Integration] Submitted task: 3799cf3e
[AI] 3799cf3e queued for DeepSeek analysis
[CgroupManager] Removed cgroup 72590 via bpftool
[POOL] Cleanup scheduled for fc150926d751
[DockerWorker-5] ✓ Completed: 601c1da1f5ae3cf9c8b6e8449022a16e24fffce6acca8c10f9a88afac88fd67e (15 events) (1.15s)
[DockerWorker-5] Starting: 458d7c4ef2c3320d8f88288ba8b7beef69907739645273c906906c8721ab7ac7 (40_32bit)
[ANALYSISLOG] 458d7c4ef2c3320d8f88288ba8b7beef69907739645273c906906c8721ab7ac7 -> ../ELF_samples/benign_report/armv7/raw/458d7c4ef2c3320d8f88288ba8b7beef69907739645273c906906c8721ab7ac7_2026-01-31_16-11-25_0efd71de.jsonl
[DOCKER] Selected image for libc=glibc: arm32v7/ubuntu:22.04
[POOL] Collected 5 events for analysis (read from log file)
[POOL] Running analyzers on 5 events for 75c598a80090e7b27a210d72c20fc839645a6e5499cfafdee4235b2bdccbe452
[POOL] Analysis completed: 0 findings in 0.00s (4819 events/s)
[AI-Integration] Submitted task: 4084df3d
[AI] 4084df3d queued for DeepSeek analysis
[CgroupManager] Removed cgroup 72762 via bpftool
[POOL] Cleanup scheduled for 5ddfc6f9b0a1
[DockerWorker-2] ✓ Completed: 75c598a80090e7b27a210d72c20fc839645a6e5499cfafdee4235b2bdccbe452 (5 events) (1.12s)
[DockerWorker-2] Starting: 4f48865ea956652d6e2fd39d168d952701cb6112629d1a48d90f5b1b596e4619 (40_32bit)
[ANALYSISLOG] 4f48865ea956652d6e2fd39d168d952701cb6112629d1a48d90f5b1b596e4619 -> ../ELF_samples/benign_report/armv7/raw/4f48865ea956652d6e2fd39d168d952701cb6112629d1a48d90f5b1b596e4619_2026-01-31_16-11-25_3245e6d6.jsonl
[DOCKER] Selected image for libc=glibc: arm32v7/ubuntu:22.04
[POOL] Collected 6 events for analysis (read from log file)
[POOL] Running analyzers on 6 events for b9006643cd2f5f357ef9c972d766254c9cdb74e6c21495cece83cf58accb88b1
[POOL] Analysis completed: 0 findings in 0.00s (5662 events/s)
[AI-Integration] Submitted task: 34edea6b
[AI] 34edea6b queued for DeepSeek analysis
[CgroupManager] Removed cgroup 72848 via bpftool
[POOL] Cleanup scheduled for e58ca9443077
[DockerWorker-1] ✓ Completed: b9006643cd2f5f357ef9c972d766254c9cdb74e6c21495cece83cf58accb88b1 (6 events) (1.10s)
[DockerWorker-1] Starting: 1241b359db47444e1077ac83f5c810d5ddae77dc1d33cf043a0f03edef73a3e6 (40_32bit)
[ANALYSISLOG] 1241b359db47444e1077ac83f5c810d5ddae77dc1d33cf043a0f03edef73a3e6 -> ../ELF_samples/benign_report/armv7/raw/1241b359db47444e1077ac83f5c810d5ddae77dc1d33cf043a0f03edef73a3e6_2026-01-31_16-11-25_7864a2dd.jsonl
[DOCKER] Selected image for libc=glibc: arm32v7/ubuntu:22.04
[CgroupManager] Added cgroup 72934 via bpftool
[CgroupManager] Added cgroup 73020 via bpftool
[CgroupManager] Added cgroup 73106 via bpftool
[EventRouter] DEBUG: EXEC #33 filename='/bin/true', triggers=['458d7c4ef2c3320d8f88288ba8b7beef69907739645273c906906c8721ab7ac7', '/tmp/458d7c4ef2c3320d8f88288ba8b7beef69907739645273c906906c8721ab7ac7']
[EventRouter] DEBUG: EXEC #50 filename='/bin/true', triggers=['4f48865ea956652d6e2fd39d168d952701cb6112629d1a48d90f5b1b596e4619', '/tmp/4f48865ea956652d6e2fd39d168d952701cb6112629d1a48d90f5b1b596e4619']
[EventRouter] DEBUG: EXEC #50 filename='/bin/true', triggers=['3f05903254c9a586eb80da27b225dec8b61935027b99393a7821cae603fb2ab8', '/tmp/3f05903254c9a586eb80da27b225dec8b61935027b99393a7821cae603fb2ab8']
[CgroupManager] Added cgroup 73192 via bpftool
[EventRouter] DEBUG: EXEC #33 filename='/bin/true', triggers=['1241b359db47444e1077ac83f5c810d5ddae77dc1d33cf043a0f03edef73a3e6', '/tmp/1241b359db47444e1077ac83f5c810d5ddae77dc1d33cf043a0f03edef73a3e6']
[EventRouter] ARM detected at event 126 for cgroup 72934
[EventRouter] Discarded 125 pre-ARM events for cgroup 72934
[DOCKER] Container exit code: 0
[EventRouter] ARM detected at event 144 for cgroup 73020
[EventRouter] Discarded 143 pre-ARM events for cgroup 73020
[DOCKER] Container exit code: 1
[DOCKER][STDOUT] BEGIN
flash_unlock: error!: too few arguments
Utility to lock, unlock, or check the lock status of the flash.
Default action: unlock

Usage: flash_unlock [options] [--] <mtd device> [offset [block count]]

Options:
 -h         --help              Display this help and exit
 -V         --version           Display version information and exit
 -i         --islocked          Check if flash region is locked
 -l         --lock              Lock a region of flash
 -u         --unlock            Unlock a region of flash

If offset is not specified, it defaults to 0.
If block count is not specified, it defaults to all blocks.
A block count of -1 means all blocks.
[DOCKER][STDOUT] END
[DOCKER] Raw stdout saved: ../ELF_samples/benign_report/armv7/raw/3f05903254c9a586eb80da27b225dec8b61935027b99393a7821cae603fb2ab8_2026-01-31_16-11-25_56284b9d_container_stdout.txt
[EventRouter] ARM detected at event 143 for cgroup 73106
[EventRouter] Discarded 142 pre-ARM events for cgroup 73106
[AI-Integration] Job 02b264f3 analyzed via deepseek
[DOCKER] Container exit code: 0
[EventRouter] ARM detected at event 126 for cgroup 73192
[EventRouter] Discarded 125 pre-ARM events for cgroup 73192
[DOCKER] Container exit code: 1
[DOCKER][STDOUT] BEGIN
1241b359db47444e1077ac83f5c810d5ddae77dc1d33cf043a0f03edef73a3e6: missing URL
Usage: 1241b359db47444e1077ac83f5c810d5ddae77dc1d33cf043a0f03edef73a3e6 [OPTION]... [URL]...

Try `1241b359db47444e1077ac83f5c810d5ddae77dc1d33cf043a0f03edef73a3e6 --help' for more options.
[DOCKER][STDOUT] END
[DOCKER] Raw stdout saved: ../ELF_samples/benign_report/armv7/raw/1241b359db47444e1077ac83f5c810d5ddae77dc1d33cf043a0f03edef73a3e6_2026-01-31_16-11-25_7864a2dd_container_stdout.txt
[POOL] Execution timed out for e9575c760c0c919efa718c94f41205cd7aa10bd8d07c991c3116dc8af87288a5 after 15s
[POOL] Killing container 51c7fa5d5d1b...
[POOL] Collected 8 events for analysis (read from log file)
[POOL] Running analyzers on 8 events for 458d7c4ef2c3320d8f88288ba8b7beef69907739645273c906906c8721ab7ac7
[POOL] Analysis completed: 0 findings in 0.00s (7704 events/s)
[AI-Integration] Submitted task: 0efd71de
[AI] 0efd71de queued for DeepSeek analysis
[CgroupManager] Removed cgroup 72934 via bpftool
[POOL] Cleanup scheduled for 5646ac22e544
[DockerWorker-5] ✓ Completed: 458d7c4ef2c3320d8f88288ba8b7beef69907739645273c906906c8721ab7ac7 (8 events) (1.17s)
[DockerWorker-5] Starting: 05758808fd051872f45d8d8487f04c71e7b56c07c2975c3fe824074f67838df6 (40_32bit)
[ANALYSISLOG] 05758808fd051872f45d8d8487f04c71e7b56c07c2975c3fe824074f67838df6 -> ../ELF_samples/benign_report/armv7/raw/05758808fd051872f45d8d8487f04c71e7b56c07c2975c3fe824074f67838df6_2026-01-31_16-11-26_260f4610.jsonl
[DOCKER] Selected image for libc=glibc: arm32v7/ubuntu:22.04
[POOL] Collected 6 events for analysis (read from log file)
[POOL] Running analyzers on 6 events for 3f05903254c9a586eb80da27b225dec8b61935027b99393a7821cae603fb2ab8
[POOL] Analysis completed: 0 findings in 0.00s (5747 events/s)
[AI-Integration] Submitted task: 56284b9d
[AI] 56284b9d queued for DeepSeek analysis
[POOL] Container killed successfully
[DOCKER] Container exit code: -1
[POOL] Execution timed out - stopping BPF monitoring for cgroup 67946
[POOL] Collected 9 events for analysis (read from log file)
[POOL] Running analyzers on 9 events for 4f48865ea956652d6e2fd39d168d952701cb6112629d1a48d90f5b1b596e4619
[POOL] Analysis completed: 0 findings in 0.00s (8717 events/s)
[AI-Integration] Submitted task: 3245e6d6
[AI] 3245e6d6 queued for DeepSeek analysis
[CgroupManager] Removed cgroup 67946 via bpftool
[CgroupManager] Removed cgroup 73020 via bpftool
[POOL] Cleanup scheduled for 64c1c8364afc
[DockerWorker-3] ✓ Completed: 3f05903254c9a586eb80da27b225dec8b61935027b99393a7821cae603fb2ab8 (6 events) (1.23s)
[DockerWorker-3] Starting: 5eafe6e43c1dc7a82492442fcbbebc15aaecf1f3122b52fa718e77bd5828f81d (40_32bit)
[ANALYSISLOG] 5eafe6e43c1dc7a82492442fcbbebc15aaecf1f3122b52fa718e77bd5828f81d -> ../ELF_samples/benign_report/armv7/raw/5eafe6e43c1dc7a82492442fcbbebc15aaecf1f3122b52fa718e77bd5828f81d_2026-01-31_16-11-26_26f9af99.jsonl
[DOCKER] Selected image for libc=glibc: arm32v7/ubuntu:22.04
[CgroupManager] Removed cgroup 73106 via bpftool
[POOL] Cleanup scheduled for 1a9e94e558a3
[DockerWorker-2] ✓ Completed: 4f48865ea956652d6e2fd39d168d952701cb6112629d1a48d90f5b1b596e4619 (9 events) (1.19s)
[DockerWorker-2] Starting: b28e0d254f0ccc81426d0b4c50dcf393d88713329b979b6ffd34721b6ac8f377 (40_32bit)
[ANALYSISLOG] b28e0d254f0ccc81426d0b4c50dcf393d88713329b979b6ffd34721b6ac8f377 -> ../ELF_samples/benign_report/armv7/raw/b28e0d254f0ccc81426d0b4c50dcf393d88713329b979b6ffd34721b6ac8f377_2026-01-31_16-11-26_bf8e7e03.jsonl
[DOCKER] Selected image for libc=glibc: arm32v7/ubuntu:22.04
[POOL] Collected 7 events for analysis (read from log file)
[POOL] Running analyzers on 7 events for 1241b359db47444e1077ac83f5c810d5ddae77dc1d33cf043a0f03edef73a3e6
[POOL] Analysis completed: 0 findings in 0.00s (6715 events/s)
[AI-Integration] Submitted task: 7864a2dd
[AI] 7864a2dd queued for DeepSeek analysis
[CgroupManager] Removed cgroup 73192 via bpftool
[POOL] Cleanup scheduled for e4a5ba58f8e0
[DockerWorker-1] ✓ Completed: 1241b359db47444e1077ac83f5c810d5ddae77dc1d33cf043a0f03edef73a3e6 (7 events) (1.08s)
[DockerWorker-1] Starting: 8621cc6c21f2e39cba4de796c4587b93cd1694ff5b55691e256a51a8962fc33d (40_32bit)
[ANALYSISLOG] 8621cc6c21f2e39cba4de796c4587b93cd1694ff5b55691e256a51a8962fc33d -> ../ELF_samples/benign_report/armv7/raw/8621cc6c21f2e39cba4de796c4587b93cd1694ff5b55691e256a51a8962fc33d_2026-01-31_16-11-26_c00d24ea.jsonl
[DOCKER] Selected image for libc=glibc: arm32v7/ubuntu:22.04
[CgroupManager] Added cgroup 73278 via bpftool
[CgroupManager] Added cgroup 73450 via bpftool
[CgroupManager] Added cgroup 73364 via bpftool
[EventRouter] DEBUG: EXEC #33 filename='/bin/true', triggers=['05758808fd051872f45d8d8487f04c71e7b56c07c2975c3fe824074f67838df6', '/tmp/05758808fd051872f45d8d8487f04c71e7b56c07c2975c3fe824074f67838df6']
[EventRouter] DEBUG: EXEC #49 filename='/bin/true', triggers=['b28e0d254f0ccc81426d0b4c50dcf393d88713329b979b6ffd34721b6ac8f377', '/tmp/b28e0d254f0ccc81426d0b4c50dcf393d88713329b979b6ffd34721b6ac8f377']
[EventRouter] DEBUG: EXEC #49 filename='/bin/true', triggers=['5eafe6e43c1dc7a82492442fcbbebc15aaecf1f3122b52fa718e77bd5828f81d', '/tmp/5eafe6e43c1dc7a82492442fcbbebc15aaecf1f3122b52fa718e77bd5828f81d']
[CgroupManager] Added cgroup 73536 via bpftool
[EventRouter] DEBUG: EXEC #34 filename='/bin/true', triggers=['8621cc6c21f2e39cba4de796c4587b93cd1694ff5b55691e256a51a8962fc33d', '/tmp/8621cc6c21f2e39cba4de796c4587b93cd1694ff5b55691e256a51a8962fc33d']
[POOL] Collected 41239 events for analysis (read from log file)
[POOL] Running analyzers on 41239 events for e9575c760c0c919efa718c94f41205cd7aa10bd8d07c991c3116dc8af87288a5
[POOL] Analysis completed: 0 findings in 0.02s (2156442 events/s)
[AI-Integration] Job 95f71f57 analyzed via deepseek
[AI-Integration] Submitted task: 9e7e0820
[AI] 9e7e0820 queued for DeepSeek analysis
[CgroupManager] bpftool delete failed: Command '['sudo', '/usr/sbin/bpftool', 'map', 'delete', 'id', '513', 'key', 'hex', '6a', '09', '01', '00', '00', '00', '00', '00']' returned non-zero exit status 254.
[POOL] Cleanup scheduled for 51c7fa5d5d1b
[DockerWorker-4] ✓ Completed: e9575c760c0c919efa718c94f41205cd7aa10bd8d07c991c3116dc8af87288a5 (41239 events) (16.34s)
[DockerWorker-4] Starting: 5eb33c570372a0b057faaf485f6f53d5befca206bbfae09b8291a295352dd61e (40_32bit)
[ANALYSISLOG] 5eb33c570372a0b057faaf485f6f53d5befca206bbfae09b8291a295352dd61e -> ../ELF_samples/benign_report/armv7/raw/5eb33c570372a0b057faaf485f6f53d5befca206bbfae09b8291a295352dd61e_2026-01-31_16-11-27_3dc75c36.jsonl
[DOCKER] Selected image for libc=glibc: arm32v7/ubuntu:22.04
[POOL] Failed to kill container 51c7fa5d5d1b: 409 Client Error for http+docker://localhost/v1.50/containers/51c7fa5d5d1b33262fc2ec5cd1960a81a5fe2a80078325297f89fa1b01193edf/kill: Conflict ("cannot kill container: 51c7fa5d5d1b33262fc2ec5cd1960a81a5fe2a80078325297f89fa1b01193edf: container 51c7fa5d5d1b33262fc2ec5cd1960a81a5fe2a80078325297f89fa1b01193edf is not running")
[EventRouter] ARM detected at event 127 for cgroup 73278
[EventRouter] Discarded 126 pre-ARM events for cgroup 73278
[DOCKER] Container exit code: 1
[DOCKER][STDOUT] BEGIN
/tmp/05758808fd051872f45d8d8487f04c71e7b56c07c2975c3fe824074f67838df6: (stdin): File is too small to be a .lzma file
[DOCKER][STDOUT] END
[DOCKER] Raw stdout saved: ../ELF_samples/benign_report/armv7/raw/05758808fd051872f45d8d8487f04c71e7b56c07c2975c3fe824074f67838df6_2026-01-31_16-11-26_260f4610_container_stdout.txt
[EventRouter] ARM detected at event 160 for cgroup 73364
[EventRouter] Discarded 159 pre-ARM events for cgroup 73364
[DOCKER] Container exit code: 0
[DOCKER][STDOUT] BEGIN
overlay on / type overlay (rw,relatime,lowerdir=/var/lib/docker/overlay2/l/5DZVPX6VXBLHGSNM5DGME4XIRT:/var/lib/docker/overlay2/l/GL4FBXYDAHSDWZWDKU2DYLGJFQ,upperdir=/var/lib/docker/overlay2/4345eda5ef39edc4f8e323b5a5677dbb35265ae5042d530e6e4a0f909b13485d/diff,workdir=/var/lib/docker/overlay2/4345eda5ef39edc4f8e323b5a5677dbb35265ae5042d530e6e4a0f909b13485d/work,nouserxattr)
proc on /proc type proc (rw,nosuid,nodev,noexec,relatime)
tmpfs on /dev type tmpfs (rw,nosuid,size=65536k,mode=755,inode64)
devpts on /dev/pts type devpts (rw,nosuid,noexec,relatime,gid=5,mode=620,ptmxmode=666)
sysfs on /sys type sysfs (ro,nosuid,nodev,noexec,relatime)
cgroup on /sys/fs/cgroup type cgroup2 (ro,nosuid,nodev,noexec,relatime,nsdelegate,memory_recursiveprot)
mqueue on /dev/mqueue type mqueue (rw,nosuid,nodev,noexec,relatime)
shm on /dev/shm type tmpfs (rw,nosuid,nodev,noexec,relatime,size=65536k,inode64)
/dev/nvme0n1p9 on /usr/sbin/docker-init type ext4 (ro,relatime)
/dev/nvme0n1p9 on /etc/resolv.conf type ext4 (rw,relatime)
/dev/nvme0n1p9 on /etc/hostname type ext4 (rw,relatime)
/dev/nvme0n1p9 on /etc/hosts type ext4 (rw,relatime)
proc on /proc/bus type proc (ro,nosuid,nodev,noexec,relatime)
proc on /proc/fs type proc (ro,nosuid,nodev,noexec,relatime)
proc on /proc/irq type proc (ro,nosuid,nodev,noexec,relatime)
proc on /proc/sys type proc (ro,nosuid,nodev,noexec,relatime)
proc on /proc/sysrq-trigger type proc (ro,nosuid,nodev,noexec,relatime)
tmpfs on /proc/asound type tmpfs (ro,relatime,inode64)
tmpfs on /proc/acpi type tmpfs (ro,relatime,inode64)
tmpfs on /proc/interrupts type tmpfs (rw,nosuid,size=65536k,mode=755,inode64)
tmpfs on /proc/kcore type tmpfs (rw,nosuid,size=65536k,mode=755,inode64)
tmpfs on /proc/keys type tmpfs (rw,nosuid,size=65536k,mode=755,inode64)
tmpfs on /proc/latency_stats type tmpfs (rw,nosuid,size=65536k,mode=755,inode64)
tmpfs on /proc/timer_list type tmpfs (rw,nosuid,size=65536k,mode=755,inode64)
tmpfs on /proc/scsi type tmpfs (ro,relatime,inode64)
tmpfs on /sys/firmware type tmpfs (ro,relatime,inode64)
tmpfs on /sys/devices/virtual/powercap type tmpfs (ro,relatime,inode64)
tmpfs on /sys/devices/system/cpu/cpu0/thermal_throttle type tmpfs (ro,relatime,inode64)
tmpfs on /sys/devices/system/cpu/cpu1/thermal_throttle type tmpfs (ro,relatime,inode64)
tmpfs on /sys/devices/system/cpu/cpu2/thermal_throttle type tmpfs (ro,relatime,inode64)
tmpfs on /sys/devices/system/cpu/cpu3/thermal_throttle type tmpfs (ro,relatime,inode64)
tmpfs on /sys/devices/system/cpu/cpu4/thermal_throttle type tmpfs (ro,relatime,inode64)
tmpfs on /sys/devices/system/cpu/cpu5/thermal_throttle type tmpfs (ro,relatime,inode64)
tmpfs on /sys/devices/system/cpu/cpu6/thermal_throttle type tmpfs (ro,relatime,inode64)
tmpfs on /sys/devices/system/cpu/cpu7/thermal_throttle type tmpfs (ro,relatime,inode64)
[DOCKER][STDOUT] END
[DOCKER] Raw stdout saved: ../ELF_samples/benign_report/armv7/raw/5eafe6e43c1dc7a82492442fcbbebc15aaecf1f3122b52fa718e77bd5828f81d_2026-01-31_16-11-26_26f9af99_container_stdout.txt
[EventRouter] ARM detected at event 143 for cgroup 73450
[EventRouter] Discarded 142 pre-ARM events for cgroup 73450
[DOCKER] Container exit code: 0
[EventRouter] ARM detected at event 130 for cgroup 73536
[EventRouter] Discarded 129 pre-ARM events for cgroup 73536
[DOCKER] Container exit code: 1
[DOCKER][STDOUT] BEGIN
Usage:
  gio COMMAND [ARGS...]

Commands:
  help     Print help
  version  Print version
  cat      Concatenate files to standard output
  copy     Copy one or more files
  info     Show information about locations
  list     List the contents of locations
  mime     Get or set the handler for a mimetype
  mkdir    Create directories
  monitor  Monitor files and directories for changes
  mount    Mount or unmount the locations
  move     Move one or more files
  open     Open files with the default application
  rename   Rename a file
  remove   Delete one or more files
  save     Read from standard input and save
  set      Set a file attribute
  trash    Move files or directories to the trash
  tree     Lists the contents of locations in a tree

Use “gio help COMMAND” to get detailed help.
[DOCKER][STDOUT] END
[DOCKER] Raw stdout saved: ../ELF_samples/benign_report/armv7/raw/8621cc6c21f2e39cba4de796c4587b93cd1694ff5b55691e256a51a8962fc33d_2026-01-31_16-11-26_c00d24ea_container_stdout.txt
[AI-Integration] Job c108ba10 analyzed via deepseek
[CgroupManager] Added cgroup 73622 via bpftool
[EventRouter] DEBUG: EXEC #33 filename='/bin/true', triggers=['5eb33c570372a0b057faaf485f6f53d5befca206bbfae09b8291a295352dd61e', '/tmp/5eb33c570372a0b057faaf485f6f53d5befca206bbfae09b8291a295352dd61e']
[POOL] Collected 6 events for analysis (read from log file)
[POOL] Running analyzers on 6 events for 05758808fd051872f45d8d8487f04c71e7b56c07c2975c3fe824074f67838df6
[POOL] Analysis completed: 0 findings in 0.00s (5711 events/s)
[AI-Integration] Submitted task: 260f4610
[AI] 260f4610 queued for DeepSeek analysis
[CgroupManager] Removed cgroup 73278 via bpftool
[POOL] Cleanup scheduled for 92b8c945df04
[DockerWorker-5] ✓ Completed: 05758808fd051872f45d8d8487f04c71e7b56c07c2975c3fe824074f67838df6 (6 events) (1.20s)
[DockerWorker-5] Starting: dd949aceb8f1f50088cc69349f0cb154902f41ade9d344d193f3614171bbfa86 (40_32bit)
[ANALYSISLOG] dd949aceb8f1f50088cc69349f0cb154902f41ade9d344d193f3614171bbfa86 -> ../ELF_samples/benign_report/armv7/raw/dd949aceb8f1f50088cc69349f0cb154902f41ade9d344d193f3614171bbfa86_2026-01-31_16-11-27_dd54ee4f.jsonl
[DOCKER] Selected image for libc=glibc: arm32v7/ubuntu:22.04
[EventRouter] ARM detected at event 131 for cgroup 73622
[EventRouter] Discarded 130 pre-ARM events for cgroup 73622
[DOCKER] Container exit code: 0
[POOL] Collected 12 events for analysis (read from log file)
[POOL] Running analyzers on 12 events for 5eafe6e43c1dc7a82492442fcbbebc15aaecf1f3122b52fa718e77bd5828f81d
[POOL] Analysis completed: 0 findings in 0.00s (11537 events/s)
[AI-Integration] Submitted task: 26f9af99
[AI] 26f9af99 queued for DeepSeek analysis
[POOL] Collected 15 events for analysis (read from log file)
[POOL] Running analyzers on 15 events for b28e0d254f0ccc81426d0b4c50dcf393d88713329b979b6ffd34721b6ac8f377
[POOL] Analysis completed: 0 findings in 0.00s (14366 events/s)
[AI-Integration] Submitted task: bf8e7e03
[AI] bf8e7e03 queued for DeepSeek analysis
[CgroupManager] Removed cgroup 73364 via bpftool
[POOL] Cleanup scheduled for 72dc558ccf93
[DockerWorker-3] ✓ Completed: 5eafe6e43c1dc7a82492442fcbbebc15aaecf1f3122b52fa718e77bd5828f81d (12 events) (1.21s)
[DockerWorker-3] Starting: ffb32571ecba4b9cb54b51cbf3f1705dc1c518f766065a38a6288ed6f5ae2795 (40_32bit)
[ANALYSISLOG] ffb32571ecba4b9cb54b51cbf3f1705dc1c518f766065a38a6288ed6f5ae2795 -> ../ELF_samples/benign_report/armv7/raw/ffb32571ecba4b9cb54b51cbf3f1705dc1c518f766065a38a6288ed6f5ae2795_2026-01-31_16-11-28_75f8831a.jsonl
[DOCKER] Selected image for libc=glibc: arm32v7/ubuntu:22.04
[CgroupManager] Removed cgroup 73450 via bpftool
[POOL] Cleanup scheduled for a56d45ddecf1
[DockerWorker-2] ✓ Completed: b28e0d254f0ccc81426d0b4c50dcf393d88713329b979b6ffd34721b6ac8f377 (15 events) (1.21s)
[DockerWorker-2] Starting: 5b28b671ca3bc6f0524f393d0ea6698c541a94492ffa0d27d4a401865c0cc166 (40_32bit)
[ANALYSISLOG] 5b28b671ca3bc6f0524f393d0ea6698c541a94492ffa0d27d4a401865c0cc166 -> ../ELF_samples/benign_report/armv7/raw/5b28b671ca3bc6f0524f393d0ea6698c541a94492ffa0d27d4a401865c0cc166_2026-01-31_16-11-28_9fcb2623.jsonl
[DOCKER] Selected image for libc=glibc: arm32v7/ubuntu:22.04
[POOL] Collected 7 events for analysis (read from log file)
[POOL] Running analyzers on 7 events for 8621cc6c21f2e39cba4de796c4587b93cd1694ff5b55691e256a51a8962fc33d
[POOL] Analysis completed: 0 findings in 0.00s (6708 events/s)
[AI-Integration] Submitted task: c00d24ea
[AI] c00d24ea queued for DeepSeek analysis
[CgroupManager] Removed cgroup 73536 via bpftool
[POOL] Cleanup scheduled for d2297aad00ff
[DockerWorker-1] ✓ Completed: 8621cc6c21f2e39cba4de796c4587b93cd1694ff5b55691e256a51a8962fc33d (7 events) (1.18s)
[DockerWorker-1] Starting: 35b3ebb4ac0dd6c89d8bf01cbd46d0fd2cc5dca3a7233aaad07ad12a0a09af72 (40_32bit)
[ANALYSISLOG] 35b3ebb4ac0dd6c89d8bf01cbd46d0fd2cc5dca3a7233aaad07ad12a0a09af72 -> ../ELF_samples/benign_report/armv7/raw/35b3ebb4ac0dd6c89d8bf01cbd46d0fd2cc5dca3a7233aaad07ad12a0a09af72_2026-01-31_16-11-28_b6e919b4.jsonl
[DOCKER] Selected image for libc=glibc: arm32v7/ubuntu:22.04
[CgroupManager] Added cgroup 73708 via bpftool
[CgroupManager] Added cgroup 73794 via bpftool
[EventRouter] DEBUG: EXEC #33 filename='/bin/true', triggers=['dd949aceb8f1f50088cc69349f0cb154902f41ade9d344d193f3614171bbfa86', '/tmp/dd949aceb8f1f50088cc69349f0cb154902f41ade9d344d193f3614171bbfa86']
[EventRouter] DEBUG: EXEC #33 filename='/bin/true', triggers=['ffb32571ecba4b9cb54b51cbf3f1705dc1c518f766065a38a6288ed6f5ae2795', '/tmp/ffb32571ecba4b9cb54b51cbf3f1705dc1c518f766065a38a6288ed6f5ae2795']
[CgroupManager] Added cgroup 73880 via bpftool
[EventRouter] DEBUG: EXEC #33 filename='/bin/true', triggers=['5b28b671ca3bc6f0524f393d0ea6698c541a94492ffa0d27d4a401865c0cc166', '/tmp/5b28b671ca3bc6f0524f393d0ea6698c541a94492ffa0d27d4a401865c0cc166']
[CgroupManager] Added cgroup 73966 via bpftool
[EventRouter] DEBUG: EXEC #33 filename='/bin/true', triggers=['35b3ebb4ac0dd6c89d8bf01cbd46d0fd2cc5dca3a7233aaad07ad12a0a09af72', '/tmp/35b3ebb4ac0dd6c89d8bf01cbd46d0fd2cc5dca3a7233aaad07ad12a0a09af72']
[POOL] Collected 18 events for analysis (read from log file)
[POOL] Running analyzers on 18 events for 5eb33c570372a0b057faaf485f6f53d5befca206bbfae09b8291a295352dd61e
[POOL] Analysis completed: 0 findings in 0.00s (16854 events/s)
[AI-Integration] Submitted task: 3dc75c36
[AI] 3dc75c36 queued for DeepSeek analysis
[CgroupManager] Removed cgroup 73622 via bpftool
[POOL] Cleanup scheduled for cf1f23bb51b7
[DockerWorker-4] ✓ Completed: 5eb33c570372a0b057faaf485f6f53d5befca206bbfae09b8291a295352dd61e (18 events) (1.10s)
[DockerWorker-4] Starting: 3506f1f98b8059a1a9e633cccc947a08db19d9268879aefb444f6de9725b4334 (40_32bit)
[ANALYSISLOG] 3506f1f98b8059a1a9e633cccc947a08db19d9268879aefb444f6de9725b4334 -> ../ELF_samples/benign_report/armv7/raw/3506f1f98b8059a1a9e633cccc947a08db19d9268879aefb444f6de9725b4334_2026-01-31_16-11-28_3826d360.jsonl
[DOCKER] Selected image for libc=glibc: arm32v7/ubuntu:22.04
[EventRouter] ARM detected at event 130 for cgroup 73794
[EventRouter] Discarded 129 pre-ARM events for cgroup 73794
[EventRouter] ARM detected at event 130 for cgroup 73708
[EventRouter] Discarded 129 pre-ARM events for cgroup 73708
[DOCKER] Container exit code: 1
[DOCKER][STDOUT] BEGIN
Failed to connect to devlink Netlink
[DOCKER][STDOUT] END
[DOCKER] Raw stdout saved: ../ELF_samples/benign_report/armv7/raw/ffb32571ecba4b9cb54b51cbf3f1705dc1c518f766065a38a6288ed6f5ae2795_2026-01-31_16-11-28_75f8831a_container_stdout.txt
[DOCKER] Container exit code: 255
[DOCKER][STDOUT] BEGIN
Usage: bridge [ OPTIONS ] OBJECT { COMMAND | help }
       bridge [ -force ] -batch filename
where	OBJECT := { link | fdb | mdb | vlan | monitor }
	OPTIONS := { -V[ersion] | -s[tatistics] | -d[etails] |
		     -o[neline] | -t[imestamp] | -n[etns] name |
		     -c[ompressvlans] -color -p[retty] -j[son] }
[DOCKER][STDOUT] END
[DOCKER] Raw stdout saved: ../ELF_samples/benign_report/armv7/raw/dd949aceb8f1f50088cc69349f0cb154902f41ade9d344d193f3614171bbfa86_2026-01-31_16-11-27_dd54ee4f_container_stdout.txt
[EventRouter] ARM detected at event 127 for cgroup 73880
[EventRouter] Discarded 126 pre-ARM events for cgroup 73880
[DOCKER] Container exit code: 1
[DOCKER][STDOUT] BEGIN
Cannot find bandwidthd.conf, ./etc/bandwidthd.conf or /etc/bandwidthd.conf
[DOCKER][STDOUT] END
[DOCKER] Raw stdout saved: ../ELF_samples/benign_report/armv7/raw/5b28b671ca3bc6f0524f393d0ea6698c541a94492ffa0d27d4a401865c0cc166_2026-01-31_16-11-28_9fcb2623_container_stdout.txt
[EventRouter] ARM detected at event 126 for cgroup 73966
[EventRouter] Discarded 125 pre-ARM events for cgroup 73966
[DOCKER] Container exit code: 0
[DOCKER][STDOUT] BEGIN
    January 2026    
Su Mo Tu We Th Fr Sa
             1  2  3
 4  5  6  7  8  9 10
11 12 13 14 15 16 17
18 19 20 21 22 23 24
25 26 27 28 29 30 31
[DOCKER][STDOUT] END
[DOCKER] Raw stdout saved: ../ELF_samples/benign_report/armv7/raw/35b3ebb4ac0dd6c89d8bf01cbd46d0fd2cc5dca3a7233aaad07ad12a0a09af72_2026-01-31_16-11-28_b6e919b4_container_stdout.txt
[CgroupManager] Added cgroup 74052 via bpftool
[EventRouter] DEBUG: EXEC #34 filename='/bin/true', triggers=['3506f1f98b8059a1a9e633cccc947a08db19d9268879aefb444f6de9725b4334', '/tmp/3506f1f98b8059a1a9e633cccc947a08db19d9268879aefb444f6de9725b4334']
[POOL] Collected 5 events for analysis (read from log file)
[POOL] Running analyzers on 5 events for ffb32571ecba4b9cb54b51cbf3f1705dc1c518f766065a38a6288ed6f5ae2795
[POOL] Analysis completed: 0 findings in 0.00s (4763 events/s)
[AI-Integration] Submitted task: 75f8831a
[AI] 75f8831a queued for DeepSeek analysis
[POOL] Collected 6 events for analysis (read from log file)
[POOL] Running analyzers on 6 events for dd949aceb8f1f50088cc69349f0cb154902f41ade9d344d193f3614171bbfa86
[POOL] Analysis completed: 0 findings in 0.00s (5766 events/s)
[AI-Integration] Submitted task: dd54ee4f
[AI] dd54ee4f queued for DeepSeek analysis
[CgroupManager] Removed cgroup 73794 via bpftool
[POOL] Cleanup scheduled for 853212c180ba
[DockerWorker-3] ✓ Completed: ffb32571ecba4b9cb54b51cbf3f1705dc1c518f766065a38a6288ed6f5ae2795 (5 events) (1.08s)
[DockerWorker-3] Starting: bd9605f1d09689ea4d64136e3d9c29b6ab987eb6ce4f218ae541228b56ca4511 (40_32bit)
[ANALYSISLOG] bd9605f1d09689ea4d64136e3d9c29b6ab987eb6ce4f218ae541228b56ca4511 -> ../ELF_samples/benign_report/armv7/raw/bd9605f1d09689ea4d64136e3d9c29b6ab987eb6ce4f218ae541228b56ca4511_2026-01-31_16-11-29_37e8d021.jsonl
[DOCKER] Selected image for libc=glibc: arm32v7/ubuntu:22.04
[CgroupManager] Removed cgroup 73708 via bpftool
[POOL] Cleanup scheduled for 9388f6c0a5c1
[DockerWorker-5] ✗ Failed: dd949aceb8f1f50088cc69349f0cb154902f41ade9d344d193f3614171bbfa86 - Crashed: Signal 127 (Exit code 255) (1.15s)
[DockerWorker-5] Starting: c362c6a15019b7be7cb1d1cabc3cbde415193a30d08f2779895d6b41094284c2 (40_32bit)
[ANALYSISLOG] c362c6a15019b7be7cb1d1cabc3cbde415193a30d08f2779895d6b41094284c2 -> ../ELF_samples/benign_report/armv7/raw/c362c6a15019b7be7cb1d1cabc3cbde415193a30d08f2779895d6b41094284c2_2026-01-31_16-11-29_7b2e87f9.jsonl
[DOCKER] Selected image for libc=glibc: arm32v7/ubuntu:22.04
[EventRouter] ARM detected at event 128 for cgroup 74052
[EventRouter] Discarded 127 pre-ARM events for cgroup 74052
[DOCKER] Container exit code: 2
[DOCKER][STDOUT] BEGIN
You must specify exactly one output filename
Usage:
  3506f1f98b8059a1a9e633cccc947a08db19d9268879aefb444f6de9725b4334 [OPTION…] FILENAME

Logs D-Bus traffic to FILENAME in a format suitable for bustle

Help Options:
  -h, --help        Show help options

Application Options:
  -e, --session     Monitor session bus (default)
  -y, --system      Monitor system bus
  -v, --verbose     Print brief summaries of captured messages to stdout
  -q, --quiet       Don't print out instructions
  -V, --version     Print version information and exit
[DOCKER][STDOUT] END
[DOCKER] Raw stdout saved: ../ELF_samples/benign_report/armv7/raw/3506f1f98b8059a1a9e633cccc947a08db19d9268879aefb444f6de9725b4334_2026-01-31_16-11-28_3826d360_container_stdout.txt
[POOL] Collected 13 events for analysis (read from log file)
[POOL] Running analyzers on 13 events for 5b28b671ca3bc6f0524f393d0ea6698c541a94492ffa0d27d4a401865c0cc166
[POOL] Analysis completed: 0 findings in 0.00s (12450 events/s)
[AI-Integration] Submitted task: 9fcb2623
[AI] 9fcb2623 queued for DeepSeek analysis
[CgroupManager] Removed cgroup 73880 via bpftool
[POOL] Cleanup scheduled for f852574b41cc
[DockerWorker-2] ✓ Completed: 5b28b671ca3bc6f0524f393d0ea6698c541a94492ffa0d27d4a401865c0cc166 (13 events) (1.14s)
[DockerWorker-2] Starting: 60d618f3b3917fbae04431297e415464627797263f5f14d4746c006f8cdd7fe1 (40_32bit)
[ANALYSISLOG] 60d618f3b3917fbae04431297e415464627797263f5f14d4746c006f8cdd7fe1 -> ../ELF_samples/benign_report/armv7/raw/60d618f3b3917fbae04431297e415464627797263f5f14d4746c006f8cdd7fe1_2026-01-31_16-11-29_c8077907.jsonl
[DOCKER] Selected image for libc=glibc: arm32v7/ubuntu:22.04
[POOL] Collected 9 events for analysis (read from log file)
[POOL] Running analyzers on 9 events for 35b3ebb4ac0dd6c89d8bf01cbd46d0fd2cc5dca3a7233aaad07ad12a0a09af72
[POOL] Analysis completed: 0 findings in 0.00s (8570 events/s)
[AI-Integration] Submitted task: b6e919b4
[AI] b6e919b4 queued for DeepSeek analysis
[CgroupManager] Removed cgroup 73966 via bpftool
[POOL] Cleanup scheduled for 0e64d374f0ba
[DockerWorker-1] ✓ Completed: 35b3ebb4ac0dd6c89d8bf01cbd46d0fd2cc5dca3a7233aaad07ad12a0a09af72 (9 events) (1.09s)
[DockerWorker-1] Starting: 97ad905f17c0374d7577cfd293fa6a3cdac6e926a7830dbc8ddfdfaa5878b61d (40_32bit)
[ANALYSISLOG] 97ad905f17c0374d7577cfd293fa6a3cdac6e926a7830dbc8ddfdfaa5878b61d -> ../ELF_samples/benign_report/armv7/raw/97ad905f17c0374d7577cfd293fa6a3cdac6e926a7830dbc8ddfdfaa5878b61d_2026-01-31_16-11-29_69cf1dfe.jsonl
[DOCKER] Selected image for libc=glibc: arm32v7/ubuntu:22.04
[CgroupManager] Added cgroup 74224 via bpftool
[CgroupManager] Added cgroup 74138 via bpftool
[AI-Integration] Job cf774949 analyzed via deepseek
[AI-Integration] Job ae049815 analyzed via deepseek
[EventRouter] DEBUG: EXEC #34 filename='/bin/true', triggers=['c362c6a15019b7be7cb1d1cabc3cbde415193a30d08f2779895d6b41094284c2', '/tmp/c362c6a15019b7be7cb1d1cabc3cbde415193a30d08f2779895d6b41094284c2']
[EventRouter] DEBUG: EXEC #33 filename='/bin/true', triggers=['bd9605f1d09689ea4d64136e3d9c29b6ab987eb6ce4f218ae541228b56ca4511', '/tmp/bd9605f1d09689ea4d64136e3d9c29b6ab987eb6ce4f218ae541228b56ca4511']
[CgroupManager] Added cgroup 74310 via bpftool
[EventRouter] DEBUG: EXEC #33 filename='/bin/true', triggers=['60d618f3b3917fbae04431297e415464627797263f5f14d4746c006f8cdd7fe1', '/tmp/60d618f3b3917fbae04431297e415464627797263f5f14d4746c006f8cdd7fe1']
[CgroupManager] Added cgroup 74396 via bpftool
[EventRouter] DEBUG: EXEC #33 filename='/bin/true', triggers=['97ad905f17c0374d7577cfd293fa6a3cdac6e926a7830dbc8ddfdfaa5878b61d', '/tmp/97ad905f17c0374d7577cfd293fa6a3cdac6e926a7830dbc8ddfdfaa5878b61d']
[POOL] Collected 6 events for analysis (read from log file)
[POOL] Running analyzers on 6 events for 3506f1f98b8059a1a9e633cccc947a08db19d9268879aefb444f6de9725b4334
[POOL] Analysis completed: 0 findings in 0.00s (5782 events/s)
[AI-Integration] Submitted task: 3826d360
[AI] 3826d360 queued for DeepSeek analysis
[CgroupManager] Removed cgroup 74052 via bpftool
[POOL] Cleanup scheduled for c5b6bd3ecfe6
[DockerWorker-4] ✓ Completed: 3506f1f98b8059a1a9e633cccc947a08db19d9268879aefb444f6de9725b4334 (6 events) (1.15s)
[DockerWorker-4] Starting: e69124f51db1db603e1b76c5e19cf7e0b2e6f95ae2e040845dfd4b7dce2ff884 (40_32bit)
[ANALYSISLOG] e69124f51db1db603e1b76c5e19cf7e0b2e6f95ae2e040845dfd4b7dce2ff884 -> ../ELF_samples/benign_report/armv7/raw/e69124f51db1db603e1b76c5e19cf7e0b2e6f95ae2e040845dfd4b7dce2ff884_2026-01-31_16-11-29_979af05b.jsonl
[DOCKER] Selected image for libc=glibc: arm32v7/ubuntu:22.04
[EventRouter] ARM detected at event 127 for cgroup 74224
[EventRouter] Discarded 126 pre-ARM events for cgroup 74224
[DOCKER] Container exit code: 1
[DOCKER][STDOUT] BEGIN
open /sys/kernel/debug/f2fs/status: No such file or directory
[DOCKER][STDOUT] END
[DOCKER] Raw stdout saved: ../ELF_samples/benign_report/armv7/raw/c362c6a15019b7be7cb1d1cabc3cbde415193a30d08f2779895d6b41094284c2_2026-01-31_16-11-29_7b2e87f9_container_stdout.txt
[EventRouter] ARM detected at event 127 for cgroup 74138
[EventRouter] Discarded 126 pre-ARM events for cgroup 74138
[EventRouter] ARM detected at event 128 for cgroup 74310
[EventRouter] Discarded 127 pre-ARM events for cgroup 74310
[DOCKER] Container exit code: 1
[DOCKER][STDOUT] BEGIN
sfs_init(): Warning: file /etc/mc/sfs.ini not found
Warning: cannot open /usr/libexec/mc/extfs.d directory
Warning: cannot load codepages list
The TERM environment variable is unset!
[DOCKER][STDOUT] END
[DOCKER] Raw stdout saved: ../ELF_samples/benign_report/armv7/raw/60d618f3b3917fbae04431297e415464627797263f5f14d4746c006f8cdd7fe1_2026-01-31_16-11-29_c8077907_container_stdout.txt
[DOCKER] Container exit code: 0
[DOCKER][STDOUT] BEGIN
NAME        MAJ:MIN RM   SIZE RO TYPE MOUNTPOINT
loop0         7:0    0 104.2M  1 loop 
loop2         7:2    0 176.1M  1 loop 
loop3         7:3    0     4K  1 loop 
loop4         7:4    0   105M  1 loop 
loop5         7:5    0  55.5M  1 loop 
loop6         7:6    0  55.5M  1 loop 
loop7         7:7    0  63.8M  1 loop 
loop8         7:8    0  63.8M  1 loop 
loop9         7:9    0    74M  1 loop 
loop10        7:10   0  66.9M  1 loop 
loop11        7:11   0  47.6M  1 loop 
loop12        7:12   0    74M  1 loop 
loop13        7:13   0  66.9M  1 loop 
loop14        7:14   0  47.6M  1 loop 
loop15        7:15   0  22.6M  1 loop 
loop16        7:16   0 234.6M  1 loop 
loop17        7:17   0  11.8M  1 loop 
loop18        7:18   0 119.9M  1 loop 
loop19        7:19   0 229.5M  1 loop 
loop20        7:20   0 251.7M  1 loop 
loop21        7:21   0 251.7M  1 loop 
loop22        7:22   0 127.9M  1 loop 
loop23        7:23   0 164.8M  1 loop 
loop24        7:24   0  18.5M  1 loop 
loop25        7:25   0 516.2M  1 loop 
loop26        7:26   0  16.5M  1 loop 
loop27        7:27   0 669.8M  1 loop 
loop28        7:28   0 531.4M  1 loop 
loop29        7:29   0  91.7M  1 loop 
loop30        7:30   0 606.1M  1 loop 
loop31        7:31   0   395M  1 loop 
loop32        7:32   0   6.9M  1 loop 
loop33        7:33   0  95.9M  1 loop 
loop34        7:34   0  14.4M  1 loop 
loop35        7:35   0  10.8M  1 loop 
loop36        7:36   0  17.6M  1 loop 
loop37        7:37   0  50.9M  1 loop 
loop38        7:38   0  48.1M  1 loop 
loop39        7:39   0   576K  1 loop 
loop40        7:40   0   576K  1 loop 
loop41        7:41   0 226.3M  1 loop 
loop42        7:42   0 226.6M  1 loop 
loop43        7:43   0 460.6M  1 loop 
loop44        7:44   0   581M  1 loop 
loop45        7:45   0 579.5M  1 loop 
loop46        7:46   0   239M  1 loop 
loop47        7:47   0 177.4M  1 loop 
nvme0n1     259:0    0 953.9G  0 disk 
|-nvme0n1p1 259:1    0   260M  0 part 
|-nvme0n1p2 259:2    0    16M  0 part 
|-nvme0n1p3 259:3    0 152.3G  0 part 
|-nvme0n1p4 259:4    0 410.2G  0 part 
|-nvme0n1p5 259:5    0  97.7G  0 part 
|-nvme0n1p6 259:6    0  97.7G  0 part 
|-nvme0n1p7 259:7    0   950M  0 part 
|-nvme0n1p8 259:8    0   260M  0 part 
`-nvme0n1p9 259:9    0 194.6G  0 part /etc/hosts
[DOCKER][STDOUT] END
[DOCKER] Raw stdout saved: ../ELF_samples/benign_report/armv7/raw/bd9605f1d09689ea4d64136e3d9c29b6ab987eb6ce4f218ae541228b56ca4511_2026-01-31_16-11-29_37e8d021_container_stdout.txt
[EventRouter] ARM detected at event 129 for cgroup 74396
[EventRouter] Discarded 128 pre-ARM events for cgroup 74396
[DOCKER] Container exit code: 1
[DOCKER][STDOUT] BEGIN
97ad905f17c0374d7577cfd293fa6a3cdac6e926a7830dbc8ddfdfaa5878b61d: eth1: No such device
[DOCKER][STDOUT] END
[DOCKER] Raw stdout saved: ../ELF_samples/benign_report/armv7/raw/97ad905f17c0374d7577cfd293fa6a3cdac6e926a7830dbc8ddfdfaa5878b61d_2026-01-31_16-11-29_69cf1dfe_container_stdout.txt
[CgroupManager] Added cgroup 74482 via bpftool
[EventRouter] DEBUG: EXEC #33 filename='/bin/true', triggers=['e69124f51db1db603e1b76c5e19cf7e0b2e6f95ae2e040845dfd4b7dce2ff884', '/tmp/e69124f51db1db603e1b76c5e19cf7e0b2e6f95ae2e040845dfd4b7dce2ff884']
[POOL] Collected 8 events for analysis (read from log file)
[POOL] Running analyzers on 8 events for c362c6a15019b7be7cb1d1cabc3cbde415193a30d08f2779895d6b41094284c2
[POOL] Analysis completed: 0 findings in 0.00s (7706 events/s)
[AI-Integration] Submitted task: 7b2e87f9
[AI] 7b2e87f9 queued for DeepSeek analysis
[CgroupManager] Removed cgroup 74224 via bpftool
[POOL] Cleanup scheduled for def88eb233e3
[DockerWorker-5] ✓ Completed: c362c6a15019b7be7cb1d1cabc3cbde415193a30d08f2779895d6b41094284c2 (8 events) (1.08s)
[DockerWorker-5] Starting: 67d144f06898447d13f6245cf5fb9ca74821fb90aeec4c8d55ef484020a0aaa8 (40_32bit)
[ANALYSISLOG] 67d144f06898447d13f6245cf5fb9ca74821fb90aeec4c8d55ef484020a0aaa8 -> ../ELF_samples/benign_report/armv7/raw/67d144f06898447d13f6245cf5fb9ca74821fb90aeec4c8d55ef484020a0aaa8_2026-01-31_16-11-30_816d228c.jsonl
[DOCKER] Selected image for libc=glibc: arm32v7/ubuntu:22.04
[POOL] Collected 22 events for analysis (read from log file)
[POOL] Running analyzers on 22 events for 60d618f3b3917fbae04431297e415464627797263f5f14d4746c006f8cdd7fe1
[POOL] Analysis completed: 0 findings in 0.00s (21099 events/s)
[AI-Integration] Submitted task: c8077907
[AI] c8077907 queued for DeepSeek analysis
[CgroupManager] Removed cgroup 74310 via bpftool
[POOL] Cleanup scheduled for a9cf0bd82a9b
[DockerWorker-2] ✓ Completed: 60d618f3b3917fbae04431297e415464627797263f5f14d4746c006f8cdd7fe1 (22 events) (1.11s)
[DockerWorker-2] Starting: d3d712220c6015dba8a8efa036da7331e01ac4746ffc32b99566271530aaeb38 (40_32bit)
[ANALYSISLOG] d3d712220c6015dba8a8efa036da7331e01ac4746ffc32b99566271530aaeb38 -> ../ELF_samples/benign_report/armv7/raw/d3d712220c6015dba8a8efa036da7331e01ac4746ffc32b99566271530aaeb38_2026-01-31_16-11-30_84c5cf53.jsonl
[DOCKER] Selected image for libc=glibc: arm32v7/ubuntu:22.04
[EventRouter] ARM detected at event 130 for cgroup 74482
[EventRouter] Discarded 129 pre-ARM events for cgroup 74482
[DOCKER] Container exit code: 1
[DOCKER][STDOUT] BEGIN
Plink: command-line connection utility
Release 0.71
Usage: plink [options] [user@]host [command]
       ("host" can also be a PuTTY saved session name)
Options:
  -V        print version information and exit
  -pgpfp    print PGP key fingerprints and exit
  -v        show verbose messages
  -load sessname  Load settings from saved session
  -ssh -telnet -rlogin -raw -serial
            force use of a particular protocol
  -P port   connect to specified port
  -l user   connect with specified username
  -batch    disable all interactive prompts
  -proxycmd command
            use 'command' as local proxy
  -sercfg configuration-string (e.g. 19200,8,n,1,X)
            Specify the serial configuration (serial only)
The following options only apply to SSH connections:
  -pw passw login with specified password
  -D [listen-IP:]listen-port
            Dynamic SOCKS-based port forwarding
  -L [listen-IP:]listen-port:host:port
            Forward local port to remote address
  -R [listen-IP:]listen-port:host:port
            Forward remote port to local address
  -X -x     enable / disable X11 forwarding
  -A -a     enable / disable agent forwarding
  -t -T     enable / disable pty allocation
  -1 -2     force use of particular protocol version
  -4 -6     force use of IPv4 or IPv6
  -C        enable compression
  -i key    private key file for user authentication
  -noagent  disable use of Pageant
  -agent    enable use of Pageant
  -noshare  disable use of connection sharing
  -share    enable use of connection sharing
  -hostkey aa:bb:cc:...
            manually specify a host key (may be repeated)
  -sanitise-stderr, -sanitise-stdout, -no-sanitise-stderr, -no-sanitise-stdout
            do/don't strip control chars from standard output/error
  -no-antispoof   omit anti-spoofing prompt after authentication
  -m file   read remote command(s) from file
  -s        remote command is an SSH subsystem (SSH-2 only)
  -N        don't start a shell/command (SSH-2 only)
  -nc host:port
            open tunnel in place of session (SSH-2 only)
  -sshlog file
  -sshrawlog file
            log protocol details to a file
  -shareexists
            test whether a connection-sharing upstream exists
[DOCKER][STDOUT] END
[DOCKER] Raw stdout saved: ../ELF_samples/benign_report/armv7/raw/e69124f51db1db603e1b76c5e19cf7e0b2e6f95ae2e040845dfd4b7dce2ff884_2026-01-31_16-11-29_979af05b_container_stdout.txt
[POOL] Collected 429 events for analysis (read from log file)
[POOL] Running analyzers on 429 events for bd9605f1d09689ea4d64136e3d9c29b6ab987eb6ce4f218ae541228b56ca4511
[POOL] Analysis completed: 0 findings in 0.00s (352103 events/s)
[AI-Integration] Submitted task: 37e8d021
[AI] 37e8d021 queued for DeepSeek analysis
[CgroupManager] Removed cgroup 74138 via bpftool
[POOL] Cleanup scheduled for 73211a298f9e
[DockerWorker-3] ✓ Completed: bd9605f1d09689ea4d64136e3d9c29b6ab987eb6ce4f218ae541228b56ca4511 (429 events) (1.22s)
[DockerWorker-3] Starting: 869ba3e4957f4f75665b3688092d13db43c36eb963f46a4d2305a203db9631d2 (40_32bit)
[ANALYSISLOG] 869ba3e4957f4f75665b3688092d13db43c36eb963f46a4d2305a203db9631d2 -> ../ELF_samples/benign_report/armv7/raw/869ba3e4957f4f75665b3688092d13db43c36eb963f46a4d2305a203db9631d2_2026-01-31_16-11-30_10113764.jsonl
[DOCKER] Selected image for libc=glibc: arm32v7/ubuntu:22.04
[POOL] Collected 6 events for analysis (read from log file)
[POOL] Running analyzers on 6 events for 97ad905f17c0374d7577cfd293fa6a3cdac6e926a7830dbc8ddfdfaa5878b61d
[POOL] Analysis completed: 0 findings in 0.00s (5772 events/s)
[AI-Integration] Submitted task: 69cf1dfe
[AI] 69cf1dfe queued for DeepSeek analysis
[CgroupManager] Removed cgroup 74396 via bpftool
[POOL] Cleanup scheduled for 35dc21281712
[DockerWorker-1] ✓ Completed: 97ad905f17c0374d7577cfd293fa6a3cdac6e926a7830dbc8ddfdfaa5878b61d (6 events) (1.15s)
[DockerWorker-1] Starting: 1d3455ebf81b429b4d434516c8b764d0cc8d278afc25145abe548b8b57b8a810 (40_32bit)
[ANALYSISLOG] 1d3455ebf81b429b4d434516c8b764d0cc8d278afc25145abe548b8b57b8a810 -> ../ELF_samples/benign_report/armv7/raw/1d3455ebf81b429b4d434516c8b764d0cc8d278afc25145abe548b8b57b8a810_2026-01-31_16-11-30_de0b4574.jsonl
[DOCKER] Selected image for libc=glibc: arm32v7/ubuntu:22.04
[CgroupManager] Added cgroup 74568 via bpftool
[EventRouter] DEBUG: EXEC #34 filename='/bin/true', triggers=['67d144f06898447d13f6245cf5fb9ca74821fb90aeec4c8d55ef484020a0aaa8', '/tmp/67d144f06898447d13f6245cf5fb9ca74821fb90aeec4c8d55ef484020a0aaa8']
[CgroupManager] Added cgroup 74654 via bpftool
[EventRouter] DEBUG: EXEC #33 filename='/bin/true', triggers=['d3d712220c6015dba8a8efa036da7331e01ac4746ffc32b99566271530aaeb38', '/tmp/d3d712220c6015dba8a8efa036da7331e01ac4746ffc32b99566271530aaeb38']
[CgroupManager] Added cgroup 74740 via bpftool
[EventRouter] DEBUG: EXEC #33 filename='/bin/true', triggers=['869ba3e4957f4f75665b3688092d13db43c36eb963f46a4d2305a203db9631d2', '/tmp/869ba3e4957f4f75665b3688092d13db43c36eb963f46a4d2305a203db9631d2']
[CgroupManager] Added cgroup 74826 via bpftool
[EventRouter] DEBUG: EXEC #34 filename='/bin/true', triggers=['1d3455ebf81b429b4d434516c8b764d0cc8d278afc25145abe548b8b57b8a810', '/tmp/1d3455ebf81b429b4d434516c8b764d0cc8d278afc25145abe548b8b57b8a810']
[EventRouter] ARM detected at event 130 for cgroup 74568
[EventRouter] Discarded 129 pre-ARM events for cgroup 74568
[DOCKER] Container exit code: 0
[DOCKER][STDOUT] BEGIN
Usage: slattach [-ehlLmnqv] [-k keepalive] [-o outfill] [-c cmd] [-s speed] [-p protocol] tty | -
       slattach -V | --version
[DOCKER][STDOUT] END
[DOCKER] Raw stdout saved: ../ELF_samples/benign_report/armv7/raw/67d144f06898447d13f6245cf5fb9ca74821fb90aeec4c8d55ef484020a0aaa8_2026-01-31_16-11-30_816d228c_container_stdout.txt
[POOL] Collected 7 events for analysis (read from log file)
[POOL] Running analyzers on 7 events for e69124f51db1db603e1b76c5e19cf7e0b2e6f95ae2e040845dfd4b7dce2ff884
[POOL] Analysis completed: 0 findings in 0.00s (6753 events/s)
[AI-Integration] Submitted task: 979af05b
[AI] 979af05b queued for DeepSeek analysis
[CgroupManager] Removed cgroup 74482 via bpftool
[POOL] Cleanup scheduled for 0c9ec7c26b35
[DockerWorker-4] ✓ Completed: e69124f51db1db603e1b76c5e19cf7e0b2e6f95ae2e040845dfd4b7dce2ff884 (7 events) (1.17s)
[EventRouter] ARM detected at event 167 for cgroup 74740
[EventRouter] Discarded 166 pre-ARM events for cgroup 74740
[DOCKER] Container exit code: 0
[EventRouter] ARM detected at event 132 for cgroup 74654
[EventRouter] Discarded 131 pre-ARM events for cgroup 74654
[DOCKER] Container exit code: 0
[EventRouter] ARM detected at event 127 for cgroup 74826
[EventRouter] Discarded 126 pre-ARM events for cgroup 74826
[DOCKER] Container exit code: 1
[DOCKER][STDOUT] BEGIN
1d3455ebf81b429b4d434516c8b764d0cc8d278afc25145abe548b8b57b8a810: bad usage
Try '1d3455ebf81b429b4d434516c8b764d0cc8d278afc25145abe548b8b57b8a810 --help' for more information.
[DOCKER][STDOUT] END
[DOCKER] Raw stdout saved: ../ELF_samples/benign_report/armv7/raw/1d3455ebf81b429b4d434516c8b764d0cc8d278afc25145abe548b8b57b8a810_2026-01-31_16-11-30_de0b4574_container_stdout.txt
[POOL] Collected 5 events for analysis (read from log file)
[POOL] Running analyzers on 5 events for 67d144f06898447d13f6245cf5fb9ca74821fb90aeec4c8d55ef484020a0aaa8
[POOL] Analysis completed: 0 findings in 0.00s (4701 events/s)
[AI-Integration] Submitted task: 816d228c
[AI] 816d228c queued for DeepSeek analysis
[CgroupManager] Removed cgroup 74568 via bpftool
[POOL] Cleanup scheduled for 3c9240f9cdae
[DockerWorker-5] ✓ Completed: 67d144f06898447d13f6245cf5fb9ca74821fb90aeec4c8d55ef484020a0aaa8 (5 events) (1.07s)
[POOL] Collected 7 events for analysis (read from log file)
[POOL] Running analyzers on 7 events for 869ba3e4957f4f75665b3688092d13db43c36eb963f46a4d2305a203db9631d2
[POOL] Analysis completed: 0 findings in 0.00s (6772 events/s)
[AI-Integration] Submitted task: 10113764
[AI] 10113764 queued for DeepSeek analysis
[POOL] Collected 12 events for analysis (read from log file)
[POOL] Running analyzers on 12 events for d3d712220c6015dba8a8efa036da7331e01ac4746ffc32b99566271530aaeb38
[POOL] Analysis completed: 0 findings in 0.00s (11461 events/s)
[AI-Integration] Submitted task: 84c5cf53
[AI] 84c5cf53 queued for DeepSeek analysis
[CgroupManager] Removed cgroup 74740 via bpftool
[POOL] Cleanup scheduled for ef7e17ebae83
[DockerWorker-3] ✓ Completed: 869ba3e4957f4f75665b3688092d13db43c36eb963f46a4d2305a203db9631d2 (7 events) (1.06s)
[CgroupManager] Removed cgroup 74654 via bpftool
[POOL] Cleanup scheduled for 2c07533fe4a8
[DockerWorker-2] ✓ Completed: d3d712220c6015dba8a8efa036da7331e01ac4746ffc32b99566271530aaeb38 (12 events) (1.11s)
[POOL] Collected 8 events for analysis (read from log file)
[POOL] Running analyzers on 8 events for 1d3455ebf81b429b4d434516c8b764d0cc8d278afc25145abe548b8b57b8a810
[POOL] Analysis completed: 0 findings in 0.00s (7567 events/s)
[AI-Integration] Submitted task: de0b4574
[AI] de0b4574 queued for DeepSeek analysis
[CgroupManager] Removed cgroup 74826 via bpftool
[POOL] Cleanup scheduled for dd69b0406271
[DockerWorker-1] ✓ Completed: 1d3455ebf81b429b4d434516c8b764d0cc8d278afc25145abe548b8b57b8a810 (8 events) (1.05s)
[AI-Integration] Job 416578c5 analyzed via deepseek
[AI-Integration] Job f43b3b72 analyzed via deepseek
[POOL] Execution timed out for c965cab78c6e49c031857dee4ef8e7432ab47ea8a071bd73b674d1e3fd91cce4 after 15s
[POOL] Killing container f280e2673267...
[POOL] Container killed successfully
[DOCKER] Container exit code: -1
[POOL] Execution timed out - stopping BPF monitoring for cgroup 70956
[CgroupManager] Removed cgroup 70956 via bpftool
[AI-Integration] Job 883b8aab analyzed via deepseek
[POOL] Collected 51 events for analysis (read from log file)
[POOL] Running analyzers on 51 events for c965cab78c6e49c031857dee4ef8e7432ab47ea8a071bd73b674d1e3fd91cce4
[POOL] Analysis completed: 0 findings in 0.00s (45900 events/s)
[AI-Integration] Submitted task: 4c4c27d1
[AI] 4c4c27d1 queued for DeepSeek analysis
[CgroupManager] bpftool delete failed: Command '['sudo', '/usr/sbin/bpftool', 'map', 'delete', 'id', '513', 'key', 'hex', '2c', '15', '01', '00', '00', '00', '00', '00']' returned non-zero exit status 254.
[POOL] Cleanup scheduled for f280e2673267
[DockerWorker-0] ✓ Completed: c965cab78c6e49c031857dee4ef8e7432ab47ea8a071bd73b674d1e3fd91cce4 (51 events) (16.10s)
[DOCKER_POOL] All tasks completed, stopping workers...
[POOL] Failed to kill container f280e2673267: 409 Client Error for http+docker://localhost/v1.50/containers/f280e26732672ceb6052853e45b122772d73d23d629a8325c8e2b8b31c132594/kill: Conflict ("cannot kill container: f280e26732672ceb6052853e45b122772d73d23d629a8325c8e2b8b31c132594: container f280e26732672ceb6052853e45b122772d73d23d629a8325c8e2b8b31c132594 is not running")
[MPK] Stats integrity verified: Python stats match MPK-anchored stats.
[DOCKER_POOL] All workers stopped

================================================================================
[DOCKER_POOL] Execution Summary
================================================================================
Total tasks:     148
Successful:      138  (93.2%) - Normal execution
System Failed:   5    (3.4%) - Docker/Infrastructure errors

Performance:
  Total time:    197.95s
  Average time:  1.34s per task
  Throughput:    0.75 tasks/s

By Architecture:
  40_32bit    : 138 OK, 0 Crash, 5 Fail / 143 Total
================================================================================


--------------------------------------------------------------------------------
[WARNING] The following 5 failed:
--------------------------------------------------------------------------------
  - 973a9a67c3b1f8954d311a184b362ba4363a73f640b94df63be2ce93b1bc582b (40_32bit)
  - ed2a09b48fcacedc25a85da3dab0efc391c4c6bf7103bdae4824704eb1da4b0a (40_32bit)
  - 6b90289bdf4665d02489c3cfaf5e58c9c07045e2ffe392b1d75bf6b4d5a67d49 (40_32bit)
  - 01b8ce19cf3cc1d3c6f87c3ec258b97f51447eb735265e7448c5fbdba1de04af (40_32bit)
  - dd949aceb8f1f50088cc69349f0cb154902f41ade9d344d193f3614171bbfa86 (40_32bit)
================================================================================



[EVENT ROUTER STATS]
  Total events routed: 44878
  Events compressed: 804
  Compression ratio: 1.8% (45682 -> 44878)
  Events dropped: 0
  Unknown cgroups: 18
  Queue overflows: 0
  Active cgroups: 0

  Shard distribution (16 shards):
    Shard 0: 329 events, 0 overflows, 22 compressed
    Shard 2: 471 events, 0 overflows, 146 compressed
    Shard 4: 399 events, 0 overflows, 20 compressed
    Shard 6: 409 events, 0 overflows, 86 compressed
    Shard 8: 325 events, 0 overflows, 10 compressed
    Shard 10: 42023 events, 0 overflows, 451 compressed
    Shard 12: 582 events, 0 overflows, 1 compressed
    Shard 14: 340 events, 0 overflows, 68 compressed
[DOCKER_POOL] Saved 5 failed tasks to failed_tasks.json
[MONITOR_READER] Stopping...
[AI-Integration] Job 8343a4d6 analyzed via deepseek
[AI-Integration] Job 2121498e analyzed via deepseek

[MONITOR] Stopping global monitor process...
[AI-Integration] Job 517ecbd6 analyzed via deepseek
[AI-Integration] Job 488c4e5c analyzed via deepseek
[MONITOR_READER] Monitor process terminated
[MONITOR_READER] Stopped
[MONITOR] ✓ Global monitor process terminated

[AI] Waiting for DeepSeek analysis to complete...
[DEEPSEEK] Waiting for 0 tasks to complete...
[AI-Integration] Job e00e93a8 analyzed via deepseek
[AI-Integration] Job 1333ce08 analyzed via deepseek
[AI-Integration] Job 6212b7ba analyzed via deepseek
[AI-Integration] Job da463420 analyzed via deepseek
[AI-Integration] Job 60698f68 analyzed via deepseek
[AI-Integration] Job fd683aae analyzed via deepseek
[AI-Integration] Job b14fc466 analyzed via deepseek
[AI-Integration] Job e6356bc6 analyzed via deepseek
[AI-Integration] Job cdb9db23 analyzed via deepseek
[AI-Integration] Job 2cb31228 analyzed via deepseek
[AI-Integration] Job f6986a18 analyzed via deepseek
[AI-Integration] Job 6cc7be49 analyzed via deepseek
[AI-Integration] Job 12d29859 analyzed via deepseek
[AI-Integration] Job 0a13ac58 analyzed via deepseek
[AI-Integration] Job c3aa5187 analyzed via deepseek
[AI-Integration] Job 7b18f0d1 analyzed via deepseek
[AI-Integration] Job 6cb955a4 analyzed via deepseek
[AI-Integration] Job 29412736 analyzed via deepseek
[AI-Integration] Job f5da5f9a analyzed via deepseek
[AI-Integration] Job 67d11f97 analyzed via deepseek
[AI-Integration] Job e1991b3b analyzed via deepseek
[AI-Integration] Job 6f507548 analyzed via deepseek
[AI-Integration] Job 7eb743fe analyzed via deepseek
[AI-Integration] Job ead0aea5 analyzed via deepseek
[AI-Integration] Job 021a733f analyzed via deepseek
[AI-Integration] Job ba6ccda2 analyzed via deepseek
[AI-Integration] Job bca594fe analyzed via deepseek
[AI-Integration] Job 5520db18 analyzed via deepseek
[AI-Integration] Job aa788553 analyzed via deepseek
[AI-Integration] Job af6f82b6 analyzed via deepseek
[AI-Integration] Job 6bff19a8 analyzed via deepseek
[AI-Integration] Job 07746a9a analyzed via deepseek
[AI-Integration] Job 8dcac70b analyzed via deepseek
[AI-Integration] Job e1ae9f80 analyzed via deepseek
[AI-Integration] Job 4290ff49 analyzed via deepseek
[AI-Integration] Job 422f5c22 analyzed via deepseek
[AI-Integration] Job f2344f4d analyzed via deepseek
[AI-Integration] Job 65f0ac72 analyzed via deepseek
[AI-Integration] Job cf6540f3 analyzed via deepseek
[AI-Integration] Job 8f440b6e analyzed via deepseek
[AI-Integration] Job 5ecca848 analyzed via deepseek
[AI-Integration] Job 2bffe401 analyzed via deepseek
[AI-Integration] Job f4abddf7 analyzed via deepseek
[AI-Integration] Job ccd635f6 analyzed via deepseek
[AI-Integration] Job b6a0b3a6 analyzed via deepseek
[AI-Integration] Job 2e735a01 analyzed via deepseek
[AI-Integration] Job 4c10fcb5 analyzed via deepseek
[AI-Integration] Job 4380ebd3 analyzed via deepseek
[AI-Integration] Job 75abffb7 analyzed via deepseek
[AI-Integration] Job ce9e8ba3 analyzed via deepseek
[AI-Integration] Job 9048378b analyzed via deepseek
[AI-Integration] Job 7d600e05 analyzed via deepseek
[AI-Integration] Job 335a6522 analyzed via deepseek
[AI-Integration] Job 5899b200 analyzed via deepseek
[AI-Integration] Job dabe1971 analyzed via deepseek
[AI-Integration] Job 6c521562 analyzed via deepseek
[AI-Integration] Job fdbcbfb8 analyzed via deepseek
[AI-Integration] Job afb7d609 analyzed via deepseek
[AI-Integration] Job 0ec4de7c analyzed via deepseek
[AI-Integration] Job 3631863c analyzed via deepseek
[AI-Integration] Job 2d12a197 analyzed via deepseek
[AI-Integration] Job 59188263 analyzed via deepseek
[AI-Integration] Job f7ee9654 analyzed via deepseek
[AI-Integration] Job bbac5875 analyzed via deepseek
[AI-Integration] Job b96d4d2b analyzed via deepseek
[AI-Integration] Job 04adff60 analyzed via deepseek
[AI-Integration] Job fc2f73b7 analyzed via deepseek
[AI-Integration] Job ddedfc9b analyzed via deepseek
[AI-Integration] Job d519baa3 analyzed via deepseek
[AI-Integration] Job c61de048 analyzed via deepseek
[AI-Integration] Job 0da3f8b8 analyzed via deepseek
[AI-Integration] Job 423c3ccf analyzed via deepseek
[AI-Integration] Job 425d11fd analyzed via deepseek
[AI-Integration] Job 5185f71a analyzed via deepseek
[AI-Integration] Job 347d0a0f analyzed via deepseek
[AI-Integration] Job ed3df21a analyzed via deepseek
[AI-Integration] Job 5cb11b0e analyzed via deepseek
[AI-Integration] Job 2ebbb0ea analyzed via deepseek
[AI-Integration] Job afa08ba1 analyzed via deepseek
[AI-Integration] Job 9193d2eb analyzed via deepseek
[AI-Integration] Job bfa8537c analyzed via deepseek
[AI-Integration] Job 57303b42 analyzed via deepseek
[AI-Integration] Job 6372ea02 analyzed via deepseek
[AI-Integration] Job 5d0e7005 analyzed via deepseek
[AI-Integration] Job a07f94d0 analyzed via deepseek
[AI-Integration] Job 48fba0f7 analyzed via deepseek
[AI-Integration] Job 3799cf3e analyzed via deepseek
[AI-Integration] Job 4084df3d analyzed via deepseek
[AI-Integration] Job 34edea6b analyzed via deepseek
[AI-Integration] Job 0efd71de analyzed via deepseek
[AI-Integration] Job 56284b9d analyzed via deepseek
[AI-Integration] Job 7864a2dd analyzed via deepseek
[AI-Integration] Job 3245e6d6 analyzed via deepseek
[AI-Integration] Job 260f4610 analyzed via deepseek
[AI-Integration] Job 26f9af99 analyzed via deepseek
[AI-Integration] Job c00d24ea analyzed via deepseek
[AI-Integration] Job bf8e7e03 analyzed via deepseek
[AI-Integration] Job 3dc75c36 analyzed via deepseek
[AI-Integration] Job 75f8831a analyzed via deepseek
[AI-Integration] Job 9e7e0820 analyzed via deepseek
[AI-Integration] Job dd54ee4f analyzed via deepseek
[AI-Integration] Job 9fcb2623 analyzed via deepseek
[AI-Integration] Job b6e919b4 analyzed via deepseek
[AI-Integration] Job 3826d360 analyzed via deepseek
[AI-Integration] Job 7b2e87f9 analyzed via deepseek
[AI-Integration] Job c8077907 analyzed via deepseek
[AI-Integration] Job 69cf1dfe analyzed via deepseek
[AI-Integration] Job 816d228c analyzed via deepseek
[AI-Integration] Job 979af05b analyzed via deepseek
[AI-Integration] Job 37e8d021 analyzed via deepseek
[AI-Integration] Job 10113764 analyzed via deepseek
[AI-Integration] Job 84c5cf53 analyzed via deepseek
[AI-Integration] Job de0b4574 analyzed via deepseek
[AI-Integration] Job 4c4c27d1 analyzed via deepseek
[DEEPSEEK] All tasks completed
[AI] Analysis complete:
  Total analyzed: 143
  Successful: 143
  Failed: 0
  In progress: 0
  Queued: 0
[AI-Integration] Waiting for tasks to complete...
[AI-Integration] Stopped
[AI] ✓ DeepSeek integration stopped

[EVENT ROUTER] Statistics:
  Events routed: 44878
  Unknown cgroups: 18
  Queue overflows: 0

[MONITOR READER] Statistics:
  Lines read: 69346
  Events parsed: 69346
  Parse errors: 0

[WRAPPER] Total execution time: 185.67 seconds
Would you like to exit the wrapper? [y/N]: 
Monitor terminated.
[WRAPPER] Performing final docker cleanup (prune)...
[WRAPPER] ✓ Docker container prune completed
