[MPK] Protection Keys allocated: Config Key=1, FD Key=2
[CONFIG] Analysis logs will be written to: ../ELF_samples/benign_report/armv8/raw
[SCAN] Analyzing executables in: /home/zzh/Compass-Proj1/MirrorShield/ELF_samples/benign/armv8-aarch64
[SCAN] Found 151 supported executable(s)
[INFO] Writing vulnerability reports to session file /home/zzh/Compass-Proj1/MirrorShield/Wrapper/report/report_session_2026-01-31_16-19-09_2b0ec6aa.log

[POOL MODE] Using Docker pool with 6 concurrent workers
[POOL MODE] Queue strategy: grouped
[MONITOR] Starting global monitor process...
[MONITOR] Command: sudo /home/zzh/Compass-Proj1/MirrorShield/Wrapper/monitor
[CgroupManager] Warning: No BPF object and no pinned map found
[CgroupManager] Will use bpftool for map operations
[MONITOR] Global monitor started successfully (PID: 246937)
[MONITOR_READER] Started reading monitor output
[POOL MODE] Performing BPF health check and warm-up...
[POOL MODE] Step 1/3: Basic stabilization...
[POOL MODE] Step 2/3: Probe container test - warming up BPF...
[DOCKER] Selected image for libc=glibc: ubuntu:24.04
[POOL MODE] Probe: PID=247123, cgroup=88930
[CgroupManager] Added cgroup 88930 via bpftool
[CgroupManager] Removed cgroup 88930 via bpftool
[POOL MODE] ✓ Probe container completed - BPF warmed up
[POOL MODE] Step 3/3: Final stabilization (0.5s)...
[POOL MODE] ✓ BPF health check PASSED - ready for concurrent execution
Loaded Provider: deepseek | Model: deepseek-chat
[AI-Integration] Initialized with max_workers=6
[AI-Integration] Current Provider: deepseek
[AI-Integration] Started worker pool
[AI] ✓ DeepSeek AI analysis enabled (6 workers)
[DOCKER_POOL] Submitted 151 tasks to queue (queue size: 151)
[DOCKER_POOL] Starting 6 workers...
[DockerWorker-0] Starting: f055eb724303d32124cd9dc56acd275f837295684aeb2d552c83451218bf162a (183_64bit)
[DockerWorker-1] Starting: 107958fd0530bbaecc38f4d2216671b2d50fa2cf2e8f1cb8d6a0ec4f66763136 (183_64bit)
[DockerWorker-2] Starting: 60a2d5c8f41f15680fd11df647fda17dbc2e5e98715cd529b260c0602084c795 (183_64bit)
[DockerWorker-3] Starting: 4beeee2e5fcbe8932f04153fcb641690abd0ffbf8bf12dc6f0b928d40c5bd58f (183_64bit)
[ANALYSISLOG] f055eb724303d32124cd9dc56acd275f837295684aeb2d552c83451218bf162a -> ../ELF_samples/benign_report/armv8/raw/f055eb724303d32124cd9dc56acd275f837295684aeb2d552c83451218bf162a_2026-01-31_16-19-16_f96f4537.jsonl
[DOCKER] Selected image for libc=glibc: arm64v8/ubuntu:24.04
[DockerWorker-4] Starting: 64ebc8f8cb2febccac0e61a8dff72e9f682907c499a3af4c1ccd3e5447da1684 (183_64bit)
[ANALYSISLOG] 107958fd0530bbaecc38f4d2216671b2d50fa2cf2e8f1cb8d6a0ec4f66763136 -> ../ELF_samples/benign_report/armv8/raw/107958fd0530bbaecc38f4d2216671b2d50fa2cf2e8f1cb8d6a0ec4f66763136_2026-01-31_16-19-16_1fd85af9.jsonl
[DOCKER] Selected image for libc=glibc: arm64v8/ubuntu:24.04
[ANALYSISLOG] 60a2d5c8f41f15680fd11df647fda17dbc2e5e98715cd529b260c0602084c795 -> ../ELF_samples/benign_report/armv8/raw/60a2d5c8f41f15680fd11df647fda17dbc2e5e98715cd529b260c0602084c795_2026-01-31_16-19-16_e816d15f.jsonl
[DOCKER] Selected image for libc=glibc: arm64v8/ubuntu:24.04
[ANALYSISLOG] 4beeee2e5fcbe8932f04153fcb641690abd0ffbf8bf12dc6f0b928d40c5bd58f -> ../ELF_samples/benign_report/armv8/raw/4beeee2e5fcbe8932f04153fcb641690abd0ffbf8bf12dc6f0b928d40c5bd58f_2026-01-31_16-19-16_66920ef1.jsonl
[DOCKER] Selected image for libc=glibc: arm64v8/ubuntu:24.04
[ANALYSISLOG] 64ebc8f8cb2febccac0e61a8dff72e9f682907c499a3af4c1ccd3e5447da1684 -> ../ELF_samples/benign_report/armv8/raw/64ebc8f8cb2febccac0e61a8dff72e9f682907c499a3af4c1ccd3e5447da1684_2026-01-31_16-19-16_d968c5aa.jsonl
[DOCKER] Selected image for libc=glibc: arm64v8/ubuntu:24.04
[DockerWorker-5] Starting: 02cf982ed93e6be9f88be25e1691b1b2af0ca1bd8ec023fd21d227199a2f4a34 (183_64bit)
[DOCKER_POOL] 6 workers started
[DOCKER_POOL] Waiting for all tasks to complete...
[ANALYSISLOG] 02cf982ed93e6be9f88be25e1691b1b2af0ca1bd8ec023fd21d227199a2f4a34 -> ../ELF_samples/benign_report/armv8/raw/02cf982ed93e6be9f88be25e1691b1b2af0ca1bd8ec023fd21d227199a2f4a34_2026-01-31_16-19-16_93501a8e.jsonl
[DOCKER] Selected image for libc=glibc: arm64v8/ubuntu:24.04
[CgroupManager] Added cgroup 89016 via bpftool
[CgroupManager] Added cgroup 89188 via bpftool
[EventRouter] DEBUG: EXEC #33 filename='/bin/true', triggers=['64ebc8f8cb2febccac0e61a8dff72e9f682907c499a3af4c1ccd3e5447da1684', '/tmp/64ebc8f8cb2febccac0e61a8dff72e9f682907c499a3af4c1ccd3e5447da1684']
[CgroupManager] Added cgroup 89446 via bpftool
[EventRouter] DEBUG: EXEC #33 filename='/bin/true', triggers=['f055eb724303d32124cd9dc56acd275f837295684aeb2d552c83451218bf162a', '/tmp/f055eb724303d32124cd9dc56acd275f837295684aeb2d552c83451218bf162a']
[CgroupManager] Added cgroup 89274 via bpftool
[EventRouter] DEBUG: EXEC #34 filename='/bin/true', triggers=['4beeee2e5fcbe8932f04153fcb641690abd0ffbf8bf12dc6f0b928d40c5bd58f', '/tmp/4beeee2e5fcbe8932f04153fcb641690abd0ffbf8bf12dc6f0b928d40c5bd58f']
[CgroupManager] Added cgroup 89360 via bpftool
[CgroupManager] Added cgroup 89102 via bpftool
[EventRouter] DEBUG: EXEC #33 filename='/bin/true', triggers=['107958fd0530bbaecc38f4d2216671b2d50fa2cf2e8f1cb8d6a0ec4f66763136', '/tmp/107958fd0530bbaecc38f4d2216671b2d50fa2cf2e8f1cb8d6a0ec4f66763136']
[EventRouter] ARM detected at event 120 for cgroup 89188
[EventRouter] Discarded 119 pre-ARM events for cgroup 89188
[EventRouter] ARM detected at event 121 for cgroup 89446
[EventRouter] Discarded 120 pre-ARM events for cgroup 89446
[DOCKER] Container exit code: 0
[DOCKER][STDOUT] BEGIN
tick = 9999
[DOCKER][STDOUT] END
[DOCKER] Raw stdout saved: ../ELF_samples/benign_report/armv8/raw/4beeee2e5fcbe8932f04153fcb641690abd0ffbf8bf12dc6f0b928d40c5bd58f_2026-01-31_16-19-16_66920ef1_container_stdout.txt
[EventRouter] ARM detected at event 121 for cgroup 89016
[EventRouter] Discarded 120 pre-ARM events for cgroup 89016
[EventRouter] ARM detected at event 143 for cgroup 89274
[EventRouter] Discarded 142 pre-ARM events for cgroup 89274
[DOCKER] Container exit code: 0
[DOCKER][STDOUT] BEGIN
Usage: plipconfig interface [nibble NN] [trigger NN]
       plipconfig -V | --version
       plipconfig -h | --help
[DOCKER][STDOUT] END
[DOCKER] Raw stdout saved: ../ELF_samples/benign_report/armv8/raw/64ebc8f8cb2febccac0e61a8dff72e9f682907c499a3af4c1ccd3e5447da1684_2026-01-31_16-19-16_d968c5aa_container_stdout.txt
[DOCKER] Container exit code: 1
[DOCKER][STDOUT] BEGIN
Usage: whois [OPTION]... OBJECT...

-h HOST, --host HOST   connect to server HOST
-p PORT, --port PORT   connect to PORT
-H                     hide legal disclaimers
      --verbose        explain what is being done
      --help           display this help and exit
      --version        output version information and exit

These flags are supported by whois.ripe.net and some RIPE-like servers:
-l                     find the one level less specific match
-L                     find all levels less specific matches
-m                     find all one level more specific matches
-M                     find all levels of more specific matches
-c                     find the smallest match containing a mnt-irt attribute
-x                     exact match
-b                     return brief IP address ranges with abuse contact
-B                     turn off object filtering (show email addresses)
-G                     turn off grouping of associated objects
-d                     return DNS reverse delegation objects too
-i ATTR[,ATTR]...      do an inverse look-up for specified ATTRibutes
-T TYPE[,TYPE]...      only look for objects of TYPE
-K                     only primary keys are returned
-r                     turn off recursive look-ups for contact information
-R                     force to show local copy of the domain object even
                       if it contains referral
-a                     also search all the mirrored databases
-s SOURCE[,SOURCE]...  search the database mirrored from SOURCE
-g SOURCE:FIRST-LAST   find updates from SOURCE from serial FIRST to LAST
-t TYPE                request template for object of TYPE
-v TYPE                request verbose template for object of TYPE
-q [version|sources|types]  query specified server info
[DOCKER][STDOUT] END
[DOCKER] Raw stdout saved: ../ELF_samples/benign_report/armv8/raw/02cf982ed93e6be9f88be25e1691b1b2af0ca1bd8ec023fd21d227199a2f4a34_2026-01-31_16-19-16_93501a8e_container_stdout.txt
[EventRouter] ARM detected at event 123 for cgroup 89360
[EventRouter] Discarded 122 pre-ARM events for cgroup 89360
[DOCKER] Container exit code: 1
[DOCKER][STDOUT] BEGIN
Usage: clockdiff [-o] <host>
[DOCKER][STDOUT] END
[DOCKER] Raw stdout saved: ../ELF_samples/benign_report/armv8/raw/107958fd0530bbaecc38f4d2216671b2d50fa2cf2e8f1cb8d6a0ec4f66763136_2026-01-31_16-19-16_1fd85af9_container_stdout.txt
[EventRouter] ARM detected at event 158 for cgroup 89102
[EventRouter] Discarded 157 pre-ARM events for cgroup 89102
[DOCKER] Container exit code: 1
[DOCKER][STDOUT] BEGIN
usage: knock [options] <host> <port[:proto]> [port[:proto]] ...
options:
  -u, --udp            make all ports hits use UDP (default is TCP)
  -d, --delay <t>      wait <t> milliseconds between port hits
  -v, --verbose        be verbose
  -V, --version        display version
  -h, --help           this help

example:  knock myserver.example.com 123:tcp 456:udp 789:tcp
[DOCKER][STDOUT] END
[DOCKER] Raw stdout saved: ../ELF_samples/benign_report/armv8/raw/60a2d5c8f41f15680fd11df647fda17dbc2e5e98715cd529b260c0602084c795_2026-01-31_16-19-16_e816d15f_container_stdout.txt
[DOCKER] Container exit code: 1
[DOCKER][STDOUT] BEGIN
NO WINDOWS: -!- Irssi: Transliterations not supported in this system
TERM environment not set
Can't initialize screen handling.
[DOCKER][STDOUT] END
[DOCKER] Raw stdout saved: ../ELF_samples/benign_report/armv8/raw/f055eb724303d32124cd9dc56acd275f837295684aeb2d552c83451218bf162a_2026-01-31_16-19-16_f96f4537_container_stdout.txt
[POOL] Collected 6 events for analysis (read from log file)
[POOL] Running analyzers on 6 events for 4beeee2e5fcbe8932f04153fcb641690abd0ffbf8bf12dc6f0b928d40c5bd58f
[POOL] Analysis completed: 0 findings in 0.00s (5503 events/s)
[AI-Integration] Submitted task: 66920ef1
[AI] 66920ef1 queued for DeepSeek analysis
[CgroupManager] Removed cgroup 89446 via bpftool
[POOL] Cleanup scheduled for e69ee624761a
[DockerWorker-3] ✓ Completed: 4beeee2e5fcbe8932f04153fcb641690abd0ffbf8bf12dc6f0b928d40c5bd58f (6 events) (1.10s)
[DockerWorker-3] Starting: 0f6d88becb389fb13fa33c24085c21908025c22e19c896d213f893a06707fa36 (183_64bit)
[ANALYSISLOG] 0f6d88becb389fb13fa33c24085c21908025c22e19c896d213f893a06707fa36 -> ../ELF_samples/benign_report/armv8/raw/0f6d88becb389fb13fa33c24085c21908025c22e19c896d213f893a06707fa36_2026-01-31_16-19-17_3d66c127.jsonl
[DOCKER] Selected image for libc=glibc: arm64v8/ubuntu:24.04
[POOL] Collected 9 events for analysis (read from log file)
[POOL] Running analyzers on 9 events for 64ebc8f8cb2febccac0e61a8dff72e9f682907c499a3af4c1ccd3e5447da1684
[POOL] Analysis completed: 0 findings in 0.00s (8350 events/s)
[AI-Integration] Submitted task: d968c5aa
[AI] d968c5aa queued for DeepSeek analysis
[POOL] Collected 5 events for analysis (read from log file)
[POOL] Running analyzers on 5 events for 02cf982ed93e6be9f88be25e1691b1b2af0ca1bd8ec023fd21d227199a2f4a34
[POOL] Analysis completed: 0 findings in 0.00s (4811 events/s)
[AI-Integration] Submitted task: 93501a8e
[AI] 93501a8e queued for DeepSeek analysis
[CgroupManager] Removed cgroup 89016 via bpftool
[POOL] Cleanup scheduled for b3289f9e0dc7
[DockerWorker-4] ✓ Completed: 64ebc8f8cb2febccac0e61a8dff72e9f682907c499a3af4c1ccd3e5447da1684 (9 events) (1.15s)
[DockerWorker-4] Starting: 9ee8e3765b2fc4ea6f373c56f9e909774a2627eb26911616b1826a590decc06c (183_64bit)
[ANALYSISLOG] 9ee8e3765b2fc4ea6f373c56f9e909774a2627eb26911616b1826a590decc06c -> ../ELF_samples/benign_report/armv8/raw/9ee8e3765b2fc4ea6f373c56f9e909774a2627eb26911616b1826a590decc06c_2026-01-31_16-19-17_43c7b898.jsonl
[DOCKER] Selected image for libc=glibc: arm64v8/ubuntu:24.04
[POOL] Collected 6 events for analysis (read from log file)
[POOL] Running analyzers on 6 events for 107958fd0530bbaecc38f4d2216671b2d50fa2cf2e8f1cb8d6a0ec4f66763136
[POOL] Analysis completed: 1 findings in 0.00s (5108 events/s)
[AI-Integration] Submitted task: 1fd85af9
[AI] 1fd85af9 queued for DeepSeek analysis
[CgroupManager] Removed cgroup 89274 via bpftool
[POOL] Cleanup scheduled for 8b30683ee390
[DockerWorker-5] ✓ Completed: 02cf982ed93e6be9f88be25e1691b1b2af0ca1bd8ec023fd21d227199a2f4a34 (5 events) (1.17s)
[DockerWorker-5] Starting: 9335a9eb1542e08d2ca4bf01018c85994b67c71bf3ca35ba791adbee47286223 (183_64bit)
[ANALYSISLOG] 9335a9eb1542e08d2ca4bf01018c85994b67c71bf3ca35ba791adbee47286223 -> ../ELF_samples/benign_report/armv8/raw/9335a9eb1542e08d2ca4bf01018c85994b67c71bf3ca35ba791adbee47286223_2026-01-31_16-19-17_e9010d86.jsonl
[DOCKER] Selected image for libc=glibc: arm64v8/ubuntu:24.04
[CgroupManager] Removed cgroup 89360 via bpftool
[POOL] Cleanup scheduled for d3558838f31e
[DockerWorker-1] ✓ Completed: 107958fd0530bbaecc38f4d2216671b2d50fa2cf2e8f1cb8d6a0ec4f66763136 (6 events) (1.19s)
[DockerWorker-1] Starting: 4ffa72cbb909f7159b39f5b68895e961a6fd8c64f9dc613e50e1649b123e6e47 (183_64bit)
[ANALYSISLOG] 4ffa72cbb909f7159b39f5b68895e961a6fd8c64f9dc613e50e1649b123e6e47 -> ../ELF_samples/benign_report/armv8/raw/4ffa72cbb909f7159b39f5b68895e961a6fd8c64f9dc613e50e1649b123e6e47_2026-01-31_16-19-17_6da16354.jsonl
[DOCKER] Selected image for libc=glibc: arm64v8/ubuntu:24.04
[POOL] Collected 6 events for analysis (read from log file)
[POOL] Running analyzers on 6 events for 60a2d5c8f41f15680fd11df647fda17dbc2e5e98715cd529b260c0602084c795
[POOL] Analysis completed: 0 findings in 0.00s (5719 events/s)
[AI-Integration] Submitted task: e816d15f
[AI] e816d15f queued for DeepSeek analysis
[CgroupManager] Removed cgroup 89102 via bpftool
[POOL] Cleanup scheduled for 080fdca38333
[DockerWorker-2] ✓ Completed: 60a2d5c8f41f15680fd11df647fda17dbc2e5e98715cd529b260c0602084c795 (6 events) (1.23s)
[DockerWorker-2] Starting: 2a9ddb103993f639dac0b3df6f1d63187dbeb4fe223e2b61dd72e84dc69fcbdc (183_64bit)
[ANALYSISLOG] 2a9ddb103993f639dac0b3df6f1d63187dbeb4fe223e2b61dd72e84dc69fcbdc -> ../ELF_samples/benign_report/armv8/raw/2a9ddb103993f639dac0b3df6f1d63187dbeb4fe223e2b61dd72e84dc69fcbdc_2026-01-31_16-19-17_1296568c.jsonl
[DOCKER] Selected image for libc=glibc: arm64v8/ubuntu:24.04
[POOL] Collected 13 events for analysis (read from log file)
[POOL] Running analyzers on 13 events for f055eb724303d32124cd9dc56acd275f837295684aeb2d552c83451218bf162a
[POOL] Analysis completed: 0 findings in 0.00s (11868 events/s)
[AI-Integration] Submitted task: f96f4537
[AI] f96f4537 queued for DeepSeek analysis
[CgroupManager] Removed cgroup 89188 via bpftool
[POOL] Cleanup scheduled for 1738b9e3cd93
[DockerWorker-0] ✓ Completed: f055eb724303d32124cd9dc56acd275f837295684aeb2d552c83451218bf162a (13 events) (1.30s)
[DockerWorker-0] Starting: 445041d3e428d76bd2648fd0cacb6bebd8a0e0547e92c07259a0f102d5f49609 (183_64bit)
[ANALYSISLOG] 445041d3e428d76bd2648fd0cacb6bebd8a0e0547e92c07259a0f102d5f49609 -> ../ELF_samples/benign_report/armv8/raw/445041d3e428d76bd2648fd0cacb6bebd8a0e0547e92c07259a0f102d5f49609_2026-01-31_16-19-17_a75c790f.jsonl
[DOCKER] Selected image for libc=glibc: arm64v8/ubuntu:24.04
[CgroupManager] Added cgroup 89532 via bpftool
[EventRouter] DEBUG: EXEC #33 filename='/bin/true', triggers=['0f6d88becb389fb13fa33c24085c21908025c22e19c896d213f893a06707fa36', '/tmp/0f6d88becb389fb13fa33c24085c21908025c22e19c896d213f893a06707fa36']
[CgroupManager] Added cgroup 89618 via bpftool
[CgroupManager] Added cgroup 89790 via bpftool
[CgroupManager] Added cgroup 89876 via bpftool
[EventRouter] DEBUG: EXEC #34 filename='/bin/true', triggers=['9ee8e3765b2fc4ea6f373c56f9e909774a2627eb26911616b1826a590decc06c', '/tmp/9ee8e3765b2fc4ea6f373c56f9e909774a2627eb26911616b1826a590decc06c']
[CgroupManager] Added cgroup 89704 via bpftool
[EventRouter] DEBUG: EXEC #33 filename='/bin/true', triggers=['4ffa72cbb909f7159b39f5b68895e961a6fd8c64f9dc613e50e1649b123e6e47', '/tmp/4ffa72cbb909f7159b39f5b68895e961a6fd8c64f9dc613e50e1649b123e6e47']
[EventRouter] DEBUG: EXEC #34 filename='/bin/true', triggers=['2a9ddb103993f639dac0b3df6f1d63187dbeb4fe223e2b61dd72e84dc69fcbdc', '/tmp/2a9ddb103993f639dac0b3df6f1d63187dbeb4fe223e2b61dd72e84dc69fcbdc']
[EventRouter] DEBUG: EXEC #34 filename='/bin/true', triggers=['9335a9eb1542e08d2ca4bf01018c85994b67c71bf3ca35ba791adbee47286223', '/tmp/9335a9eb1542e08d2ca4bf01018c85994b67c71bf3ca35ba791adbee47286223']
[CgroupManager] Added cgroup 89962 via bpftool
[EventRouter] DEBUG: EXEC #34 filename='/bin/true', triggers=['445041d3e428d76bd2648fd0cacb6bebd8a0e0547e92c07259a0f102d5f49609', '/tmp/445041d3e428d76bd2648fd0cacb6bebd8a0e0547e92c07259a0f102d5f49609']
[EventRouter] ARM detected at event 123 for cgroup 89532
[EventRouter] Discarded 122 pre-ARM events for cgroup 89532
[DOCKER] Container exit code: 0
[EventRouter] ARM detected at event 138 for cgroup 89876
[EventRouter] Discarded 137 pre-ARM events for cgroup 89876
[DOCKER] Container exit code: 0
[EventRouter] ARM detected at event 124 for cgroup 89790
[EventRouter] Discarded 123 pre-ARM events for cgroup 89790
[DOCKER] Container exit code: 1
[DOCKER][STDOUT] BEGIN
Usage: /tmp/4ffa72cbb909f7159b39f5b68895e961a6fd8c64f9dc613e50e1649b123e6e47 [OPTION]... {script-only-if-no-other-script} [input-file]...

  -n, --quiet, --silent
                 suppress automatic printing of pattern space
      --debug
                 annotate program execution
  -e script, --expression=script
                 add the script to the commands to be executed
  -f script-file, --file=script-file
                 add the contents of script-file to the commands to be executed
  --follow-symlinks
                 follow symlinks when processing in place
  -i[SUFFIX], --in-place[=SUFFIX]
                 edit files in place (makes backup if SUFFIX supplied)
  -l N, --line-length=N
                 specify the desired line-wrap length for the `l' command
  --posix
                 disable all GNU extensions.
  -E, -r, --regexp-extended
                 use extended regular expressions in the script
                 (for portability use POSIX -E).
  -s, --separate
                 consider files as separate rather than as a single,
                 continuous long stream.
      --sandbox
                 operate in sandbox mode (disable e/r/w commands).
  -u, --unbuffered
                 load minimal amounts of data from the input files and flush
                 the output buffers more often
  -z, --null-data
                 separate lines by NUL characters
      --help     display this help and exit
      --version  output version information and exit

If no -e, --expression, -f, or --file option is given, then the first
non-option argument is taken as the sed script to interpret.  All
remaining arguments are names of input files; if no input files are
specified, then the standard input is read.

GNU sed home page: <https://www.gnu.org/software/sed/>.
General help using GNU software: <https://www.gnu.org/gethelp/>.
[DOCKER][STDOUT] END
[DOCKER] Raw stdout saved: ../ELF_samples/benign_report/armv8/raw/4ffa72cbb909f7159b39f5b68895e961a6fd8c64f9dc613e50e1649b123e6e47_2026-01-31_16-19-17_6da16354_container_stdout.txt
[EventRouter] ARM detected at event 124 for cgroup 89618
[EventRouter] Discarded 123 pre-ARM events for cgroup 89618
[DOCKER] Container exit code: 1
[DOCKER][STDOUT] BEGIN
usage: /tmp/9ee8e3765b2fc4ea6f373c56f9e909774a2627eb26911616b1826a590decc06c <ppsdev> [<ppsdev> ...]
[DOCKER][STDOUT] END
[DOCKER] Raw stdout saved: ../ELF_samples/benign_report/armv8/raw/9ee8e3765b2fc4ea6f373c56f9e909774a2627eb26911616b1826a590decc06c_2026-01-31_16-19-17_43c7b898_container_stdout.txt
[EventRouter] ARM detected at event 140 for cgroup 89704
[EventRouter] Discarded 139 pre-ARM events for cgroup 89704
[EventRouter] ARM detected at event 121 for cgroup 89962
[EventRouter] Discarded 120 pre-ARM events for cgroup 89962
[DOCKER] Container exit code: 2
[DOCKER][STDOUT] BEGIN
Try "/tmp/9335a9eb1542e08d2ca4bf01018c85994b67c71bf3ca35ba791adbee47286223 -h" for more information.
[DOCKER][STDOUT] END
[DOCKER] Raw stdout saved: ../ELF_samples/benign_report/armv8/raw/9335a9eb1542e08d2ca4bf01018c85994b67c71bf3ca35ba791adbee47286223_2026-01-31_16-19-17_e9010d86_container_stdout.txt
[DOCKER] Container exit code: 1
[DOCKER][STDOUT] BEGIN
Usage:
  gio COMMAND [ARGS...]

Commands:
  help     Print help
  version  Print version
  cat      Concatenate files to standard output
  copy     Copy one or more files
  info     Show information about locations
  list     List the contents of locations
  mime     Get or set the handler for a mimetype
  mkdir    Create directories
  monitor  Monitor files and directories for changes
  mount    Mount or unmount the locations
  move     Move one or more files
  open     Open files with the default application
  rename   Rename a file
  remove   Delete one or more files
  save     Read from standard input and save
  set      Set a file attribute
  trash    Move files or directories to the trash
  tree     Lists the contents of locations in a tree

Use “gio help COMMAND” to get detailed help.
[DOCKER][STDOUT] END
[DOCKER] Raw stdout saved: ../ELF_samples/benign_report/armv8/raw/445041d3e428d76bd2648fd0cacb6bebd8a0e0547e92c07259a0f102d5f49609_2026-01-31_16-19-17_a75c790f_container_stdout.txt
[POOL] Collected 6 events for analysis (read from log file)
[POOL] Running analyzers on 6 events for 0f6d88becb389fb13fa33c24085c21908025c22e19c896d213f893a06707fa36
[POOL] Analysis completed: 0 findings in 0.00s (5743 events/s)
[AI-Integration] Submitted task: 3d66c127
[AI] 3d66c127 queued for DeepSeek analysis
[POOL] Collected 580 events for analysis (read from log file)
[POOL] Running analyzers on 580 events for 2a9ddb103993f639dac0b3df6f1d63187dbeb4fe223e2b61dd72e84dc69fcbdc
[POOL] Analysis completed: 0 findings in 0.00s (339937 events/s)
[AI-Integration] Submitted task: 1296568c
[AI] 1296568c queued for DeepSeek analysis
[CgroupManager] Removed cgroup 89532 via bpftool
[POOL] Cleanup scheduled for 9d2d6a0c5a41
[DockerWorker-3] ✓ Completed: 0f6d88becb389fb13fa33c24085c21908025c22e19c896d213f893a06707fa36 (6 events) (1.22s)
[DockerWorker-3] Starting: ecb2ad11550689ed0f868b13ce83c881b2b3c437382b4e05133895daed1e94a3 (183_64bit)
[ANALYSISLOG] ecb2ad11550689ed0f868b13ce83c881b2b3c437382b4e05133895daed1e94a3 -> ../ELF_samples/benign_report/armv8/raw/ecb2ad11550689ed0f868b13ce83c881b2b3c437382b4e05133895daed1e94a3_2026-01-31_16-19-18_63041c92.jsonl
[DOCKER] Selected image for libc=glibc: arm64v8/ubuntu:24.04
[CgroupManager] Removed cgroup 89876 via bpftool
[POOL] Cleanup scheduled for f47392a428c6
[DockerWorker-2] ✓ Completed: 2a9ddb103993f639dac0b3df6f1d63187dbeb4fe223e2b61dd72e84dc69fcbdc (580 events) (1.11s)
[DockerWorker-2] Starting: aa9312639aaa547518588c461137b1a8f4f3a5c4b020cc7afd2f1d4783bc3316 (183_64bit)
[ANALYSISLOG] aa9312639aaa547518588c461137b1a8f4f3a5c4b020cc7afd2f1d4783bc3316 -> ../ELF_samples/benign_report/armv8/raw/aa9312639aaa547518588c461137b1a8f4f3a5c4b020cc7afd2f1d4783bc3316_2026-01-31_16-19-18_05e9194c.jsonl
[DOCKER] Selected image for libc=glibc: arm64v8/ubuntu:24.04
[POOL] Collected 5 events for analysis (read from log file)
[POOL] Running analyzers on 5 events for 4ffa72cbb909f7159b39f5b68895e961a6fd8c64f9dc613e50e1649b123e6e47
[POOL] Analysis completed: 0 findings in 0.00s (4707 events/s)
[AI-Integration] Submitted task: 6da16354
[AI] 6da16354 queued for DeepSeek analysis
[POOL] Collected 5 events for analysis (read from log file)
[POOL] Running analyzers on 5 events for 9ee8e3765b2fc4ea6f373c56f9e909774a2627eb26911616b1826a590decc06c
[POOL] Analysis completed: 0 findings in 0.00s (4695 events/s)
[AI-Integration] Submitted task: 43c7b898
[AI] 43c7b898 queued for DeepSeek analysis
[CgroupManager] Removed cgroup 89790 via bpftool
[POOL] Cleanup scheduled for 3f772269ed40
[DockerWorker-1] ✓ Completed: 4ffa72cbb909f7159b39f5b68895e961a6fd8c64f9dc613e50e1649b123e6e47 (5 events) (1.20s)
[DockerWorker-1] Starting: 99f321857f4b16f6f2619e42713a19814d455ff196669412a2f66485a2865ac1 (183_64bit)
[ANALYSISLOG] 99f321857f4b16f6f2619e42713a19814d455ff196669412a2f66485a2865ac1 -> ../ELF_samples/benign_report/armv8/raw/99f321857f4b16f6f2619e42713a19814d455ff196669412a2f66485a2865ac1_2026-01-31_16-19-18_0fc4a2d8.jsonl
[DOCKER] Selected image for libc=glibc: arm64v8/ubuntu:24.04
[POOL] Collected 8 events for analysis (read from log file)
[POOL] Running analyzers on 8 events for 9335a9eb1542e08d2ca4bf01018c85994b67c71bf3ca35ba791adbee47286223
[POOL] Analysis completed: 1 findings in 0.00s (6778 events/s)
[AI-Integration] Submitted task: e9010d86
[AI] e9010d86 queued for DeepSeek analysis
[CgroupManager] Removed cgroup 89618 via bpftool
[POOL] Cleanup scheduled for 4c009f8fac9a
[DockerWorker-4] ✓ Completed: 9ee8e3765b2fc4ea6f373c56f9e909774a2627eb26911616b1826a590decc06c (5 events) (1.24s)
[DockerWorker-4] Starting: f76dc6dde07ae73e8f7d86c45698744ff7e559dcc202da255f524e73997d1a12 (183_64bit)
[ANALYSISLOG] f76dc6dde07ae73e8f7d86c45698744ff7e559dcc202da255f524e73997d1a12 -> ../ELF_samples/benign_report/armv8/raw/f76dc6dde07ae73e8f7d86c45698744ff7e559dcc202da255f524e73997d1a12_2026-01-31_16-19-18_c61901ce.jsonl
[DOCKER] Selected image for libc=glibc: arm64v8/ubuntu:24.04
[POOL] Collected 7 events for analysis (read from log file)
[POOL] Running analyzers on 7 events for 445041d3e428d76bd2648fd0cacb6bebd8a0e0547e92c07259a0f102d5f49609
[POOL] Analysis completed: 0 findings in 0.00s (6625 events/s)
[AI-Integration] Submitted task: a75c790f
[AI] a75c790f queued for DeepSeek analysis
[CgroupManager] Removed cgroup 89704 via bpftool
[POOL] Cleanup scheduled for 902df8c60bf6
[DockerWorker-5] ✓ Completed: 9335a9eb1542e08d2ca4bf01018c85994b67c71bf3ca35ba791adbee47286223 (8 events) (1.25s)
[DockerWorker-5] Starting: 88980453ff5b2e5bfd460df84f486527a1fbcc62a8770ff80f0e2042a925c243 (183_64bit)
[ANALYSISLOG] 88980453ff5b2e5bfd460df84f486527a1fbcc62a8770ff80f0e2042a925c243 -> ../ELF_samples/benign_report/armv8/raw/88980453ff5b2e5bfd460df84f486527a1fbcc62a8770ff80f0e2042a925c243_2026-01-31_16-19-18_fd88bcbe.jsonl
[DOCKER] Selected image for libc=glibc: arm64v8/ubuntu:24.04
[CgroupManager] Removed cgroup 89962 via bpftool
[POOL] Cleanup scheduled for c3f633189534
[DockerWorker-0] ✓ Completed: 445041d3e428d76bd2648fd0cacb6bebd8a0e0547e92c07259a0f102d5f49609 (7 events) (1.14s)
[DockerWorker-0] Starting: 86d2d3fc529e954968c820d7a27020f136bf0ad0264fb1c084aad89821f8eea4 (183_64bit)
[ANALYSISLOG] 86d2d3fc529e954968c820d7a27020f136bf0ad0264fb1c084aad89821f8eea4 -> ../ELF_samples/benign_report/armv8/raw/86d2d3fc529e954968c820d7a27020f136bf0ad0264fb1c084aad89821f8eea4_2026-01-31_16-19-18_8a67b75f.jsonl
[DOCKER] Selected image for libc=glibc: arm64v8/ubuntu:24.04
[CgroupManager] Added cgroup 90048 via bpftool
[EventRouter] DEBUG: EXEC #33 filename='/bin/true', triggers=['ecb2ad11550689ed0f868b13ce83c881b2b3c437382b4e05133895daed1e94a3', '/tmp/ecb2ad11550689ed0f868b13ce83c881b2b3c437382b4e05133895daed1e94a3']
[CgroupManager] Added cgroup 90220 via bpftool
[CgroupManager] Added cgroup 90134 via bpftool
[CgroupManager] Added cgroup 90306 via bpftool
[EventRouter] DEBUG: EXEC #33 filename='/bin/true', triggers=['aa9312639aaa547518588c461137b1a8f4f3a5c4b020cc7afd2f1d4783bc3316', '/tmp/aa9312639aaa547518588c461137b1a8f4f3a5c4b020cc7afd2f1d4783bc3316']
[CgroupManager] Added cgroup 90478 via bpftool
[EventRouter] DEBUG: EXEC #33 filename='/bin/true', triggers=['99f321857f4b16f6f2619e42713a19814d455ff196669412a2f66485a2865ac1', '/tmp/99f321857f4b16f6f2619e42713a19814d455ff196669412a2f66485a2865ac1']
[CgroupManager] Added cgroup 90392 via bpftool
[EventRouter] DEBUG: EXEC #35 filename='/bin/true', triggers=['f76dc6dde07ae73e8f7d86c45698744ff7e559dcc202da255f524e73997d1a12', '/tmp/f76dc6dde07ae73e8f7d86c45698744ff7e559dcc202da255f524e73997d1a12']
[EventRouter] DEBUG: EXEC #49 filename='/bin/true', triggers=['88980453ff5b2e5bfd460df84f486527a1fbcc62a8770ff80f0e2042a925c243', '/tmp/88980453ff5b2e5bfd460df84f486527a1fbcc62a8770ff80f0e2042a925c243']
[EventRouter] ARM detected at event 122 for cgroup 90048
[EventRouter] Discarded 121 pre-ARM events for cgroup 90048
[DOCKER] Container exit code: 0
[DOCKER][STDOUT] BEGIN
ubuntu:*:1000:1000:Ubuntu:/home/ubuntu/./
[DOCKER][STDOUT] END
[DOCKER] Raw stdout saved: ../ELF_samples/benign_report/armv8/raw/ecb2ad11550689ed0f868b13ce83c881b2b3c437382b4e05133895daed1e94a3_2026-01-31_16-19-18_63041c92_container_stdout.txt
[EventRouter] ARM detected at event 122 for cgroup 90306
[EventRouter] Discarded 121 pre-ARM events for cgroup 90306
[EventRouter] ARM detected at event 122 for cgroup 90134
[EventRouter] Discarded 121 pre-ARM events for cgroup 90134
[DOCKER] Container exit code: 0
[DOCKER] Container exit code: 0
[DOCKER][STDOUT] BEGIN

------ Message Queues --------
key        msqid      owner      perms      used-bytes   messages    

------ Shared Memory Segments --------
key        shmid      owner      perms      bytes      nattch     status      

------ Semaphore Arrays --------
key        semid      owner      perms      nsems
[DOCKER][STDOUT] END
[DOCKER] Raw stdout saved: ../ELF_samples/benign_report/armv8/raw/f76dc6dde07ae73e8f7d86c45698744ff7e559dcc202da255f524e73997d1a12_2026-01-31_16-19-18_c61901ce_container_stdout.txt
[EventRouter] ARM detected at event 142 for cgroup 90478
[EventRouter] Discarded 141 pre-ARM events for cgroup 90478
[EventRouter] ARM detected at event 139 for cgroup 90220
[EventRouter] Discarded 138 pre-ARM events for cgroup 90220
[EventRouter] ARM detected at event 136 for cgroup 90392
[EventRouter] Discarded 135 pre-ARM events for cgroup 90392
[DOCKER] Container exit code: 1
[DOCKER][STDOUT] BEGIN
86d2d3fc529e954968c820d7a27020f136bf0ad0264fb1c084aad89821f8eea4: Not supported: Want action 'suspend','resume'.
[DOCKER][STDOUT] END
[DOCKER] Container exit code: 0
[DOCKER] Raw stdout saved: ../ELF_samples/benign_report/armv8/raw/86d2d3fc529e954968c820d7a27020f136bf0ad0264fb1c084aad89821f8eea4_2026-01-31_16-19-18_8a67b75f_container_stdout.txt
[DOCKER] Container exit code: 0
[POOL] Collected 25 events for analysis (read from log file)
[POOL] Running analyzers on 25 events for ecb2ad11550689ed0f868b13ce83c881b2b3c437382b4e05133895daed1e94a3
[POOL] Analysis completed: 0 findings in 0.00s (23802 events/s)
[AI-Integration] Submitted task: 63041c92
[AI] 63041c92 queued for DeepSeek analysis
[CgroupManager] Removed cgroup 90048 via bpftool
[POOL] Cleanup scheduled for 60c6dcd2834c
[DockerWorker-3] ✓ Completed: ecb2ad11550689ed0f868b13ce83c881b2b3c437382b4e05133895daed1e94a3 (25 events) (1.27s)
[DockerWorker-3] Starting: 233b911badee1d767c911ee8684541a6e64ae46306c416a04542865240c2fb66 (183_64bit)
[ANALYSISLOG] 233b911badee1d767c911ee8684541a6e64ae46306c416a04542865240c2fb66 -> ../ELF_samples/benign_report/armv8/raw/233b911badee1d767c911ee8684541a6e64ae46306c416a04542865240c2fb66_2026-01-31_16-19-19_e268dfa9.jsonl
[DOCKER] Selected image for libc=glibc: arm64v8/ubuntu:24.04
[POOL] Collected 9 events for analysis (read from log file)
[POOL] Running analyzers on 9 events for aa9312639aaa547518588c461137b1a8f4f3a5c4b020cc7afd2f1d4783bc3316
[POOL] Analysis completed: 0 findings in 0.00s (8257 events/s)
[AI-Integration] Submitted task: 05e9194c
[AI] 05e9194c queued for DeepSeek analysis
[POOL] Collected 13 events for analysis (read from log file)
[POOL] Running analyzers on 13 events for f76dc6dde07ae73e8f7d86c45698744ff7e559dcc202da255f524e73997d1a12
[POOL] Analysis completed: 0 findings in 0.00s (12265 events/s)
[AI-Integration] Submitted task: c61901ce
[AI] c61901ce queued for DeepSeek analysis
[CgroupManager] Removed cgroup 90134 via bpftool
[POOL] Cleanup scheduled for 7439459eeced
[DockerWorker-2] ✓ Completed: aa9312639aaa547518588c461137b1a8f4f3a5c4b020cc7afd2f1d4783bc3316 (9 events) (1.30s)
[DockerWorker-2] Starting: ed90edfffd18f355e616bfa74cb1b5e95a5aa2ae5d670be1eb41a2813c43b481 (183_64bit)
[ANALYSISLOG] ed90edfffd18f355e616bfa74cb1b5e95a5aa2ae5d670be1eb41a2813c43b481 -> ../ELF_samples/benign_report/armv8/raw/ed90edfffd18f355e616bfa74cb1b5e95a5aa2ae5d670be1eb41a2813c43b481_2026-01-31_16-19-19_5e855d71.jsonl
[DOCKER] Selected image for libc=glibc: arm64v8/ubuntu:24.04
[CgroupManager] Removed cgroup 90306 via bpftool
[POOL] Cleanup scheduled for 7cb4e8e151e1
[DockerWorker-4] ✓ Completed: f76dc6dde07ae73e8f7d86c45698744ff7e559dcc202da255f524e73997d1a12 (13 events) (1.26s)
[DockerWorker-4] Starting: a1d7ad91a0f8ba2b86c8943298fc768de5d8e70b053a9f5b4ca61e61c8057b99 (183_64bit)
[ANALYSISLOG] a1d7ad91a0f8ba2b86c8943298fc768de5d8e70b053a9f5b4ca61e61c8057b99 -> ../ELF_samples/benign_report/armv8/raw/a1d7ad91a0f8ba2b86c8943298fc768de5d8e70b053a9f5b4ca61e61c8057b99_2026-01-31_16-19-19_f9ad8955.jsonl
[DOCKER] Selected image for libc=glibc: arm64v8/ubuntu:24.04
[POOL] Collected 11 events for analysis (read from log file)
[POOL] Running analyzers on 11 events for 99f321857f4b16f6f2619e42713a19814d455ff196669412a2f66485a2865ac1
[POOL] Analysis completed: 0 findings in 0.00s (10245 events/s)
[POOL] Collected 5 events for analysis (read from log file)
[POOL] Running analyzers on 5 events for 86d2d3fc529e954968c820d7a27020f136bf0ad0264fb1c084aad89821f8eea4
[POOL] Analysis completed: 0 findings in 0.00s (4841 events/s)
[AI-Integration] Submitted task: 0fc4a2d8
[AI] 0fc4a2d8 queued for DeepSeek analysis
[AI-Integration] Submitted task: 8a67b75f
[AI] 8a67b75f queued for DeepSeek analysis
[CgroupManager] Removed cgroup 90220 via bpftool
[POOL] Cleanup scheduled for 0133dedb65a8
[DockerWorker-1] ✓ Completed: 99f321857f4b16f6f2619e42713a19814d455ff196669412a2f66485a2865ac1 (11 events) (1.31s)
[DockerWorker-1] Starting: 7c2720bc45f179067e9b60dd19a834e0d83974bb3474f5b6c4c18b6884e35038.f2fs (183_64bit)
[ANALYSISLOG] 7c2720bc45f179067e9b60dd19a834e0d83974bb3474f5b6c4c18b6884e35038.f2fs -> ../ELF_samples/benign_report/armv8/raw/7c2720bc45f179067e9b60dd19a834e0d83974bb3474f5b6c4c18b6884e35038.f2fs_2026-01-31_16-19-20_ee049560.jsonl
[DOCKER] Selected image for libc=glibc: arm64v8/ubuntu:24.04
[POOL] Collected 13 events for analysis (read from log file)
[POOL] Running analyzers on 13 events for 88980453ff5b2e5bfd460df84f486527a1fbcc62a8770ff80f0e2042a925c243
[POOL] Analysis completed: 0 findings in 0.00s (12310 events/s)
[AI-Integration] Submitted task: fd88bcbe
[AI] fd88bcbe queued for DeepSeek analysis
[CgroupManager] Removed cgroup 90478 via bpftool
[POOL] Cleanup scheduled for 303b04e787df
[DockerWorker-0] ✓ Completed: 86d2d3fc529e954968c820d7a27020f136bf0ad0264fb1c084aad89821f8eea4 (5 events) (1.27s)
[DockerWorker-0] Starting: 7cb06ff8ae2ed835ed466a00030b72479e4de578ce8bb6125fd6b534ca2c22a8 (183_64bit)
[ANALYSISLOG] 7cb06ff8ae2ed835ed466a00030b72479e4de578ce8bb6125fd6b534ca2c22a8 -> ../ELF_samples/benign_report/armv8/raw/7cb06ff8ae2ed835ed466a00030b72479e4de578ce8bb6125fd6b534ca2c22a8_2026-01-31_16-19-20_4b82a434.jsonl
[DOCKER] Selected image for libc=glibc: arm64v8/ubuntu:24.04
[CgroupManager] Removed cgroup 90392 via bpftool
[POOL] Cleanup scheduled for 04093a9f920e
[DockerWorker-5] ✓ Completed: 88980453ff5b2e5bfd460df84f486527a1fbcc62a8770ff80f0e2042a925c243 (13 events) (1.31s)
[DockerWorker-5] Starting: e2e3ecd453933c9e55fc4db635e5d44b9327aefb24db0af11b8b6a9ad7f6b9c2 (183_64bit)
[ANALYSISLOG] e2e3ecd453933c9e55fc4db635e5d44b9327aefb24db0af11b8b6a9ad7f6b9c2 -> ../ELF_samples/benign_report/armv8/raw/e2e3ecd453933c9e55fc4db635e5d44b9327aefb24db0af11b8b6a9ad7f6b9c2_2026-01-31_16-19-20_6f0dd4ae.jsonl
[DOCKER] Selected image for libc=glibc: arm64v8/ubuntu:24.04
[CgroupManager] Added cgroup 90564 via bpftool
[EventRouter] DEBUG: EXEC #33 filename='/bin/true', triggers=['233b911badee1d767c911ee8684541a6e64ae46306c416a04542865240c2fb66', '/tmp/233b911badee1d767c911ee8684541a6e64ae46306c416a04542865240c2fb66']
[CgroupManager] Added cgroup 90736 via bpftool
[EventRouter] DEBUG: EXEC #34 filename='/bin/true', triggers=['a1d7ad91a0f8ba2b86c8943298fc768de5d8e70b053a9f5b4ca61e61c8057b99', '/tmp/a1d7ad91a0f8ba2b86c8943298fc768de5d8e70b053a9f5b4ca61e61c8057b99']
[CgroupManager] Added cgroup 90994 via bpftool
[CgroupManager] Added cgroup 90650 via bpftool
[CgroupManager] Added cgroup 90908 via bpftool
[CgroupManager] Added cgroup 90822 via bpftool
[EventRouter] DEBUG: EXEC #34 filename='/bin/true', triggers=['ed90edfffd18f355e616bfa74cb1b5e95a5aa2ae5d670be1eb41a2813c43b481', '/tmp/ed90edfffd18f355e616bfa74cb1b5e95a5aa2ae5d670be1eb41a2813c43b481']
[EventRouter] DEBUG: EXEC #33 filename='/bin/true', triggers=['7cb06ff8ae2ed835ed466a00030b72479e4de578ce8bb6125fd6b534ca2c22a8', '/tmp/7cb06ff8ae2ed835ed466a00030b72479e4de578ce8bb6125fd6b534ca2c22a8']
[EventRouter] DEBUG: EXEC #33 filename='/bin/true', triggers=['7c2720bc45f179067e9b60dd19a834e0d83974bb3474f5b6c4c18b6884e35038.f2fs', '/tmp/7c2720bc45f179067e9b60dd19a834e0d83974bb3474f5b6c4c18b6884e35038.f2fs']
[EventRouter] DEBUG: EXEC #33 filename='/bin/true', triggers=['e2e3ecd453933c9e55fc4db635e5d44b9327aefb24db0af11b8b6a9ad7f6b9c2', '/tmp/e2e3ecd453933c9e55fc4db635e5d44b9327aefb24db0af11b8b6a9ad7f6b9c2']
[EventRouter] ARM detected at event 120 for cgroup 90564
[EventRouter] Discarded 119 pre-ARM events for cgroup 90564
[DOCKER] Container exit code: 1
[DOCKER][STDOUT] BEGIN
Usage: traceroute6 [-dnrvV] [-m max_ttl] [-p port#] [-q nqueries]
	[-s src_addr] [-t tos] [-w wait] host [data size]
[DOCKER][STDOUT] END
[DOCKER] Raw stdout saved: ../ELF_samples/benign_report/armv8/raw/233b911badee1d767c911ee8684541a6e64ae46306c416a04542865240c2fb66_2026-01-31_16-19-19_e268dfa9_container_stdout.txt
[EventRouter] ARM detected at event 124 for cgroup 90736
[EventRouter] Discarded 123 pre-ARM events for cgroup 90736
[DOCKER] Container exit code: 0
[EventRouter] ARM detected at event 121 for cgroup 90650
[EventRouter] Discarded 120 pre-ARM events for cgroup 90650
[EventRouter] ARM detected at event 120 for cgroup 90994
[EventRouter] Discarded 119 pre-ARM events for cgroup 90994
[DOCKER] Container exit code: 255
[DOCKER][STDOUT] BEGIN
ubidetach: error!: neither MTD nor UBI devices were specified (use -h for help)
[DOCKER][STDOUT] END
[DOCKER] Raw stdout saved: ../ELF_samples/benign_report/armv8/raw/7cb06ff8ae2ed835ed466a00030b72479e4de578ce8bb6125fd6b534ca2c22a8_2026-01-31_16-19-20_4b82a434_container_stdout.txt
[EventRouter] ARM detected at event 136 for cgroup 90822
[EventRouter] Discarded 135 pre-ARM events for cgroup 90822
[EventRouter] ARM detected at event 124 for cgroup 90908
[EventRouter] Discarded 123 pre-ARM events for cgroup 90908
[DOCKER] Container exit code: 0
[DOCKER][STDOUT] BEGIN
Usage: $0 <-i interface> [-h macaddress]
[DOCKER][STDOUT] END
[DOCKER] Raw stdout saved: ../ELF_samples/benign_report/armv8/raw/e2e3ecd453933c9e55fc4db635e5d44b9327aefb24db0af11b8b6a9ad7f6b9c2_2026-01-31_16-19-20_6f0dd4ae_container_stdout.txt
[DOCKER] Container exit code: 139
[DOCKER][STDOUT] BEGIN
	Error: Device not specified
qemu: uncaught target signal 11 (Segmentation fault) - core dumped
Segmentation fault (core dumped)
[DOCKER][STDOUT] END
[DOCKER] Raw stdout saved: ../ELF_samples/benign_report/armv8/raw/7c2720bc45f179067e9b60dd19a834e0d83974bb3474f5b6c4c18b6884e35038.f2fs_2026-01-31_16-19-20_ee049560_container_stdout.txt
[POOL] Fatal crash detected (exit=139) - using fast drain mode
[CgroupManager] Removed cgroup 90822 via bpftool
[POOL] Stopped BPF monitoring for cgroup 90822
[POOL] Collected 8 events for analysis (read from log file)
[POOL] Running analyzers on 8 events for 233b911badee1d767c911ee8684541a6e64ae46306c416a04542865240c2fb66
[POOL] Analysis completed: 1 findings in 0.00s (7311 events/s)
[AI-Integration] Submitted task: e268dfa9
[AI] e268dfa9 queued for DeepSeek analysis
[POOL] Collected 17 events for analysis (read from log file)
[POOL] Running analyzers on 17 events for 7c2720bc45f179067e9b60dd19a834e0d83974bb3474f5b6c4c18b6884e35038.f2fs
[POOL] Analysis completed: 3 findings in 0.00s (13427 events/s)
[AI-Integration] Submitted task: ee049560
[AI] ee049560 queued for DeepSeek analysis
[CgroupManager] Removed cgroup 90564 via bpftool
[POOL] Cleanup scheduled for b9e71bd73895
[DockerWorker-3] ✓ Completed: 233b911badee1d767c911ee8684541a6e64ae46306c416a04542865240c2fb66 (8 events) (1.17s)
[DockerWorker-3] Starting: fbe5168fa84fda54dd89f5b10b32a151d4a8de8ccd066f9d4d52790f3d15d791 (183_64bit)
[ANALYSISLOG] fbe5168fa84fda54dd89f5b10b32a151d4a8de8ccd066f9d4d52790f3d15d791 -> ../ELF_samples/benign_report/armv8/raw/fbe5168fa84fda54dd89f5b10b32a151d4a8de8ccd066f9d4d52790f3d15d791_2026-01-31_16-19-21_6b0372eb.jsonl
[DOCKER] Selected image for libc=glibc: arm64v8/ubuntu:24.04
[CgroupManager] bpftool delete failed: Command '['sudo', '/usr/sbin/bpftool', 'map', 'delete', 'id', '842', 'key', 'hex', 'c6', '62', '01', '00', '00', '00', '00', '00']' returned non-zero exit status 254.
[POOL] Cleanup scheduled for ef7b45528d70
[DockerWorker-1] CRASHED (Exploit/Bug): 7c2720bc45f179067e9b60dd19a834e0d83974bb3474f5b6c4c18b6884e35038.f2fs - Crashed: Segmentation Fault (SIGSEGV) (1.11s)
[DockerWorker-1] Starting: 4bfd657462eef0a9b2fb7fe148b25a039214cb92f43fb061a06ab30dd82143db (183_64bit)
[ANALYSISLOG] 4bfd657462eef0a9b2fb7fe148b25a039214cb92f43fb061a06ab30dd82143db -> ../ELF_samples/benign_report/armv8/raw/4bfd657462eef0a9b2fb7fe148b25a039214cb92f43fb061a06ab30dd82143db_2026-01-31_16-19-21_08f39887.jsonl
[DOCKER] Selected image for libc=glibc: arm64v8/ubuntu:24.04
[POOL] Collected 5 events for analysis (read from log file)
[POOL] Running analyzers on 5 events for a1d7ad91a0f8ba2b86c8943298fc768de5d8e70b053a9f5b4ca61e61c8057b99
[POOL] Analysis completed: 1 findings in 0.00s (3944 events/s)
[AI-Integration] Submitted task: f9ad8955
[AI] f9ad8955 queued for DeepSeek analysis
[CgroupManager] Removed cgroup 90736 via bpftool
[POOL] Cleanup scheduled for 206c76b09b5a
[DockerWorker-4] ✓ Completed: a1d7ad91a0f8ba2b86c8943298fc768de5d8e70b053a9f5b4ca61e61c8057b99 (5 events) (1.17s)
[DockerWorker-4] Starting: 59abb18ba34109136114b273620f20b5b6f7b5e8295ceedba27c719df9f9df0f (183_64bit)
[ANALYSISLOG] 59abb18ba34109136114b273620f20b5b6f7b5e8295ceedba27c719df9f9df0f -> ../ELF_samples/benign_report/armv8/raw/59abb18ba34109136114b273620f20b5b6f7b5e8295ceedba27c719df9f9df0f_2026-01-31_16-19-21_6626ccf4.jsonl
[DOCKER] Selected image for libc=glibc: arm64v8/ubuntu:24.04
[POOL] Collected 6 events for analysis (read from log file)
[POOL] Running analyzers on 6 events for 7cb06ff8ae2ed835ed466a00030b72479e4de578ce8bb6125fd6b534ca2c22a8
[POOL] Analysis completed: 0 findings in 0.00s (5725 events/s)
[AI-Integration] Submitted task: 4b82a434
[AI] 4b82a434 queued for DeepSeek analysis
[CgroupManager] Removed cgroup 90994 via bpftool
[POOL] Cleanup scheduled for 1d015c4c8fd7
[DockerWorker-0] ✗ Failed: 7cb06ff8ae2ed835ed466a00030b72479e4de578ce8bb6125fd6b534ca2c22a8 - Crashed: Signal 127 (Exit code 255) (1.19s)
[DockerWorker-0] Starting: 71037b500e4d5d3df30489b7a6124651243f9e041f89cecc89a127d291d38967 (183_64bit)
[ANALYSISLOG] 71037b500e4d5d3df30489b7a6124651243f9e041f89cecc89a127d291d38967 -> ../ELF_samples/benign_report/armv8/raw/71037b500e4d5d3df30489b7a6124651243f9e041f89cecc89a127d291d38967_2026-01-31_16-19-21_f88896aa.jsonl
[DOCKER] Selected image for libc=glibc: arm64v8/ubuntu:24.04
[POOL] Collected 5 events for analysis (read from log file)
[POOL] Running analyzers on 5 events for e2e3ecd453933c9e55fc4db635e5d44b9327aefb24db0af11b8b6a9ad7f6b9c2
[POOL] Analysis completed: 0 findings in 0.00s (4774 events/s)
[AI-Integration] Submitted task: 6f0dd4ae
[AI] 6f0dd4ae queued for DeepSeek analysis
[CgroupManager] Removed cgroup 90908 via bpftool
[POOL] Cleanup scheduled for 29de62a8a7d3
[DockerWorker-5] ✓ Completed: e2e3ecd453933c9e55fc4db635e5d44b9327aefb24db0af11b8b6a9ad7f6b9c2 (5 events) (1.22s)
[DockerWorker-5] Starting: 35d4d4a9eb065ba665d6390c8029c976cbb49e8d71258cb57e4b54cfcb8840bf (183_64bit)
[ANALYSISLOG] 35d4d4a9eb065ba665d6390c8029c976cbb49e8d71258cb57e4b54cfcb8840bf -> ../ELF_samples/benign_report/armv8/raw/35d4d4a9eb065ba665d6390c8029c976cbb49e8d71258cb57e4b54cfcb8840bf_2026-01-31_16-19-21_88a2bdad.jsonl
[DOCKER] Selected image for libc=glibc: arm64v8/ubuntu:24.04
[CgroupManager] Added cgroup 91080 via bpftool
[CgroupManager] Added cgroup 91166 via bpftool
[EventRouter] DEBUG: EXEC #34 filename='/bin/true', triggers=['fbe5168fa84fda54dd89f5b10b32a151d4a8de8ccd066f9d4d52790f3d15d791', '/tmp/fbe5168fa84fda54dd89f5b10b32a151d4a8de8ccd066f9d4d52790f3d15d791']
[EventRouter] DEBUG: EXEC #34 filename='/bin/true', triggers=['4bfd657462eef0a9b2fb7fe148b25a039214cb92f43fb061a06ab30dd82143db', '/tmp/4bfd657462eef0a9b2fb7fe148b25a039214cb92f43fb061a06ab30dd82143db']
[CgroupManager] Added cgroup 91252 via bpftool
[EventRouter] DEBUG: EXEC #33 filename='/bin/true', triggers=['59abb18ba34109136114b273620f20b5b6f7b5e8295ceedba27c719df9f9df0f', '/tmp/59abb18ba34109136114b273620f20b5b6f7b5e8295ceedba27c719df9f9df0f']
[CgroupManager] Added cgroup 91338 via bpftool
[CgroupManager] Added cgroup 91424 via bpftool
[EventRouter] DEBUG: EXEC #33 filename='/bin/true', triggers=['71037b500e4d5d3df30489b7a6124651243f9e041f89cecc89a127d291d38967', '/tmp/71037b500e4d5d3df30489b7a6124651243f9e041f89cecc89a127d291d38967']
[EventRouter] DEBUG: EXEC #49 filename='/bin/true', triggers=['35d4d4a9eb065ba665d6390c8029c976cbb49e8d71258cb57e4b54cfcb8840bf', '/tmp/35d4d4a9eb065ba665d6390c8029c976cbb49e8d71258cb57e4b54cfcb8840bf']
[EventRouter] ARM detected at event 140 for cgroup 91080
[EventRouter] Discarded 139 pre-ARM events for cgroup 91080
[DOCKER] Container exit code: 1
[DOCKER][STDOUT] BEGIN
fbe5168fa84fda54dd89f5b10b32a151d4a8de8ccd066f9d4d52790f3d15d791: Not supported: Want control 'STA','CID','RSVD','VIC','BW','BWC'.
[DOCKER][STDOUT] END
[DOCKER] Raw stdout saved: ../ELF_samples/benign_report/armv8/raw/fbe5168fa84fda54dd89f5b10b32a151d4a8de8ccd066f9d4d52790f3d15d791_2026-01-31_16-19-21_6b0372eb_container_stdout.txt
[EventRouter] ARM detected at event 124 for cgroup 91166
[EventRouter] Discarded 123 pre-ARM events for cgroup 91166
[DOCKER] Container exit code: 0
[EventRouter] ARM detected at event 122 for cgroup 91252
[EventRouter] Discarded 121 pre-ARM events for cgroup 91252
[DOCKER] Container exit code: 0
[DOCKER][STDOUT] BEGIN
lo: link beat detected
eth0: link beat detected
[DOCKER][STDOUT] END
[DOCKER] Raw stdout saved: ../ELF_samples/benign_report/armv8/raw/59abb18ba34109136114b273620f20b5b6f7b5e8295ceedba27c719df9f9df0f_2026-01-31_16-19-21_6626ccf4_container_stdout.txt
[EventRouter] ARM detected at event 153 for cgroup 91424
[EventRouter] Discarded 152 pre-ARM events for cgroup 91424
[EventRouter] ARM detected at event 120 for cgroup 91338
[EventRouter] Discarded 119 pre-ARM events for cgroup 91338
[DOCKER] Container exit code: 0
[DOCKER] Container exit code: 0
[DOCKER][STDOUT] BEGIN
ebtables v2.0.10-4 (December 2011)
Usage:
ebtables -[ADI] chain rule-specification [options]
ebtables -P chain target
ebtables -[LFZ] [chain]
ebtables -[NX] [chain]
ebtables -E old-chain-name new-chain-name

Commands:
--append -A chain             : append to chain
--delete -D chain             : delete matching rule from chain
--delete -D chain rulenum     : delete rule at position rulenum from chain
--change-counters -C chain
          [rulenum] pcnt bcnt : change counters of existing rule
--insert -I chain rulenum     : insert rule at position rulenum in chain
--list   -L [chain]           : list the rules in a chain or in all chains
--flush  -F [chain]           : delete all rules in chain or in all chains
--init-table                  : replace the kernel table with the initial table
--zero   -Z [chain]           : put counters on zero in chain or in all chains
--policy -P chain target      : change policy on chain to target
--new-chain -N chain          : create a user defined chain
--rename-chain -E old new     : rename a chain
--delete-chain -X [chain]     : delete a user defined chain
--atomic-commit               : update the kernel w/t table contained in <FILE>
--atomic-init                 : put the initial kernel table into <FILE>
--atomic-save                 : put the current kernel table into <FILE>
--atomic-file file            : set <FILE> to file

Options:
--proto  -p [!] proto         : protocol hexadecimal, by name or LENGTH
--src    -s [!] address[/mask]: source mac address
--dst    -d [!] address[/mask]: destination mac address
--in-if  -i [!] name[+]       : network input interface name
--out-if -o [!] name[+]       : network output interface name
--logical-in  [!] name[+]     : logical bridge input interface name
--logical-out [!] name[+]     : logical bridge output interface name
--set-counters -c chain
          pcnt bcnt           : set the counters of the to be added rule
--modprobe -M program         : try to insert modules using this program
--concurrent                  : use a file lock to support concurrent scripts
--version -V                  : print package version

Environment variable:
EBTABLES_ATOMIC_FILE          : if set <FILE> (see above) will equal its value

Standard targets: DROP, ACCEPT, RETURN or CONTINUE;
The target can also be a user defined chain.

Supported chains for the filter table:
INPUT FORWARD OUTPUT
[DOCKER][STDOUT] END
[DOCKER] Raw stdout saved: ../ELF_samples/benign_report/armv8/raw/35d4d4a9eb065ba665d6390c8029c976cbb49e8d71258cb57e4b54cfcb8840bf_2026-01-31_16-19-21_88a2bdad_container_stdout.txt
[POOL] Collected 5 events for analysis (read from log file)
[POOL] Running analyzers on 5 events for fbe5168fa84fda54dd89f5b10b32a151d4a8de8ccd066f9d4d52790f3d15d791
[POOL] Analysis completed: 0 findings in 0.00s (4455 events/s)
[AI-Integration] Submitted task: 6b0372eb
[AI] 6b0372eb queued for DeepSeek analysis
[POOL] Collected 6 events for analysis (read from log file)
[POOL] Running analyzers on 6 events for 4bfd657462eef0a9b2fb7fe148b25a039214cb92f43fb061a06ab30dd82143db
[POOL] Analysis completed: 0 findings in 0.00s (5755 events/s)
[AI-Integration] Submitted task: 08f39887
[AI] 08f39887 queued for DeepSeek analysis
[CgroupManager] Removed cgroup 91080 via bpftool
[POOL] Cleanup scheduled for d025967e0d2e
[DockerWorker-3] ✓ Completed: fbe5168fa84fda54dd89f5b10b32a151d4a8de8ccd066f9d4d52790f3d15d791 (5 events) (1.16s)
[DockerWorker-3] Starting: 52834391868966f2f64cec220a82644e64c24150d49252e4a139bd27c259e9fd (183_64bit)
[ANALYSISLOG] 52834391868966f2f64cec220a82644e64c24150d49252e4a139bd27c259e9fd -> ../ELF_samples/benign_report/armv8/raw/52834391868966f2f64cec220a82644e64c24150d49252e4a139bd27c259e9fd_2026-01-31_16-19-22_235f3f3a.jsonl
[DOCKER] Selected image for libc=glibc: arm64v8/ubuntu:24.04
[CgroupManager] Removed cgroup 91166 via bpftool
[POOL] Cleanup scheduled for 3d07b83b2a86
[DockerWorker-1] ✓ Completed: 4bfd657462eef0a9b2fb7fe148b25a039214cb92f43fb061a06ab30dd82143db (6 events) (1.16s)
[DockerWorker-1] Starting: 1a118abfc2c91d7229435e85e87ab272f0f96895b46b88ea4af6e410385f345c (183_64bit)
[ANALYSISLOG] 1a118abfc2c91d7229435e85e87ab272f0f96895b46b88ea4af6e410385f345c -> ../ELF_samples/benign_report/armv8/raw/1a118abfc2c91d7229435e85e87ab272f0f96895b46b88ea4af6e410385f345c_2026-01-31_16-19-22_a7b4df4b.jsonl
[DOCKER] Selected image for libc=glibc: arm64v8/ubuntu:24.04
[POOL] Collected 7 events for analysis (read from log file)
[POOL] Running analyzers on 7 events for 59abb18ba34109136114b273620f20b5b6f7b5e8295ceedba27c719df9f9df0f
[POOL] Analysis completed: 0 findings in 0.00s (6584 events/s)
[AI-Integration] Submitted task: 6626ccf4
[AI] 6626ccf4 queued for DeepSeek analysis
[CgroupManager] Removed cgroup 91252 via bpftool
[POOL] Cleanup scheduled for fded25177981
[DockerWorker-4] ✓ Completed: 59abb18ba34109136114b273620f20b5b6f7b5e8295ceedba27c719df9f9df0f (7 events) (1.19s)
[DockerWorker-4] Starting: 1978462f1dd3e1d630aa340d4bdee67dfaf38ab94acbe650660c953ed3229719 (183_64bit)
[ANALYSISLOG] 1978462f1dd3e1d630aa340d4bdee67dfaf38ab94acbe650660c953ed3229719 -> ../ELF_samples/benign_report/armv8/raw/1978462f1dd3e1d630aa340d4bdee67dfaf38ab94acbe650660c953ed3229719_2026-01-31_16-19-22_2a797cee.jsonl
[DOCKER] Selected image for libc=glibc: arm64v8/ubuntu:24.04
[POOL] Collected 6 events for analysis (read from log file)
[POOL] Running analyzers on 6 events for 71037b500e4d5d3df30489b7a6124651243f9e041f89cecc89a127d291d38967
[POOL] Analysis completed: 0 findings in 0.00s (5622 events/s)
[AI-Integration] Submitted task: f88896aa
[AI] f88896aa queued for DeepSeek analysis
[POOL] Collected 6 events for analysis (read from log file)
[POOL] Running analyzers on 6 events for 35d4d4a9eb065ba665d6390c8029c976cbb49e8d71258cb57e4b54cfcb8840bf
[POOL] Analysis completed: 0 findings in 0.00s (5750 events/s)
[AI-Integration] Submitted task: 88a2bdad
[AI] 88a2bdad queued for DeepSeek analysis
[CgroupManager] Removed cgroup 91424 via bpftool
[POOL] Cleanup scheduled for ca251dbb7958
[DockerWorker-5] ✓ Completed: 35d4d4a9eb065ba665d6390c8029c976cbb49e8d71258cb57e4b54cfcb8840bf (6 events) (1.13s)
[DockerWorker-5] Starting: 094230879b9dcd9db2109379fa2fb14fa077ff5b50a6103a7b0f6a8cfdddcec2 (183_64bit)
[ANALYSISLOG] 094230879b9dcd9db2109379fa2fb14fa077ff5b50a6103a7b0f6a8cfdddcec2 -> ../ELF_samples/benign_report/armv8/raw/094230879b9dcd9db2109379fa2fb14fa077ff5b50a6103a7b0f6a8cfdddcec2_2026-01-31_16-19-22_590bcab2.jsonl
[DOCKER] Selected image for libc=glibc: arm64v8/ubuntu:24.04
[CgroupManager] Removed cgroup 91338 via bpftool
[POOL] Cleanup scheduled for bdd7745521d9
[DockerWorker-0] ✓ Completed: 71037b500e4d5d3df30489b7a6124651243f9e041f89cecc89a127d291d38967 (6 events) (1.19s)
[DockerWorker-0] Starting: dff3da28d55df33aeac48b8719a4ed0a0b80da66500d6d44ce5e26e62c7d59ab (183_64bit)
[ANALYSISLOG] dff3da28d55df33aeac48b8719a4ed0a0b80da66500d6d44ce5e26e62c7d59ab -> ../ELF_samples/benign_report/armv8/raw/dff3da28d55df33aeac48b8719a4ed0a0b80da66500d6d44ce5e26e62c7d59ab_2026-01-31_16-19-22_e524810a.jsonl
[DOCKER] Selected image for libc=glibc: arm64v8/ubuntu:24.04
[CgroupManager] Added cgroup 91510 via bpftool
[EventRouter] DEBUG: EXEC #34 filename='/bin/true', triggers=['52834391868966f2f64cec220a82644e64c24150d49252e4a139bd27c259e9fd', '/tmp/52834391868966f2f64cec220a82644e64c24150d49252e4a139bd27c259e9fd']
[CgroupManager] Added cgroup 91596 via bpftool
[EventRouter] DEBUG: EXEC #35 filename='/bin/true', triggers=['1a118abfc2c91d7229435e85e87ab272f0f96895b46b88ea4af6e410385f345c', '/tmp/1a118abfc2c91d7229435e85e87ab272f0f96895b46b88ea4af6e410385f345c']
[CgroupManager] Added cgroup 91682 via bpftool
[CgroupManager] Added cgroup 91854 via bpftool
[EventRouter] DEBUG: EXEC #33 filename='/bin/true', triggers=['1978462f1dd3e1d630aa340d4bdee67dfaf38ab94acbe650660c953ed3229719', '/tmp/1978462f1dd3e1d630aa340d4bdee67dfaf38ab94acbe650660c953ed3229719']
[CgroupManager] Added cgroup 91768 via bpftool
[EventRouter] DEBUG: EXEC #49 filename='/bin/true', triggers=['094230879b9dcd9db2109379fa2fb14fa077ff5b50a6103a7b0f6a8cfdddcec2', '/tmp/094230879b9dcd9db2109379fa2fb14fa077ff5b50a6103a7b0f6a8cfdddcec2']
[EventRouter] DEBUG: EXEC #33 filename='/bin/true', triggers=['dff3da28d55df33aeac48b8719a4ed0a0b80da66500d6d44ce5e26e62c7d59ab', '/tmp/dff3da28d55df33aeac48b8719a4ed0a0b80da66500d6d44ce5e26e62c7d59ab']
[EventRouter] ARM detected at event 141 for cgroup 91510
[EventRouter] Discarded 140 pre-ARM events for cgroup 91510
[DOCKER] Container exit code: 0
[EventRouter] ARM detected at event 125 for cgroup 91596
[EventRouter] Discarded 124 pre-ARM events for cgroup 91596
[EventRouter] ARM detected at event 121 for cgroup 91682
[EventRouter] Discarded 120 pre-ARM events for cgroup 91682
[DOCKER] Container exit code: 0
[DOCKER][STDOUT] BEGIN
Please compile the server with --with-extauth
to use this feature. Thank you.
[DOCKER][STDOUT] END
[DOCKER] Raw stdout saved: ../ELF_samples/benign_report/armv8/raw/1978462f1dd3e1d630aa340d4bdee67dfaf38ab94acbe650660c953ed3229719_2026-01-31_16-19-22_2a797cee_container_stdout.txt
[EventRouter] ARM detected at event 139 for cgroup 91768
[EventRouter] Discarded 138 pre-ARM events for cgroup 91768
[EventRouter] ARM detected at event 141 for cgroup 91854
[EventRouter] Discarded 140 pre-ARM events for cgroup 91854
[DOCKER] Container exit code: 1
[DOCKER] Container exit code: 0
[DOCKER] Container exit code: 0
[DOCKER][STDOUT] BEGIN
1:	lo
	inet  224.0.0.1
	inet6 ff02::1
	inet6 ff01::1
2:	eth0
	link  33:33:00:00:00:01
	link  01:00:5e:00:00:01
	inet  224.0.0.1
	inet6 ff02::1
	inet6 ff01::1
[DOCKER][STDOUT] END
[DOCKER] Raw stdout saved: ../ELF_samples/benign_report/armv8/raw/dff3da28d55df33aeac48b8719a4ed0a0b80da66500d6d44ce5e26e62c7d59ab_2026-01-31_16-19-22_e524810a_container_stdout.txt
[POOL] Collected 5 events for analysis (read from log file)
[POOL] Running analyzers on 5 events for 52834391868966f2f64cec220a82644e64c24150d49252e4a139bd27c259e9fd
[POOL] Analysis completed: 0 findings in 0.00s (4662 events/s)
[AI-Integration] Submitted task: 235f3f3a
[AI] 235f3f3a queued for DeepSeek analysis
[CgroupManager] Removed cgroup 91510 via bpftool
[POOL] Cleanup scheduled for 7f04ed1d1374
[DockerWorker-3] ✓ Completed: 52834391868966f2f64cec220a82644e64c24150d49252e4a139bd27c259e9fd (5 events) (1.10s)
[DockerWorker-3] Starting: 9c2204804531a958fd326e0362edf500a060da3c289d5756c6ec2ab2118e6816 (183_64bit)
[ANALYSISLOG] 9c2204804531a958fd326e0362edf500a060da3c289d5756c6ec2ab2118e6816 -> ../ELF_samples/benign_report/armv8/raw/9c2204804531a958fd326e0362edf500a060da3c289d5756c6ec2ab2118e6816_2026-01-31_16-19-23_11f11fc5.jsonl
[DOCKER] Selected image for libc=glibc: arm64v8/ubuntu:24.04
[POOL] Collected 6 events for analysis (read from log file)
[POOL] Running analyzers on 6 events for 1978462f1dd3e1d630aa340d4bdee67dfaf38ab94acbe650660c953ed3229719
[POOL] Analysis completed: 0 findings in 0.00s (5619 events/s)
[AI-Integration] Submitted task: 2a797cee
[AI] 2a797cee queued for DeepSeek analysis
[CgroupManager] Removed cgroup 91682 via bpftool
[POOL] Cleanup scheduled for 6e7d1ea3a8bb
[DockerWorker-4] ✓ Completed: 1978462f1dd3e1d630aa340d4bdee67dfaf38ab94acbe650660c953ed3229719 (6 events) (1.16s)
[DockerWorker-4] Starting: 04dff89addc43818bb21dd620d361ce152ef0868d64912fec8071cba4172f9e0.nfs (183_64bit)
[ANALYSISLOG] 04dff89addc43818bb21dd620d361ce152ef0868d64912fec8071cba4172f9e0.nfs -> ../ELF_samples/benign_report/armv8/raw/04dff89addc43818bb21dd620d361ce152ef0868d64912fec8071cba4172f9e0.nfs_2026-01-31_16-19-23_9cff9ddf.jsonl
[DOCKER] Selected image for libc=glibc: arm64v8/ubuntu:24.04
[POOL] Collected 15 events for analysis (read from log file)
[POOL] Running analyzers on 15 events for 094230879b9dcd9db2109379fa2fb14fa077ff5b50a6103a7b0f6a8cfdddcec2
[POOL] Analysis completed: 0 findings in 0.00s (14140 events/s)
[AI-Integration] Submitted task: 590bcab2
[AI] 590bcab2 queued for DeepSeek analysis
[POOL] Collected 29 events for analysis (read from log file)
[POOL] Running analyzers on 29 events for 1a118abfc2c91d7229435e85e87ab272f0f96895b46b88ea4af6e410385f345c
[POOL] Analysis completed: 2 findings in 0.00s (25530 events/s)
[AI-Integration] Submitted task: a7b4df4b
[AI] a7b4df4b queued for DeepSeek analysis
[POOL] Collected 10 events for analysis (read from log file)
[POOL] Running analyzers on 10 events for dff3da28d55df33aeac48b8719a4ed0a0b80da66500d6d44ce5e26e62c7d59ab
[POOL] Analysis completed: 0 findings in 0.00s (9584 events/s)
[AI-Integration] Submitted task: e524810a
[AI] e524810a queued for DeepSeek analysis
[CgroupManager] Removed cgroup 91596 via bpftool
[POOL] Cleanup scheduled for b96a65beed35
[DockerWorker-1] ✓ Completed: 1a118abfc2c91d7229435e85e87ab272f0f96895b46b88ea4af6e410385f345c (29 events) (1.24s)
[DockerWorker-1] Starting: 605945f409c9866ecadca9fcfe1fccf537e5e3f0e21e7f2ae373b707014a5b73 (183_64bit)
[ANALYSISLOG] 605945f409c9866ecadca9fcfe1fccf537e5e3f0e21e7f2ae373b707014a5b73 -> ../ELF_samples/benign_report/armv8/raw/605945f409c9866ecadca9fcfe1fccf537e5e3f0e21e7f2ae373b707014a5b73_2026-01-31_16-19-23_51806ff1.jsonl
[DOCKER] Selected image for libc=glibc: arm64v8/ubuntu:24.04
[CgroupManager] Removed cgroup 91768 via bpftool
[CgroupManager] Removed cgroup 91854 via bpftool
[POOL] Cleanup scheduled for ec385104c03f
[DockerWorker-0] ✓ Completed: dff3da28d55df33aeac48b8719a4ed0a0b80da66500d6d44ce5e26e62c7d59ab (10 events) (1.13s)
[DockerWorker-0] Starting: 5edc0f211f98e325ba96d162d38e4e7440773c3a067dab66141d8b2f4b6811e6 (183_64bit)
[POOL] Cleanup scheduled for 237db9bd3b33
[DockerWorker-5] ✓ Completed: 094230879b9dcd9db2109379fa2fb14fa077ff5b50a6103a7b0f6a8cfdddcec2 (15 events) (1.13s)
[DockerWorker-5] Starting: d695424aea998655ec3281607fc22cc24b9dccb55d372b4fb750181da7965e0d (183_64bit)
[ANALYSISLOG] 5edc0f211f98e325ba96d162d38e4e7440773c3a067dab66141d8b2f4b6811e6 -> ../ELF_samples/benign_report/armv8/raw/5edc0f211f98e325ba96d162d38e4e7440773c3a067dab66141d8b2f4b6811e6_2026-01-31_16-19-23_3c6f877e.jsonl
[DOCKER] Selected image for libc=glibc: arm64v8/ubuntu:24.04
[ANALYSISLOG] d695424aea998655ec3281607fc22cc24b9dccb55d372b4fb750181da7965e0d -> ../ELF_samples/benign_report/armv8/raw/d695424aea998655ec3281607fc22cc24b9dccb55d372b4fb750181da7965e0d_2026-01-31_16-19-23_16388e77.jsonl
[DOCKER] Selected image for libc=glibc: arm64v8/ubuntu:24.04
[CgroupManager] Added cgroup 91940 via bpftool
[EventRouter] DEBUG: EXEC #34 filename='/bin/true', triggers=['9c2204804531a958fd326e0362edf500a060da3c289d5756c6ec2ab2118e6816', '/tmp/9c2204804531a958fd326e0362edf500a060da3c289d5756c6ec2ab2118e6816']
[CgroupManager] Added cgroup 92026 via bpftool
[CgroupManager] Added cgroup 92284 via bpftool
[EventRouter] ARM detected at event 123 for cgroup 91940
[EventRouter] Discarded 122 pre-ARM events for cgroup 91940
[EventRouter] DEBUG: EXEC #33 filename='/bin/true', triggers=['04dff89addc43818bb21dd620d361ce152ef0868d64912fec8071cba4172f9e0.nfs', '/tmp/04dff89addc43818bb21dd620d361ce152ef0868d64912fec8071cba4172f9e0.nfs']
[DOCKER] Container exit code: 1
[DOCKER][STDOUT] BEGIN
9c2204804531a958fd326e0362edf500a060da3c289d5756c6ec2ab2118e6816: no command specified
Try '9c2204804531a958fd326e0362edf500a060da3c289d5756c6ec2ab2118e6816 --help' for more information.
[DOCKER][STDOUT] END
[DOCKER] Raw stdout saved: ../ELF_samples/benign_report/armv8/raw/9c2204804531a958fd326e0362edf500a060da3c289d5756c6ec2ab2118e6816_2026-01-31_16-19-23_11f11fc5_container_stdout.txt
[CgroupManager] Added cgroup 92198 via bpftool
[CgroupManager] Added cgroup 92112 via bpftool
[EventRouter] DEBUG: EXEC #34 filename='/bin/true', triggers=['d695424aea998655ec3281607fc22cc24b9dccb55d372b4fb750181da7965e0d', '/tmp/d695424aea998655ec3281607fc22cc24b9dccb55d372b4fb750181da7965e0d']
[EventRouter] DEBUG: EXEC #33 filename='/bin/true', triggers=['605945f409c9866ecadca9fcfe1fccf537e5e3f0e21e7f2ae373b707014a5b73', '/tmp/605945f409c9866ecadca9fcfe1fccf537e5e3f0e21e7f2ae373b707014a5b73']
[EventRouter] DEBUG: EXEC #34 filename='/bin/true', triggers=['5edc0f211f98e325ba96d162d38e4e7440773c3a067dab66141d8b2f4b6811e6', '/tmp/5edc0f211f98e325ba96d162d38e4e7440773c3a067dab66141d8b2f4b6811e6']
[EventRouter] ARM detected at event 121 for cgroup 92284
[EventRouter] Discarded 120 pre-ARM events for cgroup 92284
[DOCKER] Container exit code: 0
[DOCKER][STDOUT] BEGIN
0xffffffff
[DOCKER][STDOUT] END
[DOCKER] Raw stdout saved: ../ELF_samples/benign_report/armv8/raw/d695424aea998655ec3281607fc22cc24b9dccb55d372b4fb750181da7965e0d_2026-01-31_16-19-23_16388e77_container_stdout.txt
[EventRouter] ARM detected at event 140 for cgroup 92112
[EventRouter] Discarded 139 pre-ARM events for cgroup 92112
[EventRouter] ARM detected at event 125 for cgroup 92026
[EventRouter] Discarded 124 pre-ARM events for cgroup 92026
[AI-Integration] Job d968c5aa analyzed via deepseek
[DOCKER] Container exit code: 1
[DOCKER][STDOUT] BEGIN
usage: 04dff89addc43818bb21dd620d361ce152ef0868d64912fec8071cba4172f9e0.nfs remotetarget dir [-rvVwfnsh] [-o nfsoptions]
options:
	-r		Mount file system readonly
	-v		Verbose
	-V		Print version
	-w		Mount file system read-write
	-f		Fake mount, do not actually mount
	-n		Do not update /etc/mtab
	-s		Tolerate sloppy mount options rather than fail
	-h		Print this help
	nfsoptions	Refer to mount.nfs(8) or nfs(5)
[DOCKER][STDOUT] END
[DOCKER] Raw stdout saved: ../ELF_samples/benign_report/armv8/raw/04dff89addc43818bb21dd620d361ce152ef0868d64912fec8071cba4172f9e0.nfs_2026-01-31_16-19-23_9cff9ddf_container_stdout.txt
[DOCKER] Container exit code: 255
[DOCKER][STDOUT] BEGIN
Usage: spawn-fcgi [options] [-- <fcgiapp> [fcgi app arguments]]

spawn-fcgi v1.6.4 - spawns FastCGI processes

Options:
 -f <path>      filename of the fcgi-application (deprecated; ignored if
                <fcgiapp> is given; needs /bin/sh)
 -d <directory> chdir to directory before spawning
 -a <address>   bind to IPv4/IPv6 address (defaults to 0.0.0.0)
 -p <port>      bind to TCP-port
 -s <path>      bind to Unix domain socket
 -M <mode>      change Unix domain socket mode (octal integer, default: allow
                read+write for user and group as far as umask allows it) 
 -C <children>  (PHP only) numbers of childs to spawn (default: not setting
                the PHP_FCGI_CHILDREN environment variable - PHP defaults to 0)
 -F <children>  number of children to fork (default 1)
 -b <backlog>   backlog to allow on the socket (default 1024)
 -P <path>      name of PID-file for spawned process (ignored in no-fork mode)
 -n             no fork (for daemontools)
 -v             show version
 -?, -h         show this help
(root only)
 -c <directory> chroot to directory
 -S             create socket before chroot() (default is to create the socket
                in the chroot)
 -u <user>      change to user-id
 -g <group>     change to group-id (default: primary group of user if -u
                is given)
 -U <user>      change Unix domain socket owner to user-id
 -G <group>     change Unix domain socket group to group-id
[DOCKER][STDOUT] END
[DOCKER] Raw stdout saved: ../ELF_samples/benign_report/armv8/raw/605945f409c9866ecadca9fcfe1fccf537e5e3f0e21e7f2ae373b707014a5b73_2026-01-31_16-19-23_51806ff1_container_stdout.txt
[AI-Integration] Job 66920ef1 analyzed via deepseek
[EventRouter] ARM detected at event 124 for cgroup 92198
[EventRouter] Discarded 123 pre-ARM events for cgroup 92198
[DOCKER] Container exit code: 1
[DOCKER][STDOUT] BEGIN
5edc0f211f98e325ba96d162d38e4e7440773c3a067dab66141d8b2f4b6811e6: eth1: No such device
[DOCKER][STDOUT] END
[DOCKER] Raw stdout saved: ../ELF_samples/benign_report/armv8/raw/5edc0f211f98e325ba96d162d38e4e7440773c3a067dab66141d8b2f4b6811e6_2026-01-31_16-19-23_3c6f877e_container_stdout.txt
[POOL] Collected 6 events for analysis (read from log file)
[POOL] Running analyzers on 6 events for 9c2204804531a958fd326e0362edf500a060da3c289d5756c6ec2ab2118e6816
[POOL] Analysis completed: 0 findings in 0.00s (5685 events/s)
[AI-Integration] Submitted task: 11f11fc5
[AI] 11f11fc5 queued for DeepSeek analysis
[CgroupManager] Removed cgroup 91940 via bpftool
[POOL] Cleanup scheduled for 5a36685072db
[DockerWorker-3] ✓ Completed: 9c2204804531a958fd326e0362edf500a060da3c289d5756c6ec2ab2118e6816 (6 events) (1.14s)
[DockerWorker-3] Starting: db354ee750c76cc6c460145256c90384fd6ec33a22f8d82ece7a7a9e7d615c00 (183_64bit)
[ANALYSISLOG] db354ee750c76cc6c460145256c90384fd6ec33a22f8d82ece7a7a9e7d615c00 -> ../ELF_samples/benign_report/armv8/raw/db354ee750c76cc6c460145256c90384fd6ec33a22f8d82ece7a7a9e7d615c00_2026-01-31_16-19-24_99c15a59.jsonl
[DOCKER] Selected image for libc=glibc: arm64v8/ubuntu:24.04
[POOL] Collected 6 events for analysis (read from log file)
[POOL] Running analyzers on 6 events for d695424aea998655ec3281607fc22cc24b9dccb55d372b4fb750181da7965e0d
[POOL] Analysis completed: 0 findings in 0.00s (5645 events/s)
[AI-Integration] Submitted task: 16388e77
[AI] 16388e77 queued for DeepSeek analysis
[CgroupManager] Removed cgroup 92284 via bpftool
[POOL] Cleanup scheduled for a656a83c7fb0
[DockerWorker-5] ✓ Completed: d695424aea998655ec3281607fc22cc24b9dccb55d372b4fb750181da7965e0d (6 events) (1.17s)
[DockerWorker-5] Starting: f1ee30e72fdfcc03a92e26e2f9eb50d0bc82c3238243d762b653f5ac437d6d4e (183_64bit)
[ANALYSISLOG] f1ee30e72fdfcc03a92e26e2f9eb50d0bc82c3238243d762b653f5ac437d6d4e -> ../ELF_samples/benign_report/armv8/raw/f1ee30e72fdfcc03a92e26e2f9eb50d0bc82c3238243d762b653f5ac437d6d4e_2026-01-31_16-19-24_a761d675.jsonl
[DOCKER] Selected image for libc=glibc: arm64v8/ubuntu:24.04
[POOL] Collected 5 events for analysis (read from log file)
[POOL] Running analyzers on 5 events for 04dff89addc43818bb21dd620d361ce152ef0868d64912fec8071cba4172f9e0.nfs
[POOL] Analysis completed: 0 findings in 0.00s (4708 events/s)
[AI-Integration] Submitted task: 9cff9ddf
[AI] 9cff9ddf queued for DeepSeek analysis
[POOL] Collected 6 events for analysis (read from log file)
[POOL] Running analyzers on 6 events for 605945f409c9866ecadca9fcfe1fccf537e5e3f0e21e7f2ae373b707014a5b73
[POOL] Analysis completed: 0 findings in 0.00s (5684 events/s)
[AI-Integration] Submitted task: 51806ff1
[AI] 51806ff1 queued for DeepSeek analysis
[CgroupManager] Removed cgroup 92026 via bpftool
[POOL] Cleanup scheduled for bbc013bc641f
[DockerWorker-4] ✓ Completed: 04dff89addc43818bb21dd620d361ce152ef0868d64912fec8071cba4172f9e0.nfs (5 events) (1.23s)
[DockerWorker-4] Starting: cc48c64463ed7c54e499c7153fb777402c2957168f92d26579414ad6f3baf596 (183_64bit)
[ANALYSISLOG] cc48c64463ed7c54e499c7153fb777402c2957168f92d26579414ad6f3baf596 -> ../ELF_samples/benign_report/armv8/raw/cc48c64463ed7c54e499c7153fb777402c2957168f92d26579414ad6f3baf596_2026-01-31_16-19-24_115852ce.jsonl
[DOCKER] Selected image for libc=glibc: arm64v8/ubuntu:24.04
[CgroupManager] Removed cgroup 92112 via bpftool
[POOL] Cleanup scheduled for f344e10425bd
[DockerWorker-1] ✗ Failed: 605945f409c9866ecadca9fcfe1fccf537e5e3f0e21e7f2ae373b707014a5b73 - Crashed: Signal 127 (Exit code 255) (1.20s)
[DockerWorker-1] Starting: da65081f46bb571d36429f02e28b6644603d7e5cf955b68c16eac2b9f24ac1a1 (183_64bit)
[ANALYSISLOG] da65081f46bb571d36429f02e28b6644603d7e5cf955b68c16eac2b9f24ac1a1 -> ../ELF_samples/benign_report/armv8/raw/da65081f46bb571d36429f02e28b6644603d7e5cf955b68c16eac2b9f24ac1a1_2026-01-31_16-19-24_4682c6a8.jsonl
[DOCKER] Selected image for libc=glibc: arm64v8/ubuntu:24.04
[POOL] Collected 6 events for analysis (read from log file)
[POOL] Running analyzers on 6 events for 5edc0f211f98e325ba96d162d38e4e7440773c3a067dab66141d8b2f4b6811e6
[POOL] Analysis completed: 0 findings in 0.00s (5587 events/s)
[AI-Integration] Submitted task: 3c6f877e
[AI] 3c6f877e queued for DeepSeek analysis
[CgroupManager] Removed cgroup 92198 via bpftool
[POOL] Cleanup scheduled for 517cef41b2cd
[DockerWorker-0] ✓ Completed: 5edc0f211f98e325ba96d162d38e4e7440773c3a067dab66141d8b2f4b6811e6 (6 events) (1.31s)
[DockerWorker-0] Starting: 48573a5436307ac867e6301963bc657770145e9f6afa43ed4f3adde8dc75fbe6 (183_64bit)
[CgroupManager] Added cgroup 92370 via bpftool
[ANALYSISLOG] 48573a5436307ac867e6301963bc657770145e9f6afa43ed4f3adde8dc75fbe6 -> ../ELF_samples/benign_report/armv8/raw/48573a5436307ac867e6301963bc657770145e9f6afa43ed4f3adde8dc75fbe6_2026-01-31_16-19-24_2f5d51a6.jsonl
[DOCKER] Selected image for libc=glibc: arm64v8/ubuntu:24.04
[AI-Integration] Job f96f4537 analyzed via deepseek
[EventRouter] DEBUG: EXEC #33 filename='/bin/true', triggers=['db354ee750c76cc6c460145256c90384fd6ec33a22f8d82ece7a7a9e7d615c00', '/tmp/db354ee750c76cc6c460145256c90384fd6ec33a22f8d82ece7a7a9e7d615c00']
[AI-Integration] Job 93501a8e analyzed via deepseek
[EventRouter] ARM detected at event 124 for cgroup 92370
[EventRouter] Discarded 123 pre-ARM events for cgroup 92370
[CgroupManager] Added cgroup 92456 via bpftool
[EventRouter] DEBUG: EXEC #34 filename='/bin/true', triggers=['da65081f46bb571d36429f02e28b6644603d7e5cf955b68c16eac2b9f24ac1a1', '/tmp/da65081f46bb571d36429f02e28b6644603d7e5cf955b68c16eac2b9f24ac1a1']
[CgroupManager] Added cgroup 92542 via bpftool
[CgroupManager] Added cgroup 92714 via bpftool
[DOCKER] Container exit code: 139
[DOCKER][STDOUT] BEGIN
Opt: \xff (ff)
qemu: uncaught target signal 11 (Segmentation fault) - core dumped
Segmentation fault (core dumped)
[DOCKER][STDOUT] END
[DOCKER] Raw stdout saved: ../ELF_samples/benign_report/armv8/raw/db354ee750c76cc6c460145256c90384fd6ec33a22f8d82ece7a7a9e7d615c00_2026-01-31_16-19-24_99c15a59_container_stdout.txt
[POOL] Fatal crash detected (exit=139) - using fast drain mode
[EventRouter] DEBUG: EXEC #32 filename='/bin/true', triggers=['cc48c64463ed7c54e499c7153fb777402c2957168f92d26579414ad6f3baf596', '/tmp/cc48c64463ed7c54e499c7153fb777402c2957168f92d26579414ad6f3baf596']
[CgroupManager] Added cgroup 92628 via bpftool
[CgroupManager] Removed cgroup 92370 via bpftool
[POOL] Stopped BPF monitoring for cgroup 92370
[EventRouter] DEBUG: EXEC #33 filename='/bin/true', triggers=['48573a5436307ac867e6301963bc657770145e9f6afa43ed4f3adde8dc75fbe6', '/tmp/48573a5436307ac867e6301963bc657770145e9f6afa43ed4f3adde8dc75fbe6']
[EventRouter] DEBUG: EXEC #48 filename='/bin/true', triggers=['f1ee30e72fdfcc03a92e26e2f9eb50d0bc82c3238243d762b653f5ac437d6d4e', '/tmp/f1ee30e72fdfcc03a92e26e2f9eb50d0bc82c3238243d762b653f5ac437d6d4e']
[EventRouter] ARM detected at event 138 for cgroup 92542
[EventRouter] Discarded 137 pre-ARM events for cgroup 92542
[EventRouter] ARM detected at event 123 for cgroup 92456
[EventRouter] Discarded 122 pre-ARM events for cgroup 92456
[DOCKER] Container exit code: 0
[DOCKER][STDOUT] BEGIN
Usage: rarp -a                               list entries in cache.
       rarp -d <hostname>                    delete entry from cache.
       rarp [<HW>] -s <hostname> <hwaddr>    add entry to cache.
       rarp -f                               add entries from /etc/ethers.
       rarp -V                               display program version.

  <HW>=Use '-H <hw>' to specify hardware address type. Default: ether
  List of possible hardware types (which support ARP):
    ash (Ash) ether (Ethernet) ax25 (AMPR AX.25) 
    netrom (AMPR NET/ROM) rose (AMPR ROSE) arcnet (ARCnet) 
    dlci (Frame Relay DLCI) fddi (Fiber Distributed Data Interface) hippi (HIPPI) 
    irda (IrLAP) x25 (generic X.25) infiniband (InfiniBand) 
    eui64 (Generic EUI-64)
[DOCKER][STDOUT] END
[DOCKER] Raw stdout saved: ../ELF_samples/benign_report/armv8/raw/da65081f46bb571d36429f02e28b6644603d7e5cf955b68c16eac2b9f24ac1a1_2026-01-31_16-19-24_4682c6a8_container_stdout.txt
[EventRouter] ARM detected at event 135 for cgroup 92628
[EventRouter] Discarded 134 pre-ARM events for cgroup 92628
[DOCKER] Container exit code: 2
[DOCKER][STDOUT] BEGIN
You must specify exactly one output filename
Usage:
  f1ee30e72fdfcc03a92e26e2f9eb50d0bc82c3238243d762b653f5ac437d6d4e [OPTION…] FILENAME

Logs D-Bus traffic to FILENAME in a format suitable for bustle

Help Options:
  -h, --help        Show help options

Application Options:
  -e, --session     Monitor session bus (default)
  -y, --system      Monitor system bus
  -v, --verbose     Print brief summaries of captured messages to stdout
  -q, --quiet       Don't print out instructions
  -V, --version     Print version information and exit
[DOCKER][STDOUT] END
[DOCKER] Raw stdout saved: ../ELF_samples/benign_report/armv8/raw/f1ee30e72fdfcc03a92e26e2f9eb50d0bc82c3238243d762b653f5ac437d6d4e_2026-01-31_16-19-24_a761d675_container_stdout.txt
[EventRouter] ARM detected at event 123 for cgroup 92714
[EventRouter] Discarded 122 pre-ARM events for cgroup 92714
[DOCKER] Container exit code: 0
[AI-Integration] Job e816d15f analyzed via deepseek
[POOL] Collected 13 events for analysis (read from log file)
[POOL] Running analyzers on 13 events for db354ee750c76cc6c460145256c90384fd6ec33a22f8d82ece7a7a9e7d615c00
[POOL] Analysis completed: 2 findings in 0.00s (11375 events/s)
[AI-Integration] Submitted task: 99c15a59
[AI] 99c15a59 queued for DeepSeek analysis
[CgroupManager] bpftool delete failed: Command '['sudo', '/usr/sbin/bpftool', 'map', 'delete', 'id', '842', 'key', 'hex', 'd2', '68', '01', '00', '00', '00', '00', '00']' returned non-zero exit status 254.
[POOL] Cleanup scheduled for 4f7e63435412
[DockerWorker-3] CRASHED (Exploit/Bug): db354ee750c76cc6c460145256c90384fd6ec33a22f8d82ece7a7a9e7d615c00 - Crashed: Segmentation Fault (SIGSEGV) (1.06s)
[DockerWorker-3] Starting: d10b04c088502f6a8799d5dbe8a2564478515e6271b730ea0fc54b5c0772836c (183_64bit)
[ANALYSISLOG] d10b04c088502f6a8799d5dbe8a2564478515e6271b730ea0fc54b5c0772836c -> ../ELF_samples/benign_report/armv8/raw/d10b04c088502f6a8799d5dbe8a2564478515e6271b730ea0fc54b5c0772836c_2026-01-31_16-19-25_6e3824ef.jsonl
[DOCKER] Selected image for libc=glibc: arm64v8/ubuntu:24.04
[CgroupManager] Added cgroup 92800 via bpftool
[EventRouter] DEBUG: EXEC #33 filename='/bin/true', triggers=['d10b04c088502f6a8799d5dbe8a2564478515e6271b730ea0fc54b5c0772836c', '/tmp/d10b04c088502f6a8799d5dbe8a2564478515e6271b730ea0fc54b5c0772836c']
[POOL] Collected 6 events for analysis (read from log file)
[POOL] Running analyzers on 6 events for da65081f46bb571d36429f02e28b6644603d7e5cf955b68c16eac2b9f24ac1a1
[POOL] Analysis completed: 0 findings in 0.00s (5730 events/s)
[AI-Integration] Submitted task: 4682c6a8
[AI] 4682c6a8 queued for DeepSeek analysis
[CgroupManager] Removed cgroup 92456 via bpftool
[POOL] Cleanup scheduled for 3eae6d187250
[DockerWorker-1] ✓ Completed: da65081f46bb571d36429f02e28b6644603d7e5cf955b68c16eac2b9f24ac1a1 (6 events) (1.23s)
[DockerWorker-1] Starting: 5b0ba3ff2e114077dfb50901a18c9c9184d1ee910d1ed68de444352a1ab22ccb (183_64bit)
[ANALYSISLOG] 5b0ba3ff2e114077dfb50901a18c9c9184d1ee910d1ed68de444352a1ab22ccb -> ../ELF_samples/benign_report/armv8/raw/5b0ba3ff2e114077dfb50901a18c9c9184d1ee910d1ed68de444352a1ab22ccb_2026-01-31_16-19-25_a979773e.jsonl
[DOCKER] Selected image for libc=glibc: arm64v8/ubuntu:24.04
[POOL] Collected 6 events for analysis (read from log file)
[POOL] Running analyzers on 6 events for f1ee30e72fdfcc03a92e26e2f9eb50d0bc82c3238243d762b653f5ac437d6d4e
[POOL] Analysis completed: 0 findings in 0.00s (5610 events/s)
[AI-Integration] Submitted task: a761d675
[AI] a761d675 queued for DeepSeek analysis
[CgroupManager] Removed cgroup 92628 via bpftool
[POOL] Cleanup scheduled for c6e26a817ce0
[DockerWorker-5] ✓ Completed: f1ee30e72fdfcc03a92e26e2f9eb50d0bc82c3238243d762b653f5ac437d6d4e (6 events) (1.27s)
[DockerWorker-5] Starting: 8a458624e05a0f618c9aca1902f8f7e2fa87b3cd26dc52518a551eee1de2df52 (183_64bit)
[ANALYSISLOG] 8a458624e05a0f618c9aca1902f8f7e2fa87b3cd26dc52518a551eee1de2df52 -> ../ELF_samples/benign_report/armv8/raw/8a458624e05a0f618c9aca1902f8f7e2fa87b3cd26dc52518a551eee1de2df52_2026-01-31_16-19-25_a0259c7f.jsonl
[DOCKER] Selected image for libc=glibc: arm64v8/ubuntu:24.04
[AI-Integration] Job 1fd85af9 analyzed via deepseek
[POOL] Collected 16 events for analysis (read from log file)
[POOL] Running analyzers on 16 events for 48573a5436307ac867e6301963bc657770145e9f6afa43ed4f3adde8dc75fbe6
[POOL] Analysis completed: 0 findings in 0.00s (15022 events/s)
[AI-Integration] Submitted task: 2f5d51a6
[AI] 2f5d51a6 queued for DeepSeek analysis
[CgroupManager] Removed cgroup 92714 via bpftool
[POOL] Cleanup scheduled for 98edc05ca070
[DockerWorker-0] ✓ Completed: 48573a5436307ac867e6301963bc657770145e9f6afa43ed4f3adde8dc75fbe6 (16 events) (1.22s)
[DockerWorker-0] Starting: b54a52f168ab3e365aeabc30b51e681966af9a646292f037e891024051b0d623 (183_64bit)
[ANALYSISLOG] b54a52f168ab3e365aeabc30b51e681966af9a646292f037e891024051b0d623 -> ../ELF_samples/benign_report/armv8/raw/b54a52f168ab3e365aeabc30b51e681966af9a646292f037e891024051b0d623_2026-01-31_16-19-26_a04f7e2b.jsonl
[DOCKER] Selected image for libc=glibc: arm64v8/ubuntu:24.04
[EventRouter] ARM detected at event 123 for cgroup 92800
[EventRouter] Discarded 122 pre-ARM events for cgroup 92800
[DOCKER] Container exit code: 255
[DOCKER][STDOUT] BEGIN
Not enough information: argument "file" is required
[DOCKER][STDOUT] END
[DOCKER] Raw stdout saved: ../ELF_samples/benign_report/armv8/raw/d10b04c088502f6a8799d5dbe8a2564478515e6271b730ea0fc54b5c0772836c_2026-01-31_16-19-25_6e3824ef_container_stdout.txt
[CgroupManager] Added cgroup 92972 via bpftool
[CgroupManager] Added cgroup 93058 via bpftool
[CgroupManager] Added cgroup 92886 via bpftool
[EventRouter] DEBUG: EXEC #33 filename='/bin/true', triggers=['5b0ba3ff2e114077dfb50901a18c9c9184d1ee910d1ed68de444352a1ab22ccb', '/tmp/5b0ba3ff2e114077dfb50901a18c9c9184d1ee910d1ed68de444352a1ab22ccb']
[EventRouter] DEBUG: EXEC #49 filename='/bin/true', triggers=['8a458624e05a0f618c9aca1902f8f7e2fa87b3cd26dc52518a551eee1de2df52', '/tmp/8a458624e05a0f618c9aca1902f8f7e2fa87b3cd26dc52518a551eee1de2df52']
[POOL] Collected 6 events for analysis (read from log file)
[POOL] Running analyzers on 6 events for d10b04c088502f6a8799d5dbe8a2564478515e6271b730ea0fc54b5c0772836c
[POOL] Analysis completed: 0 findings in 0.00s (5716 events/s)
[AI-Integration] Submitted task: 6e3824ef
[AI] 6e3824ef queued for DeepSeek analysis
[CgroupManager] Removed cgroup 92800 via bpftool
[POOL] Cleanup scheduled for 1b48510a5bf3
[DockerWorker-3] ✗ Failed: d10b04c088502f6a8799d5dbe8a2564478515e6271b730ea0fc54b5c0772836c - Crashed: Signal 127 (Exit code 255) (1.10s)
[DockerWorker-3] Starting: 14ab599cf2e0ad9e609787a5bc56adb194ea58ebbaabca01e0741cf1c50f00e6 (183_64bit)
[ANALYSISLOG] 14ab599cf2e0ad9e609787a5bc56adb194ea58ebbaabca01e0741cf1c50f00e6 -> ../ELF_samples/benign_report/armv8/raw/14ab599cf2e0ad9e609787a5bc56adb194ea58ebbaabca01e0741cf1c50f00e6_2026-01-31_16-19-26_17ea90bd.jsonl
[DOCKER] Selected image for libc=glibc: arm64v8/ubuntu:24.04
[EventRouter] ARM detected at event 160 for cgroup 93058
[EventRouter] Discarded 159 pre-ARM events for cgroup 93058
[EventRouter] ARM detected at event 136 for cgroup 92886
[EventRouter] Discarded 135 pre-ARM events for cgroup 92886
[EventRouter] ARM detected at event 121 for cgroup 92972
[EventRouter] Discarded 120 pre-ARM events for cgroup 92972
[DOCKER] Container exit code: 0
[DOCKER][STDOUT] BEGIN
Usage: /tmp/8a458624e05a0f618c9aca1902f8f7e2fa87b3cd26dc52518a551eee1de2df52 PANid sourceAddr destAddr
  or:  /tmp/8a458624e05a0f618c9aca1902f8f7e2fa87b3cd26dc52518a551eee1de2df52 --help
  or:  /tmp/8a458624e05a0f618c9aca1902f8f7e2fa87b3cd26dc52518a551eee1de2df52 --version


Starts chat session on net PANid, using addr sourceAddr talking with destAddr.

Currently all addresses should be short (16-bit) and specified in hex form.
Report bugs to linux-zigbee-devel@lists.sourceforge.net

Userspace tools for Linux IEEE 802.15.4 stack homepage <http://linux-zigbee.sourceforge.net/>
[DOCKER][STDOUT] END
[DOCKER] Raw stdout saved: ../ELF_samples/benign_report/armv8/raw/8a458624e05a0f618c9aca1902f8f7e2fa87b3cd26dc52518a551eee1de2df52_2026-01-31_16-19-25_a0259c7f_container_stdout.txt
[DOCKER] Container exit code: 1
[DOCKER][STDOUT] BEGIN
5b0ba3ff2e114077dfb50901a18c9c9184d1ee910d1ed68de444352a1ab22ccb: Cannot access the Hardware Clock via any known method.
5b0ba3ff2e114077dfb50901a18c9c9184d1ee910d1ed68de444352a1ab22ccb: Use the --verbose option to see the details of our search for an access method.
[DOCKER][STDOUT] END
[DOCKER] Raw stdout saved: ../ELF_samples/benign_report/armv8/raw/5b0ba3ff2e114077dfb50901a18c9c9184d1ee910d1ed68de444352a1ab22ccb_2026-01-31_16-19-25_a979773e_container_stdout.txt
[DOCKER] Container exit code: 0
[CgroupManager] Added cgroup 93144 via bpftool
[EventRouter] DEBUG: EXEC #34 filename='/bin/true', triggers=['14ab599cf2e0ad9e609787a5bc56adb194ea58ebbaabca01e0741cf1c50f00e6', '/tmp/14ab599cf2e0ad9e609787a5bc56adb194ea58ebbaabca01e0741cf1c50f00e6']
[POOL] Collected 6 events for analysis (read from log file)
[POOL] Running analyzers on 6 events for 8a458624e05a0f618c9aca1902f8f7e2fa87b3cd26dc52518a551eee1de2df52
[POOL] Analysis completed: 0 findings in 0.00s (5668 events/s)
[AI-Integration] Submitted task: a0259c7f
[AI] a0259c7f queued for DeepSeek analysis
[POOL] Collected 8 events for analysis (read from log file)
[POOL] Running analyzers on 8 events for 5b0ba3ff2e114077dfb50901a18c9c9184d1ee910d1ed68de444352a1ab22ccb
[POOL] Analysis completed: 0 findings in 0.00s (7494 events/s)
[AI-Integration] Submitted task: a979773e
[AI] a979773e queued for DeepSeek analysis
[POOL] Collected 6 events for analysis (read from log file)
[POOL] Running analyzers on 6 events for b54a52f168ab3e365aeabc30b51e681966af9a646292f037e891024051b0d623
[POOL] Analysis completed: 0 findings in 0.00s (5552 events/s)
[AI-Integration] Submitted task: a04f7e2b
[AI] a04f7e2b queued for DeepSeek analysis
[CgroupManager] Removed cgroup 92886 via bpftool
[POOL] Cleanup scheduled for b7b14e4cf3e3
[DockerWorker-5] ✓ Completed: 8a458624e05a0f618c9aca1902f8f7e2fa87b3cd26dc52518a551eee1de2df52 (6 events) (1.24s)
[DockerWorker-5] Starting: ae3bd51e7776cda5d96c01f3f842b1c4dfe392495a5cb8bc3ecfa693b2ffc37a (183_64bit)
[ANALYSISLOG] ae3bd51e7776cda5d96c01f3f842b1c4dfe392495a5cb8bc3ecfa693b2ffc37a -> ../ELF_samples/benign_report/armv8/raw/ae3bd51e7776cda5d96c01f3f842b1c4dfe392495a5cb8bc3ecfa693b2ffc37a_2026-01-31_16-19-27_30daedaa.jsonl
[DOCKER] Selected image for libc=glibc: arm64v8/ubuntu:24.04
[CgroupManager] Removed cgroup 92972 via bpftool
[POOL] Cleanup scheduled for a76e2fc21580
[DockerWorker-1] ✓ Completed: 5b0ba3ff2e114077dfb50901a18c9c9184d1ee910d1ed68de444352a1ab22ccb (8 events) (1.27s)
[DockerWorker-1] Starting: 8e42388fa4ddc7da75d4a1c747be531d9333dca51ca5c936246bd73cdc235ad9 (183_64bit)
[ANALYSISLOG] 8e42388fa4ddc7da75d4a1c747be531d9333dca51ca5c936246bd73cdc235ad9 -> ../ELF_samples/benign_report/armv8/raw/8e42388fa4ddc7da75d4a1c747be531d9333dca51ca5c936246bd73cdc235ad9_2026-01-31_16-19-27_795cdc51.jsonl
[DOCKER] Selected image for libc=glibc: arm64v8/ubuntu:24.04
[EventRouter] ARM detected at event 127 for cgroup 93144
[EventRouter] Discarded 126 pre-ARM events for cgroup 93144
[CgroupManager] Removed cgroup 93058 via bpftool
[POOL] Cleanup scheduled for a4ea9a8b2f12
[DockerWorker-0] ✓ Completed: b54a52f168ab3e365aeabc30b51e681966af9a646292f037e891024051b0d623 (6 events) (1.19s)
[DockerWorker-0] Starting: 9c960b143bcc5c9d03717054bb0e63e82a37da15bf40d53bf8bdcd35244455b5 (183_64bit)
[ANALYSISLOG] 9c960b143bcc5c9d03717054bb0e63e82a37da15bf40d53bf8bdcd35244455b5 -> ../ELF_samples/benign_report/armv8/raw/9c960b143bcc5c9d03717054bb0e63e82a37da15bf40d53bf8bdcd35244455b5_2026-01-31_16-19-27_b1dc8fd6.jsonl
[DOCKER] Selected image for libc=glibc: arm64v8/ubuntu:24.04
[DOCKER] Container exit code: 1
[DOCKER][STDOUT] BEGIN
usage: /tmp/14ab599cf2e0ad9e609787a5bc56adb194ea58ebbaabca01e0741cf1c50f00e6 <ttyS>
[DOCKER][STDOUT] END
[DOCKER] Raw stdout saved: ../ELF_samples/benign_report/armv8/raw/14ab599cf2e0ad9e609787a5bc56adb194ea58ebbaabca01e0741cf1c50f00e6_2026-01-31_16-19-26_17ea90bd_container_stdout.txt
[CgroupManager] Added cgroup 93316 via bpftool
[CgroupManager] Added cgroup 93230 via bpftool
[CgroupManager] Added cgroup 93402 via bpftool
[EventRouter] DEBUG: EXEC #33 filename='/bin/true', triggers=['8e42388fa4ddc7da75d4a1c747be531d9333dca51ca5c936246bd73cdc235ad9', '/tmp/8e42388fa4ddc7da75d4a1c747be531d9333dca51ca5c936246bd73cdc235ad9']
[EventRouter] DEBUG: EXEC #33 filename='/bin/true', triggers=['ae3bd51e7776cda5d96c01f3f842b1c4dfe392495a5cb8bc3ecfa693b2ffc37a', '/tmp/ae3bd51e7776cda5d96c01f3f842b1c4dfe392495a5cb8bc3ecfa693b2ffc37a']
[EventRouter] DEBUG: EXEC #49 filename='/bin/true', triggers=['9c960b143bcc5c9d03717054bb0e63e82a37da15bf40d53bf8bdcd35244455b5', '/tmp/9c960b143bcc5c9d03717054bb0e63e82a37da15bf40d53bf8bdcd35244455b5']
[POOL] Collected 5 events for analysis (read from log file)
[POOL] Running analyzers on 5 events for 14ab599cf2e0ad9e609787a5bc56adb194ea58ebbaabca01e0741cf1c50f00e6
[POOL] Analysis completed: 0 findings in 0.00s (4794 events/s)
[AI-Integration] Submitted task: 17ea90bd
[AI] 17ea90bd queued for DeepSeek analysis
[CgroupManager] Removed cgroup 93144 via bpftool
[POOL] Cleanup scheduled for 5c57fed72f78
[DockerWorker-3] ✓ Completed: 14ab599cf2e0ad9e609787a5bc56adb194ea58ebbaabca01e0741cf1c50f00e6 (5 events) (1.12s)
[DockerWorker-3] Starting: d48fd4bd101475035c622c84900fe56e22db84303464d5b89ccf8932eaa743cd (183_64bit)
[ANALYSISLOG] d48fd4bd101475035c622c84900fe56e22db84303464d5b89ccf8932eaa743cd -> ../ELF_samples/benign_report/armv8/raw/d48fd4bd101475035c622c84900fe56e22db84303464d5b89ccf8932eaa743cd_2026-01-31_16-19-27_b56f59cd.jsonl
[DOCKER] Selected image for libc=glibc: arm64v8/ubuntu:24.04
[EventRouter] ARM detected at event 120 for cgroup 93316
[EventRouter] Discarded 119 pre-ARM events for cgroup 93316
[DOCKER] Container exit code: 0
[EventRouter] ARM detected at event 152 for cgroup 93402
[EventRouter] Discarded 151 pre-ARM events for cgroup 93402
[EventRouter] ARM detected at event 123 for cgroup 93230
[EventRouter] Discarded 122 pre-ARM events for cgroup 93230
[DOCKER] Container exit code: 0
[DOCKER][STDOUT] BEGIN
\x8b \xbb}i          
[DOCKER][STDOUT] END
[DOCKER] Raw stdout saved: ../ELF_samples/benign_report/armv8/raw/ae3bd51e7776cda5d96c01f3f842b1c4dfe392495a5cb8bc3ecfa693b2ffc37a_2026-01-31_16-19-27_30daedaa_container_stdout.txt
[DOCKER] Container exit code: 1
[DOCKER][STDOUT] BEGIN
Created directory: /var/lib/snmp
Created directory: /var/lib/snmp/cert_indexes
Created directory: /var/lib/snmp/mib_indexes
MIB search path: /root/.snmp/mibs:/usr/share/snmp/mibs
Cannot find module (SNMPv2-MIB): At line 0 in (none)
Cannot find module (IF-MIB): At line 0 in (none)
Cannot find module (IP-MIB): At line 0 in (none)
Cannot find module (TCP-MIB): At line 0 in (none)
Cannot find module (UDP-MIB): At line 0 in (none)
Cannot find module (HOST-RESOURCES-MIB): At line 0 in (none)
Cannot find module (HOST-RESOURCES-TYPES): At line 0 in (none)
Cannot find module (SNMP-VIEW-BASED-ACM-MIB): At line 0 in (none)
Cannot find module (SNMP-COMMUNITY-MIB): At line 0 in (none)
Cannot find module (SNMP-FRAMEWORK-MIB): At line 0 in (none)
Cannot find module (SNMP-MPD-MIB): At line 0 in (none)
Cannot find module (SNMP-USER-BASED-SM-MIB): At line 0 in (none)
No hostname specified.
USAGE: snmpbulkget [OPTIONS] AGENT OID [OID]...

  Version:  5.8
  Web:      http://www.net-snmp.org/
  Email:    net-snmp-coders@lists.sourceforge.net

OPTIONS:
  -h, --help		display this help message
  -H			display configuration file directives understood
  -v 1|2c|3		specifies SNMP version to use
  -V, --version		display package version number
SNMP Version 1 or 2c specific
  -c COMMUNITY		set the community string
SNMP Version 3 specific
  -a PROTOCOL		set authentication protocol (MD5|SHA|SHA-224|SHA-256|SHA-384|SHA-512)
  -A PASSPHRASE		set authentication protocol pass phrase
  -e ENGINE-ID		set security engine ID (e.g. 800000020109840301)
  -E ENGINE-ID		set context engine ID (e.g. 800000020109840301)
  -l LEVEL		set security level (noAuthNoPriv|authNoPriv|authPriv)
  -n CONTEXT		set context name (e.g. bridge1)
  -u USER-NAME		set security name (e.g. bert)
  -x PROTOCOL		set privacy protocol (DES|AES)
  -X PASSPHRASE		set privacy protocol pass phrase
  -Z BOOTS,TIME		set destination engine boots/time
General communication options
  -r RETRIES		set the number of retries
  -t TIMEOUT		set the request timeout (in seconds)
Debugging
  -d			dump input/output packets in hexadecimal
  -D[TOKEN[,...]]	turn on debugging output for the specified TOKENs
			   (ALL gives extremely verbose debugging output)
General options
  -m MIB[:...]		load given list of MIBs (ALL loads everything)
  -M DIR[:...]		look in given list of directories for MIBs
    (default: /root/.snmp/mibs:/usr/share/snmp/mibs)
  -P MIBOPTS		Toggle various defaults controlling MIB parsing:
			  u:  allow the use of underlines in MIB symbols
			  c:  disallow the use of "--" to terminate comments
			  d:  save the DESCRIPTIONs of the MIB objects
			  e:  disable errors when MIB symbols conflict
			  w:  enable warnings when MIB symbols conflict
			  W:  enable detailed warnings when MIB symbols conflict
			  R:  replace MIB symbols from latest module
  -O OUTOPTS		Toggle various defaults controlling output display:
			  0:  print leading 0 for single-digit hex characters
			  a:  print all strings in ascii format
			  b:  do not break OID indexes down
			  e:  print enums numerically
			  E:  escape quotes in string indices
			  f:  print full OIDs on output
			  n:  print OIDs numerically
			  p PRECISION:  display floating point values with specified PRECISION (printf format string)
			  q:  quick print for easier parsing
			  Q:  quick print with equal-signs
			  s:  print only last symbolic element of OID
			  S:  print MIB module-id plus last element
			  t:  print timeticks unparsed as numeric integers
			  T:  print human-readable text along with hex strings
			  u:  print OIDs using UCD-style prefix suppression
			  U:  don't print units
			  v:  print values only (not OID = value)
			  x:  print all strings in hex format
			  X:  extended index format
  -I INOPTS		Toggle various defaults controlling input parsing:
			  b:  do best/regex matching to find a MIB node
			  h:  don't apply DISPLAY-HINTs
			  r:  do not check values for range/type legality
			  R:  do random access to OID labels
			  u:  top-level OIDs must have '.' prefix (UCD-style)
			  s SUFFIX:  Append all textual OIDs with SUFFIX before parsing
			  S PREFIX:  Prepend all textual OIDs with PREFIX before parsing
  -L LOGOPTS		Toggle various defaults controlling logging:
			  e:           log to standard error
			  o:           log to standard output
			  n:           don't log at all
			  f file:      log to the specified file
			  s facility:  log to syslog (via the specified facility)

			  (variants)
			  [EON] pri:   log to standard error, output or /dev/null for level 'pri' and above
			  [EON] p1-p2: log to standard error, output or /dev/null for levels 'p1' to 'p2'
			  [FS] pri token:    log to file/syslog for level 'pri' and above
			  [FS] p1-p2 token:  log to file/syslog for levels 'p1' to 'p2'
  -C APPOPTS		Set various application specific behaviours:
			  n<NUM>:  set non-repeaters to <NUM>
			  r<NUM>:  set max-repeaters to <NUM>
[DOCKER][STDOUT] END
[DOCKER] Raw stdout saved: ../ELF_samples/benign_report/armv8/raw/9c960b143bcc5c9d03717054bb0e63e82a37da15bf40d53bf8bdcd35244455b5_2026-01-31_16-19-27_b1dc8fd6_container_stdout.txt
[CgroupManager] Added cgroup 93488 via bpftool
[EventRouter] DEBUG: EXEC #33 filename='/bin/true', triggers=['d48fd4bd101475035c622c84900fe56e22db84303464d5b89ccf8932eaa743cd', '/tmp/d48fd4bd101475035c622c84900fe56e22db84303464d5b89ccf8932eaa743cd']
[POOL] Collected 6 events for analysis (read from log file)
[POOL] Running analyzers on 6 events for 8e42388fa4ddc7da75d4a1c747be531d9333dca51ca5c936246bd73cdc235ad9
[POOL] Analysis completed: 0 findings in 0.00s (5333 events/s)
[AI-Integration] Submitted task: 795cdc51
[AI] 795cdc51 queued for DeepSeek analysis
[CgroupManager] Removed cgroup 93316 via bpftool
[POOL] Cleanup scheduled for 769c068074c0
[DockerWorker-1] ✓ Completed: 8e42388fa4ddc7da75d4a1c747be531d9333dca51ca5c936246bd73cdc235ad9 (6 events) (1.14s)
[DockerWorker-1] Starting: 1e53eb98bcbe62f56d0bde4e9aab4f30fa3d52064f820dce4287e65e16dabc05 (183_64bit)
[ANALYSISLOG] 1e53eb98bcbe62f56d0bde4e9aab4f30fa3d52064f820dce4287e65e16dabc05 -> ../ELF_samples/benign_report/armv8/raw/1e53eb98bcbe62f56d0bde4e9aab4f30fa3d52064f820dce4287e65e16dabc05_2026-01-31_16-19-28_6e4ecf6f.jsonl
[DOCKER] Selected image for libc=glibc: arm64v8/ubuntu:24.04
[POOL] Collected 6 events for analysis (read from log file)
[POOL] Running analyzers on 6 events for ae3bd51e7776cda5d96c01f3f842b1c4dfe392495a5cb8bc3ecfa693b2ffc37a
[POOL] Analysis completed: 0 findings in 0.00s (5666 events/s)
[AI-Integration] Submitted task: 30daedaa
[AI] 30daedaa queued for DeepSeek analysis
[EventRouter] ARM detected at event 123 for cgroup 93488
[EventRouter] Discarded 122 pre-ARM events for cgroup 93488
[DOCKER] Container exit code: 1
[DOCKER][STDOUT] BEGIN
d48fd4bd101475035c622c84900fe56e22db84303464d5b89ccf8932eaa743cd: /proc/profile: No such file or directory
[DOCKER][STDOUT] END
[DOCKER] Raw stdout saved: ../ELF_samples/benign_report/armv8/raw/d48fd4bd101475035c622c84900fe56e22db84303464d5b89ccf8932eaa743cd_2026-01-31_16-19-27_b56f59cd_container_stdout.txt
[CgroupManager] Removed cgroup 93230 via bpftool
[POOL] Cleanup scheduled for a17ca9c5e88e
[DockerWorker-5] ✓ Completed: ae3bd51e7776cda5d96c01f3f842b1c4dfe392495a5cb8bc3ecfa693b2ffc37a (6 events) (1.20s)
[DockerWorker-5] Starting: 7b7272d3c026093ac12362bffca635d9c4d703169309174fc4059e31d1253468 (183_64bit)
[ANALYSISLOG] 7b7272d3c026093ac12362bffca635d9c4d703169309174fc4059e31d1253468 -> ../ELF_samples/benign_report/armv8/raw/7b7272d3c026093ac12362bffca635d9c4d703169309174fc4059e31d1253468_2026-01-31_16-19-28_91dc9038.jsonl
[DOCKER] Selected image for libc=glibc: arm64v8/ubuntu:24.04
[POOL] Collected 7 events for analysis (read from log file)
[POOL] Running analyzers on 7 events for 9c960b143bcc5c9d03717054bb0e63e82a37da15bf40d53bf8bdcd35244455b5
[POOL] Analysis completed: 0 findings in 0.00s (6535 events/s)
[AI-Integration] Submitted task: b1dc8fd6
[AI] b1dc8fd6 queued for DeepSeek analysis
[CgroupManager] Removed cgroup 93402 via bpftool
[POOL] Cleanup scheduled for 798206ba8052
[DockerWorker-0] ✓ Completed: 9c960b143bcc5c9d03717054bb0e63e82a37da15bf40d53bf8bdcd35244455b5 (7 events) (1.24s)
[DockerWorker-0] Starting: d66553f4f5a6e6ec291c8eb87294cf7a810f7aece8d7a74e6d98ce0638107cfa (183_64bit)
[ANALYSISLOG] d66553f4f5a6e6ec291c8eb87294cf7a810f7aece8d7a74e6d98ce0638107cfa -> ../ELF_samples/benign_report/armv8/raw/d66553f4f5a6e6ec291c8eb87294cf7a810f7aece8d7a74e6d98ce0638107cfa_2026-01-31_16-19-28_da0a486a.jsonl
[DOCKER] Selected image for libc=glibc: arm64v8/ubuntu:24.04
[CgroupManager] Added cgroup 93574 via bpftool
[EventRouter] DEBUG: EXEC #34 filename='/bin/true', triggers=['1e53eb98bcbe62f56d0bde4e9aab4f30fa3d52064f820dce4287e65e16dabc05', '/tmp/1e53eb98bcbe62f56d0bde4e9aab4f30fa3d52064f820dce4287e65e16dabc05']
[CgroupManager] Added cgroup 93660 via bpftool
[EventRouter] DEBUG: EXEC #33 filename='/bin/true', triggers=['7b7272d3c026093ac12362bffca635d9c4d703169309174fc4059e31d1253468', '/tmp/7b7272d3c026093ac12362bffca635d9c4d703169309174fc4059e31d1253468']
[CgroupManager] Added cgroup 93746 via bpftool
[EventRouter] DEBUG: EXEC #33 filename='/bin/true', triggers=['d66553f4f5a6e6ec291c8eb87294cf7a810f7aece8d7a74e6d98ce0638107cfa', '/tmp/d66553f4f5a6e6ec291c8eb87294cf7a810f7aece8d7a74e6d98ce0638107cfa']
[POOL] Collected 6 events for analysis (read from log file)
[POOL] Running analyzers on 6 events for d48fd4bd101475035c622c84900fe56e22db84303464d5b89ccf8932eaa743cd
[POOL] Analysis completed: 0 findings in 0.00s (5759 events/s)
[AI-Integration] Submitted task: b56f59cd
[AI] b56f59cd queued for DeepSeek analysis
[CgroupManager] Removed cgroup 93488 via bpftool
[POOL] Cleanup scheduled for b2ae700a1f6e
[DockerWorker-3] ✓ Completed: d48fd4bd101475035c622c84900fe56e22db84303464d5b89ccf8932eaa743cd (6 events) (1.16s)
[DockerWorker-3] Starting: c5ac043b1470f23abd66a0047f8cbbfc8c0a29fe8e82e9c62ff6395a1f14e66b (183_64bit)
[ANALYSISLOG] c5ac043b1470f23abd66a0047f8cbbfc8c0a29fe8e82e9c62ff6395a1f14e66b -> ../ELF_samples/benign_report/armv8/raw/c5ac043b1470f23abd66a0047f8cbbfc8c0a29fe8e82e9c62ff6395a1f14e66b_2026-01-31_16-19-28_dabae648.jsonl
[DOCKER] Selected image for libc=glibc: arm64v8/ubuntu:24.04
[EventRouter] ARM detected at event 122 for cgroup 93574
[EventRouter] Discarded 121 pre-ARM events for cgroup 93574
[EventRouter] ARM detected at event 123 for cgroup 93660
[EventRouter] Discarded 122 pre-ARM events for cgroup 93660
[DOCKER] Container exit code: 1
[DOCKER][STDOUT] BEGIN
1e53eb98bcbe62f56d0bde4e9aab4f30fa3d52064f820dce4287e65e16dabc05: eth1: No such device
[DOCKER][STDOUT] END
[DOCKER] Container exit code: 1
[DOCKER][STDOUT] BEGIN
7b7272d3c026093ac12362bffca635d9c4d703169309174fc4059e31d1253468: Not supported: Want action 'CAP0','CAP1','CAP2','CAP3','Boost','Drop','DropTX','DropRX','AutoConnect','StripTX','StripRX','TagTX','TagRX'.
[DOCKER][STDOUT] END
[DOCKER] Raw stdout saved: ../ELF_samples/benign_report/armv8/raw/1e53eb98bcbe62f56d0bde4e9aab4f30fa3d52064f820dce4287e65e16dabc05_2026-01-31_16-19-28_6e4ecf6f_container_stdout.txt
[DOCKER] Raw stdout saved: ../ELF_samples/benign_report/armv8/raw/7b7272d3c026093ac12362bffca635d9c4d703169309174fc4059e31d1253468_2026-01-31_16-19-28_91dc9038_container_stdout.txt
[EventRouter] ARM detected at event 124 for cgroup 93746
[EventRouter] Discarded 123 pre-ARM events for cgroup 93746
[DOCKER] Container exit code: 0
[DOCKER][STDOUT] BEGIN
Usage: puttygen ( keyfile | -t type [ -b bits ] )
                [ -C comment ] [ -P ] [ -q ]
                [ -o output-keyfile ] [ -O type | -l | -L | -p ]
Use "puttygen --help" for more detail.
[DOCKER][STDOUT] END
[DOCKER] Raw stdout saved: ../ELF_samples/benign_report/armv8/raw/d66553f4f5a6e6ec291c8eb87294cf7a810f7aece8d7a74e6d98ce0638107cfa_2026-01-31_16-19-28_da0a486a_container_stdout.txt
[CgroupManager] Added cgroup 93832 via bpftool
[EventRouter] DEBUG: EXEC #33 filename='/bin/true', triggers=['c5ac043b1470f23abd66a0047f8cbbfc8c0a29fe8e82e9c62ff6395a1f14e66b', '/tmp/c5ac043b1470f23abd66a0047f8cbbfc8c0a29fe8e82e9c62ff6395a1f14e66b']
[POOL] Collected 7 events for analysis (read from log file)
[POOL] Running analyzers on 7 events for 1e53eb98bcbe62f56d0bde4e9aab4f30fa3d52064f820dce4287e65e16dabc05
[POOL] Analysis completed: 0 findings in 0.00s (6685 events/s)
[POOL] Collected 8 events for analysis (read from log file)
[POOL] Running analyzers on 8 events for 7b7272d3c026093ac12362bffca635d9c4d703169309174fc4059e31d1253468
[POOL] Analysis completed: 0 findings in 0.00s (7470 events/s)
[AI-Integration] Submitted task: 6e4ecf6f
[AI] 6e4ecf6f queued for DeepSeek analysis
[AI-Integration] Submitted task: 91dc9038
[AI] 91dc9038 queued for DeepSeek analysis
[CgroupManager] Removed cgroup 93574 via bpftool
[POOL] Cleanup scheduled for 79785cf88e31
[DockerWorker-1] ✓ Completed: 1e53eb98bcbe62f56d0bde4e9aab4f30fa3d52064f820dce4287e65e16dabc05 (7 events) (1.17s)
[DockerWorker-1] Starting: 6793a50dc7d0a74cb9e77389aa0f2bbdd5ad8881d6a958f25ef2fd51d7dc6c30 (183_64bit)
[ANALYSISLOG] 6793a50dc7d0a74cb9e77389aa0f2bbdd5ad8881d6a958f25ef2fd51d7dc6c30 -> ../ELF_samples/benign_report/armv8/raw/6793a50dc7d0a74cb9e77389aa0f2bbdd5ad8881d6a958f25ef2fd51d7dc6c30_2026-01-31_16-19-29_37b736e0.jsonl
[DOCKER] Selected image for libc=glibc: arm64v8/ubuntu:24.04
[CgroupManager] Removed cgroup 93660 via bpftool
[POOL] Cleanup scheduled for 3d7fb8508165
[DockerWorker-5] ✓ Completed: 7b7272d3c026093ac12362bffca635d9c4d703169309174fc4059e31d1253468 (8 events) (1.12s)
[DockerWorker-5] Starting: 6cdb7db4b7ff176b01237945d8ea0b32d099e5292379ad124e46c018c6774b55 (183_64bit)
[ANALYSISLOG] 6cdb7db4b7ff176b01237945d8ea0b32d099e5292379ad124e46c018c6774b55 -> ../ELF_samples/benign_report/armv8/raw/6cdb7db4b7ff176b01237945d8ea0b32d099e5292379ad124e46c018c6774b55_2026-01-31_16-19-29_e01a4c18.jsonl
[DOCKER] Selected image for libc=glibc: arm64v8/ubuntu:24.04
[EventRouter] ARM detected at event 120 for cgroup 93832
[EventRouter] Discarded 119 pre-ARM events for cgroup 93832
[DOCKER] Container exit code: 0
[POOL] Collected 5 events for analysis (read from log file)
[POOL] Running analyzers on 5 events for d66553f4f5a6e6ec291c8eb87294cf7a810f7aece8d7a74e6d98ce0638107cfa
[POOL] Analysis completed: 0 findings in 0.00s (4769 events/s)
[AI-Integration] Submitted task: da0a486a
[AI] da0a486a queued for DeepSeek analysis
[CgroupManager] Removed cgroup 93746 via bpftool
[POOL] Cleanup scheduled for 75a355f20aff
[DockerWorker-0] ✓ Completed: d66553f4f5a6e6ec291c8eb87294cf7a810f7aece8d7a74e6d98ce0638107cfa (5 events) (1.16s)
[DockerWorker-0] Starting: db94b41c5881d311e6574b2e7f767ca3b12c42695750fa275346fad152eb6e6b (183_64bit)
[ANALYSISLOG] db94b41c5881d311e6574b2e7f767ca3b12c42695750fa275346fad152eb6e6b -> ../ELF_samples/benign_report/armv8/raw/db94b41c5881d311e6574b2e7f767ca3b12c42695750fa275346fad152eb6e6b_2026-01-31_16-19-29_3a335be1.jsonl
[DOCKER] Selected image for libc=glibc: arm64v8/ubuntu:24.04
[CgroupManager] Added cgroup 94004 via bpftool
[EventRouter] DEBUG: EXEC #34 filename='/bin/true', triggers=['6cdb7db4b7ff176b01237945d8ea0b32d099e5292379ad124e46c018c6774b55', '/tmp/6cdb7db4b7ff176b01237945d8ea0b32d099e5292379ad124e46c018c6774b55']
[CgroupManager] Added cgroup 93918 via bpftool
[EventRouter] DEBUG: EXEC #34 filename='/bin/true', triggers=['6793a50dc7d0a74cb9e77389aa0f2bbdd5ad8881d6a958f25ef2fd51d7dc6c30', '/tmp/6793a50dc7d0a74cb9e77389aa0f2bbdd5ad8881d6a958f25ef2fd51d7dc6c30']
[CgroupManager] Added cgroup 94090 via bpftool
[EventRouter] DEBUG: EXEC #35 filename='/bin/true', triggers=['db94b41c5881d311e6574b2e7f767ca3b12c42695750fa275346fad152eb6e6b', '/tmp/db94b41c5881d311e6574b2e7f767ca3b12c42695750fa275346fad152eb6e6b']
[EventRouter] ARM detected at event 123 for cgroup 94004
[EventRouter] Discarded 122 pre-ARM events for cgroup 94004
[EventRouter] ARM detected at event 137 for cgroup 93918
[EventRouter] Discarded 136 pre-ARM events for cgroup 93918
[DOCKER] Container exit code: 2
[DOCKER][STDOUT] BEGIN
Usage: arping [-fqbDUAV] [-c count] [-w timeout] [-I device] [-s source] destination
  -f : quit on first reply
  -q : be quiet
  -b : keep broadcasting, don't go unicast
  -D : duplicate address detection mode
  -U : Unsolicited ARP mode, update your neighbours
  -A : ARP answer mode, update your neighbours
  -V : print version and exit
  -c count : how many packets to send
  -w timeout : how long to wait for a reply
  -I device : which ethernet device to use
  -s source : source ip address
  destination : ask for what ip address
[DOCKER][STDOUT] END
[DOCKER] Raw stdout saved: ../ELF_samples/benign_report/armv8/raw/6cdb7db4b7ff176b01237945d8ea0b32d099e5292379ad124e46c018c6774b55_2026-01-31_16-19-29_e01a4c18_container_stdout.txt
[POOL] Collected 6 events for analysis (read from log file)
[POOL] Running analyzers on 6 events for c5ac043b1470f23abd66a0047f8cbbfc8c0a29fe8e82e9c62ff6395a1f14e66b
[POOL] Analysis completed: 0 findings in 0.00s (5736 events/s)
[AI-Integration] Submitted task: dabae648
[AI] dabae648 queued for DeepSeek analysis
[CgroupManager] Removed cgroup 93832 via bpftool
[POOL] Cleanup scheduled for 0ff6c0d57550
[DockerWorker-3] ✓ Completed: c5ac043b1470f23abd66a0047f8cbbfc8c0a29fe8e82e9c62ff6395a1f14e66b (6 events) (1.20s)
[DockerWorker-3] Starting: 9e218b697f7af754a1074a5b8ddd8163757cd15d883784df303aa0954c01260d (183_64bit)
[ANALYSISLOG] 9e218b697f7af754a1074a5b8ddd8163757cd15d883784df303aa0954c01260d -> ../ELF_samples/benign_report/armv8/raw/9e218b697f7af754a1074a5b8ddd8163757cd15d883784df303aa0954c01260d_2026-01-31_16-19-30_2bf6a373.jsonl
[DOCKER] Selected image for libc=glibc: arm64v8/ubuntu:24.04
[DOCKER] Container exit code: 1
[DOCKER][STDOUT] BEGIN
ERROR: No valid subcommand given.
Valid subcommands:
 * iptables
 * main4
 * iptables-save
 * save4
 * iptables-restore
 * restore4
 * iptables-legacy
 * iptables-legacy-save
 * iptables-legacy-restore
 * iptables-xml
 * xml
 * ip6tables
 * main6
 * ip6tables-save
 * save6
 * ip6tables-restore
 * restore6
 * ip6tables-legacy
 * ip6tables-legacy-save
 * ip6tables-legacy-restore
[DOCKER][STDOUT] END
[DOCKER] Raw stdout saved: ../ELF_samples/benign_report/armv8/raw/6793a50dc7d0a74cb9e77389aa0f2bbdd5ad8881d6a958f25ef2fd51d7dc6c30_2026-01-31_16-19-29_37b736e0_container_stdout.txt
[EventRouter] ARM detected at event 122 for cgroup 94090
[EventRouter] Discarded 121 pre-ARM events for cgroup 94090
[DOCKER] Container exit code: 0
[CgroupManager] Added cgroup 94176 via bpftool
[EventRouter] DEBUG: EXEC #33 filename='/bin/true', triggers=['9e218b697f7af754a1074a5b8ddd8163757cd15d883784df303aa0954c01260d', '/tmp/9e218b697f7af754a1074a5b8ddd8163757cd15d883784df303aa0954c01260d']
[POOL] Collected 8 events for analysis (read from log file)
[POOL] Running analyzers on 8 events for 6cdb7db4b7ff176b01237945d8ea0b32d099e5292379ad124e46c018c6774b55
[POOL] Analysis completed: 1 findings in 0.00s (7370 events/s)
[AI-Integration] Submitted task: e01a4c18
[AI] e01a4c18 queued for DeepSeek analysis
[CgroupManager] Removed cgroup 94004 via bpftool
[POOL] Cleanup scheduled for 8f52a5a2820a
[DockerWorker-5] ✓ Completed: 6cdb7db4b7ff176b01237945d8ea0b32d099e5292379ad124e46c018c6774b55 (8 events) (1.09s)
[DockerWorker-5] Starting: 23995d827796e8415d6c9590d6c07c61bb526308237be58e66829c903e65add4 (183_64bit)
[ANALYSISLOG] 23995d827796e8415d6c9590d6c07c61bb526308237be58e66829c903e65add4 -> ../ELF_samples/benign_report/armv8/raw/23995d827796e8415d6c9590d6c07c61bb526308237be58e66829c903e65add4_2026-01-31_16-19-30_9ce53ed5.jsonl
[DOCKER] Selected image for libc=glibc: arm64v8/ubuntu:24.04
[POOL] Collected 6 events for analysis (read from log file)
[POOL] Running analyzers on 6 events for 6793a50dc7d0a74cb9e77389aa0f2bbdd5ad8881d6a958f25ef2fd51d7dc6c30
[POOL] Analysis completed: 0 findings in 0.00s (2321 events/s)
[AI-Integration] Submitted task: 37b736e0
[AI] 37b736e0 queued for DeepSeek analysis
[CgroupManager] Removed cgroup 93918 via bpftool
[POOL] Cleanup scheduled for 5ca548902725
[DockerWorker-1] ✓ Completed: 6793a50dc7d0a74cb9e77389aa0f2bbdd5ad8881d6a958f25ef2fd51d7dc6c30 (6 events) (1.14s)
[DockerWorker-1] Starting: 4ef3920413fdeaa61597cf3abe4163c878973ce082366dc846300111110fe0bf (183_64bit)
[EventRouter] ARM detected at event 121 for cgroup 94176
[EventRouter] Discarded 120 pre-ARM events for cgroup 94176
[ANALYSISLOG] 4ef3920413fdeaa61597cf3abe4163c878973ce082366dc846300111110fe0bf -> ../ELF_samples/benign_report/armv8/raw/4ef3920413fdeaa61597cf3abe4163c878973ce082366dc846300111110fe0bf_2026-01-31_16-19-30_28cebb53.jsonl
[DOCKER] Selected image for libc=glibc: arm64v8/ubuntu:24.04
[DOCKER] Container exit code: 0
[POOL] Collected 6 events for analysis (read from log file)
[POOL] Running analyzers on 6 events for db94b41c5881d311e6574b2e7f767ca3b12c42695750fa275346fad152eb6e6b
[POOL] Analysis completed: 0 findings in 0.00s (5686 events/s)
[AI-Integration] Submitted task: 3a335be1
[AI] 3a335be1 queued for DeepSeek analysis
[CgroupManager] Removed cgroup 94090 via bpftool
[POOL] Cleanup scheduled for d1538d2f699e
[DockerWorker-0] ✓ Completed: db94b41c5881d311e6574b2e7f767ca3b12c42695750fa275346fad152eb6e6b (6 events) (1.14s)
[DockerWorker-0] Starting: e15737fbd103a6bbb4b6ac792a28d26eb8c9c984b7c5068f42e5c0a6d719e93a (183_64bit)
[ANALYSISLOG] e15737fbd103a6bbb4b6ac792a28d26eb8c9c984b7c5068f42e5c0a6d719e93a -> ../ELF_samples/benign_report/armv8/raw/e15737fbd103a6bbb4b6ac792a28d26eb8c9c984b7c5068f42e5c0a6d719e93a_2026-01-31_16-19-30_ad257056.jsonl
[DOCKER] Selected image for libc=glibc: arm64v8/ubuntu:24.04
[CgroupManager] Added cgroup 94262 via bpftool
[EventRouter] DEBUG: EXEC #33 filename='/bin/true', triggers=['23995d827796e8415d6c9590d6c07c61bb526308237be58e66829c903e65add4', '/tmp/23995d827796e8415d6c9590d6c07c61bb526308237be58e66829c903e65add4']
[CgroupManager] Added cgroup 94348 via bpftool
[EventRouter] DEBUG: EXEC #34 filename='/bin/true', triggers=['4ef3920413fdeaa61597cf3abe4163c878973ce082366dc846300111110fe0bf', '/tmp/4ef3920413fdeaa61597cf3abe4163c878973ce082366dc846300111110fe0bf']
[CgroupManager] Added cgroup 94434 via bpftool
[EventRouter] DEBUG: EXEC #33 filename='/bin/true', triggers=['e15737fbd103a6bbb4b6ac792a28d26eb8c9c984b7c5068f42e5c0a6d719e93a', '/tmp/e15737fbd103a6bbb4b6ac792a28d26eb8c9c984b7c5068f42e5c0a6d719e93a']
[EventRouter] ARM detected at event 120 for cgroup 94262
[EventRouter] Discarded 119 pre-ARM events for cgroup 94262
[DOCKER] Container exit code: 0
[POOL] Collected 6 events for analysis (read from log file)
[POOL] Running analyzers on 6 events for 9e218b697f7af754a1074a5b8ddd8163757cd15d883784df303aa0954c01260d
[POOL] Analysis completed: 0 findings in 0.00s (5736 events/s)
[AI-Integration] Submitted task: 2bf6a373
[AI] 2bf6a373 queued for DeepSeek analysis
[EventRouter] ARM detected at event 124 for cgroup 94348
[EventRouter] Discarded 123 pre-ARM events for cgroup 94348
[CgroupManager] Removed cgroup 94176 via bpftool
[POOL] Cleanup scheduled for 3ed5707ce72c
[DockerWorker-3] ✓ Completed: 9e218b697f7af754a1074a5b8ddd8163757cd15d883784df303aa0954c01260d (6 events) (1.08s)
[DockerWorker-3] Starting: a173f91c4cb71b6036813f7b05a0223c5b0b42eba6c274ee07373ae3f3405567 (183_64bit)
[ANALYSISLOG] a173f91c4cb71b6036813f7b05a0223c5b0b42eba6c274ee07373ae3f3405567 -> ../ELF_samples/benign_report/armv8/raw/a173f91c4cb71b6036813f7b05a0223c5b0b42eba6c274ee07373ae3f3405567_2026-01-31_16-19-31_832627c9.jsonl
[DOCKER] Selected image for libc=glibc: arm64v8/ubuntu:24.04
[AI-Integration] Job 3d66c127 analyzed via deepseek
[DOCKER] Container exit code: 1
[DOCKER][STDOUT] BEGIN
Usage: 4ef3920413fdeaa61597cf3abe4163c878973ce082366dc846300111110fe0bf [options...] <device>

Options:
    -c	            try to continue if error found in log
    -C <filename>   copy the log from the filesystem to filename
    -d	            dump the log in log-record format
    -e	            exit when an error is found in the log
    -f	            specified device is actually a file
    -l <device>     filename of external log
    -n	            don't try and interpret log data
    -o	            print buffer data in hex
    -s <start blk>  block # to start printing
    -v              print "overwrite" data
    -t	            print out transactional view
	-b          in transactional view, extract buffer info
	-i          in transactional view, extract inode info
	-q          in transactional view, extract quota info
    -D              print only data; no decoding
    -V              print version information
[DOCKER][STDOUT] END
[DOCKER] Raw stdout saved: ../ELF_samples/benign_report/armv8/raw/4ef3920413fdeaa61597cf3abe4163c878973ce082366dc846300111110fe0bf_2026-01-31_16-19-30_28cebb53_container_stdout.txt
[EventRouter] ARM detected at event 123 for cgroup 94434
[EventRouter] Discarded 122 pre-ARM events for cgroup 94434
[DOCKER] Container exit code: 1
[DOCKER][STDOUT] BEGIN
Usage: e15737fbd103a6bbb4b6ac792a28d26eb8c9c984b7c5068f42e5c0a6d719e93a [-V] [-g] [-i] source target
[DOCKER][STDOUT] END
[DOCKER] Raw stdout saved: ../ELF_samples/benign_report/armv8/raw/e15737fbd103a6bbb4b6ac792a28d26eb8c9c984b7c5068f42e5c0a6d719e93a_2026-01-31_16-19-30_ad257056_container_stdout.txt
[AI-Integration] Job 43c7b898 analyzed via deepseek
[CgroupManager] Added cgroup 94520 via bpftool
[EventRouter] DEBUG: EXEC #33 filename='/bin/true', triggers=['a173f91c4cb71b6036813f7b05a0223c5b0b42eba6c274ee07373ae3f3405567', '/tmp/a173f91c4cb71b6036813f7b05a0223c5b0b42eba6c274ee07373ae3f3405567']
[POOL] Collected 7 events for analysis (read from log file)
[POOL] Running analyzers on 7 events for 23995d827796e8415d6c9590d6c07c61bb526308237be58e66829c903e65add4
[POOL] Analysis completed: 1 findings in 0.00s (6455 events/s)
[AI-Integration] Submitted task: 9ce53ed5
[AI] 9ce53ed5 queued for DeepSeek analysis
[CgroupManager] Removed cgroup 94262 via bpftool
[POOL] Cleanup scheduled for 08456ea188f1
[DockerWorker-5] ✓ Completed: 23995d827796e8415d6c9590d6c07c61bb526308237be58e66829c903e65add4 (7 events) (1.07s)
[DockerWorker-5] Starting: 03c026d92f820c0b6ff7539af5f16da16e6215c9635446db92980af322b1813e (183_64bit)
[ANALYSISLOG] 03c026d92f820c0b6ff7539af5f16da16e6215c9635446db92980af322b1813e -> ../ELF_samples/benign_report/armv8/raw/03c026d92f820c0b6ff7539af5f16da16e6215c9635446db92980af322b1813e_2026-01-31_16-19-31_373d564d.jsonl
[DOCKER] Selected image for libc=glibc: arm64v8/ubuntu:24.04
[EventRouter] ARM detected at event 120 for cgroup 94520
[EventRouter] Discarded 119 pre-ARM events for cgroup 94520
[DOCKER] Container exit code: 255
[DOCKER][STDOUT] BEGIN
Usage: bridge [ OPTIONS ] OBJECT { COMMAND | help }
       bridge [ -force ] -batch filename
where	OBJECT := { link | fdb | mdb | vlan | monitor }
	OPTIONS := { -V[ersion] | -s[tatistics] | -d[etails] |
		     -o[neline] | -t[imestamp] | -n[etns] name |
		     -c[ompressvlans] -color -p[retty] -j[son] }
[DOCKER][STDOUT] END
[DOCKER] Raw stdout saved: ../ELF_samples/benign_report/armv8/raw/a173f91c4cb71b6036813f7b05a0223c5b0b42eba6c274ee07373ae3f3405567_2026-01-31_16-19-31_832627c9_container_stdout.txt
[POOL] Collected 6 events for analysis (read from log file)
[POOL] Running analyzers on 6 events for 4ef3920413fdeaa61597cf3abe4163c878973ce082366dc846300111110fe0bf
[POOL] Analysis completed: 0 findings in 0.00s (5613 events/s)
[AI-Integration] Submitted task: 28cebb53
[AI] 28cebb53 queued for DeepSeek analysis
[CgroupManager] Removed cgroup 94348 via bpftool
[POOL] Cleanup scheduled for 7c45b9fdd9fb
[DockerWorker-1] ✓ Completed: 4ef3920413fdeaa61597cf3abe4163c878973ce082366dc846300111110fe0bf (6 events) (1.13s)
[DockerWorker-1] Starting: 4eb521559e0eef6f37ff8653245c2e68d3707da7b68fb87ec9308fe1144426af (183_64bit)
[ANALYSISLOG] 4eb521559e0eef6f37ff8653245c2e68d3707da7b68fb87ec9308fe1144426af -> ../ELF_samples/benign_report/armv8/raw/4eb521559e0eef6f37ff8653245c2e68d3707da7b68fb87ec9308fe1144426af_2026-01-31_16-19-31_2d6f8aa5.jsonl
[DOCKER] Selected image for libc=glibc: arm64v8/ubuntu:24.04
[POOL] Collected 5 events for analysis (read from log file)
[POOL] Running analyzers on 5 events for e15737fbd103a6bbb4b6ac792a28d26eb8c9c984b7c5068f42e5c0a6d719e93a
[POOL] Analysis completed: 0 findings in 0.00s (4679 events/s)
[AI-Integration] Submitted task: ad257056
[AI] ad257056 queued for DeepSeek analysis
[CgroupManager] Removed cgroup 94434 via bpftool
[POOL] Cleanup scheduled for 4f03547c43c3
[DockerWorker-0] ✓ Completed: e15737fbd103a6bbb4b6ac792a28d26eb8c9c984b7c5068f42e5c0a6d719e93a (5 events) (1.06s)
[DockerWorker-0] Starting: 34baa07651653a4cd13cd8c05cb2931a5fcbc33945f91cfa51cca83b9f821efd (183_64bit)
[ANALYSISLOG] 34baa07651653a4cd13cd8c05cb2931a5fcbc33945f91cfa51cca83b9f821efd -> ../ELF_samples/benign_report/armv8/raw/34baa07651653a4cd13cd8c05cb2931a5fcbc33945f91cfa51cca83b9f821efd_2026-01-31_16-19-31_7de1298e.jsonl
[DOCKER] Selected image for libc=glibc: arm64v8/ubuntu:24.04
[CgroupManager] Added cgroup 94606 via bpftool
[EventRouter] DEBUG: EXEC #34 filename='/bin/true', triggers=['03c026d92f820c0b6ff7539af5f16da16e6215c9635446db92980af322b1813e', '/tmp/03c026d92f820c0b6ff7539af5f16da16e6215c9635446db92980af322b1813e']
[CgroupManager] Added cgroup 94692 via bpftool
[AI-Integration] Job 6da16354 analyzed via deepseek
[EventRouter] DEBUG: EXEC #33 filename='/bin/true', triggers=['4eb521559e0eef6f37ff8653245c2e68d3707da7b68fb87ec9308fe1144426af', '/tmp/4eb521559e0eef6f37ff8653245c2e68d3707da7b68fb87ec9308fe1144426af']
[CgroupManager] Added cgroup 94778 via bpftool
[EventRouter] ARM detected at event 137 for cgroup 94606
[EventRouter] Discarded 136 pre-ARM events for cgroup 94606
[DOCKER] Container exit code: 2
[EventRouter] DEBUG: EXEC #34 filename='/bin/true', triggers=['34baa07651653a4cd13cd8c05cb2931a5fcbc33945f91cfa51cca83b9f821efd', '/tmp/34baa07651653a4cd13cd8c05cb2931a5fcbc33945f91cfa51cca83b9f821efd']
[POOL] Collected 7 events for analysis (read from log file)
[POOL] Running analyzers on 7 events for a173f91c4cb71b6036813f7b05a0223c5b0b42eba6c274ee07373ae3f3405567
[POOL] Analysis completed: 0 findings in 0.00s (6713 events/s)
[AI-Integration] Submitted task: 832627c9
[AI] 832627c9 queued for DeepSeek analysis
[CgroupManager] Removed cgroup 94520 via bpftool
[POOL] Cleanup scheduled for ede4616bc5a5
[DockerWorker-3] ✗ Failed: a173f91c4cb71b6036813f7b05a0223c5b0b42eba6c274ee07373ae3f3405567 - Crashed: Signal 127 (Exit code 255) (1.08s)
[DockerWorker-3] Starting: 41d20c292b342aa7b6cee975da094c1e3e77c3764ea26f2ee2f1ae6a83e4904c (183_64bit)
[ANALYSISLOG] 41d20c292b342aa7b6cee975da094c1e3e77c3764ea26f2ee2f1ae6a83e4904c -> ../ELF_samples/benign_report/armv8/raw/41d20c292b342aa7b6cee975da094c1e3e77c3764ea26f2ee2f1ae6a83e4904c_2026-01-31_16-19-32_aa4c221e.jsonl
[DOCKER] Selected image for libc=glibc: arm64v8/ubuntu:24.04
[EventRouter] ARM detected at event 123 for cgroup 94692
[EventRouter] Discarded 122 pre-ARM events for cgroup 94692
[DOCKER] Container exit code: 0
[EventRouter] ARM detected at event 163 for cgroup 94778
[EventRouter] Discarded 162 pre-ARM events for cgroup 94778
[DOCKER] Container exit code: 0
[CgroupManager] Added cgroup 94864 via bpftool
[EventRouter] DEBUG: EXEC #33 filename='/bin/true', triggers=['41d20c292b342aa7b6cee975da094c1e3e77c3764ea26f2ee2f1ae6a83e4904c', '/tmp/41d20c292b342aa7b6cee975da094c1e3e77c3764ea26f2ee2f1ae6a83e4904c']
[POOL] Collected 6 events for analysis (read from log file)
[POOL] Running analyzers on 6 events for 03c026d92f820c0b6ff7539af5f16da16e6215c9635446db92980af322b1813e
[POOL] Analysis completed: 0 findings in 0.00s (5577 events/s)
[AI-Integration] Submitted task: 373d564d
[AI] 373d564d queued for DeepSeek analysis
[CgroupManager] Removed cgroup 94606 via bpftool
[POOL] Cleanup scheduled for bb7f2ada04ef
[DockerWorker-5] ✓ Completed: 03c026d92f820c0b6ff7539af5f16da16e6215c9635446db92980af322b1813e (6 events) (1.07s)
[DockerWorker-5] Starting: a5271c691bfee7f3796da3dd57158596d85532a7acfa1dcb5a611bfaf2b9a85a (183_64bit)
[ANALYSISLOG] a5271c691bfee7f3796da3dd57158596d85532a7acfa1dcb5a611bfaf2b9a85a -> ../ELF_samples/benign_report/armv8/raw/a5271c691bfee7f3796da3dd57158596d85532a7acfa1dcb5a611bfaf2b9a85a_2026-01-31_16-19-32_48efae3f.jsonl
[DOCKER] Selected image for libc=glibc: arm64v8/ubuntu:24.04
[EventRouter] ARM detected at event 124 for cgroup 94864
[EventRouter] Discarded 123 pre-ARM events for cgroup 94864
[POOL] Collected 5 events for analysis (read from log file)
[POOL] Running analyzers on 5 events for 4eb521559e0eef6f37ff8653245c2e68d3707da7b68fb87ec9308fe1144426af
[POOL] Analysis completed: 0 findings in 0.00s (4718 events/s)
[AI-Integration] Submitted task: 2d6f8aa5
[AI] 2d6f8aa5 queued for DeepSeek analysis
[CgroupManager] Removed cgroup 94692 via bpftool
[POOL] Cleanup scheduled for 518b4050ce81
[DockerWorker-1] ✓ Completed: 4eb521559e0eef6f37ff8653245c2e68d3707da7b68fb87ec9308fe1144426af (5 events) (1.19s)
[DockerWorker-1] Starting: 9c752be4677e4c3995cc0c3f13ae191c3a43c1f35deab1c5711e1f2b4b602cbe (183_64bit)
[ANALYSISLOG] 9c752be4677e4c3995cc0c3f13ae191c3a43c1f35deab1c5711e1f2b4b602cbe -> ../ELF_samples/benign_report/armv8/raw/9c752be4677e4c3995cc0c3f13ae191c3a43c1f35deab1c5711e1f2b4b602cbe_2026-01-31_16-19-32_1d72922c.jsonl
[DOCKER] Selected image for libc=glibc: arm64v8/ubuntu:24.04
[POOL] Collected 61 events for analysis (read from log file)
[POOL] Running analyzers on 61 events for 34baa07651653a4cd13cd8c05cb2931a5fcbc33945f91cfa51cca83b9f821efd
[POOL] Analysis completed: 0 findings in 0.00s (44962 events/s)
[AI-Integration] Submitted task: 7de1298e
[AI] 7de1298e queued for DeepSeek analysis
[CgroupManager] Added cgroup 94950 via bpftool
[CgroupManager] Removed cgroup 94778 via bpftool
[POOL] Cleanup scheduled for 47b3c0fedb56
[DockerWorker-0] ✓ Completed: 34baa07651653a4cd13cd8c05cb2931a5fcbc33945f91cfa51cca83b9f821efd (61 events) (1.29s)
[DockerWorker-0] Starting: a5bfcfb4d33276d2379917cd3b82d2dd46b8d1a2ee2a0c121344007533d9a6c2 (183_64bit)
[ANALYSISLOG] a5bfcfb4d33276d2379917cd3b82d2dd46b8d1a2ee2a0c121344007533d9a6c2 -> ../ELF_samples/benign_report/armv8/raw/a5bfcfb4d33276d2379917cd3b82d2dd46b8d1a2ee2a0c121344007533d9a6c2_2026-01-31_16-19-33_8373a6f6.jsonl
[DOCKER] Selected image for libc=glibc: arm64v8/ubuntu:24.04
[EventRouter] DEBUG: EXEC #33 filename='/bin/true', triggers=['a5271c691bfee7f3796da3dd57158596d85532a7acfa1dcb5a611bfaf2b9a85a', '/tmp/a5271c691bfee7f3796da3dd57158596d85532a7acfa1dcb5a611bfaf2b9a85a']
[AI-Integration] Job a75c790f analyzed via deepseek
[CgroupManager] Added cgroup 95036 via bpftool
[EventRouter] DEBUG: EXEC #33 filename='/bin/true', triggers=['9c752be4677e4c3995cc0c3f13ae191c3a43c1f35deab1c5711e1f2b4b602cbe', '/tmp/9c752be4677e4c3995cc0c3f13ae191c3a43c1f35deab1c5711e1f2b4b602cbe']
[EventRouter] ARM detected at event 123 for cgroup 94950
[EventRouter] Discarded 122 pre-ARM events for cgroup 94950
[DOCKER] Container exit code: 1
[DOCKER][STDOUT] BEGIN
a5271c691bfee7f3796da3dd57158596d85532a7acfa1dcb5a611bfaf2b9a85a: eth1: No such device
[DOCKER][STDOUT] END
[DOCKER] Raw stdout saved: ../ELF_samples/benign_report/armv8/raw/a5271c691bfee7f3796da3dd57158596d85532a7acfa1dcb5a611bfaf2b9a85a_2026-01-31_16-19-32_48efae3f_container_stdout.txt
[CgroupManager] Added cgroup 95122 via bpftool
[EventRouter] DEBUG: EXEC #35 filename='/bin/true', triggers=['a5bfcfb4d33276d2379917cd3b82d2dd46b8d1a2ee2a0c121344007533d9a6c2', '/tmp/a5bfcfb4d33276d2379917cd3b82d2dd46b8d1a2ee2a0c121344007533d9a6c2']
[EventRouter] ARM detected at event 120 for cgroup 95036
[EventRouter] Discarded 119 pre-ARM events for cgroup 95036
[DOCKER] Container exit code: 1
[DOCKER][STDOUT] BEGIN
ERROR: No .torrent file specified.
Usage: transmission-show [options] <.torrent file>


Options:
 -h --help     Display this help page and exit
 -m --magnet   Give a magnet link for the specified torrent
 -s --scrape   Ask the torrent's trackers how many peers are in the torrent's
               swarm
 -V --version  Show version number and exit
[DOCKER][STDOUT] END
[DOCKER] Raw stdout saved: ../ELF_samples/benign_report/armv8/raw/9c752be4677e4c3995cc0c3f13ae191c3a43c1f35deab1c5711e1f2b4b602cbe_2026-01-31_16-19-32_1d72922c_container_stdout.txt
[EventRouter] ARM detected at event 125 for cgroup 95122
[EventRouter] Discarded 124 pre-ARM events for cgroup 95122
[DOCKER] Container exit code: 1
[DOCKER][STDOUT] BEGIN
Usage: /tmp/a5bfcfb4d33276d2379917cd3b82d2dd46b8d1a2ee2a0c121344007533d9a6c2 [-d] [-6] [-s socket] [-p pidfile] [-t TTL] [-f device] -i <interface> [-i <interface2>] ...

  <interface> is either an IPv4 address with mask such as
  192.168.1.42/255.255.255.0, or an interface name such as eth0.

  By default, socket will be open as /var/run/minissdpd.sock
  and pid written to file /var/run/minissdpd.pid
[DOCKER][STDOUT] END
[DOCKER] Raw stdout saved: ../ELF_samples/benign_report/armv8/raw/a5bfcfb4d33276d2379917cd3b82d2dd46b8d1a2ee2a0c121344007533d9a6c2_2026-01-31_16-19-33_8373a6f6_container_stdout.txt
[AI-Integration] Job e9010d86 analyzed via deepseek
[POOL] Collected 6 events for analysis (read from log file)
[POOL] Running analyzers on 6 events for a5271c691bfee7f3796da3dd57158596d85532a7acfa1dcb5a611bfaf2b9a85a
[POOL] Analysis completed: 0 findings in 0.00s (5659 events/s)
[AI-Integration] Submitted task: 48efae3f
[AI] 48efae3f queued for DeepSeek analysis
[CgroupManager] Removed cgroup 94950 via bpftool
[POOL] Cleanup scheduled for 7c892a3f6338
[DockerWorker-5] ✓ Completed: a5271c691bfee7f3796da3dd57158596d85532a7acfa1dcb5a611bfaf2b9a85a (6 events) (1.17s)
[DockerWorker-5] Starting: 24155df61196a1caf7cac512c3dfbd392662b6b72a9e40f4fdd8c454a3e4cd58 (183_64bit)
[ANALYSISLOG] 24155df61196a1caf7cac512c3dfbd392662b6b72a9e40f4fdd8c454a3e4cd58 -> ../ELF_samples/benign_report/armv8/raw/24155df61196a1caf7cac512c3dfbd392662b6b72a9e40f4fdd8c454a3e4cd58_2026-01-31_16-19-33_7abf9835.jsonl
[DOCKER] Selected image for libc=glibc: arm64v8/ubuntu:24.04
[POOL] Collected 6 events for analysis (read from log file)
[POOL] Running analyzers on 6 events for 9c752be4677e4c3995cc0c3f13ae191c3a43c1f35deab1c5711e1f2b4b602cbe
[POOL] Analysis completed: 0 findings in 0.00s (5706 events/s)
[AI-Integration] Submitted task: 1d72922c
[AI] 1d72922c queued for DeepSeek analysis
[CgroupManager] Removed cgroup 95036 via bpftool
[POOL] Cleanup scheduled for af0a21d1ac4e
[DockerWorker-1] ✓ Completed: 9c752be4677e4c3995cc0c3f13ae191c3a43c1f35deab1c5711e1f2b4b602cbe (6 events) (1.09s)
[DockerWorker-1] Starting: 3d3da81c1a21872df37348204a68f3fcdff1880a21df119b8245099fc850458b (183_64bit)
[ANALYSISLOG] 3d3da81c1a21872df37348204a68f3fcdff1880a21df119b8245099fc850458b -> ../ELF_samples/benign_report/armv8/raw/3d3da81c1a21872df37348204a68f3fcdff1880a21df119b8245099fc850458b_2026-01-31_16-19-34_4b33df22.jsonl
[DOCKER] Selected image for libc=glibc: arm64v8/ubuntu:24.04
[POOL] Collected 5 events for analysis (read from log file)
[POOL] Running analyzers on 5 events for a5bfcfb4d33276d2379917cd3b82d2dd46b8d1a2ee2a0c121344007533d9a6c2
[POOL] Analysis completed: 0 findings in 0.00s (4775 events/s)
[AI-Integration] Submitted task: 8373a6f6
[AI] 8373a6f6 queued for DeepSeek analysis
[CgroupManager] Removed cgroup 95122 via bpftool
[POOL] Cleanup scheduled for 628059efcaa0
[DockerWorker-0] ✓ Completed: a5bfcfb4d33276d2379917cd3b82d2dd46b8d1a2ee2a0c121344007533d9a6c2 (5 events) (1.11s)
[DockerWorker-0] Starting: 6ca3712976aa21423546654b6cea86bc1983a5f4a638640371f1ae3c3fe8fb03 (183_64bit)
[ANALYSISLOG] 6ca3712976aa21423546654b6cea86bc1983a5f4a638640371f1ae3c3fe8fb03 -> ../ELF_samples/benign_report/armv8/raw/6ca3712976aa21423546654b6cea86bc1983a5f4a638640371f1ae3c3fe8fb03_2026-01-31_16-19-34_3d913e7a.jsonl
[DOCKER] Selected image for libc=glibc: arm64v8/ubuntu:24.04
[CgroupManager] Added cgroup 95208 via bpftool
[EventRouter] DEBUG: EXEC #34 filename='/bin/true', triggers=['24155df61196a1caf7cac512c3dfbd392662b6b72a9e40f4fdd8c454a3e4cd58', '/tmp/24155df61196a1caf7cac512c3dfbd392662b6b72a9e40f4fdd8c454a3e4cd58']
[CgroupManager] Added cgroup 95294 via bpftool
[EventRouter] DEBUG: EXEC #33 filename='/bin/true', triggers=['3d3da81c1a21872df37348204a68f3fcdff1880a21df119b8245099fc850458b', '/tmp/3d3da81c1a21872df37348204a68f3fcdff1880a21df119b8245099fc850458b']
[AI-Integration] Job 1296568c analyzed via deepseek
[CgroupManager] Added cgroup 95380 via bpftool
[EventRouter] ARM detected at event 121 for cgroup 95208
[EventRouter] Discarded 120 pre-ARM events for cgroup 95208
[EventRouter] DEBUG: EXEC #34 filename='/bin/true', triggers=['6ca3712976aa21423546654b6cea86bc1983a5f4a638640371f1ae3c3fe8fb03', '/tmp/6ca3712976aa21423546654b6cea86bc1983a5f4a638640371f1ae3c3fe8fb03']
[DOCKER] Container exit code: 255
[DOCKER][STDOUT] BEGIN
Usage:
/tmp/24155df61196a1caf7cac512c3dfbd392662b6b72a9e40f4fdd8c454a3e4cd58 <path to ed25519_signing_cert file>
[DOCKER][STDOUT] END
[DOCKER] Raw stdout saved: ../ELF_samples/benign_report/armv8/raw/24155df61196a1caf7cac512c3dfbd392662b6b72a9e40f4fdd8c454a3e4cd58_2026-01-31_16-19-33_7abf9835_container_stdout.txt
[EventRouter] ARM detected at event 139 for cgroup 95294
[EventRouter] Discarded 138 pre-ARM events for cgroup 95294
[DOCKER] Container exit code: 0
[DOCKER][STDOUT] BEGIN
fdc7228f-43e6-440f-b71a-bc792f870d05
[DOCKER][STDOUT] END
[DOCKER] Raw stdout saved: ../ELF_samples/benign_report/armv8/raw/3d3da81c1a21872df37348204a68f3fcdff1880a21df119b8245099fc850458b_2026-01-31_16-19-34_4b33df22_container_stdout.txt
[EventRouter] ARM detected at event 124 for cgroup 95380
[EventRouter] Discarded 123 pre-ARM events for cgroup 95380
[DOCKER] Container exit code: 0
[POOL] Collected 8 events for analysis (read from log file)
[POOL] Running analyzers on 8 events for 24155df61196a1caf7cac512c3dfbd392662b6b72a9e40f4fdd8c454a3e4cd58
[POOL] Analysis completed: 0 findings in 0.00s (7375 events/s)
[AI-Integration] Submitted task: 7abf9835
[AI] 7abf9835 queued for DeepSeek analysis
[CgroupManager] Removed cgroup 95208 via bpftool
[POOL] Cleanup scheduled for 419246ef6c31
[DockerWorker-5] ✗ Failed: 24155df61196a1caf7cac512c3dfbd392662b6b72a9e40f4fdd8c454a3e4cd58 - Crashed: Signal 127 (Exit code 255) (1.20s)
[DockerWorker-5] Starting: c035fd84d82e0abe9dec837aa35efe2c8b4a301a47ce8f92e8f22d4f1c60f830 (183_64bit)
[ANALYSISLOG] c035fd84d82e0abe9dec837aa35efe2c8b4a301a47ce8f92e8f22d4f1c60f830 -> ../ELF_samples/benign_report/armv8/raw/c035fd84d82e0abe9dec837aa35efe2c8b4a301a47ce8f92e8f22d4f1c60f830_2026-01-31_16-19-35_91b79d5e.jsonl
[DOCKER] Selected image for libc=glibc: arm64v8/ubuntu:24.04
[POOL] Collected 5 events for analysis (read from log file)
[POOL] Running analyzers on 5 events for 3d3da81c1a21872df37348204a68f3fcdff1880a21df119b8245099fc850458b
[POOL] Analysis completed: 0 findings in 0.00s (4644 events/s)
[AI-Integration] Submitted task: 4b33df22
[AI] 4b33df22 queued for DeepSeek analysis
[CgroupManager] Removed cgroup 95294 via bpftool
[POOL] Cleanup scheduled for e49d0fb8be85
[DockerWorker-1] ✓ Completed: 3d3da81c1a21872df37348204a68f3fcdff1880a21df119b8245099fc850458b (5 events) (1.08s)
[DockerWorker-1] Starting: 39dc72c781b23ca9ce9072ff43f2d8990e1db26bf0d905069f1ac1a4f11c684f (183_64bit)
[ANALYSISLOG] 39dc72c781b23ca9ce9072ff43f2d8990e1db26bf0d905069f1ac1a4f11c684f -> ../ELF_samples/benign_report/armv8/raw/39dc72c781b23ca9ce9072ff43f2d8990e1db26bf0d905069f1ac1a4f11c684f_2026-01-31_16-19-35_35f70766.jsonl
[DOCKER] Selected image for libc=glibc: arm64v8/ubuntu:24.04
[POOL] Collected 8 events for analysis (read from log file)
[POOL] Running analyzers on 8 events for 6ca3712976aa21423546654b6cea86bc1983a5f4a638640371f1ae3c3fe8fb03
[POOL] Analysis completed: 0 findings in 0.00s (7628 events/s)
[AI-Integration] Submitted task: 3d913e7a
[AI] 3d913e7a queued for DeepSeek analysis
[CgroupManager] Removed cgroup 95380 via bpftool
[POOL] Cleanup scheduled for 1016dd1dab9b
[DockerWorker-0] ✓ Completed: 6ca3712976aa21423546654b6cea86bc1983a5f4a638640371f1ae3c3fe8fb03 (8 events) (1.20s)
[DockerWorker-0] Starting: 89e21b9b12feaabacbcb48232341ffdd34a5644c493424ed11626107bdf0eb30 (183_64bit)
[ANALYSISLOG] 89e21b9b12feaabacbcb48232341ffdd34a5644c493424ed11626107bdf0eb30 -> ../ELF_samples/benign_report/armv8/raw/89e21b9b12feaabacbcb48232341ffdd34a5644c493424ed11626107bdf0eb30_2026-01-31_16-19-35_cacc6d7b.jsonl
[DOCKER] Selected image for libc=glibc: arm64v8/ubuntu:24.04
[CgroupManager] Added cgroup 95466 via bpftool
[CgroupManager] Added cgroup 95552 via bpftool
[EventRouter] DEBUG: EXEC #33 filename='/bin/true', triggers=['39dc72c781b23ca9ce9072ff43f2d8990e1db26bf0d905069f1ac1a4f11c684f', '/tmp/39dc72c781b23ca9ce9072ff43f2d8990e1db26bf0d905069f1ac1a4f11c684f']
[POOL] Execution timed out for ed90edfffd18f355e616bfa74cb1b5e95a5aa2ae5d670be1eb41a2813c43b481 after 15s
[POOL] Killing container 19e9d52a2455...
[POOL] Container killed successfully
[DOCKER] Container exit code: -1
[POOL] Execution timed out - stopping BPF monitoring for cgroup 90650
[CgroupManager] Removed cgroup 90650 via bpftool
[EventRouter] ARM detected at event 120 for cgroup 95466
[EventRouter] Discarded 119 pre-ARM events for cgroup 95466
[CgroupManager] Added cgroup 95638 via bpftool
[EventRouter] DEBUG: EXEC #34 filename='/bin/true', triggers=['89e21b9b12feaabacbcb48232341ffdd34a5644c493424ed11626107bdf0eb30', '/tmp/89e21b9b12feaabacbcb48232341ffdd34a5644c493424ed11626107bdf0eb30']
[EventRouter] ARM detected at event 162 for cgroup 95552
[EventRouter] Discarded 161 pre-ARM events for cgroup 95552
[DOCKER] Container exit code: 0
[EventRouter] ARM detected at event 122 for cgroup 95638
[EventRouter] Discarded 121 pre-ARM events for cgroup 95638
[DOCKER] Container exit code: 2
[DOCKER][STDOUT] BEGIN
89e21b9b12feaabacbcb48232341ffdd34a5644c493424ed11626107bdf0eb30: bad usage
Try '89e21b9b12feaabacbcb48232341ffdd34a5644c493424ed11626107bdf0eb30 --help' for more information.
[DOCKER][STDOUT] END
[DOCKER] Raw stdout saved: ../ELF_samples/benign_report/armv8/raw/89e21b9b12feaabacbcb48232341ffdd34a5644c493424ed11626107bdf0eb30_2026-01-31_16-19-35_cacc6d7b_container_stdout.txt
[POOL] Collected 33257 events for analysis (read from log file)
[POOL] Running analyzers on 33257 events for ed90edfffd18f355e616bfa74cb1b5e95a5aa2ae5d670be1eb41a2813c43b481
[POOL] Analysis completed: 0 findings in 0.01s (2563762 events/s)
[AI-Integration] Submitted task: 5e855d71
[AI] 5e855d71 queued for DeepSeek analysis
[CgroupManager] bpftool delete failed: Command '['sudo', '/usr/sbin/bpftool', 'map', 'delete', 'id', '842', 'key', 'hex', '1a', '62', '01', '00', '00', '00', '00', '00']' returned non-zero exit status 254.
[POOL] Cleanup scheduled for 19e9d52a2455
[DockerWorker-2] ✓ Completed: ed90edfffd18f355e616bfa74cb1b5e95a5aa2ae5d670be1eb41a2813c43b481 (33257 events) (16.32s)
[DockerWorker-2] Starting: 934b81433785486e0143a39fdfcf4d8edb1360adb5f3bc1ea31d0a2295c2582a (183_64bit)
[POOL] Failed to kill container 19e9d52a2455: 409 Client Error for http+docker://localhost/v1.50/containers/19e9d52a2455ba9bb22213ce74e1e8e8f840624eb4deb3fc8eacacbc65cd2166/kill: Conflict ("cannot kill container: 19e9d52a2455ba9bb22213ce74e1e8e8f840624eb4deb3fc8eacacbc65cd2166: container 19e9d52a2455ba9bb22213ce74e1e8e8f840624eb4deb3fc8eacacbc65cd2166 is not running")
[ANALYSISLOG] 934b81433785486e0143a39fdfcf4d8edb1360adb5f3bc1ea31d0a2295c2582a -> ../ELF_samples/benign_report/armv8/raw/934b81433785486e0143a39fdfcf4d8edb1360adb5f3bc1ea31d0a2295c2582a_2026-01-31_16-19-36_cd90da9d.jsonl
[DOCKER] Selected image for libc=glibc: arm64v8/ubuntu:24.04
[POOL] Collected 9 events for analysis (read from log file)
[POOL] Running analyzers on 9 events for c035fd84d82e0abe9dec837aa35efe2c8b4a301a47ce8f92e8f22d4f1c60f830
[POOL] Analysis completed: 0 findings in 0.00s (8399 events/s)
[AI-Integration] Submitted task: 91b79d5e
[AI] 91b79d5e queued for DeepSeek analysis
[CgroupManager] Removed cgroup 95552 via bpftool
[POOL] Cleanup scheduled for fb502ab491d3
[DockerWorker-5] ✓ Completed: c035fd84d82e0abe9dec837aa35efe2c8b4a301a47ce8f92e8f22d4f1c60f830 (9 events) (1.25s)
[DockerWorker-5] Starting: cefb598792ad265d0972dca24bffc7c7a0c3163d509c63ee32d4ddae6eed0250 (183_64bit)
[ANALYSISLOG] cefb598792ad265d0972dca24bffc7c7a0c3163d509c63ee32d4ddae6eed0250 -> ../ELF_samples/benign_report/armv8/raw/cefb598792ad265d0972dca24bffc7c7a0c3163d509c63ee32d4ddae6eed0250_2026-01-31_16-19-36_cb2c5933.jsonl
[DOCKER] Selected image for libc=glibc: arm64v8/ubuntu:24.04
[POOL] Collected 6 events for analysis (read from log file)
[POOL] Running analyzers on 6 events for 89e21b9b12feaabacbcb48232341ffdd34a5644c493424ed11626107bdf0eb30
[POOL] Analysis completed: 0 findings in 0.00s (5730 events/s)
[AI-Integration] Submitted task: cacc6d7b
[AI] cacc6d7b queued for DeepSeek analysis
[CgroupManager] Removed cgroup 95638 via bpftool
[POOL] Cleanup scheduled for 403d9ef6abe0
[DockerWorker-0] ✓ Completed: 89e21b9b12feaabacbcb48232341ffdd34a5644c493424ed11626107bdf0eb30 (6 events) (1.12s)
[DockerWorker-0] Starting: e4a8d527211826866c9c2bda06ae38b1325a552485a836f770d9143904e8ef52 (183_64bit)
[ANALYSISLOG] e4a8d527211826866c9c2bda06ae38b1325a552485a836f770d9143904e8ef52 -> ../ELF_samples/benign_report/armv8/raw/e4a8d527211826866c9c2bda06ae38b1325a552485a836f770d9143904e8ef52_2026-01-31_16-19-36_24a2942d.jsonl
[DOCKER] Selected image for libc=glibc: arm64v8/ubuntu:24.04
[CgroupManager] Added cgroup 95724 via bpftool
[EventRouter] DEBUG: EXEC #34 filename='/bin/true', triggers=['934b81433785486e0143a39fdfcf4d8edb1360adb5f3bc1ea31d0a2295c2582a', '/tmp/934b81433785486e0143a39fdfcf4d8edb1360adb5f3bc1ea31d0a2295c2582a']
[CgroupManager] Added cgroup 95810 via bpftool
[EventRouter] DEBUG: EXEC #33 filename='/bin/true', triggers=['cefb598792ad265d0972dca24bffc7c7a0c3163d509c63ee32d4ddae6eed0250', '/tmp/cefb598792ad265d0972dca24bffc7c7a0c3163d509c63ee32d4ddae6eed0250']
[EventRouter] ARM detected at event 121 for cgroup 95724
[EventRouter] Discarded 120 pre-ARM events for cgroup 95724
[DOCKER] Container exit code: 1
[DOCKER][STDOUT] BEGIN
Error opening terminal: unknown.
[DOCKER][STDOUT] END
[DOCKER] Raw stdout saved: ../ELF_samples/benign_report/armv8/raw/934b81433785486e0143a39fdfcf4d8edb1360adb5f3bc1ea31d0a2295c2582a_2026-01-31_16-19-36_cd90da9d_container_stdout.txt
[CgroupManager] Added cgroup 95896 via bpftool
[EventRouter] ARM detected at event 123 for cgroup 95810
[EventRouter] Discarded 122 pre-ARM events for cgroup 95810
[EventRouter] DEBUG: EXEC #33 filename='/bin/true', triggers=['e4a8d527211826866c9c2bda06ae38b1325a552485a836f770d9143904e8ef52', '/tmp/e4a8d527211826866c9c2bda06ae38b1325a552485a836f770d9143904e8ef52']
[DOCKER] Container exit code: 1
[DOCKER][STDOUT] BEGIN
cefb598792ad265d0972dca24bffc7c7a0c3163d509c63ee32d4ddae6eed0250: cannot open /run/uuidd/uuidd.pid: No such file or directory
[DOCKER][STDOUT] END
[DOCKER] Raw stdout saved: ../ELF_samples/benign_report/armv8/raw/cefb598792ad265d0972dca24bffc7c7a0c3163d509c63ee32d4ddae6eed0250_2026-01-31_16-19-36_cb2c5933_container_stdout.txt
[EventRouter] ARM detected at event 121 for cgroup 95896
[EventRouter] Discarded 120 pre-ARM events for cgroup 95896
[DOCKER] Container exit code: 1
[DOCKER][STDOUT] BEGIN
pktsetup from udftools 2.0
Set up and tear down packet device associations
  pktsetup [dev_name] /dev/cdrom     setup device
  pktsetup [dev_name] major:minor    setup device
  pktsetup -d dev_name               tear down device
  pktsetup -d major:minor            tear down device
  pktsetup -s                        show device mappings
[DOCKER][STDOUT] END
[DOCKER] Raw stdout saved: ../ELF_samples/benign_report/armv8/raw/e4a8d527211826866c9c2bda06ae38b1325a552485a836f770d9143904e8ef52_2026-01-31_16-19-36_24a2942d_container_stdout.txt
[POOL] Collected 13 events for analysis (read from log file)
[POOL] Running analyzers on 13 events for 934b81433785486e0143a39fdfcf4d8edb1360adb5f3bc1ea31d0a2295c2582a
[POOL] Analysis completed: 0 findings in 0.00s (11850 events/s)
[AI-Integration] Submitted task: cd90da9d
[AI] cd90da9d queued for DeepSeek analysis
[CgroupManager] Removed cgroup 95724 via bpftool
[POOL] Cleanup scheduled for b268b09a4d49
[DockerWorker-2] ✓ Completed: 934b81433785486e0143a39fdfcf4d8edb1360adb5f3bc1ea31d0a2295c2582a (13 events) (1.15s)
[DockerWorker-2] Starting: 239c0bd7c5519568f3c12ecae6da1cb487b41fd4ac06afd3ef1229351d633d31 (183_64bit)
[ANALYSISLOG] 239c0bd7c5519568f3c12ecae6da1cb487b41fd4ac06afd3ef1229351d633d31 -> ../ELF_samples/benign_report/armv8/raw/239c0bd7c5519568f3c12ecae6da1cb487b41fd4ac06afd3ef1229351d633d31_2026-01-31_16-19-37_4fc98704.jsonl
[DOCKER] Selected image for libc=glibc: arm64v8/ubuntu:24.04
[POOL] Collected 6 events for analysis (read from log file)
[POOL] Running analyzers on 6 events for cefb598792ad265d0972dca24bffc7c7a0c3163d509c63ee32d4ddae6eed0250
[POOL] Analysis completed: 0 findings in 0.00s (5627 events/s)
[AI-Integration] Submitted task: cb2c5933
[AI] cb2c5933 queued for DeepSeek analysis
[CgroupManager] Removed cgroup 95810 via bpftool
[POOL] Cleanup scheduled for 5b8c0cc9c149
[DockerWorker-5] ✓ Completed: cefb598792ad265d0972dca24bffc7c7a0c3163d509c63ee32d4ddae6eed0250 (6 events) (1.09s)
[DockerWorker-5] Starting: f278479649be82705eb0f8dea8d3131b11ebdb8101283144ac452828c86954f4 (183_64bit)
[ANALYSISLOG] f278479649be82705eb0f8dea8d3131b11ebdb8101283144ac452828c86954f4 -> ../ELF_samples/benign_report/armv8/raw/f278479649be82705eb0f8dea8d3131b11ebdb8101283144ac452828c86954f4_2026-01-31_16-19-37_ada60c32.jsonl
[DOCKER] Selected image for libc=glibc: arm64v8/ubuntu:24.04
[POOL] Collected 6 events for analysis (read from log file)
[POOL] Running analyzers on 6 events for e4a8d527211826866c9c2bda06ae38b1325a552485a836f770d9143904e8ef52
[POOL] Analysis completed: 0 findings in 0.00s (5502 events/s)
[AI-Integration] Submitted task: 24a2942d
[AI] 24a2942d queued for DeepSeek analysis
[CgroupManager] Removed cgroup 95896 via bpftool
[POOL] Cleanup scheduled for 87a05341941a
[DockerWorker-0] ✓ Completed: e4a8d527211826866c9c2bda06ae38b1325a552485a836f770d9143904e8ef52 (6 events) (1.14s)
[DockerWorker-0] Starting: 90f9f03dffcf5f234b10feb7513c86db6bcd7ff8f0f0fd2d31f9e64de3195001 (183_64bit)
[ANALYSISLOG] 90f9f03dffcf5f234b10feb7513c86db6bcd7ff8f0f0fd2d31f9e64de3195001 -> ../ELF_samples/benign_report/armv8/raw/90f9f03dffcf5f234b10feb7513c86db6bcd7ff8f0f0fd2d31f9e64de3195001_2026-01-31_16-19-37_cd8249c5.jsonl
[DOCKER] Selected image for libc=glibc: arm64v8/ubuntu:24.04
[DOCKER] Container exit code: 0
[DOCKER][STDOUT] BEGIN

Multicast Router Connectivity:
[DOCKER][STDOUT] END
[DOCKER] Raw stdout saved: ../ELF_samples/benign_report/armv8/raw/39dc72c781b23ca9ce9072ff43f2d8990e1db26bf0d905069f1ac1a4f11c684f_2026-01-31_16-19-35_35f70766_container_stdout.txt
[CgroupManager] Added cgroup 95982 via bpftool
[CgroupManager] Added cgroup 96068 via bpftool
[EventRouter] DEBUG: EXEC #34 filename='/bin/true', triggers=['239c0bd7c5519568f3c12ecae6da1cb487b41fd4ac06afd3ef1229351d633d31', '/tmp/239c0bd7c5519568f3c12ecae6da1cb487b41fd4ac06afd3ef1229351d633d31']
[EventRouter] DEBUG: EXEC #33 filename='/bin/true', triggers=['f278479649be82705eb0f8dea8d3131b11ebdb8101283144ac452828c86954f4', '/tmp/f278479649be82705eb0f8dea8d3131b11ebdb8101283144ac452828c86954f4']
[CgroupManager] Added cgroup 96154 via bpftool
[EventRouter] ARM detected at event 121 for cgroup 96068
[EventRouter] Discarded 120 pre-ARM events for cgroup 96068
[EventRouter] DEBUG: EXEC #35 filename='/bin/true', triggers=['90f9f03dffcf5f234b10feb7513c86db6bcd7ff8f0f0fd2d31f9e64de3195001', '/tmp/90f9f03dffcf5f234b10feb7513c86db6bcd7ff8f0f0fd2d31f9e64de3195001']
[EventRouter] ARM detected at event 124 for cgroup 95982
[EventRouter] Discarded 123 pre-ARM events for cgroup 95982
[DOCKER] Container exit code: 1
[DOCKER][STDOUT] BEGIN
239c0bd7c5519568f3c12ecae6da1cb487b41fd4ac06afd3ef1229351d633d31: Not supported: Want action 'CAP0','CAP1','CAP2','CAP3','Boost','Drop','DropTX','DropRX','AutoConnect','StripTX','StripRX','TagTX','TagRX'.
[DOCKER][STDOUT] END
[DOCKER] Raw stdout saved: ../ELF_samples/benign_report/armv8/raw/239c0bd7c5519568f3c12ecae6da1cb487b41fd4ac06afd3ef1229351d633d31_2026-01-31_16-19-37_4fc98704_container_stdout.txt
[POOL] Collected 12 events for analysis (read from log file)
[POOL] Running analyzers on 12 events for 39dc72c781b23ca9ce9072ff43f2d8990e1db26bf0d905069f1ac1a4f11c684f
[POOL] Analysis completed: 1 findings in 0.00s (10929 events/s)
[AI-Integration] Submitted task: 35f70766
[AI] 35f70766 queued for DeepSeek analysis
[CgroupManager] Removed cgroup 95466 via bpftool
[POOL] Cleanup scheduled for 4b553d04c10e
[DockerWorker-1] ✓ Completed: 39dc72c781b23ca9ce9072ff43f2d8990e1db26bf0d905069f1ac1a4f11c684f (12 events) (3.12s)
[DockerWorker-1] Starting: c744b1f9ad68e7cd4a3af3f7c2a840091736bceaa954b0d4b684915dc6103bfd (183_64bit)
[ANALYSISLOG] c744b1f9ad68e7cd4a3af3f7c2a840091736bceaa954b0d4b684915dc6103bfd -> ../ELF_samples/benign_report/armv8/raw/c744b1f9ad68e7cd4a3af3f7c2a840091736bceaa954b0d4b684915dc6103bfd_2026-01-31_16-19-38_8535631e.jsonl
[DOCKER] Selected image for libc=glibc: arm64v8/ubuntu:24.04
[EventRouter] ARM detected at event 122 for cgroup 96154
[EventRouter] Discarded 121 pre-ARM events for cgroup 96154
[CgroupManager] Added cgroup 96240 via bpftool
[POOL] Collected 5 events for analysis (read from log file)
[POOL] Running analyzers on 5 events for 239c0bd7c5519568f3c12ecae6da1cb487b41fd4ac06afd3ef1229351d633d31
[POOL] Analysis completed: 0 findings in 0.00s (4741 events/s)
[AI-Integration] Submitted task: 4fc98704
[AI] 4fc98704 queued for DeepSeek analysis
[CgroupManager] Removed cgroup 95982 via bpftool
[POOL] Cleanup scheduled for 3f6273548c1f
[DockerWorker-2] ✓ Completed: 239c0bd7c5519568f3c12ecae6da1cb487b41fd4ac06afd3ef1229351d633d31 (5 events) (1.19s)
[DockerWorker-2] Starting: 7ff711df2864981696051fc83a4ace031f5461457decfdc658cba181b57e0669 (183_64bit)
[ANALYSISLOG] 7ff711df2864981696051fc83a4ace031f5461457decfdc658cba181b57e0669 -> ../ELF_samples/benign_report/armv8/raw/7ff711df2864981696051fc83a4ace031f5461457decfdc658cba181b57e0669_2026-01-31_16-19-38_923561c5.jsonl
[DOCKER] Selected image for libc=glibc: arm64v8/ubuntu:24.04
[EventRouter] DEBUG: EXEC #34 filename='/bin/true', triggers=['c744b1f9ad68e7cd4a3af3f7c2a840091736bceaa954b0d4b684915dc6103bfd', '/tmp/c744b1f9ad68e7cd4a3af3f7c2a840091736bceaa954b0d4b684915dc6103bfd']
[AI-Integration] Job 63041c92 analyzed via deepseek
[AI-Integration] Job c61901ce analyzed via deepseek
[DOCKER] Container exit code: 0
[EventRouter] ARM detected at event 122 for cgroup 96240
[EventRouter] Discarded 121 pre-ARM events for cgroup 96240
[DOCKER] Container exit code: 0
[CgroupManager] Added cgroup 96326 via bpftool
[EventRouter] DEBUG: EXEC #33 filename='/bin/true', triggers=['7ff711df2864981696051fc83a4ace031f5461457decfdc658cba181b57e0669', '/tmp/7ff711df2864981696051fc83a4ace031f5461457decfdc658cba181b57e0669']
[EventRouter] ARM detected at event 121 for cgroup 96326
[EventRouter] Discarded 120 pre-ARM events for cgroup 96326
[DOCKER] Container exit code: 2
[DOCKER][STDOUT] BEGIN
7ff711df2864981696051fc83a4ace031f5461457decfdc658cba181b57e0669: missing operand after '/tmp/7ff711df2864981696051fc83a4ace031f5461457decfdc658cba181b57e0669'
7ff711df2864981696051fc83a4ace031f5461457decfdc658cba181b57e0669: Try '/tmp/7ff711df2864981696051fc83a4ace031f5461457decfdc658cba181b57e0669 --help' for more information.
[DOCKER][STDOUT] END
[DOCKER] Raw stdout saved: ../ELF_samples/benign_report/armv8/raw/7ff711df2864981696051fc83a4ace031f5461457decfdc658cba181b57e0669_2026-01-31_16-19-38_923561c5_container_stdout.txt
[POOL] Collected 16 events for analysis (read from log file)
[POOL] Running analyzers on 16 events for f278479649be82705eb0f8dea8d3131b11ebdb8101283144ac452828c86954f4
[POOL] Analysis completed: 0 findings in 0.00s (14356 events/s)
[AI-Integration] Submitted task: ada60c32
[AI] ada60c32 queued for DeepSeek analysis
[CgroupManager] Removed cgroup 96068 via bpftool
[POOL] Cleanup scheduled for 3fbcc495225b
[DockerWorker-5] ✓ Completed: f278479649be82705eb0f8dea8d3131b11ebdb8101283144ac452828c86954f4 (16 events) (1.90s)
[DockerWorker-5] Starting: 615445063893022f7ececebe7351b1e6aaff698f4a562c0641bec28ce7986f3a (183_64bit)
[ANALYSISLOG] 615445063893022f7ececebe7351b1e6aaff698f4a562c0641bec28ce7986f3a -> ../ELF_samples/benign_report/armv8/raw/615445063893022f7ececebe7351b1e6aaff698f4a562c0641bec28ce7986f3a_2026-01-31_16-19-39_2e1d8f66.jsonl
[DOCKER] Selected image for libc=glibc: arm64v8/ubuntu:24.04
[POOL] Collected 6 events for analysis (read from log file)
[POOL] Running analyzers on 6 events for c744b1f9ad68e7cd4a3af3f7c2a840091736bceaa954b0d4b684915dc6103bfd
[POOL] Analysis completed: 0 findings in 0.00s (5724 events/s)
[AI-Integration] Submitted task: 8535631e
[AI] 8535631e queued for DeepSeek analysis
[CgroupManager] Removed cgroup 96240 via bpftool
[POOL] Cleanup scheduled for 71ad42b3c748
[DockerWorker-1] ✓ Completed: c744b1f9ad68e7cd4a3af3f7c2a840091736bceaa954b0d4b684915dc6103bfd (6 events) (1.15s)
[DockerWorker-1] Starting: 208631867727a4f06d79feb99cdf0555b79fbdd9d92f5c26992c0e6d119841ba (183_64bit)
[ANALYSISLOG] 208631867727a4f06d79feb99cdf0555b79fbdd9d92f5c26992c0e6d119841ba -> ../ELF_samples/benign_report/armv8/raw/208631867727a4f06d79feb99cdf0555b79fbdd9d92f5c26992c0e6d119841ba_2026-01-31_16-19-39_26d5eb45.jsonl
[DOCKER] Selected image for libc=glibc: arm64v8/ubuntu:24.04
[POOL] Collected 6 events for analysis (read from log file)
[POOL] Running analyzers on 6 events for 7ff711df2864981696051fc83a4ace031f5461457decfdc658cba181b57e0669
[POOL] Analysis completed: 0 findings in 0.00s (5326 events/s)
[AI-Integration] Submitted task: 923561c5
[AI] 923561c5 queued for DeepSeek analysis
[CgroupManager] Removed cgroup 96326 via bpftool
[POOL] Cleanup scheduled for af2032a2787a
[DockerWorker-2] ✓ Completed: 7ff711df2864981696051fc83a4ace031f5461457decfdc658cba181b57e0669 (6 events) (1.12s)
[DockerWorker-2] Starting: a1cc12f169890528a9c6195d9f73f483ee77cbe8891375e1da1858007e5c352f (183_64bit)
[ANALYSISLOG] a1cc12f169890528a9c6195d9f73f483ee77cbe8891375e1da1858007e5c352f -> ../ELF_samples/benign_report/armv8/raw/a1cc12f169890528a9c6195d9f73f483ee77cbe8891375e1da1858007e5c352f_2026-01-31_16-19-39_5ad51b38.jsonl
[DOCKER] Selected image for libc=glibc: arm64v8/ubuntu:24.04
[CgroupManager] Added cgroup 96412 via bpftool
[CgroupManager] Added cgroup 96498 via bpftool
[EventRouter] DEBUG: EXEC #34 filename='/bin/true', triggers=['615445063893022f7ececebe7351b1e6aaff698f4a562c0641bec28ce7986f3a', '/tmp/615445063893022f7ececebe7351b1e6aaff698f4a562c0641bec28ce7986f3a']
[EventRouter] DEBUG: EXEC #33 filename='/bin/true', triggers=['208631867727a4f06d79feb99cdf0555b79fbdd9d92f5c26992c0e6d119841ba', '/tmp/208631867727a4f06d79feb99cdf0555b79fbdd9d92f5c26992c0e6d119841ba']
[EventRouter] ARM detected at event 121 for cgroup 96412
[EventRouter] Discarded 120 pre-ARM events for cgroup 96412
[DOCKER] Container exit code: 1
[DOCKER][STDOUT] BEGIN
615445063893022f7ececebe7351b1e6aaff698f4a562c0641bec28ce7986f3a: no device specified
Try '615445063893022f7ececebe7351b1e6aaff698f4a562c0641bec28ce7986f3a --help' for more information.
[DOCKER][STDOUT] END
[DOCKER] Raw stdout saved: ../ELF_samples/benign_report/armv8/raw/615445063893022f7ececebe7351b1e6aaff698f4a562c0641bec28ce7986f3a_2026-01-31_16-19-39_2e1d8f66_container_stdout.txt
[EventRouter] ARM detected at event 120 for cgroup 96498
[EventRouter] Discarded 119 pre-ARM events for cgroup 96498
[DOCKER] Container exit code: 1
[DOCKER][STDOUT] BEGIN
208631867727a4f06d79feb99cdf0555b79fbdd9d92f5c26992c0e6d119841ba: eth1: No such device
[DOCKER][STDOUT] END
[DOCKER] Raw stdout saved: ../ELF_samples/benign_report/armv8/raw/208631867727a4f06d79feb99cdf0555b79fbdd9d92f5c26992c0e6d119841ba_2026-01-31_16-19-39_26d5eb45_container_stdout.txt
[CgroupManager] Added cgroup 96584 via bpftool
[AI-Integration] Job 0fc4a2d8 analyzed via deepseek
[AI-Integration] Job 8a67b75f analyzed via deepseek
[EventRouter] DEBUG: EXEC #33 filename='/bin/true', triggers=['a1cc12f169890528a9c6195d9f73f483ee77cbe8891375e1da1858007e5c352f', '/tmp/a1cc12f169890528a9c6195d9f73f483ee77cbe8891375e1da1858007e5c352f']
[EventRouter] ARM detected at event 120 for cgroup 96584
[EventRouter] Discarded 119 pre-ARM events for cgroup 96584
[POOL] Execution timed out for cc48c64463ed7c54e499c7153fb777402c2957168f92d26579414ad6f3baf596 after 15s
[POOL] Killing container 441d1d2caf54...
[POOL] Container killed successfully
[DOCKER] Container exit code: -1
[POOL] Execution timed out - stopping BPF monitoring for cgroup 92542
[DOCKER] Container exit code: 0
[DOCKER][STDOUT] BEGIN
[25]: <info>  ModemManager (version 1.8.0) starting in system bus...
[25]: <warn>  Could not acquire the 'org.freedesktop.ModemManager1' service name
[25]: <info>  ModemManager is shut down
[DOCKER][STDOUT] END
[DOCKER] Raw stdout saved: ../ELF_samples/benign_report/armv8/raw/a1cc12f169890528a9c6195d9f73f483ee77cbe8891375e1da1858007e5c352f_2026-01-31_16-19-39_5ad51b38_container_stdout.txt
[CgroupManager] Removed cgroup 92542 via bpftool
[POOL] Collected 6 events for analysis (read from log file)
[POOL] Running analyzers on 6 events for 615445063893022f7ececebe7351b1e6aaff698f4a562c0641bec28ce7986f3a
[POOL] Analysis completed: 0 findings in 0.00s (5324 events/s)
[AI-Integration] Submitted task: 2e1d8f66
[AI] 2e1d8f66 queued for DeepSeek analysis
[CgroupManager] Removed cgroup 96412 via bpftool
[POOL] Cleanup scheduled for c43cc1acca13
[DockerWorker-5] ✓ Completed: 615445063893022f7ececebe7351b1e6aaff698f4a562c0641bec28ce7986f3a (6 events) (1.10s)
[DockerWorker-5] Starting: 0e07405ea568814b8db5294b9c54c93c8530b9d51c67a5cec6eced9fdc0bc0f3 (183_64bit)
[ANALYSISLOG] 0e07405ea568814b8db5294b9c54c93c8530b9d51c67a5cec6eced9fdc0bc0f3 -> ../ELF_samples/benign_report/armv8/raw/0e07405ea568814b8db5294b9c54c93c8530b9d51c67a5cec6eced9fdc0bc0f3_2026-01-31_16-19-40_76874454.jsonl
[DOCKER] Selected image for libc=glibc: arm64v8/ubuntu:24.04
[POOL] Collected 7 events for analysis (read from log file)
[POOL] Running analyzers on 7 events for 208631867727a4f06d79feb99cdf0555b79fbdd9d92f5c26992c0e6d119841ba
[POOL] Analysis completed: 0 findings in 0.00s (6304 events/s)
[AI-Integration] Submitted task: 26d5eb45
[AI] 26d5eb45 queued for DeepSeek analysis
[CgroupManager] Removed cgroup 96498 via bpftool
[POOL] Cleanup scheduled for 9a13c02e5b7d
[DockerWorker-1] ✓ Completed: 208631867727a4f06d79feb99cdf0555b79fbdd9d92f5c26992c0e6d119841ba (7 events) (1.08s)
[DockerWorker-1] Starting: 411dc7f68fa87e881c81d8fabac7fb0758f82bfa75b996a67262bd62fb6c38de (183_64bit)
[ANALYSISLOG] 411dc7f68fa87e881c81d8fabac7fb0758f82bfa75b996a67262bd62fb6c38de -> ../ELF_samples/benign_report/armv8/raw/411dc7f68fa87e881c81d8fabac7fb0758f82bfa75b996a67262bd62fb6c38de_2026-01-31_16-19-40_6d4d6719.jsonl
[DOCKER] Selected image for libc=glibc: arm64v8/ubuntu:24.04
[CgroupManager] Added cgroup 96670 via bpftool
[CgroupManager] Added cgroup 96756 via bpftool
[EventRouter] DEBUG: EXEC #34 filename='/bin/true', triggers=['0e07405ea568814b8db5294b9c54c93c8530b9d51c67a5cec6eced9fdc0bc0f3', '/tmp/0e07405ea568814b8db5294b9c54c93c8530b9d51c67a5cec6eced9fdc0bc0f3']
[EventRouter] DEBUG: EXEC #50 filename='/bin/true', triggers=['411dc7f68fa87e881c81d8fabac7fb0758f82bfa75b996a67262bd62fb6c38de', '/tmp/411dc7f68fa87e881c81d8fabac7fb0758f82bfa75b996a67262bd62fb6c38de']
[POOL] Collected 39 events for analysis (read from log file)
[POOL] Running analyzers on 39 events for a1cc12f169890528a9c6195d9f73f483ee77cbe8891375e1da1858007e5c352f
[POOL] Analysis completed: 2 findings in 0.00s (32047 events/s)
[AI-Integration] Submitted task: 5ad51b38
[AI] 5ad51b38 queued for DeepSeek analysis
[POOL] Collected 12 events for analysis (read from log file)
[POOL] Running analyzers on 12 events for cc48c64463ed7c54e499c7153fb777402c2957168f92d26579414ad6f3baf596
[POOL] Analysis completed: 0 findings in 0.00s (11324 events/s)
[AI-Integration] Submitted task: 115852ce
[AI] 115852ce queued for DeepSeek analysis
[CgroupManager] Removed cgroup 96584 via bpftool
[POOL] Cleanup scheduled for db80b5906e48
[DockerWorker-2] ✓ Completed: a1cc12f169890528a9c6195d9f73f483ee77cbe8891375e1da1858007e5c352f (39 events) (1.22s)
[DockerWorker-2] Starting: 047ccfd4dcae07a098bbe402829ab8f548138ca6743f0ac149100a255d2cb005 (183_64bit)
[ANALYSISLOG] 047ccfd4dcae07a098bbe402829ab8f548138ca6743f0ac149100a255d2cb005 -> ../ELF_samples/benign_report/armv8/raw/047ccfd4dcae07a098bbe402829ab8f548138ca6743f0ac149100a255d2cb005_2026-01-31_16-19-40_a7f4a31d.jsonl
[DOCKER] Selected image for libc=glibc: arm64v8/ubuntu:24.04
[CgroupManager] bpftool delete failed: Command '['sudo', '/usr/sbin/bpftool', 'map', 'delete', 'id', '842', 'key', 'hex', '7e', '69', '01', '00', '00', '00', '00', '00']' returned non-zero exit status 254.
[POOL] Cleanup scheduled for 441d1d2caf54
[DockerWorker-4] ✓ Completed: cc48c64463ed7c54e499c7153fb777402c2957168f92d26579414ad6f3baf596 (12 events) (16.24s)
[DockerWorker-4] Starting: a37e99f5cea472b507bc826cb32f237c4eceff615939219a0150e6fd45c43cc4 (183_64bit)
[ANALYSISLOG] a37e99f5cea472b507bc826cb32f237c4eceff615939219a0150e6fd45c43cc4 -> ../ELF_samples/benign_report/armv8/raw/a37e99f5cea472b507bc826cb32f237c4eceff615939219a0150e6fd45c43cc4_2026-01-31_16-19-40_cc6df850.jsonl
[DOCKER] Selected image for libc=glibc: arm64v8/ubuntu:24.04
[POOL] Failed to kill container 441d1d2caf54: 409 Client Error for http+docker://localhost/v1.50/containers/441d1d2caf542da435b5f76b20be3727a66f924893db4181006bbf75c5897f34/kill: Conflict ("cannot kill container: 441d1d2caf542da435b5f76b20be3727a66f924893db4181006bbf75c5897f34: container 441d1d2caf542da435b5f76b20be3727a66f924893db4181006bbf75c5897f34 is not running")
[EventRouter] ARM detected at event 124 for cgroup 96670
[EventRouter] Discarded 123 pre-ARM events for cgroup 96670
[EventRouter] ARM detected at event 155 for cgroup 96756
[EventRouter] Discarded 154 pre-ARM events for cgroup 96756
[DOCKER] Container exit code: 0
[DOCKER][STDOUT] BEGIN
Cleaned up 0 sockets in /tmp; 0 sockets are still in use; 0 in unknown state
[DOCKER][STDOUT] END
[DOCKER] Raw stdout saved: ../ELF_samples/benign_report/armv8/raw/0e07405ea568814b8db5294b9c54c93c8530b9d51c67a5cec6eced9fdc0bc0f3_2026-01-31_16-19-40_76874454_container_stdout.txt
[DOCKER] Container exit code: 0
[DOCKER][STDOUT] BEGIN
13b6f0a64d72
[DOCKER][STDOUT] END
[DOCKER] Raw stdout saved: ../ELF_samples/benign_report/armv8/raw/411dc7f68fa87e881c81d8fabac7fb0758f82bfa75b996a67262bd62fb6c38de_2026-01-31_16-19-40_6d4d6719_container_stdout.txt
[CgroupManager] Added cgroup 96928 via bpftool
[CgroupManager] Added cgroup 96842 via bpftool
[EventRouter] DEBUG: EXEC #49 filename='/bin/true', triggers=['a37e99f5cea472b507bc826cb32f237c4eceff615939219a0150e6fd45c43cc4', '/tmp/a37e99f5cea472b507bc826cb32f237c4eceff615939219a0150e6fd45c43cc4']
[EventRouter] DEBUG: EXEC #34 filename='/bin/true', triggers=['047ccfd4dcae07a098bbe402829ab8f548138ca6743f0ac149100a255d2cb005', '/tmp/047ccfd4dcae07a098bbe402829ab8f548138ca6743f0ac149100a255d2cb005']
[AI-Integration] Job 05e9194c analyzed via deepseek
[EventRouter] ARM detected at event 121 for cgroup 96928
[EventRouter] Discarded 120 pre-ARM events for cgroup 96928
[EventRouter] ARM detected at event 136 for cgroup 96842
[EventRouter] Discarded 135 pre-ARM events for cgroup 96842
[DOCKER] Container exit code: 1
[DOCKER][STDOUT] BEGIN
usage: a37e99f5cea472b507bc826cb32f237c4eceff615939219a0150e6fd45c43cc4 [-46aCfpqrv] [-B buffer_size] [-b batchfile] [-c cipher]
          [-D sftp_server_path] [-F ssh_config] [-i identity_file] [-l limit]
          [-o ssh_option] [-P port] [-R num_requests] [-S program]
          [-s subsystem | sftp_server] destination
[DOCKER][STDOUT] END
[DOCKER] Raw stdout saved: ../ELF_samples/benign_report/armv8/raw/a37e99f5cea472b507bc826cb32f237c4eceff615939219a0150e6fd45c43cc4_2026-01-31_16-19-40_cc6df850_container_stdout.txt
[POOL] Collected 8 events for analysis (read from log file)
[POOL] Running analyzers on 8 events for 0e07405ea568814b8db5294b9c54c93c8530b9d51c67a5cec6eced9fdc0bc0f3
[POOL] Analysis completed: 0 findings in 0.00s (7541 events/s)
[AI-Integration] Submitted task: 76874454
[AI] 76874454 queued for DeepSeek analysis
[DOCKER] Container exit code: 111
[DOCKER][STDOUT] BEGIN
s6-dnsip6-filter: fatal: unable to establish skadns connection: No error information
[DOCKER][STDOUT] END
[DOCKER] Raw stdout saved: ../ELF_samples/benign_report/armv8/raw/047ccfd4dcae07a098bbe402829ab8f548138ca6743f0ac149100a255d2cb005_2026-01-31_16-19-40_a7f4a31d_container_stdout.txt
[POOL] Collected 6 events for analysis (read from log file)
[POOL] Running analyzers on 6 events for 411dc7f68fa87e881c81d8fabac7fb0758f82bfa75b996a67262bd62fb6c38de
[POOL] Analysis completed: 0 findings in 0.00s (5742 events/s)
[AI-Integration] Submitted task: 6d4d6719
[AI] 6d4d6719 queued for DeepSeek analysis
[CgroupManager] Removed cgroup 96670 via bpftool
[POOL] Cleanup scheduled for 5fb22994b436
[DockerWorker-5] ✓ Completed: 0e07405ea568814b8db5294b9c54c93c8530b9d51c67a5cec6eced9fdc0bc0f3 (8 events) (1.12s)
[DockerWorker-5] Starting: a8fdf9479a98693f5364289d548358a21bf6a6cf308d47e99c12e11aef7a64b3 (183_64bit)
[ANALYSISLOG] a8fdf9479a98693f5364289d548358a21bf6a6cf308d47e99c12e11aef7a64b3 -> ../ELF_samples/benign_report/armv8/raw/a8fdf9479a98693f5364289d548358a21bf6a6cf308d47e99c12e11aef7a64b3_2026-01-31_16-19-41_9479aed3.jsonl
[DOCKER] Selected image for libc=glibc: arm64v8/ubuntu:24.04
[CgroupManager] Removed cgroup 96756 via bpftool
[POOL] Cleanup scheduled for 13b6f0a64d72
[DockerWorker-1] ✓ Completed: 411dc7f68fa87e881c81d8fabac7fb0758f82bfa75b996a67262bd62fb6c38de (6 events) (1.10s)
[DockerWorker-1] Starting: c4f396076625958ebcf458a54b5493aa88c6d5fff49cf73760076eee8f789634 (183_64bit)
[ANALYSISLOG] c4f396076625958ebcf458a54b5493aa88c6d5fff49cf73760076eee8f789634 -> ../ELF_samples/benign_report/armv8/raw/c4f396076625958ebcf458a54b5493aa88c6d5fff49cf73760076eee8f789634_2026-01-31_16-19-41_8189b92f.jsonl
[DOCKER] Selected image for libc=glibc: arm64v8/ubuntu:24.04
[CgroupManager] Added cgroup 97014 via bpftool
[CgroupManager] Added cgroup 97100 via bpftool
[EventRouter] DEBUG: EXEC #34 filename='/bin/true', triggers=['c4f396076625958ebcf458a54b5493aa88c6d5fff49cf73760076eee8f789634', '/tmp/c4f396076625958ebcf458a54b5493aa88c6d5fff49cf73760076eee8f789634']
[EventRouter] DEBUG: EXEC #34 filename='/bin/true', triggers=['a8fdf9479a98693f5364289d548358a21bf6a6cf308d47e99c12e11aef7a64b3', '/tmp/a8fdf9479a98693f5364289d548358a21bf6a6cf308d47e99c12e11aef7a64b3']
[POOL] Collected 8 events for analysis (read from log file)
[POOL] Running analyzers on 8 events for a37e99f5cea472b507bc826cb32f237c4eceff615939219a0150e6fd45c43cc4
[POOL] Analysis completed: 0 findings in 0.00s (7464 events/s)
[AI-Integration] Submitted task: cc6df850
[AI] cc6df850 queued for DeepSeek analysis
[CgroupManager] Removed cgroup 96842 via bpftool
[POOL] Cleanup scheduled for 9f34265b2c6b
[DockerWorker-4] ✓ Completed: a37e99f5cea472b507bc826cb32f237c4eceff615939219a0150e6fd45c43cc4 (8 events) (1.09s)
[DockerWorker-4] Starting: bd3b8cd88f5e4d7f02eca7ef384bdb4e95c5bc055685fff619dabe5e7bdbbe3e (183_64bit)
[ANALYSISLOG] bd3b8cd88f5e4d7f02eca7ef384bdb4e95c5bc055685fff619dabe5e7bdbbe3e -> ../ELF_samples/benign_report/armv8/raw/bd3b8cd88f5e4d7f02eca7ef384bdb4e95c5bc055685fff619dabe5e7bdbbe3e_2026-01-31_16-19-42_5caacef7.jsonl
[DOCKER] Selected image for libc=glibc: arm64v8/ubuntu:24.04
[POOL] Collected 18 events for analysis (read from log file)
[POOL] Running analyzers on 18 events for 047ccfd4dcae07a098bbe402829ab8f548138ca6743f0ac149100a255d2cb005
[POOL] Analysis completed: 0 findings in 0.00s (16584 events/s)
[AI-Integration] Submitted task: a7f4a31d
[AI] a7f4a31d queued for DeepSeek analysis
[CgroupManager] Removed cgroup 96928 via bpftool
[POOL] Cleanup scheduled for c3fda52a1acd
[DockerWorker-2] ✓ Completed: 047ccfd4dcae07a098bbe402829ab8f548138ca6743f0ac149100a255d2cb005 (18 events) (1.15s)
[DockerWorker-2] Starting: eae1aeddeecd4ef34e30434d6bc5ad94e315d509730aac3b4e80d17fb409be2b (183_64bit)
[ANALYSISLOG] eae1aeddeecd4ef34e30434d6bc5ad94e315d509730aac3b4e80d17fb409be2b -> ../ELF_samples/benign_report/armv8/raw/eae1aeddeecd4ef34e30434d6bc5ad94e315d509730aac3b4e80d17fb409be2b_2026-01-31_16-19-42_58039397.jsonl
[DOCKER] Selected image for libc=glibc: arm64v8/ubuntu:24.04
[AI-Integration] Job fd88bcbe analyzed via deepseek
[EventRouter] ARM detected at event 140 for cgroup 97014
[EventRouter] Discarded 139 pre-ARM events for cgroup 97014
[DOCKER] Container exit code: 0
[EventRouter] ARM detected at event 140 for cgroup 97100
[EventRouter] Discarded 139 pre-ARM events for cgroup 97100
[DOCKER] Container exit code: 111
[DOCKER][STDOUT] BEGIN
s6-dnsname-filter: fatal: unable to establish skadns connection: No error information
[DOCKER][STDOUT] END
[DOCKER] Raw stdout saved: ../ELF_samples/benign_report/armv8/raw/c4f396076625958ebcf458a54b5493aa88c6d5fff49cf73760076eee8f789634_2026-01-31_16-19-41_8189b92f_container_stdout.txt
[CgroupManager] Added cgroup 97186 via bpftool
[CgroupManager] Added cgroup 97272 via bpftool
[EventRouter] DEBUG: EXEC #35 filename='/bin/true', triggers=['bd3b8cd88f5e4d7f02eca7ef384bdb4e95c5bc055685fff619dabe5e7bdbbe3e', '/tmp/bd3b8cd88f5e4d7f02eca7ef384bdb4e95c5bc055685fff619dabe5e7bdbbe3e']
[EventRouter] DEBUG: EXEC #33 filename='/bin/true', triggers=['eae1aeddeecd4ef34e30434d6bc5ad94e315d509730aac3b4e80d17fb409be2b', '/tmp/eae1aeddeecd4ef34e30434d6bc5ad94e315d509730aac3b4e80d17fb409be2b']
[EventRouter] ARM detected at event 122 for cgroup 97272
[EventRouter] Discarded 121 pre-ARM events for cgroup 97272
[POOL] Collected 7 events for analysis (read from log file)
[POOL] Running analyzers on 7 events for a8fdf9479a98693f5364289d548358a21bf6a6cf308d47e99c12e11aef7a64b3
[POOL] Analysis completed: 0 findings in 0.00s (6678 events/s)
[AI-Integration] Submitted task: 9479aed3
[AI] 9479aed3 queued for DeepSeek analysis
[DOCKER] Container exit code: 0
[DOCKER][STDOUT] BEGIN
PCRE version 8.42 2018-03-20

  re>
[DOCKER][STDOUT] END
[DOCKER] Raw stdout saved: ../ELF_samples/benign_report/armv8/raw/eae1aeddeecd4ef34e30434d6bc5ad94e315d509730aac3b4e80d17fb409be2b_2026-01-31_16-19-42_58039397_container_stdout.txt
[EventRouter] ARM detected at event 124 for cgroup 97186
[EventRouter] Discarded 123 pre-ARM events for cgroup 97186
[CgroupManager] Removed cgroup 97014 via bpftool
[POOL] Cleanup scheduled for e648e77cbc55
[DockerWorker-5] ✓ Completed: a8fdf9479a98693f5364289d548358a21bf6a6cf308d47e99c12e11aef7a64b3 (7 events) (1.17s)
[DockerWorker-5] Starting: a7efe982f961bf58e15dbf35db0aee32bcf1dc8c35b9de00ab00819f6804095f (183_64bit)
[ANALYSISLOG] a7efe982f961bf58e15dbf35db0aee32bcf1dc8c35b9de00ab00819f6804095f -> ../ELF_samples/benign_report/armv8/raw/a7efe982f961bf58e15dbf35db0aee32bcf1dc8c35b9de00ab00819f6804095f_2026-01-31_16-19-42_06ff19b9.jsonl
[DOCKER] Selected image for libc=glibc: arm64v8/ubuntu:24.04
[DOCKER] Container exit code: 2
[DOCKER][STDOUT] BEGIN
Could not open a connection to your authentication agent.
[DOCKER][STDOUT] END
[DOCKER] Raw stdout saved: ../ELF_samples/benign_report/armv8/raw/bd3b8cd88f5e4d7f02eca7ef384bdb4e95c5bc055685fff619dabe5e7bdbbe3e_2026-01-31_16-19-42_5caacef7_container_stdout.txt
[POOL] Collected 17 events for analysis (read from log file)
[POOL] Running analyzers on 17 events for c4f396076625958ebcf458a54b5493aa88c6d5fff49cf73760076eee8f789634
[POOL] Analysis completed: 0 findings in 0.00s (15787 events/s)
[AI-Integration] Submitted task: 8189b92f
[AI] 8189b92f queued for DeepSeek analysis
[CgroupManager] Removed cgroup 97100 via bpftool
[POOL] Cleanup scheduled for dd4a89fdf5ff
[DockerWorker-1] ✓ Completed: c4f396076625958ebcf458a54b5493aa88c6d5fff49cf73760076eee8f789634 (17 events) (1.19s)
[DockerWorker-1] Starting: 03dc3f9705de08299314ffb05caad082156a6b66dcc559ede0b3db1ebf25fecf (183_64bit)
[ANALYSISLOG] 03dc3f9705de08299314ffb05caad082156a6b66dcc559ede0b3db1ebf25fecf -> ../ELF_samples/benign_report/armv8/raw/03dc3f9705de08299314ffb05caad082156a6b66dcc559ede0b3db1ebf25fecf_2026-01-31_16-19-42_0504eadf.jsonl
[DOCKER] Selected image for libc=glibc: arm64v8/ubuntu:24.04
[CgroupManager] Added cgroup 97444 via bpftool
[CgroupManager] Added cgroup 97358 via bpftool
[EventRouter] DEBUG: EXEC #34 filename='/bin/true', triggers=['a7efe982f961bf58e15dbf35db0aee32bcf1dc8c35b9de00ab00819f6804095f', '/tmp/a7efe982f961bf58e15dbf35db0aee32bcf1dc8c35b9de00ab00819f6804095f']
[EventRouter] DEBUG: EXEC #33 filename='/bin/true', triggers=['03dc3f9705de08299314ffb05caad082156a6b66dcc559ede0b3db1ebf25fecf', '/tmp/03dc3f9705de08299314ffb05caad082156a6b66dcc559ede0b3db1ebf25fecf']
[POOL] Collected 6 events for analysis (read from log file)
[POOL] Running analyzers on 6 events for eae1aeddeecd4ef34e30434d6bc5ad94e315d509730aac3b4e80d17fb409be2b
[POOL] Analysis completed: 0 findings in 0.00s (5548 events/s)
[AI-Integration] Submitted task: 58039397
[AI] 58039397 queued for DeepSeek analysis
[CgroupManager] Removed cgroup 97272 via bpftool
[POOL] Cleanup scheduled for fdeb3e5b1fec
[DockerWorker-2] ✓ Completed: eae1aeddeecd4ef34e30434d6bc5ad94e315d509730aac3b4e80d17fb409be2b (6 events) (1.16s)
[DockerWorker-2] Starting: a474c72f9de122046a6863df2a25e98adb54f7ae2415ed3a81d7fe26960197df (183_64bit)
[ANALYSISLOG] a474c72f9de122046a6863df2a25e98adb54f7ae2415ed3a81d7fe26960197df -> ../ELF_samples/benign_report/armv8/raw/a474c72f9de122046a6863df2a25e98adb54f7ae2415ed3a81d7fe26960197df_2026-01-31_16-19-43_66b03d1d.jsonl
[DOCKER] Selected image for libc=glibc: arm64v8/ubuntu:24.04
[POOL] Collected 8 events for analysis (read from log file)
[POOL] Running analyzers on 8 events for bd3b8cd88f5e4d7f02eca7ef384bdb4e95c5bc055685fff619dabe5e7bdbbe3e
[POOL] Analysis completed: 0 findings in 0.00s (7053 events/s)
[AI-Integration] Submitted task: 5caacef7
[AI] 5caacef7 queued for DeepSeek analysis
[CgroupManager] Removed cgroup 97186 via bpftool
[POOL] Cleanup scheduled for f2a0cf61a030
[DockerWorker-4] ✓ Completed: bd3b8cd88f5e4d7f02eca7ef384bdb4e95c5bc055685fff619dabe5e7bdbbe3e (8 events) (1.23s)
[DockerWorker-4] Starting: da001564f852dbaddd84f5c063cff4f45677b42d1c9c1ec73c203ccecc64bb62 (183_64bit)
[ANALYSISLOG] da001564f852dbaddd84f5c063cff4f45677b42d1c9c1ec73c203ccecc64bb62 -> ../ELF_samples/benign_report/armv8/raw/da001564f852dbaddd84f5c063cff4f45677b42d1c9c1ec73c203ccecc64bb62_2026-01-31_16-19-43_149651e2.jsonl
[DOCKER] Selected image for libc=glibc: arm64v8/ubuntu:24.04
[EventRouter] ARM detected at event 138 for cgroup 97358
[EventRouter] Discarded 137 pre-ARM events for cgroup 97358
[EventRouter] ARM detected at event 124 for cgroup 97444
[EventRouter] Discarded 123 pre-ARM events for cgroup 97444
[DOCKER] Container exit code: 0
[DOCKER] Container exit code: 0
[DOCKER][STDOUT] BEGIN
  FD  type	device	inode	mode	links	uid	gid	rdev	size	blksize	blocks	atime				mtime				ctime				cloexec	flags	sigown	sigio
   0: chrdev	0,6	5	020666	1	0	0	1,3	0	4096	0	Sat Jan 31 10:35:19 2026	Sat Jan 31 10:35:19 2026	Sat Jan 31 10:35:19 2026	0	x008000	0	0	(no STREAMS modules)poll: IN,OUT,
   1: pipe	0,15	1183070	010600	1	0	0	0,0	0	4096	0	Sat Jan 31 08:19:43 2026	Sat Jan 31 08:19:43 2026	Sat Jan 31 08:19:43 2026	0	x008001	0	0	(no STREAMS modules)poll: OUT,
   2: pipe	0,15	1183071	010600	1	0	0	0,0	0	4096	0	Sat Jan 31 08:19:43 2026	Sat Jan 31 08:19:43 2026	Sat Jan 31 08:19:43 2026	0	x008001	0	0	(no STREAMS modules)poll: OUT,
   3: socket	0,9	1177326	0140777	1	0	0	0,0	0	4096	0	Thu Jan  1 00:00:00 1970	Thu Jan  1 00:00:00 1970	Thu Jan  1 00:00:00 1970	0	x008002	0	0	(no STREAMS modules)DEBUG=0	REUSEADDR=0	TYPE=2	ERROR=0	DONTROUTE=0	BROADCAST=0	SNDBUF=212992	RCVBUF=212992	KEEPALIVE=0	OOBINLINE=0	NO_CHECK=0	PRIORITY=0	LINGER={0,0}	BSDCOMPAT=0	REUSEPORT=0	PASSCRED=0	PEERCRED={25,0}	RCVLOWAT=1	SNDLOWAT=1	RCVTIMEO={0,0}	SNDTIMEO={0,0}				BINDTODEVICE={0,0}	ATTACH_FILTER={0,0}			AF=1 "<anon>" <-> AF=1 "<anon>"	poll: OUT,
   4: socket	0,9	1177327	0140777	1	0	0	0,0	0	4096	0	Thu Jan  1 00:00:00 1970	Thu Jan  1 00:00:00 1970	Thu Jan  1 00:00:00 1970	0	x008002	0	0	(no STREAMS modules)DEBUG=0	REUSEADDR=0	TYPE=2	ERROR=0	DONTROUTE=0	BROADCAST=0	SNDBUF=212992	RCVBUF=212992	KEEPALIVE=0	OOBINLINE=0	NO_CHECK=0	PRIORITY=0	LINGER={0,0}	BSDCOMPAT=0	REUSEPORT=0	PASSCRED=0	PEERCRED={25,0}	RCVLOWAT=1	SNDLOWAT=1	RCVTIMEO={0,0}	SNDTIMEO={0,0}				BINDTODEVICE={0,0}	ATTACH_FILTER={0,0}			AF=1 "<anon>" <-> AF=1 "<anon>"	poll: OUT,
[DOCKER][STDOUT] END
[DOCKER] Raw stdout saved: ../ELF_samples/benign_report/armv8/raw/a7efe982f961bf58e15dbf35db0aee32bcf1dc8c35b9de00ab00819f6804095f_2026-01-31_16-19-42_06ff19b9_container_stdout.txt
[CgroupManager] Added cgroup 97530 via bpftool
[CgroupManager] Added cgroup 97616 via bpftool
[EventRouter] DEBUG: EXEC #34 filename='/bin/true', triggers=['a474c72f9de122046a6863df2a25e98adb54f7ae2415ed3a81d7fe26960197df', '/tmp/a474c72f9de122046a6863df2a25e98adb54f7ae2415ed3a81d7fe26960197df']
[EventRouter] DEBUG: EXEC #50 filename='/bin/true', triggers=['da001564f852dbaddd84f5c063cff4f45677b42d1c9c1ec73c203ccecc64bb62', '/tmp/da001564f852dbaddd84f5c063cff4f45677b42d1c9c1ec73c203ccecc64bb62']
[EventRouter] ARM detected at event 137 for cgroup 97616
[EventRouter] Discarded 136 pre-ARM events for cgroup 97616
[DOCKER] Container exit code: 1
[DOCKER][STDOUT] BEGIN
iperf3: parameter error - must either be a client (-c) or server (-s)

Usage: iperf3 [-s|-c host] [options]
       iperf3 [-h|--help] [-v|--version]

Server or Client:
  -p, --port      #         server port to listen on/connect to
  -f, --format   [kmgtKMGT] format to report: Kbits, Mbits, Gbits, Tbits
  -i, --interval  #         seconds between periodic throughput reports
  -F, --file name           xmit/recv the specified file
  -A, --affinity n/n,m      set CPU affinity
  -B, --bind      <host>    bind to the interface associated with the address <host>
  -V, --verbose             more detailed output
  -J, --json                output in JSON format
  --logfile f               send output to a log file
  --forceflush              force flushing output at every interval
  -d, --debug               emit debugging output
  -v, --version             show version information and quit
  -h, --help                show this message and quit
Server specific:
  -s, --server              run in server mode
  -D, --daemon              run the server as a daemon
  -I, --pidfile file        write PID file
  -1, --one-off             handle one client connection then exit
  --rsa-private-key-path    path to the RSA private key used to decrypt
                            authentication credentials
  --authorized-users-path   path to the configuration file containing user
                            credentials
Client specific:
  -c, --client    <host>    run in client mode, connecting to <host>
  -u, --udp                 use UDP rather than TCP
  --connect-timeout #       timeout for control connection setup (ms)
  -b, --bitrate #[KMG][/#]  target bitrate in bits/sec (0 for unlimited)
                            (default 1 Mbit/sec for UDP, unlimited for TCP)
                            (optional slash and packet count for burst mode)
  --pacing-timer #[KMG]     set the timing for pacing, in microseconds (default 1000)
  --fq-rate #[KMG]          enable fair-queuing based socket pacing in
                            bits/sec (Linux only)
  -t, --time      #         time in seconds to transmit for (default 10 secs)
  -n, --bytes     #[KMG]    number of bytes to transmit (instead of -t)
  -k, --blockcount #[KMG]   number of blocks (packets) to transmit (instead of -t or -n)
  -l, --length    #[KMG]    length of buffer to read or write
                            (default 128 KB for TCP, dynamic or 1460 for UDP)
  --cport         <port>    bind to a specific client port (TCP and UDP, default: ephemeral port)
  -P, --parallel  #         number of parallel client streams to run
  -R, --reverse             run in reverse mode (server sends, client receives)
  -w, --window    #[KMG]    set window size / socket buffer size
  -C, --congestion <algo>   set TCP congestion control algorithm (Linux and FreeBSD only)
  -M, --set-mss   #         set TCP/SCTP maximum segment size (MTU - 40 bytes)
  -N, --no-delay            set TCP/SCTP no delay, disabling Nagle's Algorithm
  -4, --version4            only use IPv4
  -6, --version6            only use IPv6
  -S, --tos N               set the IP type of service, 0-255.
                            The usual prefixes for octal and hex can be used,
                            i.e. 52, 064 and 0x34 all specify the same value.
  --dscp N or --dscp val    set the IP dscp value, either 0-63 or symbolic.
                            Numeric values can be specified in decimal,
                            octal and hex (see --tos above).
  -L, --flowlabel N         set the IPv6 flow label (only supported on Linux)
  -Z, --zerocopy            use a 'zero copy' method of sending data
  -O, --omit N              omit the first n seconds
  -T, --title str           prefix every output line with this string
  --extra-data str          data string to include in client and server JSON
  --get-server-output       get results from server
  --udp-counters-64bit      use 64-bit counters in UDP test packets
  --repeating-payload       use repeating pattern in payload, instead of
                            randomized payload (like in iperf2)
  --username                username for authentication
  --rsa-public-key-path     path to the RSA public key used to encrypt
                            authentication credentials

[KMG] indicates options that support a K/M/G suffix for kilo-, mega-, or giga-

iperf3 homepage at: https://software.es.net/iperf/
Report bugs to:     https://github.com/esnet/iperf
[DOCKER][STDOUT] END
[DOCKER] Raw stdout saved: ../ELF_samples/benign_report/armv8/raw/da001564f852dbaddd84f5c063cff4f45677b42d1c9c1ec73c203ccecc64bb62_2026-01-31_16-19-43_149651e2_container_stdout.txt
[EventRouter] ARM detected at event 127 for cgroup 97530
[EventRouter] Discarded 126 pre-ARM events for cgroup 97530
[DOCKER] Container exit code: 0
[POOL] Collected 8 events for analysis (read from log file)
[POOL] Running analyzers on 8 events for 03dc3f9705de08299314ffb05caad082156a6b66dcc559ede0b3db1ebf25fecf
[POOL] Analysis completed: 0 findings in 0.00s (6874 events/s)
[AI-Integration] Submitted task: 0504eadf
[AI] 0504eadf queued for DeepSeek analysis
[POOL] Collected 10 events for analysis (read from log file)
[POOL] Running analyzers on 10 events for a7efe982f961bf58e15dbf35db0aee32bcf1dc8c35b9de00ab00819f6804095f
[POOL] Analysis completed: 0 findings in 0.00s (9344 events/s)
[AI-Integration] Submitted task: 06ff19b9
[AI] 06ff19b9 queued for DeepSeek analysis
[CgroupManager] Removed cgroup 97444 via bpftool
[POOL] Cleanup scheduled for d9e3b30ac60d
[DockerWorker-1] ✓ Completed: 03dc3f9705de08299314ffb05caad082156a6b66dcc559ede0b3db1ebf25fecf (8 events) (1.15s)
[DockerWorker-1] Starting: 529c18525fe62f980585c352e6eabb4e004c79d16b01a8f0e60b39936dcd3b21 (183_64bit)
[ANALYSISLOG] 529c18525fe62f980585c352e6eabb4e004c79d16b01a8f0e60b39936dcd3b21 -> ../ELF_samples/benign_report/armv8/raw/529c18525fe62f980585c352e6eabb4e004c79d16b01a8f0e60b39936dcd3b21_2026-01-31_16-19-43_8d801c01.jsonl
[DOCKER] Selected image for libc=glibc: arm64v8/ubuntu:24.04
[CgroupManager] Removed cgroup 97358 via bpftool
[POOL] Cleanup scheduled for d98358f3efdf
[DockerWorker-5] ✓ Completed: a7efe982f961bf58e15dbf35db0aee32bcf1dc8c35b9de00ab00819f6804095f (10 events) (1.19s)
[DockerWorker-5] Starting: 66450f57c8894a5443c96816e336d746afd619449762f653ae5e8fba74f2566a (183_64bit)
[ANALYSISLOG] 66450f57c8894a5443c96816e336d746afd619449762f653ae5e8fba74f2566a -> ../ELF_samples/benign_report/armv8/raw/66450f57c8894a5443c96816e336d746afd619449762f653ae5e8fba74f2566a_2026-01-31_16-19-43_c5edca0d.jsonl
[DOCKER] Selected image for libc=glibc: arm64v8/ubuntu:24.04
[CgroupManager] Added cgroup 97702 via bpftool
[CgroupManager] Added cgroup 97788 via bpftool
[EventRouter] DEBUG: EXEC #33 filename='/bin/true', triggers=['529c18525fe62f980585c352e6eabb4e004c79d16b01a8f0e60b39936dcd3b21', '/tmp/529c18525fe62f980585c352e6eabb4e004c79d16b01a8f0e60b39936dcd3b21']
[EventRouter] DEBUG: EXEC #50 filename='/bin/true', triggers=['66450f57c8894a5443c96816e336d746afd619449762f653ae5e8fba74f2566a', '/tmp/66450f57c8894a5443c96816e336d746afd619449762f653ae5e8fba74f2566a']
[POOL] Collected 6 events for analysis (read from log file)
[POOL] Running analyzers on 6 events for da001564f852dbaddd84f5c063cff4f45677b42d1c9c1ec73c203ccecc64bb62
[POOL] Analysis completed: 0 findings in 0.00s (5645 events/s)
[AI-Integration] Submitted task: 149651e2
[AI] 149651e2 queued for DeepSeek analysis
[CgroupManager] Removed cgroup 97616 via bpftool
[POOL] Cleanup scheduled for e6b3f304d4ea
[DockerWorker-4] ✓ Completed: da001564f852dbaddd84f5c063cff4f45677b42d1c9c1ec73c203ccecc64bb62 (6 events) (1.07s)
[DockerWorker-4] Starting: 2cee442106371864572ea32d4c3b179f5769de827db251920f7de698f7289bcc (183_64bit)
[ANALYSISLOG] 2cee442106371864572ea32d4c3b179f5769de827db251920f7de698f7289bcc -> ../ELF_samples/benign_report/armv8/raw/2cee442106371864572ea32d4c3b179f5769de827db251920f7de698f7289bcc_2026-01-31_16-19-44_76138202.jsonl
[DOCKER] Selected image for libc=glibc: arm64v8/ubuntu:24.04
[POOL] Collected 5 events for analysis (read from log file)
[POOL] Running analyzers on 5 events for a474c72f9de122046a6863df2a25e98adb54f7ae2415ed3a81d7fe26960197df
[POOL] Analysis completed: 0 findings in 0.00s (4778 events/s)
[AI-Integration] Submitted task: 66b03d1d
[AI] 66b03d1d queued for DeepSeek analysis
[CgroupManager] Removed cgroup 97530 via bpftool
[POOL] Cleanup scheduled for 2a3356789918
[DockerWorker-2] ✓ Completed: a474c72f9de122046a6863df2a25e98adb54f7ae2415ed3a81d7fe26960197df (5 events) (1.16s)
[DockerWorker-2] Starting: ba9957ac7f72909a851e6058bed664afd7ec8ec97be189931bb0d4952005488a (183_64bit)
[ANALYSISLOG] ba9957ac7f72909a851e6058bed664afd7ec8ec97be189931bb0d4952005488a -> ../ELF_samples/benign_report/armv8/raw/ba9957ac7f72909a851e6058bed664afd7ec8ec97be189931bb0d4952005488a_2026-01-31_16-19-44_ebe56e82.jsonl
[DOCKER] Selected image for libc=glibc: arm64v8/ubuntu:24.04
[EventRouter] ARM detected at event 125 for cgroup 97702
[EventRouter] Discarded 124 pre-ARM events for cgroup 97702
[DOCKER] Container exit code: 0
[EventRouter] ARM detected at event 139 for cgroup 97788
[EventRouter] Discarded 138 pre-ARM events for cgroup 97788
[DOCKER] Container exit code: 0
[CgroupManager] Added cgroup 97874 via bpftool
[EventRouter] DEBUG: EXEC #33 filename='/bin/true', triggers=['2cee442106371864572ea32d4c3b179f5769de827db251920f7de698f7289bcc', '/tmp/2cee442106371864572ea32d4c3b179f5769de827db251920f7de698f7289bcc']
[CgroupManager] Added cgroup 97960 via bpftool
[EventRouter] DEBUG: EXEC #34 filename='/bin/true', triggers=['ba9957ac7f72909a851e6058bed664afd7ec8ec97be189931bb0d4952005488a', '/tmp/ba9957ac7f72909a851e6058bed664afd7ec8ec97be189931bb0d4952005488a']
[EventRouter] ARM detected at event 120 for cgroup 97874
[EventRouter] Discarded 119 pre-ARM events for cgroup 97874
[DOCKER] Container exit code: 0
[DOCKER][STDOUT] BEGIN
psftp: no hostname specified; use "open host.name" to connect
psftp> quit
[DOCKER][STDOUT] END
[DOCKER] Raw stdout saved: ../ELF_samples/benign_report/armv8/raw/2cee442106371864572ea32d4c3b179f5769de827db251920f7de698f7289bcc_2026-01-31_16-19-44_76138202_container_stdout.txt
[EventRouter] ARM detected at event 122 for cgroup 97960
[EventRouter] Discarded 121 pre-ARM events for cgroup 97960
[POOL] Collected 10 events for analysis (read from log file)
[POOL] Running analyzers on 10 events for 529c18525fe62f980585c352e6eabb4e004c79d16b01a8f0e60b39936dcd3b21
[POOL] Analysis completed: 0 findings in 0.00s (9503 events/s)
[AI-Integration] Submitted task: 8d801c01
[AI] 8d801c01 queued for DeepSeek analysis
[CgroupManager] Removed cgroup 97702 via bpftool
[POOL] Cleanup scheduled for e347c36f0b74
[DockerWorker-1] ✓ Completed: 529c18525fe62f980585c352e6eabb4e004c79d16b01a8f0e60b39936dcd3b21 (10 events) (1.10s)
[DockerWorker-1] Starting: b295162a56baa846d84a96b598e9a9a0955e283dabe0e424cb2f4d3ae03dfa72 (183_64bit)
[ANALYSISLOG] b295162a56baa846d84a96b598e9a9a0955e283dabe0e424cb2f4d3ae03dfa72 -> ../ELF_samples/benign_report/armv8/raw/b295162a56baa846d84a96b598e9a9a0955e283dabe0e424cb2f4d3ae03dfa72_2026-01-31_16-19-45_b151c66b.jsonl
[DOCKER] Selected image for libc=glibc: arm64v8/ubuntu:24.04
[POOL] Collected 33 events for analysis (read from log file)
[POOL] Running analyzers on 33 events for 66450f57c8894a5443c96816e336d746afd619449762f653ae5e8fba74f2566a
[POOL] Analysis completed: 3 findings in 0.00s (29655 events/s)
[AI-Integration] Submitted task: c5edca0d
[AI] c5edca0d queued for DeepSeek analysis
[CgroupManager] Removed cgroup 97788 via bpftool
[POOL] Cleanup scheduled for 5ae835d641fa
[DockerWorker-5] ✓ Completed: 66450f57c8894a5443c96816e336d746afd619449762f653ae5e8fba74f2566a (33 events) (1.11s)
[DockerWorker-5] Starting: ebf28c8c0257404049b87cb607a808b99595eddf9d6f96d17d24fe1df0ae0bcf (183_64bit)
[ANALYSISLOG] ebf28c8c0257404049b87cb607a808b99595eddf9d6f96d17d24fe1df0ae0bcf -> ../ELF_samples/benign_report/armv8/raw/ebf28c8c0257404049b87cb607a808b99595eddf9d6f96d17d24fe1df0ae0bcf_2026-01-31_16-19-45_56dd6b13.jsonl
[DOCKER] Selected image for libc=glibc: arm64v8/ubuntu:24.04
[CgroupManager] Added cgroup 98132 via bpftool
[CgroupManager] Added cgroup 98046 via bpftool
[EventRouter] DEBUG: EXEC #33 filename='/bin/true', triggers=['ebf28c8c0257404049b87cb607a808b99595eddf9d6f96d17d24fe1df0ae0bcf', '/tmp/ebf28c8c0257404049b87cb607a808b99595eddf9d6f96d17d24fe1df0ae0bcf']
[EventRouter] DEBUG: EXEC #49 filename='/bin/true', triggers=['b295162a56baa846d84a96b598e9a9a0955e283dabe0e424cb2f4d3ae03dfa72', '/tmp/b295162a56baa846d84a96b598e9a9a0955e283dabe0e424cb2f4d3ae03dfa72']
[POOL] Collected 8 events for analysis (read from log file)
[POOL] Running analyzers on 8 events for 2cee442106371864572ea32d4c3b179f5769de827db251920f7de698f7289bcc
[POOL] Analysis completed: 2 findings in 0.00s (7105 events/s)
[AI-Integration] Submitted task: 76138202
[AI] 76138202 queued for DeepSeek analysis
[CgroupManager] Removed cgroup 97874 via bpftool
[POOL] Cleanup scheduled for 9ebd58b04515
[DockerWorker-4] ✓ Completed: 2cee442106371864572ea32d4c3b179f5769de827db251920f7de698f7289bcc (8 events) (1.10s)
[DockerWorker-4] Starting: 5dce32b3c980fe7701cb05d6b1055a3b975c32ce9cd1300af881d162d3339698 (183_64bit)
[ANALYSISLOG] 5dce32b3c980fe7701cb05d6b1055a3b975c32ce9cd1300af881d162d3339698 -> ../ELF_samples/benign_report/armv8/raw/5dce32b3c980fe7701cb05d6b1055a3b975c32ce9cd1300af881d162d3339698_2026-01-31_16-19-45_c74d4365.jsonl
[DOCKER] Selected image for libc=glibc: arm64v8/ubuntu:24.04
[AI-Integration] Job ee049560 analyzed via deepseek
[EventRouter] ARM detected at event 120 for cgroup 98132
[EventRouter] Discarded 119 pre-ARM events for cgroup 98132
[DOCKER] Container exit code: 0
[EventRouter] ARM detected at event 137 for cgroup 98046
[EventRouter] Discarded 136 pre-ARM events for cgroup 98046
[CgroupManager] Added cgroup 98218 via bpftool
[EventRouter] DEBUG: EXEC #33 filename='/bin/true', triggers=['5dce32b3c980fe7701cb05d6b1055a3b975c32ce9cd1300af881d162d3339698', '/tmp/5dce32b3c980fe7701cb05d6b1055a3b975c32ce9cd1300af881d162d3339698']
[EventRouter] ARM detected at event 121 for cgroup 98218
[EventRouter] Discarded 120 pre-ARM events for cgroup 98218
[DOCKER] Container exit code: 255
[DOCKER][STDOUT] BEGIN
-- Alert: SoftEther VPN Kernel --
Fatal Error: The file "hamcore.se2" is missing or broken.
Please check hamcore.se2.

(First, reboot the computer. If this problem occurs again, please reinstall VPN software files.)
[DOCKER][STDOUT] END
[DOCKER] Raw stdout saved: ../ELF_samples/benign_report/armv8/raw/b295162a56baa846d84a96b598e9a9a0955e283dabe0e424cb2f4d3ae03dfa72_2026-01-31_16-19-45_b151c66b_container_stdout.txt
[DOCKER] Container exit code: 0
[DOCKER][STDOUT] BEGIN
NAME        MAJ:MIN RM   SIZE RO TYPE MOUNTPOINT
loop0         7:0    0 104.2M  1 loop 
loop2         7:2    0 176.1M  1 loop 
loop3         7:3    0     4K  1 loop 
loop4         7:4    0   105M  1 loop 
loop5         7:5    0  55.5M  1 loop 
loop6         7:6    0  55.5M  1 loop 
loop7         7:7    0  63.8M  1 loop 
loop8         7:8    0  63.8M  1 loop 
loop9         7:9    0    74M  1 loop 
loop10        7:10   0  66.9M  1 loop 
loop11        7:11   0  47.6M  1 loop 
loop12        7:12   0    74M  1 loop 
loop13        7:13   0  66.9M  1 loop 
loop14        7:14   0  47.6M  1 loop 
loop15        7:15   0  22.6M  1 loop 
loop16        7:16   0 234.6M  1 loop 
loop17        7:17   0  11.8M  1 loop 
loop18        7:18   0 119.9M  1 loop 
loop19        7:19   0 229.5M  1 loop 
loop20        7:20   0 251.7M  1 loop 
loop21        7:21   0 251.7M  1 loop 
loop22        7:22   0 127.9M  1 loop 
loop23        7:23   0 164.8M  1 loop 
loop24        7:24   0  18.5M  1 loop 
loop25        7:25   0 516.2M  1 loop 
loop26        7:26   0  16.5M  1 loop 
loop27        7:27   0 669.8M  1 loop 
loop28        7:28   0 531.4M  1 loop 
loop29        7:29   0  91.7M  1 loop 
loop30        7:30   0 606.1M  1 loop 
loop31        7:31   0   395M  1 loop 
loop32        7:32   0   6.9M  1 loop 
loop33        7:33   0  95.9M  1 loop 
loop34        7:34   0  14.4M  1 loop 
loop35        7:35   0  10.8M  1 loop 
loop36        7:36   0  17.6M  1 loop 
loop37        7:37   0  50.9M  1 loop 
loop38        7:38   0  48.1M  1 loop 
loop39        7:39   0   576K  1 loop 
loop40        7:40   0   576K  1 loop 
loop41        7:41   0 226.3M  1 loop 
loop42        7:42   0 226.6M  1 loop 
loop43        7:43   0 460.6M  1 loop 
loop44        7:44   0   581M  1 loop 
loop45        7:45   0 579.5M  1 loop 
loop46        7:46   0   239M  1 loop 
loop47        7:47   0 177.4M  1 loop 
nvme0n1     259:0    0 953.9G  0 disk 
|-nvme0n1p1 259:1    0   260M  0 part 
|-nvme0n1p2 259:2    0    16M  0 part 
|-nvme0n1p3 259:3    0 152.3G  0 part 
|-nvme0n1p4 259:4    0 410.2G  0 part 
|-nvme0n1p5 259:5    0  97.7G  0 part 
|-nvme0n1p6 259:6    0  97.7G  0 part 
|-nvme0n1p7 259:7    0   950M  0 part 
|-nvme0n1p8 259:8    0   260M  0 part 
`-nvme0n1p9 259:9    0 194.6G  0 part /etc/hosts
[DOCKER][STDOUT] END
[DOCKER] Raw stdout saved: ../ELF_samples/benign_report/armv8/raw/5dce32b3c980fe7701cb05d6b1055a3b975c32ce9cd1300af881d162d3339698_2026-01-31_16-19-45_c74d4365_container_stdout.txt
[POOL] Collected 93 events for analysis (read from log file)
[POOL] Running analyzers on 93 events for ebf28c8c0257404049b87cb607a808b99595eddf9d6f96d17d24fe1df0ae0bcf
[POOL] Analysis completed: 2 findings in 0.00s (77482 events/s)
[AI-Integration] Submitted task: 56dd6b13
[AI] 56dd6b13 queued for DeepSeek analysis
[CgroupManager] Removed cgroup 98132 via bpftool
[POOL] Cleanup scheduled for f3bdcc24308e
[DockerWorker-5] ✓ Completed: ebf28c8c0257404049b87cb607a808b99595eddf9d6f96d17d24fe1df0ae0bcf (93 events) (1.09s)
[DockerWorker-5] Starting: 135256fc0acb62a79bb0099a2fd726b48d7a1136d0124881a1c6d524e8b47de9 (183_64bit)
[ANALYSISLOG] 135256fc0acb62a79bb0099a2fd726b48d7a1136d0124881a1c6d524e8b47de9 -> ../ELF_samples/benign_report/armv8/raw/135256fc0acb62a79bb0099a2fd726b48d7a1136d0124881a1c6d524e8b47de9_2026-01-31_16-19-46_b5eec589.jsonl
[DOCKER] Selected image for libc=glibc: arm64v8/ubuntu:24.04
[CgroupManager] Added cgroup 98304 via bpftool
[EventRouter] DEBUG: EXEC #34 filename='/bin/true', triggers=['135256fc0acb62a79bb0099a2fd726b48d7a1136d0124881a1c6d524e8b47de9', '/tmp/135256fc0acb62a79bb0099a2fd726b48d7a1136d0124881a1c6d524e8b47de9']
[POOL] Collected 17 events for analysis (read from log file)
[POOL] Running analyzers on 17 events for b295162a56baa846d84a96b598e9a9a0955e283dabe0e424cb2f4d3ae03dfa72
[POOL] Analysis completed: 0 findings in 0.00s (15642 events/s)
[AI-Integration] Submitted task: b151c66b
[AI] b151c66b queued for DeepSeek analysis
[POOL] Collected 424 events for analysis (read from log file)
[POOL] Running analyzers on 424 events for 5dce32b3c980fe7701cb05d6b1055a3b975c32ce9cd1300af881d162d3339698
[POOL] Analysis completed: 0 findings in 0.00s (362765 events/s)
[AI-Integration] Submitted task: c74d4365
[AI] c74d4365 queued for DeepSeek analysis
[CgroupManager] Removed cgroup 98046 via bpftool
[POOL] Cleanup scheduled for 4cf13d4c71a7
[DockerWorker-1] ✗ Failed: b295162a56baa846d84a96b598e9a9a0955e283dabe0e424cb2f4d3ae03dfa72 - Crashed: Signal 127 (Exit code 255) (1.53s)
[DockerWorker-1] Starting: 80abd6fd63f0b277c8041e6e2ab09c90d14ba3696cae7aae815405bc51ab79a4 (183_64bit)
[ANALYSISLOG] 80abd6fd63f0b277c8041e6e2ab09c90d14ba3696cae7aae815405bc51ab79a4 -> ../ELF_samples/benign_report/armv8/raw/80abd6fd63f0b277c8041e6e2ab09c90d14ba3696cae7aae815405bc51ab79a4_2026-01-31_16-19-46_fd0b7ee2.jsonl
[DOCKER] Selected image for libc=glibc: arm64v8/ubuntu:24.04
[CgroupManager] Removed cgroup 98218 via bpftool
[POOL] Cleanup scheduled for 3d3554d383bf
[DockerWorker-4] ✓ Completed: 5dce32b3c980fe7701cb05d6b1055a3b975c32ce9cd1300af881d162d3339698 (424 events) (1.12s)
[DockerWorker-4] Starting: 2427f9972d64ab7e4abde7425a5ea4cc94126d1434727997daddc9cbfbd156e5 (183_64bit)
[ANALYSISLOG] 2427f9972d64ab7e4abde7425a5ea4cc94126d1434727997daddc9cbfbd156e5 -> ../ELF_samples/benign_report/armv8/raw/2427f9972d64ab7e4abde7425a5ea4cc94126d1434727997daddc9cbfbd156e5_2026-01-31_16-19-46_b4be6577.jsonl
[DOCKER] Selected image for libc=glibc: arm64v8/ubuntu:24.04
[EventRouter] ARM detected at event 123 for cgroup 98304
[EventRouter] Discarded 122 pre-ARM events for cgroup 98304
[CgroupManager] Added cgroup 98476 via bpftool
[EventRouter] DEBUG: EXEC #33 filename='/bin/true', triggers=['80abd6fd63f0b277c8041e6e2ab09c90d14ba3696cae7aae815405bc51ab79a4', '/tmp/80abd6fd63f0b277c8041e6e2ab09c90d14ba3696cae7aae815405bc51ab79a4']
[CgroupManager] Added cgroup 98390 via bpftool
[EventRouter] DEBUG: EXEC #33 filename='/bin/true', triggers=['2427f9972d64ab7e4abde7425a5ea4cc94126d1434727997daddc9cbfbd156e5', '/tmp/2427f9972d64ab7e4abde7425a5ea4cc94126d1434727997daddc9cbfbd156e5']
[AI-Integration] Job e268dfa9 analyzed via deepseek
[EventRouter] ARM detected at event 123 for cgroup 98476
[EventRouter] Discarded 122 pre-ARM events for cgroup 98476
[DOCKER] Container exit code: 2
[DOCKER][STDOUT] BEGIN
Usage: 80abd6fd63f0b277c8041e6e2ab09c90d14ba3696cae7aae815405bc51ab79a4 [-v] [-h] [-c] [-s] [-f] [-D] [-u user] [-t chrootdir] [-d device] [-m mtu] [-z context] [-l ip address to listen on] [-p port] [-n external ip] [-b dnsport] [-P password] [-F pidfile] [-i max idle time] tunnel_ip[/netmask] topdomain
[DOCKER][STDOUT] END
[DOCKER] Raw stdout saved: ../ELF_samples/benign_report/armv8/raw/80abd6fd63f0b277c8041e6e2ab09c90d14ba3696cae7aae815405bc51ab79a4_2026-01-31_16-19-46_fd0b7ee2_container_stdout.txt
[EventRouter] ARM detected at event 121 for cgroup 98390
[EventRouter] Discarded 120 pre-ARM events for cgroup 98390
[DOCKER] Container exit code: 1
[DOCKER][STDOUT] BEGIN
2427f9972d64ab7e4abde7425a5ea4cc94126d1434727997daddc9cbfbd156e5: eth1: No such device
[DOCKER][STDOUT] END
[DOCKER] Raw stdout saved: ../ELF_samples/benign_report/armv8/raw/2427f9972d64ab7e4abde7425a5ea4cc94126d1434727997daddc9cbfbd156e5_2026-01-31_16-19-46_b4be6577_container_stdout.txt
[AI-Integration] Job 4b82a434 analyzed via deepseek
[POOL] Collected 6 events for analysis (read from log file)
[POOL] Running analyzers on 6 events for 80abd6fd63f0b277c8041e6e2ab09c90d14ba3696cae7aae815405bc51ab79a4
[POOL] Analysis completed: 0 findings in 0.00s (5829 events/s)
[AI-Integration] Submitted task: fd0b7ee2
[AI] fd0b7ee2 queued for DeepSeek analysis
[CgroupManager] Removed cgroup 98476 via bpftool
[POOL] Cleanup scheduled for b6c82128ab2e
[DockerWorker-1] ✓ Completed: 80abd6fd63f0b277c8041e6e2ab09c90d14ba3696cae7aae815405bc51ab79a4 (6 events) (1.11s)
[DockerWorker-1] Starting: 72da7fbf3eb5271140abfb9d8e05e9da57f8f1660bf9b115457af5fb9a9270cb (183_64bit)
[ANALYSISLOG] 72da7fbf3eb5271140abfb9d8e05e9da57f8f1660bf9b115457af5fb9a9270cb -> ../ELF_samples/benign_report/armv8/raw/72da7fbf3eb5271140abfb9d8e05e9da57f8f1660bf9b115457af5fb9a9270cb_2026-01-31_16-19-47_1b71cd52.jsonl
[DOCKER] Selected image for libc=glibc: arm64v8/ubuntu:24.04
[POOL] Collected 7 events for analysis (read from log file)
[POOL] Running analyzers on 7 events for 2427f9972d64ab7e4abde7425a5ea4cc94126d1434727997daddc9cbfbd156e5
[POOL] Analysis completed: 0 findings in 0.00s (6581 events/s)
[AI-Integration] Submitted task: b4be6577
[AI] b4be6577 queued for DeepSeek analysis
[CgroupManager] Removed cgroup 98390 via bpftool
[POOL] Cleanup scheduled for 6ced5718a472
[DockerWorker-4] ✓ Completed: 2427f9972d64ab7e4abde7425a5ea4cc94126d1434727997daddc9cbfbd156e5 (7 events) (1.15s)
[DockerWorker-4] Starting: 6309b3fa318d71654b263077af6c95e33808ffd32b8d1e3a25550fbbb5424d9c (183_64bit)
[ANALYSISLOG] 6309b3fa318d71654b263077af6c95e33808ffd32b8d1e3a25550fbbb5424d9c -> ../ELF_samples/benign_report/armv8/raw/6309b3fa318d71654b263077af6c95e33808ffd32b8d1e3a25550fbbb5424d9c_2026-01-31_16-19-47_45f81fb8.jsonl
[DOCKER] Selected image for libc=glibc: arm64v8/ubuntu:24.04
[POOL] Execution timed out for 41d20c292b342aa7b6cee975da094c1e3e77c3764ea26f2ee2f1ae6a83e4904c after 15s
[POOL] Killing container 15f9f045834a...
[POOL] Container killed successfully
[DOCKER] Container exit code: -1
[POOL] Execution timed out - stopping BPF monitoring for cgroup 94864
[CgroupManager] Removed cgroup 94864 via bpftool
[DOCKER] Container exit code: 1
[DOCKER][STDOUT] BEGIN

rawshark: No valid payload dissector specified.
[DOCKER][STDOUT] END
[DOCKER] Raw stdout saved: ../ELF_samples/benign_report/armv8/raw/135256fc0acb62a79bb0099a2fd726b48d7a1136d0124881a1c6d524e8b47de9_2026-01-31_16-19-46_b5eec589_container_stdout.txt
[CgroupManager] Added cgroup 98562 via bpftool
[CgroupManager] Added cgroup 98648 via bpftool
[EventRouter] DEBUG: EXEC #34 filename='/bin/true', triggers=['6309b3fa318d71654b263077af6c95e33808ffd32b8d1e3a25550fbbb5424d9c', '/tmp/6309b3fa318d71654b263077af6c95e33808ffd32b8d1e3a25550fbbb5424d9c']
[EventRouter] DEBUG: EXEC #34 filename='/bin/true', triggers=['72da7fbf3eb5271140abfb9d8e05e9da57f8f1660bf9b115457af5fb9a9270cb', '/tmp/72da7fbf3eb5271140abfb9d8e05e9da57f8f1660bf9b115457af5fb9a9270cb']
[AI-Integration] Job 6f0dd4ae analyzed via deepseek
[EventRouter] ARM detected at event 124 for cgroup 98648
[EventRouter] Discarded 123 pre-ARM events for cgroup 98648
[DOCKER] Container exit code: 0
[POOL] Collected 6 events for analysis (read from log file)
[POOL] Running analyzers on 6 events for 41d20c292b342aa7b6cee975da094c1e3e77c3764ea26f2ee2f1ae6a83e4904c
[POOL] Analysis completed: 0 findings in 0.00s (5816 events/s)
[AI-Integration] Submitted task: aa4c221e
[AI] aa4c221e queued for DeepSeek analysis
[EventRouter] ARM detected at event 124 for cgroup 98562
[EventRouter] Discarded 123 pre-ARM events for cgroup 98562
[DOCKER] Container exit code: 0
[CgroupManager] bpftool delete failed: Command '['sudo', '/usr/sbin/bpftool', 'map', 'delete', 'id', '842', 'key', 'hex', '90', '72', '01', '00', '00', '00', '00', '00']' returned non-zero exit status 254.
[POOL] Cleanup scheduled for 15f9f045834a
[DockerWorker-3] ✓ Completed: 41d20c292b342aa7b6cee975da094c1e3e77c3764ea26f2ee2f1ae6a83e4904c (6 events) (16.12s)
[DockerWorker-3] Starting: 97631d1adef8ad8f0fcdbc86e01f6157ef324c4f7f0fad166d3e6fd852a3e1d4 (183_64bit)
[POOL] Failed to kill container 15f9f045834a: 409 Client Error for http+docker://localhost/v1.50/containers/15f9f045834adae7ef04585feb246992f997091f4c04f07f3479b163c86d92a3/kill: Conflict ("cannot kill container: 15f9f045834adae7ef04585feb246992f997091f4c04f07f3479b163c86d92a3: container 15f9f045834adae7ef04585feb246992f997091f4c04f07f3479b163c86d92a3 is not running")
[ANALYSISLOG] 97631d1adef8ad8f0fcdbc86e01f6157ef324c4f7f0fad166d3e6fd852a3e1d4 -> ../ELF_samples/benign_report/armv8/raw/97631d1adef8ad8f0fcdbc86e01f6157ef324c4f7f0fad166d3e6fd852a3e1d4_2026-01-31_16-19-48_8cf6ff91.jsonl
[DOCKER] Selected image for libc=glibc: arm64v8/ubuntu:24.04
[POOL] Collected 622 events for analysis (read from log file)
[POOL] Running analyzers on 622 events for 135256fc0acb62a79bb0099a2fd726b48d7a1136d0124881a1c6d524e8b47de9
[POOL] Analysis completed: 0 findings in 0.00s (311680 events/s)
[AI-Integration] Submitted task: b5eec589
[AI] b5eec589 queued for DeepSeek analysis
[CgroupManager] Removed cgroup 98304 via bpftool
[POOL] Cleanup scheduled for a270041a396b
[DockerWorker-5] ✓ Completed: 135256fc0acb62a79bb0099a2fd726b48d7a1136d0124881a1c6d524e8b47de9 (622 events) (2.41s)
[DockerWorker-5] Starting: 7fc7845dc403c4f734c76cd46f38ffd3f19342730ad19876d666e43f970d1581 (183_64bit)
[ANALYSISLOG] 7fc7845dc403c4f734c76cd46f38ffd3f19342730ad19876d666e43f970d1581 -> ../ELF_samples/benign_report/armv8/raw/7fc7845dc403c4f734c76cd46f38ffd3f19342730ad19876d666e43f970d1581_2026-01-31_16-19-48_49a6bd96.jsonl
[DOCKER] Selected image for libc=glibc: arm64v8/ubuntu:24.04
[CgroupManager] Added cgroup 98734 via bpftool
[EventRouter] DEBUG: EXEC #34 filename='/bin/true', triggers=['97631d1adef8ad8f0fcdbc86e01f6157ef324c4f7f0fad166d3e6fd852a3e1d4', '/tmp/97631d1adef8ad8f0fcdbc86e01f6157ef324c4f7f0fad166d3e6fd852a3e1d4']
[AI-Integration] Job 6b0372eb analyzed via deepseek
[POOL] Collected 8 events for analysis (read from log file)
[POOL] Running analyzers on 8 events for 6309b3fa318d71654b263077af6c95e33808ffd32b8d1e3a25550fbbb5424d9c
[POOL] Analysis completed: 0 findings in 0.00s (7536 events/s)
[AI-Integration] Submitted task: 45f81fb8
[AI] 45f81fb8 queued for DeepSeek analysis
[CgroupManager] Added cgroup 98820 via bpftool
[CgroupManager] Removed cgroup 98648 via bpftool
[POOL] Cleanup scheduled for ead29a1e89a1
[DockerWorker-4] ✓ Completed: 6309b3fa318d71654b263077af6c95e33808ffd32b8d1e3a25550fbbb5424d9c (8 events) (1.15s)
[DockerWorker-4] Starting: 79a9e9830520df3bc5acbccd2ae9caae0aa9f99a18e2caddba694a1fee47b088 (183_64bit)
[ANALYSISLOG] 79a9e9830520df3bc5acbccd2ae9caae0aa9f99a18e2caddba694a1fee47b088 -> ../ELF_samples/benign_report/armv8/raw/79a9e9830520df3bc5acbccd2ae9caae0aa9f99a18e2caddba694a1fee47b088_2026-01-31_16-19-48_0ab288c6.jsonl
[DOCKER] Selected image for libc=glibc: arm64v8/ubuntu:24.04
[EventRouter] DEBUG: EXEC #33 filename='/bin/true', triggers=['7fc7845dc403c4f734c76cd46f38ffd3f19342730ad19876d666e43f970d1581', '/tmp/7fc7845dc403c4f734c76cd46f38ffd3f19342730ad19876d666e43f970d1581']
[POOL] Collected 5 events for analysis (read from log file)
[POOL] Running analyzers on 5 events for 72da7fbf3eb5271140abfb9d8e05e9da57f8f1660bf9b115457af5fb9a9270cb
[POOL] Analysis completed: 0 findings in 0.00s (4788 events/s)
[AI-Integration] Submitted task: 1b71cd52
[AI] 1b71cd52 queued for DeepSeek analysis
[CgroupManager] Removed cgroup 98562 via bpftool
[POOL] Cleanup scheduled for 2273610e3c73
[DockerWorker-1] ✓ Completed: 72da7fbf3eb5271140abfb9d8e05e9da57f8f1660bf9b115457af5fb9a9270cb (5 events) (1.25s)
[DockerWorker-1] Starting: e9d78837fd918129c79f62519436ce31029f15e1462e11bb7325bf8fff67b151 (183_64bit)
[ANALYSISLOG] e9d78837fd918129c79f62519436ce31029f15e1462e11bb7325bf8fff67b151 -> ../ELF_samples/benign_report/armv8/raw/e9d78837fd918129c79f62519436ce31029f15e1462e11bb7325bf8fff67b151_2026-01-31_16-19-48_f13970e1.jsonl
[DOCKER] Selected image for libc=glibc: arm64v8/ubuntu:24.04
[EventRouter] ARM detected at event 121 for cgroup 98734
[EventRouter] Discarded 120 pre-ARM events for cgroup 98734
[DOCKER] Container exit code: 0
[DOCKER][STDOUT] BEGIN
NcFTP 3.2.6 (Dec 04, 2016) by Mike Gleason (http://www.NcFTP.com/contact/).

Copyright (c) 1992-2016 by Mike Gleason.
All rights reserved.
[DOCKER][STDOUT] END
[DOCKER] Raw stdout saved: ../ELF_samples/benign_report/armv8/raw/97631d1adef8ad8f0fcdbc86e01f6157ef324c4f7f0fad166d3e6fd852a3e1d4_2026-01-31_16-19-48_8cf6ff91_container_stdout.txt
[AI-Integration] Job f9ad8955 analyzed via deepseek
[EventRouter] ARM detected at event 123 for cgroup 98820
[EventRouter] Discarded 122 pre-ARM events for cgroup 98820
[DOCKER] Container exit code: 0
[DOCKER][STDOUT] BEGIN
Usage:

  gapplication COMMAND [ARGS…]

Commands:
  help           Print help
  version        Print version
  list-apps      List applications
  launch         Launch an application
  action         Activate an action
  list-actions   List available actions

Use “gapplication help COMMAND” to get detailed help.
[DOCKER][STDOUT] END
[DOCKER] Raw stdout saved: ../ELF_samples/benign_report/armv8/raw/7fc7845dc403c4f734c76cd46f38ffd3f19342730ad19876d666e43f970d1581_2026-01-31_16-19-48_49a6bd96_container_stdout.txt
[CgroupManager] Added cgroup 98906 via bpftool
[CgroupManager] Added cgroup 98992 via bpftool
[EventRouter] DEBUG: EXEC #33 filename='/bin/true', triggers=['79a9e9830520df3bc5acbccd2ae9caae0aa9f99a18e2caddba694a1fee47b088', '/tmp/79a9e9830520df3bc5acbccd2ae9caae0aa9f99a18e2caddba694a1fee47b088']
[EventRouter] DEBUG: EXEC #34 filename='/bin/true', triggers=['e9d78837fd918129c79f62519436ce31029f15e1462e11bb7325bf8fff67b151', '/tmp/e9d78837fd918129c79f62519436ce31029f15e1462e11bb7325bf8fff67b151']
[EventRouter] ARM detected at event 124 for cgroup 98992
[EventRouter] Discarded 123 pre-ARM events for cgroup 98992
[DOCKER] Container exit code: 1
[DOCKER][STDOUT] BEGIN
e9d78837fd918129c79f62519436ce31029f15e1462e11bb7325bf8fff67b151 error:  The intf1 option is required
tcpbridge (tcpbridge) - Bridge network traffic across two interfaces
Usage:  e9d78837fd918129c79f62519436ce31029f15e1462e11bb7325bf8fff67b151 [ -<flag> [<val>] | --<name>[{=| }<val>] ]...

   -r, --portmap=str          Rewrite TCP/UDP ports
   -s, --seed=num             Randomize src/dst IPv4/v6 addresses w/ given seed
   -N, --pnat=str             Rewrite IPv4/v6 addresses using pseudo-NAT
   -S, --srcipmap=str         Rewrite source IPv4/v6 addresses using pseudo-NAT
   -D, --dstipmap=str         Rewrite destination IPv4/v6 addresses using pseudo-NAT
       --tcp-sequence=num     Change TCP Sequence (and ACK) numbers /w given seed
   -b, --skipbroadcast        Skip rewriting broadcast/multicast IPv4/v6 addresses
   -C, --fixcsum              Force recalculation of IPv4/TCP/UDP header checksums
   -m, --mtu=num              Override default MTU length (1500 bytes)
       --mtu-trunc            Truncate packets larger then specified MTU
   -E, --efcs                 Remove Ethernet checksums (FCS) from end of frames
       --ttl=str              Modify the IPv4/v6 TTL/Hop Limit
       --tos=num              Set the IPv4 TOS/DiffServ/ECN byte
       --tclass=num           Set the IPv6 Traffic Class byte
       --flowlabel=num        Set the IPv6 Flow Label
   -F, --fixlen=str           Pad or truncate packet data to match header length
       --fuzz-seed=num        Fuzz 1 in X packets.  Edit bytes, length, or emulate packet drop
       --fuzz-factor=num      Set the Fuzz 1 in X packet ratio (default 1 in 8 packets)
       --skipl2broadcast      Skip rewriting broadcast/multicast Layer 2 addresses
       --dlt=str              Override output DLT encapsulation
       --enet-dmac=str        Override destination ethernet MAC addresses
       --enet-smac=str        Override source ethernet MAC addresses
       --enet-subsmac=str     Substitute MAC addresses
       --enet-mac-seed=num    Randomize MAC addresses
       --enet-mac-seed-keep-bytes=num Randomize MAC addresses
       --enet-vlan=str        Specify ethernet 802.1q VLAN tag mode
       --enet-vlan-tag=num    Specify the new ethernet 802.1q VLAN tag value
       --enet-vlan-cfi=num    Specify the ethernet 802.1q VLAN CFI value
       --enet-vlan-pri=num    Specify the ethernet 802.1q VLAN priority
       --hdlc-control=num     Specify HDLC control value
       --hdlc-address=num     Specify HDLC address
       --user-dlt=num         Set output file DLT type
       --user-dlink=str       Rewrite Data-Link layer with user specified data
   -i, --intf1=str            Primary interface (listen in uni-directional mode)
   -I, --intf2=str            Secondary interface (send in uni-directional mode)
   -u, --unidir               Send and receive in only one direction
       --listnics             List available network interfaces and exit
   -L, --limit=num            Limit the number of packets to send
   -M, --mac=str              MAC addresses of local NIC's
   -x, --include=str          Include only packets matching rule
   -X, --exclude=str          Exclude any packet matching this rule
   -P, --pid                  Print the PID of tcpbridge at startup
   -v, --verbose              Print decoded packets via tcpdump to STDOUT
   -A, --decode=str           Arguments passed to tcpdump decoder
   -V, --version              Print version information
   -h, --less-help            Display less usage information and exit
   -H, --help                 display extended usage information and exit
   -!, --more-help            extended usage information passed thru pager
       --save-opts[=arg]      save the option state to a config file
       --load-opts=str        load options from a config file

Options are specified by doubled hyphens and their name or by a single
hyphen and the flag character.
tcpbridge is a tool for selectively bridging network traffic across two
interfaces and optionally modifying the packets in between

Please send bug reports to:  <tcpreplay-users@lists.sourceforge.net>
[DOCKER][STDOUT] END
[DOCKER] Raw stdout saved: ../ELF_samples/benign_report/armv8/raw/e9d78837fd918129c79f62519436ce31029f15e1462e11bb7325bf8fff67b151_2026-01-31_16-19-48_f13970e1_container_stdout.txt
[POOL] Collected 17 events for analysis (read from log file)
[POOL] Running analyzers on 17 events for 97631d1adef8ad8f0fcdbc86e01f6157ef324c4f7f0fad166d3e6fd852a3e1d4
[POOL] Analysis completed: 0 findings in 0.00s (16200 events/s)
[AI-Integration] Submitted task: 8cf6ff91
[AI] 8cf6ff91 queued for DeepSeek analysis
[CgroupManager] Removed cgroup 98734 via bpftool
[POOL] Cleanup scheduled for 3fd546a2dcbb
[DockerWorker-3] ✓ Completed: 97631d1adef8ad8f0fcdbc86e01f6157ef324c4f7f0fad166d3e6fd852a3e1d4 (17 events) (1.09s)
[DockerWorker-3] Starting: eb7d283a05af3c88fe5cb57c05e27ff540be025acd3eb13ea747015e775d5ed7 (183_64bit)
[ANALYSISLOG] eb7d283a05af3c88fe5cb57c05e27ff540be025acd3eb13ea747015e775d5ed7 -> ../ELF_samples/benign_report/armv8/raw/eb7d283a05af3c88fe5cb57c05e27ff540be025acd3eb13ea747015e775d5ed7_2026-01-31_16-19-49_9d53888e.jsonl
[DOCKER] Selected image for libc=glibc: arm64v8/ubuntu:24.04
[EventRouter] ARM detected at event 121 for cgroup 98906
[EventRouter] Discarded 120 pre-ARM events for cgroup 98906
[DOCKER] Container exit code: 1
[DOCKER][STDOUT] BEGIN
Usage: readelf <option(s)> elf-file(s)
 Display information about the contents of ELF format files
 Options are:
  -a --all               Equivalent to: -h -l -S -s -r -d -V -A -I
  -h --file-header       Display the ELF file header
  -l --program-headers   Display the program headers
     --segments          An alias for --program-headers
  -S --section-headers   Display the sections' header
     --sections          An alias for --section-headers
  -g --section-groups    Display the section groups
  -t --section-details   Display the section details
  -e --headers           Equivalent to: -h -l -S
  -s --syms              Display the symbol table
     --symbols           An alias for --syms
  --dyn-syms             Display the dynamic symbol table
  -n --notes             Display the core notes (if present)
  -r --relocs            Display the relocations (if present)
  -u --unwind            Display the unwind info (if present)
  -d --dynamic           Display the dynamic section (if present)
  -V --version-info      Display the version sections (if present)
  -A --arch-specific     Display architecture specific information (if any)
  -c --archive-index     Display the symbol/file index in an archive
  -D --use-dynamic       Use the dynamic section info when displaying symbols
  -x --hex-dump=<number|name>
                         Dump the contents of section <number|name> as bytes
  -p --string-dump=<number|name>
                         Dump the contents of section <number|name> as strings
  -R --relocated-dump=<number|name>
                         Dump the contents of section <number|name> as relocated bytes
  -z --decompress        Decompress section before dumping it
  -w[lLiaprmfFsoRt] or
  --debug-dump[=rawline,=decodedline,=info,=abbrev,=pubnames,=aranges,=macro,=frames,
               =frames-interp,=str,=loc,=Ranges,=pubtypes,
               =gdb_index,=trace_info,=trace_abbrev,=trace_aranges,
               =addr,=cu_index]
                         Display the contents of DWARF2 debug sections
  --dwarf-depth=N        Do not display DIEs at depth N or greater
  --dwarf-start=N        Display DIEs starting with N, at the same depth
                         or deeper
  -I --histogram         Display histogram of bucket list lengths
  -W --wide              Allow output width to exceed 80 characters
  @<file>                Read options from <file>
  -H --help              Display this information
  -v --version           Display the version number of readelf
[DOCKER][STDOUT] END
[DOCKER] Raw stdout saved: ../ELF_samples/benign_report/armv8/raw/79a9e9830520df3bc5acbccd2ae9caae0aa9f99a18e2caddba694a1fee47b088_2026-01-31_16-19-48_0ab288c6_container_stdout.txt
[POOL] Collected 6 events for analysis (read from log file)
[POOL] Running analyzers on 6 events for 7fc7845dc403c4f734c76cd46f38ffd3f19342730ad19876d666e43f970d1581
[POOL] Analysis completed: 0 findings in 0.00s (5637 events/s)
[AI-Integration] Submitted task: 49a6bd96
[AI] 49a6bd96 queued for DeepSeek analysis
[CgroupManager] Removed cgroup 98820 via bpftool
[POOL] Cleanup scheduled for 63317f918cbd
[DockerWorker-5] ✓ Completed: 7fc7845dc403c4f734c76cd46f38ffd3f19342730ad19876d666e43f970d1581 (6 events) (1.11s)
[DockerWorker-5] Starting: 679393146ff803656cba451931638c4f54dd93ecdfdf784da979ccf19e2211e3 (183_64bit)
[ANALYSISLOG] 679393146ff803656cba451931638c4f54dd93ecdfdf784da979ccf19e2211e3 -> ../ELF_samples/benign_report/armv8/raw/679393146ff803656cba451931638c4f54dd93ecdfdf784da979ccf19e2211e3_2026-01-31_16-19-49_83be1864.jsonl
[DOCKER] Selected image for libc=glibc: arm64v8/ubuntu:24.04
[CgroupManager] Added cgroup 99078 via bpftool
[EventRouter] DEBUG: EXEC #33 filename='/bin/true', triggers=['eb7d283a05af3c88fe5cb57c05e27ff540be025acd3eb13ea747015e775d5ed7', '/tmp/eb7d283a05af3c88fe5cb57c05e27ff540be025acd3eb13ea747015e775d5ed7']
[CgroupManager] Added cgroup 99164 via bpftool
[POOL] Collected 20 events for analysis (read from log file)
[POOL] Running analyzers on 20 events for e9d78837fd918129c79f62519436ce31029f15e1462e11bb7325bf8fff67b151
[POOL] Analysis completed: 0 findings in 0.00s (19185 events/s)
[AI-Integration] Submitted task: f13970e1
[AI] f13970e1 queued for DeepSeek analysis
[CgroupManager] Removed cgroup 98992 via bpftool
[POOL] Cleanup scheduled for 2f975eda0abc
[DockerWorker-1] ✓ Completed: e9d78837fd918129c79f62519436ce31029f15e1462e11bb7325bf8fff67b151 (20 events) (1.06s)
[DockerWorker-1] Starting: 7339abb9792510041efc8f3bd88b593066346d40b765159f2d2f36134d986ca7 (183_64bit)
[ANALYSISLOG] 7339abb9792510041efc8f3bd88b593066346d40b765159f2d2f36134d986ca7 -> ../ELF_samples/benign_report/armv8/raw/7339abb9792510041efc8f3bd88b593066346d40b765159f2d2f36134d986ca7_2026-01-31_16-19-49_c6f36075.jsonl
[DOCKER] Selected image for libc=glibc: arm64v8/ubuntu:24.04
[EventRouter] DEBUG: EXEC #34 filename='/bin/true', triggers=['679393146ff803656cba451931638c4f54dd93ecdfdf784da979ccf19e2211e3', '/tmp/679393146ff803656cba451931638c4f54dd93ecdfdf784da979ccf19e2211e3']
[POOL] Collected 6 events for analysis (read from log file)
[POOL] Running analyzers on 6 events for 79a9e9830520df3bc5acbccd2ae9caae0aa9f99a18e2caddba694a1fee47b088
[POOL] Analysis completed: 0 findings in 0.00s (5738 events/s)
[AI-Integration] Submitted task: 0ab288c6
[AI] 0ab288c6 queued for DeepSeek analysis
[CgroupManager] Removed cgroup 98906 via bpftool
[POOL] Cleanup scheduled for bce0db7eac81
[DockerWorker-4] ✓ Completed: 79a9e9830520df3bc5acbccd2ae9caae0aa9f99a18e2caddba694a1fee47b088 (6 events) (1.19s)
[DockerWorker-4] Starting: 368a543195ed7d5b63e0ec5a8198dad2c6a7ba5fa4ac2faa6a84dca6a6207d60 (183_64bit)
[ANALYSISLOG] 368a543195ed7d5b63e0ec5a8198dad2c6a7ba5fa4ac2faa6a84dca6a6207d60 -> ../ELF_samples/benign_report/armv8/raw/368a543195ed7d5b63e0ec5a8198dad2c6a7ba5fa4ac2faa6a84dca6a6207d60_2026-01-31_16-19-50_9243fcab.jsonl
[DOCKER] Selected image for libc=glibc: arm64v8/ubuntu:24.04
[EventRouter] ARM detected at event 121 for cgroup 99078
[EventRouter] Discarded 120 pre-ARM events for cgroup 99078
[DOCKER] Container exit code: 1
[DOCKER][STDOUT] BEGIN
Usage: /tmp/eb7d283a05af3c88fe5cb57c05e27ff540be025acd3eb13ea747015e775d5ed7 [-b block_size] [-i input_file] [-o output_file] [-svwnfBX]
       [-c blocks_at_once] [-d delay_factor_between_reads] [-e max_bad_blocks]
       [-p num_passes] [-t test_pattern [-t test_pattern [...]]]
       device [last_block [first_block]]
[DOCKER][STDOUT] END
[DOCKER] Raw stdout saved: ../ELF_samples/benign_report/armv8/raw/eb7d283a05af3c88fe5cb57c05e27ff540be025acd3eb13ea747015e775d5ed7_2026-01-31_16-19-49_9d53888e_container_stdout.txt
[EventRouter] ARM detected at event 124 for cgroup 99164
[EventRouter] Discarded 123 pre-ARM events for cgroup 99164
[DOCKER] Container exit code: 255
[CgroupManager] Added cgroup 99250 via bpftool
[EventRouter] DEBUG: EXEC #34 filename='/bin/true', triggers=['7339abb9792510041efc8f3bd88b593066346d40b765159f2d2f36134d986ca7', '/tmp/7339abb9792510041efc8f3bd88b593066346d40b765159f2d2f36134d986ca7']
[CgroupManager] Added cgroup 99336 via bpftool
[EventRouter] DEBUG: EXEC #33 filename='/bin/true', triggers=['368a543195ed7d5b63e0ec5a8198dad2c6a7ba5fa4ac2faa6a84dca6a6207d60', '/tmp/368a543195ed7d5b63e0ec5a8198dad2c6a7ba5fa4ac2faa6a84dca6a6207d60']
[POOL] Collected 7 events for analysis (read from log file)
[POOL] Running analyzers on 7 events for eb7d283a05af3c88fe5cb57c05e27ff540be025acd3eb13ea747015e775d5ed7
[POOL] Analysis completed: 0 findings in 0.00s (6783 events/s)
[AI-Integration] Submitted task: 9d53888e
[AI] 9d53888e queued for DeepSeek analysis
[CgroupManager] Removed cgroup 99078 via bpftool
[POOL] Cleanup scheduled for e7287980cf3d
[DockerWorker-3] ✓ Completed: eb7d283a05af3c88fe5cb57c05e27ff540be025acd3eb13ea747015e775d5ed7 (7 events) (1.13s)
[DockerWorker-3] Starting: 4382d7260209e10830c452cfa1a0d9adb6a71d744e5fd3e15a995f64a37aee2d (183_64bit)
[ANALYSISLOG] 4382d7260209e10830c452cfa1a0d9adb6a71d744e5fd3e15a995f64a37aee2d -> ../ELF_samples/benign_report/armv8/raw/4382d7260209e10830c452cfa1a0d9adb6a71d744e5fd3e15a995f64a37aee2d_2026-01-31_16-19-50_4f58915c.jsonl
[DOCKER] Selected image for libc=glibc: arm64v8/ubuntu:24.04
[EventRouter] ARM detected at event 123 for cgroup 99250
[EventRouter] Discarded 122 pre-ARM events for cgroup 99250
[EventRouter] ARM detected at event 121 for cgroup 99336
[EventRouter] Discarded 120 pre-ARM events for cgroup 99336
[DOCKER] Container exit code: 1
[DOCKER][STDOUT] BEGIN
7339abb9792510041efc8f3bd88b593066346d40b765159f2d2f36134d986ca7: failed to execute /usr/bin/vi: No such file or directory
7339abb9792510041efc8f3bd88b593066346d40b765159f2d2f36134d986ca7: /usr/bin/vi: : No error information
7339abb9792510041efc8f3bd88b593066346d40b765159f2d2f36134d986ca7: /etc/passwd unchanged
[DOCKER][STDOUT] END
[DOCKER] Raw stdout saved: ../ELF_samples/benign_report/armv8/raw/7339abb9792510041efc8f3bd88b593066346d40b765159f2d2f36134d986ca7_2026-01-31_16-19-49_c6f36075_container_stdout.txt
[DOCKER] Container exit code: 1
[DOCKER][STDOUT] BEGIN
Created directory: /var/lib/snmp
Created directory: /var/lib/snmp/cert_indexes
Created directory: /var/lib/snmp/mib_indexes
MIB search path: /root/.snmp/mibs:/usr/share/snmp/mibs
Cannot find module (SNMPv2-MIB): At line 0 in (none)
Cannot find module (IF-MIB): At line 0 in (none)
Cannot find module (IP-MIB): At line 0 in (none)
Cannot find module (TCP-MIB): At line 0 in (none)
Cannot find module (UDP-MIB): At line 0 in (none)
Cannot find module (HOST-RESOURCES-MIB): At line 0 in (none)
Cannot find module (HOST-RESOURCES-TYPES): At line 0 in (none)
Cannot find module (SNMP-VIEW-BASED-ACM-MIB): At line 0 in (none)
Cannot find module (SNMP-COMMUNITY-MIB): At line 0 in (none)
Cannot find module (SNMP-FRAMEWORK-MIB): At line 0 in (none)
Cannot find module (SNMP-MPD-MIB): At line 0 in (none)
Cannot find module (SNMP-USER-BASED-SM-MIB): At line 0 in (none)
No hostname specified.
USAGE: snmptrap [OPTIONS] AGENT TRAP-PARAMETERS

  Version:  5.8
  Web:      http://www.net-snmp.org/
  Email:    net-snmp-coders@lists.sourceforge.net

OPTIONS:
  -h, --help		display this help message
  -H			display configuration file directives understood
  -v 1|2c|3		specifies SNMP version to use
  -V, --version		display package version number
SNMP Version 1 or 2c specific
  -c COMMUNITY		set the community string
SNMP Version 3 specific
  -a PROTOCOL		set authentication protocol (MD5|SHA|SHA-224|SHA-256|SHA-384|SHA-512)
  -A PASSPHRASE		set authentication protocol pass phrase
  -e ENGINE-ID		set security engine ID (e.g. 800000020109840301)
  -E ENGINE-ID		set context engine ID (e.g. 800000020109840301)
  -l LEVEL		set security level (noAuthNoPriv|authNoPriv|authPriv)
  -n CONTEXT		set context name (e.g. bridge1)
  -u USER-NAME		set security name (e.g. bert)
  -x PROTOCOL		set privacy protocol (DES|AES)
  -X PASSPHRASE		set privacy protocol pass phrase
  -Z BOOTS,TIME		set destination engine boots/time
General communication options
  -r RETRIES		set the number of retries
  -t TIMEOUT		set the request timeout (in seconds)
Debugging
  -d			dump input/output packets in hexadecimal
  -D[TOKEN[,...]]	turn on debugging output for the specified TOKENs
			   (ALL gives extremely verbose debugging output)
General options
  -m MIB[:...]		load given list of MIBs (ALL loads everything)
  -M DIR[:...]		look in given list of directories for MIBs
    (default: /root/.snmp/mibs:/usr/share/snmp/mibs)
  -P MIBOPTS		Toggle various defaults controlling MIB parsing:
			  u:  allow the use of underlines in MIB symbols
			  c:  disallow the use of "--" to terminate comments
			  d:  save the DESCRIPTIONs of the MIB objects
			  e:  disable errors when MIB symbols conflict
			  w:  enable warnings when MIB symbols conflict
			  W:  enable detailed warnings when MIB symbols conflict
			  R:  replace MIB symbols from latest module
  -O OUTOPTS		Toggle various defaults controlling output display:
			  0:  print leading 0 for single-digit hex characters
			  a:  print all strings in ascii format
			  b:  do not break OID indexes down
			  e:  print enums numerically
			  E:  escape quotes in string indices
			  f:  print full OIDs on output
			  n:  print OIDs numerically
			  p PRECISION:  display floating point values with specified PRECISION (printf format string)
			  q:  quick print for easier parsing
			  Q:  quick print with equal-signs
			  s:  print only last symbolic element of OID
			  S:  print MIB module-id plus last element
			  t:  print timeticks unparsed as numeric integers
			  T:  print human-readable text along with hex strings
			  u:  print OIDs using UCD-style prefix suppression
			  U:  don't print units
			  v:  print values only (not OID = value)
			  x:  print all strings in hex format
			  X:  extended index format
  -I INOPTS		Toggle various defaults controlling input parsing:
			  b:  do best/regex matching to find a MIB node
			  h:  don't apply DISPLAY-HINTs
			  r:  do not check values for range/type legality
			  R:  do random access to OID labels
			  u:  top-level OIDs must have '.' prefix (UCD-style)
			  s SUFFIX:  Append all textual OIDs with SUFFIX before parsing
			  S PREFIX:  Prepend all textual OIDs with PREFIX before parsing
  -L LOGOPTS		Toggle various defaults controlling logging:
			  e:           log to standard error
			  o:           log to standard output
			  n:           don't log at all
			  f file:      log to the specified file
			  s facility:  log to syslog (via the specified facility)

			  (variants)
			  [EON] pri:   log to standard error, output or /dev/null for level 'pri' and above
			  [EON] p1-p2: log to standard error, output or /dev/null for levels 'p1' to 'p2'
			  [FS] pri token:    log to file/syslog for level 'pri' and above
			  [FS] p1-p2 token:  log to file/syslog for levels 'p1' to 'p2'
  -C APPOPTS		Set various application specific behaviour:
			  i:  send an INFORM instead of a TRAP

  -v 1 TRAP-PARAMETERS:
	 enterprise-oid agent trap-type specific-type uptime [OID TYPE VALUE]...
  or
  -v 2 TRAP-PARAMETERS:
	 uptime trapoid [OID TYPE VALUE] ...
[DOCKER][STDOUT] END
[DOCKER] Raw stdout saved: ../ELF_samples/benign_report/armv8/raw/368a543195ed7d5b63e0ec5a8198dad2c6a7ba5fa4ac2faa6a84dca6a6207d60_2026-01-31_16-19-50_9243fcab_container_stdout.txt
[POOL] Collected 7 events for analysis (read from log file)
[POOL] Running analyzers on 7 events for 679393146ff803656cba451931638c4f54dd93ecdfdf784da979ccf19e2211e3
[POOL] Analysis completed: 0 findings in 0.00s (6713 events/s)
[AI-Integration] Submitted task: 83be1864
[AI] 83be1864 queued for DeepSeek analysis
[CgroupManager] Removed cgroup 99164 via bpftool
[POOL] Cleanup scheduled for 8b6ffe6583ad
[DockerWorker-5] ✗ Failed: 679393146ff803656cba451931638c4f54dd93ecdfdf784da979ccf19e2211e3 - Crashed: Signal 127 (Exit code 255) (1.10s)
[DockerWorker-5] Starting: 33ee042e57627d49ddeae7b02984043cdacc0237c019063e12827ece8e17663f (183_64bit)
[ANALYSISLOG] 33ee042e57627d49ddeae7b02984043cdacc0237c019063e12827ece8e17663f -> ../ELF_samples/benign_report/armv8/raw/33ee042e57627d49ddeae7b02984043cdacc0237c019063e12827ece8e17663f_2026-01-31_16-19-50_593dd80e.jsonl
[DOCKER] Selected image for libc=glibc: arm64v8/ubuntu:24.04
[CgroupManager] Added cgroup 99422 via bpftool
[EventRouter] DEBUG: EXEC #34 filename='/bin/true', triggers=['4382d7260209e10830c452cfa1a0d9adb6a71d744e5fd3e15a995f64a37aee2d', '/tmp/4382d7260209e10830c452cfa1a0d9adb6a71d744e5fd3e15a995f64a37aee2d']
[CgroupManager] Added cgroup 99508 via bpftool
[EventRouter] DEBUG: EXEC #33 filename='/bin/true', triggers=['33ee042e57627d49ddeae7b02984043cdacc0237c019063e12827ece8e17663f', '/tmp/33ee042e57627d49ddeae7b02984043cdacc0237c019063e12827ece8e17663f']
[POOL] Collected 15 events for analysis (read from log file)
[POOL] Running analyzers on 15 events for 7339abb9792510041efc8f3bd88b593066346d40b765159f2d2f36134d986ca7
[POOL] Analysis completed: 0 findings in 0.00s (13062 events/s)
[AI-Integration] Submitted task: c6f36075
[AI] c6f36075 queued for DeepSeek analysis
[CgroupManager] Removed cgroup 99250 via bpftool
[POOL] Cleanup scheduled for 248d50155f40
[DockerWorker-1] ✓ Completed: 7339abb9792510041efc8f3bd88b593066346d40b765159f2d2f36134d986ca7 (15 events) (1.18s)
[DockerWorker-1] Starting: 141634e5a00e6e75947e2870220d93b4f1d1df3045b6c27710156d3b45cc580d (183_64bit)
[ANALYSISLOG] 141634e5a00e6e75947e2870220d93b4f1d1df3045b6c27710156d3b45cc580d -> ../ELF_samples/benign_report/armv8/raw/141634e5a00e6e75947e2870220d93b4f1d1df3045b6c27710156d3b45cc580d_2026-01-31_16-19-51_a055afd1.jsonl
[DOCKER] Selected image for libc=glibc: arm64v8/ubuntu:24.04
[EventRouter] ARM detected at event 122 for cgroup 99422
[EventRouter] Discarded 121 pre-ARM events for cgroup 99422
[POOL] Collected 9 events for analysis (read from log file)
[POOL] Running analyzers on 9 events for 368a543195ed7d5b63e0ec5a8198dad2c6a7ba5fa4ac2faa6a84dca6a6207d60
[POOL] Analysis completed: 0 findings in 0.00s (8671 events/s)
[AI-Integration] Submitted task: 9243fcab
[AI] 9243fcab queued for DeepSeek analysis
[DOCKER] Container exit code: 0
[CgroupManager] Removed cgroup 99336 via bpftool
[POOL] Cleanup scheduled for 2f4574c98101
[DockerWorker-4] ✓ Completed: 368a543195ed7d5b63e0ec5a8198dad2c6a7ba5fa4ac2faa6a84dca6a6207d60 (9 events) (1.20s)
[DockerWorker-4] Starting: e0ff49891ff8b68071102f9740e2c2e45281f8066c5e4013724749ba5ea3ef23 (183_64bit)
[ANALYSISLOG] e0ff49891ff8b68071102f9740e2c2e45281f8066c5e4013724749ba5ea3ef23 -> ../ELF_samples/benign_report/armv8/raw/e0ff49891ff8b68071102f9740e2c2e45281f8066c5e4013724749ba5ea3ef23_2026-01-31_16-19-51_5455f3b3.jsonl
[DOCKER] Selected image for libc=glibc: arm64v8/ubuntu:24.04
[EventRouter] ARM detected at event 120 for cgroup 99508
[EventRouter] Discarded 119 pre-ARM events for cgroup 99508
[DOCKER] Container exit code: 100
[DOCKER][STDOUT] BEGIN
s6-dnsip4: usage: s6-dnsip4 [ -q ] [ -r ] [ -t timeout ] domain
[DOCKER][STDOUT] END
[DOCKER] Raw stdout saved: ../ELF_samples/benign_report/armv8/raw/33ee042e57627d49ddeae7b02984043cdacc0237c019063e12827ece8e17663f_2026-01-31_16-19-50_593dd80e_container_stdout.txt
[CgroupManager] Added cgroup 99594 via bpftool
[EventRouter] DEBUG: EXEC #34 filename='/bin/true', triggers=['141634e5a00e6e75947e2870220d93b4f1d1df3045b6c27710156d3b45cc580d', '/tmp/141634e5a00e6e75947e2870220d93b4f1d1df3045b6c27710156d3b45cc580d']
[CgroupManager] Added cgroup 99680 via bpftool
[EventRouter] DEBUG: EXEC #35 filename='/bin/true', triggers=['e0ff49891ff8b68071102f9740e2c2e45281f8066c5e4013724749ba5ea3ef23', '/tmp/e0ff49891ff8b68071102f9740e2c2e45281f8066c5e4013724749ba5ea3ef23']
[EventRouter] ARM detected at event 124 for cgroup 99594
[EventRouter] Discarded 123 pre-ARM events for cgroup 99594
[DOCKER] Container exit code: 0
[POOL] Collected 9 events for analysis (read from log file)
[POOL] Running analyzers on 9 events for 4382d7260209e10830c452cfa1a0d9adb6a71d744e5fd3e15a995f64a37aee2d
[POOL] Analysis completed: 0 findings in 0.00s (8705 events/s)
[AI-Integration] Submitted task: 4f58915c
[AI] 4f58915c queued for DeepSeek analysis
[CgroupManager] Removed cgroup 99422 via bpftool
[POOL] Cleanup scheduled for ee3ffdaf228b
[DockerWorker-3] ✓ Completed: 4382d7260209e10830c452cfa1a0d9adb6a71d744e5fd3e15a995f64a37aee2d (9 events) (1.15s)
[DockerWorker-3] Starting: 96d71d8da012eb110242718b01b96c4e24c334fef6cf4cae762296f40beace44 (183_64bit)
[ANALYSISLOG] 96d71d8da012eb110242718b01b96c4e24c334fef6cf4cae762296f40beace44 -> ../ELF_samples/benign_report/armv8/raw/96d71d8da012eb110242718b01b96c4e24c334fef6cf4cae762296f40beace44_2026-01-31_16-19-51_2f5dd21a.jsonl
[DOCKER] Selected image for libc=glibc: arm64v8/ubuntu:24.04
[EventRouter] ARM detected at event 122 for cgroup 99680
[EventRouter] Discarded 121 pre-ARM events for cgroup 99680
[POOL] Collected 6 events for analysis (read from log file)
[POOL] Running analyzers on 6 events for 33ee042e57627d49ddeae7b02984043cdacc0237c019063e12827ece8e17663f
[POOL] Analysis completed: 0 findings in 0.00s (5715 events/s)
[AI-Integration] Submitted task: 593dd80e
[AI] 593dd80e queued for DeepSeek analysis
[CgroupManager] Removed cgroup 99508 via bpftool
[POOL] Cleanup scheduled for 046d0688e0e9
[DockerWorker-5] ✓ Completed: 33ee042e57627d49ddeae7b02984043cdacc0237c019063e12827ece8e17663f (6 events) (1.08s)
[DockerWorker-5] Starting: 8e1f278ed9b3deb55529102dbb60284d9671d5e352fe136ced65c7cd4ac761af (183_64bit)
[ANALYSISLOG] 8e1f278ed9b3deb55529102dbb60284d9671d5e352fe136ced65c7cd4ac761af -> ../ELF_samples/benign_report/armv8/raw/8e1f278ed9b3deb55529102dbb60284d9671d5e352fe136ced65c7cd4ac761af_2026-01-31_16-19-51_2c9c264c.jsonl
[DOCKER] Selected image for libc=glibc: arm64v8/ubuntu:24.04
[DOCKER] Container exit code: 143
[DOCKER][STDOUT] BEGIN
e0ff49891ff8b68071102f9740e2c2e45281f8066c5e4013724749ba5ea3ef23: no supported wireless interfaces found! Check manpage for help.
[DOCKER][STDOUT] END
[DOCKER] Raw stdout saved: ../ELF_samples/benign_report/armv8/raw/e0ff49891ff8b68071102f9740e2c2e45281f8066c5e4013724749ba5ea3ef23_2026-01-31_16-19-51_5455f3b3_container_stdout.txt
[CgroupManager] Added cgroup 99766 via bpftool
[EventRouter] DEBUG: EXEC #33 filename='/bin/true', triggers=['96d71d8da012eb110242718b01b96c4e24c334fef6cf4cae762296f40beace44', '/tmp/96d71d8da012eb110242718b01b96c4e24c334fef6cf4cae762296f40beace44']
[CgroupManager] Added cgroup 99852 via bpftool
[EventRouter] DEBUG: EXEC #34 filename='/bin/true', triggers=['8e1f278ed9b3deb55529102dbb60284d9671d5e352fe136ced65c7cd4ac761af', '/tmp/8e1f278ed9b3deb55529102dbb60284d9671d5e352fe136ced65c7cd4ac761af']
[POOL] Collected 5 events for analysis (read from log file)
[POOL] Running analyzers on 5 events for 141634e5a00e6e75947e2870220d93b4f1d1df3045b6c27710156d3b45cc580d
[POOL] Analysis completed: 0 findings in 0.00s (4824 events/s)
[AI-Integration] Submitted task: a055afd1
[AI] a055afd1 queued for DeepSeek analysis
[CgroupManager] Removed cgroup 99594 via bpftool
[POOL] Cleanup scheduled for 690f5b721d53
[DockerWorker-1] ✓ Completed: 141634e5a00e6e75947e2870220d93b4f1d1df3045b6c27710156d3b45cc580d (5 events) (1.10s)
[DockerWorker-1] Starting: 05c5577fa10ca94c88615b7df527583c3a721820035efc1d004c815aa00f845d (183_64bit)
[ANALYSISLOG] 05c5577fa10ca94c88615b7df527583c3a721820035efc1d004c815aa00f845d -> ../ELF_samples/benign_report/armv8/raw/05c5577fa10ca94c88615b7df527583c3a721820035efc1d004c815aa00f845d_2026-01-31_16-19-52_a68d82cb.jsonl
[DOCKER] Selected image for libc=glibc: arm64v8/ubuntu:24.04
[EventRouter] ARM detected at event 122 for cgroup 99766
[EventRouter] Discarded 121 pre-ARM events for cgroup 99766
[POOL] Collected 12 events for analysis (read from log file)
[POOL] Running analyzers on 12 events for e0ff49891ff8b68071102f9740e2c2e45281f8066c5e4013724749ba5ea3ef23
[POOL] Analysis completed: 0 findings in 0.00s (11389 events/s)
[AI-Integration] Submitted task: 5455f3b3
[AI] 5455f3b3 queued for DeepSeek analysis
[EventRouter] ARM detected at event 121 for cgroup 99852
[EventRouter] Discarded 120 pre-ARM events for cgroup 99852
[DOCKER] Container exit code: 1
[DOCKER][STDOUT] BEGIN

PTPDv2 2.3.1

usage: ptpd2 <options> < --section:key=value...>

WARNING: Any command-line options take priority over options from config file!

Basic options: 

-c --config-file [path] 	Configuration file
-k --check-config		Check configuration and exit
-v --version			Print version string
-h --help			Show this help screen
-H --long-help			Show detailed help for all settings and behaviours
-e --explain [section:key]	Show help for a single setting
-O --default-config		Output default configuration (usable as config file)
-L --ignore-lock		Skip lock file checks and locking
-A --auto-lock			Use preset / port mode specific lock files
-l --lockfile [path]		Specify path to lock file
-p --print-lockfile		Print path to lock file and exit (useful for init scripts)
-R --lock-directory [path]	Directory to store lock files
-f --log-file [path]		global:log_file=[path]		Log file
-S --statistics-file [path]	global:statistics_file=[path]	Statistics file

Basic PTP protocol and daemon configuration options: 

Command-line option		Config key(s)			Description
------------------------------------------------------------------------------------
-i --interface [dev]		ptpengine:interface=<dev>	Interface to use (required)
-d --domain [n] 		ptpengine:domain=<n>		PTP domain number
-s --slaveonly	 	 	ptpengine:preset=slaveonly	Slave only mode
-m --masterslave 		ptpengine:preset=masterslave	Master, slave when not best GM
-M --masteronly 		ptpengine:preset=masteronly	Master, passive when not best GM
-y --hybrid			ptpengine:ip_mode=hybrid	Hybrid mode (multicast for sync
								and announce, unicast for delay
								request and response)
-U --unicast			ptpengine:ip_mode=unicast	Unicast mode
-g --unicast-negotiation	ptpengine:unicast_negotiation=y Enable unicast negotiation (signaling)
-u --unicast-destinations 	ptpengine:ip_mode=unicast	Unicast destination list
     [ip/host, ...]		ptpengine:unicast_destinations=<ip/host, ...>

-E --e2e			ptpengine:delay_mechanism=E2E	End to end delay detection
-P --p2p			ptpengine:delay_mechanism=P2P	Peer to peer delay detection

-a --delay-override 		ptpengine:log_delayreq_override Override delay request interval
                                                               announced by master
-r --delay-interval [n] 	ptpengine:log_delayreq_interval=<n>	Delay request interval
									(log 2)

-n --noadjust			clock:no_adjust			Do not adjust the clock
-D<DD...> --debug		global:debug_level=<level>	Debug level
-C --foreground			global:foreground=<Y/N>		Don't run in background
-V --verbose			global:verbose_foreground=<Y/N>	Run in foreground, log all
								messages to standard output

------------------------------------------------------------------------------------

ptpd2 accepts a configuration file (.ini style) where settings are either
grouped into sections:

[section]
; comment
key = value

or are specified as:

section:key = value

All settings can also be supplied as command-line parameters (after other options):

--section:key=<value> --section:key <value> -section:key=<value> -section:key <value>

To see the full help for all configurable options, run: ptpd2 with -H or --long-help
To see help for a single setting only, run: ptpd2 with -e (--explain) [section:key]
To see all default settings with descriptions, run: ptpd2 with -O (--default-config)

------------------------------------------------------------------------------------

PTPDv2 compatibility options for migration from versions below 2.3.0:

-b [dev]			Network interface to use
-i [n]				PTP domain number
-G				'Master mode with NTP' (ptpengine:preset=masteronly)
-W				'Master mode without NTP' (ptpengine:preset=masterslave) 
-Y [n]				Delay request interval (log 2)
-t 				Do not adjust the clock

Note 1: the above parameters are deprecated and their use will issue a warning.
Note 2: -U and -g options have been re-purposed in 2.3.1
.
PTPDv2 startup failed
[DOCKER][STDOUT] END
[DOCKER] Raw stdout saved: ../ELF_samples/benign_report/armv8/raw/8e1f278ed9b3deb55529102dbb60284d9671d5e352fe136ced65c7cd4ac761af_2026-01-31_16-19-51_2c9c264c_container_stdout.txt
[CgroupManager] Removed cgroup 99680 via bpftool
[POOL] Cleanup scheduled for 85be46ae9efc
[DockerWorker-4] ✗ Failed: e0ff49891ff8b68071102f9740e2c2e45281f8066c5e4013724749ba5ea3ef23 - Crashed: Signal 15 (Exit code 143) (1.13s)
[DockerWorker-4] Starting: dc479764a0437f11626a4e4e1d88de833582388c3256bb1bec24356d99efbc1d (183_64bit)
[ANALYSISLOG] dc479764a0437f11626a4e4e1d88de833582388c3256bb1bec24356d99efbc1d -> ../ELF_samples/benign_report/armv8/raw/dc479764a0437f11626a4e4e1d88de833582388c3256bb1bec24356d99efbc1d_2026-01-31_16-19-52_ab8d62c4.jsonl
[DOCKER] Selected image for libc=glibc: arm64v8/ubuntu:24.04
[CgroupManager] Added cgroup 99938 via bpftool
[EventRouter] DEBUG: EXEC #33 filename='/bin/true', triggers=['05c5577fa10ca94c88615b7df527583c3a721820035efc1d004c815aa00f845d', '/tmp/05c5577fa10ca94c88615b7df527583c3a721820035efc1d004c815aa00f845d']
[CgroupManager] Added cgroup 100024 via bpftool
[EventRouter] DEBUG: EXEC #34 filename='/bin/true', triggers=['dc479764a0437f11626a4e4e1d88de833582388c3256bb1bec24356d99efbc1d', '/tmp/dc479764a0437f11626a4e4e1d88de833582388c3256bb1bec24356d99efbc1d']
[EventRouter] ARM detected at event 120 for cgroup 99938
[EventRouter] Discarded 119 pre-ARM events for cgroup 99938
[DOCKER] Container exit code: 1
[DOCKER][STDOUT] BEGIN
05c5577fa10ca94c88615b7df527583c3a721820035efc1d004c815aa00f845d: eth1: No such device
[DOCKER][STDOUT] END
[DOCKER] Raw stdout saved: ../ELF_samples/benign_report/armv8/raw/05c5577fa10ca94c88615b7df527583c3a721820035efc1d004c815aa00f845d_2026-01-31_16-19-52_a68d82cb_container_stdout.txt
[POOL] Collected 10 events for analysis (read from log file)
[POOL] Running analyzers on 10 events for 8e1f278ed9b3deb55529102dbb60284d9671d5e352fe136ced65c7cd4ac761af
[POOL] Analysis completed: 0 findings in 0.00s (9384 events/s)
[AI-Integration] Submitted task: 2c9c264c
[AI] 2c9c264c queued for DeepSeek analysis
[EventRouter] ARM detected at event 121 for cgroup 100024
[EventRouter] Discarded 120 pre-ARM events for cgroup 100024
[CgroupManager] Removed cgroup 99852 via bpftool
[POOL] Cleanup scheduled for 741811f79f4b
[DockerWorker-5] ✓ Completed: 8e1f278ed9b3deb55529102dbb60284d9671d5e352fe136ced65c7cd4ac761af (10 events) (1.06s)
[DockerWorker-5] Starting: 377f781712737b6e11c8cf554a766b5b91679cb41d2a5eb4a80def5ccf28ba87 (183_64bit)
[ANALYSISLOG] 377f781712737b6e11c8cf554a766b5b91679cb41d2a5eb4a80def5ccf28ba87 -> ../ELF_samples/benign_report/armv8/raw/377f781712737b6e11c8cf554a766b5b91679cb41d2a5eb4a80def5ccf28ba87_2026-01-31_16-19-52_d08d6370.jsonl
[DOCKER] Selected image for libc=glibc: arm64v8/ubuntu:24.04
[DOCKER] Container exit code: 1
[DOCKER][STDOUT] BEGIN
Created directory: /var/lib/snmp
Created directory: /var/lib/snmp/cert_indexes
Created directory: /var/lib/snmp/mib_indexes
MIB search path: /root/.snmp/mibs:/usr/share/snmp/mibs
Cannot find module (SNMPv2-MIB): At line 0 in (none)
Cannot find module (IF-MIB): At line 0 in (none)
Cannot find module (IP-MIB): At line 0 in (none)
Cannot find module (TCP-MIB): At line 0 in (none)
Cannot find module (UDP-MIB): At line 0 in (none)
Cannot find module (HOST-RESOURCES-MIB): At line 0 in (none)
Cannot find module (HOST-RESOURCES-TYPES): At line 0 in (none)
Cannot find module (SNMP-VIEW-BASED-ACM-MIB): At line 0 in (none)
Cannot find module (SNMP-COMMUNITY-MIB): At line 0 in (none)
Cannot find module (SNMP-FRAMEWORK-MIB): At line 0 in (none)
Cannot find module (SNMP-MPD-MIB): At line 0 in (none)
Cannot find module (SNMP-USER-BASED-SM-MIB): At line 0 in (none)
No hostname specified.
Usage: snmpusm [OPTIONS] AGENT COMMAND

  Version:  5.8
  Web:      http://www.net-snmp.org/
  Email:    net-snmp-coders@lists.sourceforge.net

OPTIONS:
  -h, --help		display this help message
  -H			display configuration file directives understood
  -v 1|2c|3		specifies SNMP version to use
  -V, --version		display package version number
SNMP Version 1 or 2c specific
  -c COMMUNITY		set the community string
SNMP Version 3 specific
  -a PROTOCOL		set authentication protocol (MD5|SHA|SHA-224|SHA-256|SHA-384|SHA-512)
  -A PASSPHRASE		set authentication protocol pass phrase
  -e ENGINE-ID		set security engine ID (e.g. 800000020109840301)
  -E ENGINE-ID		set context engine ID (e.g. 800000020109840301)
  -l LEVEL		set security level (noAuthNoPriv|authNoPriv|authPriv)
  -n CONTEXT		set context name (e.g. bridge1)
  -u USER-NAME		set security name (e.g. bert)
  -x PROTOCOL		set privacy protocol (DES|AES)
  -X PASSPHRASE		set privacy protocol pass phrase
  -Z BOOTS,TIME		set destination engine boots/time
General communication options
  -r RETRIES		set the number of retries
  -t TIMEOUT		set the request timeout (in seconds)
Debugging
  -d			dump input/output packets in hexadecimal
  -D[TOKEN[,...]]	turn on debugging output for the specified TOKENs
			   (ALL gives extremely verbose debugging output)
General options
  -m MIB[:...]		load given list of MIBs (ALL loads everything)
  -M DIR[:...]		look in given list of directories for MIBs
    (default: /root/.snmp/mibs:/usr/share/snmp/mibs)
  -P MIBOPTS		Toggle various defaults controlling MIB parsing:
			  u:  allow the use of underlines in MIB symbols
			  c:  disallow the use of "--" to terminate comments
			  d:  save the DESCRIPTIONs of the MIB objects
			  e:  disable errors when MIB symbols conflict
			  w:  enable warnings when MIB symbols conflict
			  W:  enable detailed warnings when MIB symbols conflict
			  R:  replace MIB symbols from latest module
  -O OUTOPTS		Toggle various defaults controlling output display:
			  0:  print leading 0 for single-digit hex characters
			  a:  print all strings in ascii format
			  b:  do not break OID indexes down
			  e:  print enums numerically
			  E:  escape quotes in string indices
			  f:  print full OIDs on output
			  n:  print OIDs numerically
			  p PRECISION:  display floating point values with specified PRECISION (printf format string)
			  q:  quick print for easier parsing
			  Q:  quick print with equal-signs
			  s:  print only last symbolic element of OID
			  S:  print MIB module-id plus last element
			  t:  print timeticks unparsed as numeric integers
			  T:  print human-readable text along with hex strings
			  u:  print OIDs using UCD-style prefix suppression
			  U:  don't print units
			  v:  print values only (not OID = value)
			  x:  print all strings in hex format
			  X:  extended index format
  -I INOPTS		Toggle various defaults controlling input parsing:
			  b:  do best/regex matching to find a MIB node
			  h:  don't apply DISPLAY-HINTs
			  r:  do not check values for range/type legality
			  R:  do random access to OID labels
			  u:  top-level OIDs must have '.' prefix (UCD-style)
			  s SUFFIX:  Append all textual OIDs with SUFFIX before parsing
			  S PREFIX:  Prepend all textual OIDs with PREFIX before parsing
  -L LOGOPTS		Toggle various defaults controlling logging:
			  e:           log to standard error
			  o:           log to standard output
			  n:           don't log at all
			  f file:      log to the specified file
			  s facility:  log to syslog (via the specified facility)

			  (variants)
			  [EON] pri:   log to standard error, output or /dev/null for level 'pri' and above
			  [EON] p1-p2: log to standard error, output or /dev/null for levels 'p1' to 'p2'
			  [FS] pri token:    log to file/syslog for level 'pri' and above
			  [FS] p1-p2 token:  log to file/syslog for levels 'p1' to 'p2'

snmpusm commands:
  [options]               create     USER [CLONEFROM-USER]
  [options]               delete     USER
  [options]               activate   USER
  [options]               deactivate USER
  [options] [-Cw]         cloneFrom  USER CLONEFROM-USER
  [options] [-Ca] [-Cx]   changekey  [USER]
  [options] [-Ca] [-Cx]   passwd     OLD-PASSPHRASE NEW-PASSPHRASE [USER]
  [options] (-Ca|-Cx) -Ck passwd     OLD-KEY-OR-PASS NEW-KEY-OR-PASS [USER]

snmpusm options:
	-CE ENGINE-ID	Set usmUserEngineID (e.g. 800000020109840301).
	-Cp STRING	Set usmUserPublic value to STRING.
	-Cw		Create the user with createAndWait.
			(it won't be active until you active it)
	-Cx		Change the privacy key.
	-Ca		Change the authentication key.
	-Ck		Allows one to use localized key (must start with 0x)
			instead of passphrase.
[DOCKER][STDOUT] END
[DOCKER] Raw stdout saved: ../ELF_samples/benign_report/armv8/raw/dc479764a0437f11626a4e4e1d88de833582388c3256bb1bec24356d99efbc1d_2026-01-31_16-19-52_ab8d62c4_container_stdout.txt
[POOL] Execution timed out for 90f9f03dffcf5f234b10feb7513c86db6bcd7ff8f0f0fd2d31f9e64de3195001 after 15s
[POOL] Killing container 2090f298aa2b...
[CgroupManager] Added cgroup 100110 via bpftool
[POOL] Container killed successfully
[DOCKER] Container exit code: -1
[POOL] Execution timed out - stopping BPF monitoring for cgroup 96154
[EventRouter] DEBUG: EXEC #35 filename='/bin/true', triggers=['377f781712737b6e11c8cf554a766b5b91679cb41d2a5eb4a80def5ccf28ba87', '/tmp/377f781712737b6e11c8cf554a766b5b91679cb41d2a5eb4a80def5ccf28ba87']
[CgroupManager] Removed cgroup 96154 via bpftool
[POOL] Collected 9 events for analysis (read from log file)
[POOL] Running analyzers on 9 events for 05c5577fa10ca94c88615b7df527583c3a721820035efc1d004c815aa00f845d
[POOL] Analysis completed: 0 findings in 0.00s (8633 events/s)
[AI-Integration] Submitted task: a68d82cb
[AI] a68d82cb queued for DeepSeek analysis
[CgroupManager] Removed cgroup 99938 via bpftool
[POOL] Cleanup scheduled for 59611aa86433
[DockerWorker-1] ✓ Completed: 05c5577fa10ca94c88615b7df527583c3a721820035efc1d004c815aa00f845d (9 events) (1.09s)
[DockerWorker-1] Starting: b6a4433d8a84a01365dfc7b0ea4bea7cea4a2ffb3e461b9003638a4d8d0b614a (183_64bit)
[ANALYSISLOG] b6a4433d8a84a01365dfc7b0ea4bea7cea4a2ffb3e461b9003638a4d8d0b614a -> ../ELF_samples/benign_report/armv8/raw/b6a4433d8a84a01365dfc7b0ea4bea7cea4a2ffb3e461b9003638a4d8d0b614a_2026-01-31_16-19-53_d846861c.jsonl
[DOCKER] Selected image for libc=glibc: arm64v8/ubuntu:24.04
[POOL] Collected 9 events for analysis (read from log file)
[POOL] Running analyzers on 9 events for dc479764a0437f11626a4e4e1d88de833582388c3256bb1bec24356d99efbc1d
[POOL] Analysis completed: 0 findings in 0.00s (8667 events/s)
[AI-Integration] Submitted task: ab8d62c4
[AI] ab8d62c4 queued for DeepSeek analysis
[EventRouter] ARM detected at event 123 for cgroup 100110
[EventRouter] Discarded 122 pre-ARM events for cgroup 100110
[CgroupManager] Removed cgroup 100024 via bpftool
[POOL] Cleanup scheduled for 993f3a829080
[DockerWorker-4] ✓ Completed: dc479764a0437f11626a4e4e1d88de833582388c3256bb1bec24356d99efbc1d (9 events) (1.12s)
[DockerWorker-4] Starting: 106f8e952f9e503d60f50de640b771001d8e26decc892df24434e612e29ab6e8 (183_64bit)
[ANALYSISLOG] 106f8e952f9e503d60f50de640b771001d8e26decc892df24434e612e29ab6e8 -> ../ELF_samples/benign_report/armv8/raw/106f8e952f9e503d60f50de640b771001d8e26decc892df24434e612e29ab6e8_2026-01-31_16-19-53_28b41ef1.jsonl
[DOCKER] Selected image for libc=glibc: arm64v8/ubuntu:24.04
[DOCKER] Container exit code: 1
[DOCKER][STDOUT] BEGIN
377f781712737b6e11c8cf554a766b5b91679cb41d2a5eb4a80def5ccf28ba87: no disk device specified
[DOCKER][STDOUT] END
[DOCKER] Raw stdout saved: ../ELF_samples/benign_report/armv8/raw/377f781712737b6e11c8cf554a766b5b91679cb41d2a5eb4a80def5ccf28ba87_2026-01-31_16-19-52_d08d6370_container_stdout.txt
[CgroupManager] Added cgroup 100196 via bpftool
[EventRouter] DEBUG: EXEC #34 filename='/bin/true', triggers=['b6a4433d8a84a01365dfc7b0ea4bea7cea4a2ffb3e461b9003638a4d8d0b614a', '/tmp/b6a4433d8a84a01365dfc7b0ea4bea7cea4a2ffb3e461b9003638a4d8d0b614a']
[POOL] Collected 43 events for analysis (read from log file)
[POOL] Running analyzers on 43 events for 90f9f03dffcf5f234b10feb7513c86db6bcd7ff8f0f0fd2d31f9e64de3195001
[POOL] Analysis completed: 0 findings in 0.00s (40147 events/s)
[AI-Integration] Submitted task: cd8249c5
[AI] cd8249c5 queued for DeepSeek analysis
[CgroupManager] bpftool delete failed: Command '['sudo', '/usr/sbin/bpftool', 'map', 'delete', 'id', '842', 'key', 'hex', '9a', '77', '01', '00', '00', '00', '00', '00']' returned non-zero exit status 254.
[POOL] Cleanup scheduled for 2090f298aa2b
[DockerWorker-0] ✓ Completed: 90f9f03dffcf5f234b10feb7513c86db6bcd7ff8f0f0fd2d31f9e64de3195001 (43 events) (16.09s)
[DockerWorker-0] Starting: 7099a9c4b9aea6ac9a4495811cdd2a7473bbd8cd47ae84317c1bf9b61b019b06 (183_64bit)
[ANALYSISLOG] 7099a9c4b9aea6ac9a4495811cdd2a7473bbd8cd47ae84317c1bf9b61b019b06 -> ../ELF_samples/benign_report/armv8/raw/7099a9c4b9aea6ac9a4495811cdd2a7473bbd8cd47ae84317c1bf9b61b019b06_2026-01-31_16-19-53_b3b063fb.jsonl
[DOCKER] Selected image for libc=glibc: arm64v8/ubuntu:24.04
[POOL] Failed to kill container 2090f298aa2b: 409 Client Error for http+docker://localhost/v1.50/containers/2090f298aa2b8e37df610bd84dd2382ea314d8bd22ce6d554e00d916b0265f9a/kill: Conflict ("cannot kill container: 2090f298aa2b8e37df610bd84dd2382ea314d8bd22ce6d554e00d916b0265f9a: container 2090f298aa2b8e37df610bd84dd2382ea314d8bd22ce6d554e00d916b0265f9a is not running")
[CgroupManager] Added cgroup 100282 via bpftool
[EventRouter] DEBUG: EXEC #33 filename='/bin/true', triggers=['106f8e952f9e503d60f50de640b771001d8e26decc892df24434e612e29ab6e8', '/tmp/106f8e952f9e503d60f50de640b771001d8e26decc892df24434e612e29ab6e8']
[AI-Integration] Job f88896aa analyzed via deepseek
[AI-Integration] Job 08f39887 analyzed via deepseek
[EventRouter] ARM detected at event 141 for cgroup 100196
[EventRouter] Discarded 140 pre-ARM events for cgroup 100196
[DOCKER] Container exit code: 1
[DOCKER][STDOUT] BEGIN
Usage: gio-querymodules <directory1> [<directory2> ...]
Will update giomodule.cache in the listed directories
[DOCKER][STDOUT] END
[DOCKER] Raw stdout saved: ../ELF_samples/benign_report/armv8/raw/b6a4433d8a84a01365dfc7b0ea4bea7cea4a2ffb3e461b9003638a4d8d0b614a_2026-01-31_16-19-53_d846861c_container_stdout.txt
[POOL] Collected 6 events for analysis (read from log file)
[POOL] Running analyzers on 6 events for 377f781712737b6e11c8cf554a766b5b91679cb41d2a5eb4a80def5ccf28ba87
[POOL] Analysis completed: 0 findings in 0.00s (5834 events/s)
[AI-Integration] Submitted task: d08d6370
[AI] d08d6370 queued for DeepSeek analysis
[EventRouter] ARM detected at event 123 for cgroup 100282
[EventRouter] Discarded 122 pre-ARM events for cgroup 100282
[CgroupManager] Removed cgroup 100110 via bpftool
[POOL] Cleanup scheduled for 8fba0f1d34d2
[DockerWorker-5] ✓ Completed: 377f781712737b6e11c8cf554a766b5b91679cb41d2a5eb4a80def5ccf28ba87 (6 events) (1.17s)
[DockerWorker-5] Starting: 5af1ff2c9553677a59364d390fef66c6ae5afb78ae901a12146ac9b429032e94 (183_64bit)
[ANALYSISLOG] 5af1ff2c9553677a59364d390fef66c6ae5afb78ae901a12146ac9b429032e94 -> ../ELF_samples/benign_report/armv8/raw/5af1ff2c9553677a59364d390fef66c6ae5afb78ae901a12146ac9b429032e94_2026-01-31_16-19-54_89ec7005.jsonl
[DOCKER] Selected image for libc=glibc: arm64v8/ubuntu:24.04
[DOCKER] Container exit code: 1
[DOCKER][STDOUT] BEGIN

LZO real-time data compression library (v2.10, Mar 01 2017).
Copyright (C) 1996-2017 Markus Franz Xaver Johannes Oberhumer
All Rights Reserved.

usage: 106f8e952f9e503d60f50de640b771001d8e26decc892df24434e612e29ab6e8 [-9] input-file output-file  (compress)
usage: 106f8e952f9e503d60f50de640b771001d8e26decc892df24434e612e29ab6e8 -d   input-file output-file  (decompress)
usage: 106f8e952f9e503d60f50de640b771001d8e26decc892df24434e612e29ab6e8 -t   input-file...           (test)
[DOCKER][STDOUT] END
[DOCKER] Raw stdout saved: ../ELF_samples/benign_report/armv8/raw/106f8e952f9e503d60f50de640b771001d8e26decc892df24434e612e29ab6e8_2026-01-31_16-19-53_28b41ef1_container_stdout.txt
[CgroupManager] Added cgroup 100368 via bpftool
[EventRouter] DEBUG: EXEC #34 filename='/bin/true', triggers=['7099a9c4b9aea6ac9a4495811cdd2a7473bbd8cd47ae84317c1bf9b61b019b06', '/tmp/7099a9c4b9aea6ac9a4495811cdd2a7473bbd8cd47ae84317c1bf9b61b019b06']
[CgroupManager] Added cgroup 100454 via bpftool
[EventRouter] DEBUG: EXEC #33 filename='/bin/true', triggers=['5af1ff2c9553677a59364d390fef66c6ae5afb78ae901a12146ac9b429032e94', '/tmp/5af1ff2c9553677a59364d390fef66c6ae5afb78ae901a12146ac9b429032e94']
[EventRouter] ARM detected at event 124 for cgroup 100368
[EventRouter] Discarded 123 pre-ARM events for cgroup 100368
[DOCKER] Container exit code: 0
[DOCKER][STDOUT] BEGIN
error: we won't substitute all variables on stdin for you
[DOCKER][STDOUT] END
[DOCKER] Raw stdout saved: ../ELF_samples/benign_report/armv8/raw/7099a9c4b9aea6ac9a4495811cdd2a7473bbd8cd47ae84317c1bf9b61b019b06_2026-01-31_16-19-53_b3b063fb_container_stdout.txt
[POOL] Collected 6 events for analysis (read from log file)
[POOL] Running analyzers on 6 events for b6a4433d8a84a01365dfc7b0ea4bea7cea4a2ffb3e461b9003638a4d8d0b614a
[POOL] Analysis completed: 0 findings in 0.00s (5776 events/s)
[AI-Integration] Submitted task: d846861c
[AI] d846861c queued for DeepSeek analysis
[CgroupManager] Removed cgroup 100196 via bpftool
[POOL] Cleanup scheduled for 15dc395ece17
[DockerWorker-1] ✓ Completed: b6a4433d8a84a01365dfc7b0ea4bea7cea4a2ffb3e461b9003638a4d8d0b614a (6 events) (1.11s)
[DockerWorker-1] Starting: 773c87ff80ede8665dea6b2a6435aac86b102f61a24a3e2f92b2c20571a29a0c (183_64bit)
[ANALYSISLOG] 773c87ff80ede8665dea6b2a6435aac86b102f61a24a3e2f92b2c20571a29a0c -> ../ELF_samples/benign_report/armv8/raw/773c87ff80ede8665dea6b2a6435aac86b102f61a24a3e2f92b2c20571a29a0c_2026-01-31_16-19-54_732c8382.jsonl
[DOCKER] Selected image for libc=glibc: arm64v8/ubuntu:24.04
[POOL] Collected 5 events for analysis (read from log file)
[POOL] Running analyzers on 5 events for 106f8e952f9e503d60f50de640b771001d8e26decc892df24434e612e29ab6e8
[POOL] Analysis completed: 0 findings in 0.00s (4787 events/s)
[AI-Integration] Submitted task: 28b41ef1
[AI] 28b41ef1 queued for DeepSeek analysis
[CgroupManager] Removed cgroup 100282 via bpftool
[POOL] Cleanup scheduled for 52bb789b0dac
[DockerWorker-4] ✓ Completed: 106f8e952f9e503d60f50de640b771001d8e26decc892df24434e612e29ab6e8 (5 events) (1.08s)
[DockerWorker-4] Starting: 3166c174c3c835c259cce18f21dcbc705266ce2edb95044b138b478c951c3200 (183_64bit)
[ANALYSISLOG] 3166c174c3c835c259cce18f21dcbc705266ce2edb95044b138b478c951c3200 -> ../ELF_samples/benign_report/armv8/raw/3166c174c3c835c259cce18f21dcbc705266ce2edb95044b138b478c951c3200_2026-01-31_16-19-54_82c714c6.jsonl
[DOCKER] Selected image for libc=glibc: arm64v8/ubuntu:24.04
[EventRouter] ARM detected at event 120 for cgroup 100454
[EventRouter] Discarded 119 pre-ARM events for cgroup 100454
[DOCKER] Container exit code: 0
[DOCKER][STDOUT] BEGIN
eth0: flags=4163<UP,BROADCAST,RUNNING,MULTICAST>  mtu 1500
        inet 172.17.0.3  netmask 255.255.0.0  broadcast 172.17.255.255
        ether ea:57:74:38:7d:1e  txqueuelen 0  (Ethernet)
        RX packets 0  bytes 0 (0.0 B)
        RX errors 0  dropped 0  overruns 0  frame 0
        TX packets 0  bytes 0 (0.0 B)
        TX errors 0  dropped 0 overruns 0  carrier 0  collisions 0

lo: flags=73<UP,LOOPBACK,RUNNING>  mtu 65536
        inet 127.0.0.1  netmask 255.0.0.0
        inet6 ::1  prefixlen 128  scopeid 0x10<host>
        loop  txqueuelen 1000  (Local Loopback)
        RX packets 0  bytes 0 (0.0 B)
        RX errors 0  dropped 0  overruns 0  frame 0
        TX packets 0  bytes 0 (0.0 B)
        TX errors 0  dropped 0 overruns 0  carrier 0  collisions 0
[DOCKER][STDOUT] END
[DOCKER] Raw stdout saved: ../ELF_samples/benign_report/armv8/raw/5af1ff2c9553677a59364d390fef66c6ae5afb78ae901a12146ac9b429032e94_2026-01-31_16-19-54_89ec7005_container_stdout.txt
[AI-Integration] Job 6626ccf4 analyzed via deepseek
[CgroupManager] Added cgroup 100540 via bpftool
[EventRouter] DEBUG: EXEC #34 filename='/bin/true', triggers=['773c87ff80ede8665dea6b2a6435aac86b102f61a24a3e2f92b2c20571a29a0c', '/tmp/773c87ff80ede8665dea6b2a6435aac86b102f61a24a3e2f92b2c20571a29a0c']
[CgroupManager] Added cgroup 100626 via bpftool
[POOL] Collected 7 events for analysis (read from log file)
[POOL] Running analyzers on 7 events for 7099a9c4b9aea6ac9a4495811cdd2a7473bbd8cd47ae84317c1bf9b61b019b06
[POOL] Analysis completed: 0 findings in 0.00s (6748 events/s)
[AI-Integration] Submitted task: b3b063fb
[AI] b3b063fb queued for DeepSeek analysis
[CgroupManager] Removed cgroup 100368 via bpftool
[POOL] Cleanup scheduled for 62369f66f801
[DockerWorker-0] ✓ Completed: 7099a9c4b9aea6ac9a4495811cdd2a7473bbd8cd47ae84317c1bf9b61b019b06 (7 events) (1.13s)
[DockerWorker-0] Starting: 57e2379ab3452cd38713620dc911943f6ae2134f368f55b190a436d3e7b5d2e4 (183_64bit)
[ANALYSISLOG] 57e2379ab3452cd38713620dc911943f6ae2134f368f55b190a436d3e7b5d2e4 -> ../ELF_samples/benign_report/armv8/raw/57e2379ab3452cd38713620dc911943f6ae2134f368f55b190a436d3e7b5d2e4_2026-01-31_16-19-54_e9472894.jsonl
[DOCKER] Selected image for libc=glibc: arm64v8/ubuntu:24.04
[EventRouter] DEBUG: EXEC #35 filename='/bin/true', triggers=['3166c174c3c835c259cce18f21dcbc705266ce2edb95044b138b478c951c3200', '/tmp/3166c174c3c835c259cce18f21dcbc705266ce2edb95044b138b478c951c3200']
[EventRouter] ARM detected at event 124 for cgroup 100540
[EventRouter] Discarded 123 pre-ARM events for cgroup 100540
[DOCKER] Container exit code: 1
[DOCKER][STDOUT] BEGIN

LZO real-time data compression library (v2.10, Mar 01 2017).
Copyright (C) 1996-2017 Markus Franz Xaver Johannes Oberhumer
All Rights Reserved.

Usage: 773c87ff80ede8665dea6b2a6435aac86b102f61a24a3e2f92b2c20571a29a0c [option..] file...

Options:
  -m#     compression method
  -b#     set input block size (default 262144, max 67108864)
  -n#     number of compression/decompression runs
  -c#     number of compression runs
  -d#     number of decompression runs
  -S      use safe decompressor (if available)
  -A      use assembler decompressor (if available)
  -F      use fast assembler decompressor (if available)
  -O      optimize compressed data (if available)
  -s DIR  process Calgary Corpus test suite in directory `DIR'
  -@      read list of files to compress from stdin
  -q      be quiet
  -Q      be very quiet
  -v      be verbose
  -L      display software license

Type '773c87ff80ede8665dea6b2a6435aac86b102f61a24a3e2f92b2c20571a29a0c -m' to list all available methods.
[DOCKER][STDOUT] END
[DOCKER] Raw stdout saved: ../ELF_samples/benign_report/armv8/raw/773c87ff80ede8665dea6b2a6435aac86b102f61a24a3e2f92b2c20571a29a0c_2026-01-31_16-19-54_732c8382_container_stdout.txt
[POOL] Collected 13 events for analysis (read from log file)
[POOL] Running analyzers on 13 events for 5af1ff2c9553677a59364d390fef66c6ae5afb78ae901a12146ac9b429032e94
[POOL] Analysis completed: 0 findings in 0.00s (12009 events/s)
[AI-Integration] Submitted task: 89ec7005
[AI] 89ec7005 queued for DeepSeek analysis
[EventRouter] ARM detected at event 122 for cgroup 100626
[EventRouter] Discarded 121 pre-ARM events for cgroup 100626
[DOCKER] Container exit code: 64
[DOCKER][STDOUT] BEGIN
3166c174c3c835c259cce18f21dcbc705266ce2edb95044b138b478c951c3200: not enough arguments
Try '3166c174c3c835c259cce18f21dcbc705266ce2edb95044b138b478c951c3200 --help' for more information.
[DOCKER][STDOUT] END
[DOCKER] Raw stdout saved: ../ELF_samples/benign_report/armv8/raw/3166c174c3c835c259cce18f21dcbc705266ce2edb95044b138b478c951c3200_2026-01-31_16-19-54_82c714c6_container_stdout.txt
[CgroupManager] Removed cgroup 100454 via bpftool
[POOL] Cleanup scheduled for 7bb309b0af0e
[DockerWorker-5] ✓ Completed: 5af1ff2c9553677a59364d390fef66c6ae5afb78ae901a12146ac9b429032e94 (13 events) (1.06s)
[DockerWorker-5] Starting: 8755ba0b68df3205730d01abcbfd7bffcb40b0e80e57a5e522cce2270c28aaf5 (183_64bit)
[ANALYSISLOG] 8755ba0b68df3205730d01abcbfd7bffcb40b0e80e57a5e522cce2270c28aaf5 -> ../ELF_samples/benign_report/armv8/raw/8755ba0b68df3205730d01abcbfd7bffcb40b0e80e57a5e522cce2270c28aaf5_2026-01-31_16-19-55_26708150.jsonl
[DOCKER] Selected image for libc=glibc: arm64v8/ubuntu:24.04
[AI-Integration] Job 88a2bdad analyzed via deepseek
[CgroupManager] Added cgroup 100712 via bpftool
[EventRouter] DEBUG: EXEC #33 filename='/bin/true', triggers=['57e2379ab3452cd38713620dc911943f6ae2134f368f55b190a436d3e7b5d2e4', '/tmp/57e2379ab3452cd38713620dc911943f6ae2134f368f55b190a436d3e7b5d2e4']
[CgroupManager] Added cgroup 100798 via bpftool
[EventRouter] ARM detected at event 123 for cgroup 100712
[EventRouter] Discarded 122 pre-ARM events for cgroup 100712
[AI-Integration] Job 235f3f3a analyzed via deepseek
[POOL] Collected 5 events for analysis (read from log file)
[POOL] Running analyzers on 5 events for 773c87ff80ede8665dea6b2a6435aac86b102f61a24a3e2f92b2c20571a29a0c
[POOL] Analysis completed: 0 findings in 0.00s (4650 events/s)
[AI-Integration] Submitted task: 732c8382
[AI] 732c8382 queued for DeepSeek analysis
[CgroupManager] Removed cgroup 100540 via bpftool
[POOL] Cleanup scheduled for b3a03058e2fd
[DockerWorker-1] ✓ Completed: 773c87ff80ede8665dea6b2a6435aac86b102f61a24a3e2f92b2c20571a29a0c (5 events) (1.07s)
[DockerWorker-1] Starting: 070569705420b9e535795c69064907806f46fe2ce7d85a63e2ea2f1465246619 (183_64bit)
[ANALYSISLOG] 070569705420b9e535795c69064907806f46fe2ce7d85a63e2ea2f1465246619 -> ../ELF_samples/benign_report/armv8/raw/070569705420b9e535795c69064907806f46fe2ce7d85a63e2ea2f1465246619_2026-01-31_16-19-55_3161bb62.jsonl
[DOCKER] Selected image for libc=glibc: arm64v8/ubuntu:24.04
[DOCKER] Container exit code: 1
[DOCKER][STDOUT] BEGIN
Created directory: /var/lib/snmp
Created directory: /var/lib/snmp/cert_indexes
Created directory: /var/lib/snmp/mib_indexes
MIB search path: /root/.snmp/mibs:/usr/share/snmp/mibs
Cannot find module (SNMPv2-MIB): At line 0 in (none)
Cannot find module (IF-MIB): At line 0 in (none)
Cannot find module (IP-MIB): At line 0 in (none)
Cannot find module (TCP-MIB): At line 0 in (none)
Cannot find module (UDP-MIB): At line 0 in (none)
Cannot find module (HOST-RESOURCES-MIB): At line 0 in (none)
Cannot find module (HOST-RESOURCES-TYPES): At line 0 in (none)
Cannot find module (SNMP-VIEW-BASED-ACM-MIB): At line 0 in (none)
Cannot find module (SNMP-COMMUNITY-MIB): At line 0 in (none)
Cannot find module (SNMP-FRAMEWORK-MIB): At line 0 in (none)
Cannot find module (SNMP-MPD-MIB): At line 0 in (none)
Cannot find module (SNMP-USER-BASED-SM-MIB): At line 0 in (none)
No hostname specified.
USAGE: snmpget [OPTIONS] AGENT OID [OID]...

  Version:  5.8
  Web:      http://www.net-snmp.org/
  Email:    net-snmp-coders@lists.sourceforge.net

OPTIONS:
  -h, --help		display this help message
  -H			display configuration file directives understood
  -v 1|2c|3		specifies SNMP version to use
  -V, --version		display package version number
SNMP Version 1 or 2c specific
  -c COMMUNITY		set the community string
SNMP Version 3 specific
  -a PROTOCOL		set authentication protocol (MD5|SHA|SHA-224|SHA-256|SHA-384|SHA-512)
  -A PASSPHRASE		set authentication protocol pass phrase
  -e ENGINE-ID		set security engine ID (e.g. 800000020109840301)
  -E ENGINE-ID		set context engine ID (e.g. 800000020109840301)
  -l LEVEL		set security level (noAuthNoPriv|authNoPriv|authPriv)
  -n CONTEXT		set context name (e.g. bridge1)
  -u USER-NAME		set security name (e.g. bert)
  -x PROTOCOL		set privacy protocol (DES|AES)
  -X PASSPHRASE		set privacy protocol pass phrase
  -Z BOOTS,TIME		set destination engine boots/time
General communication options
  -r RETRIES		set the number of retries
  -t TIMEOUT		set the request timeout (in seconds)
Debugging
  -d			dump input/output packets in hexadecimal
  -D[TOKEN[,...]]	turn on debugging output for the specified TOKENs
			   (ALL gives extremely verbose debugging output)
General options
  -m MIB[:...]		load given list of MIBs (ALL loads everything)
  -M DIR[:...]		look in given list of directories for MIBs
    (default: /root/.snmp/mibs:/usr/share/snmp/mibs)
  -P MIBOPTS		Toggle various defaults controlling MIB parsing:
			  u:  allow the use of underlines in MIB symbols
			  c:  disallow the use of "--" to terminate comments
			  d:  save the DESCRIPTIONs of the MIB objects
			  e:  disable errors when MIB symbols conflict
			  w:  enable warnings when MIB symbols conflict
			  W:  enable detailed warnings when MIB symbols conflict
			  R:  replace MIB symbols from latest module
  -O OUTOPTS		Toggle various defaults controlling output display:
			  0:  print leading 0 for single-digit hex characters
			  a:  print all strings in ascii format
			  b:  do not break OID indexes down
			  e:  print enums numerically
			  E:  escape quotes in string indices
			  f:  print full OIDs on output
			  n:  print OIDs numerically
			  p PRECISION:  display floating point values with specified PRECISION (printf format string)
			  q:  quick print for easier parsing
			  Q:  quick print with equal-signs
			  s:  print only last symbolic element of OID
			  S:  print MIB module-id plus last element
			  t:  print timeticks unparsed as numeric integers
			  T:  print human-readable text along with hex strings
			  u:  print OIDs using UCD-style prefix suppression
			  U:  don't print units
			  v:  print values only (not OID = value)
			  x:  print all strings in hex format
			  X:  extended index format
  -I INOPTS		Toggle various defaults controlling input parsing:
			  b:  do best/regex matching to find a MIB node
			  h:  don't apply DISPLAY-HINTs
			  r:  do not check values for range/type legality
			  R:  do random access to OID labels
			  u:  top-level OIDs must have '.' prefix (UCD-style)
			  s SUFFIX:  Append all textual OIDs with SUFFIX before parsing
			  S PREFIX:  Prepend all textual OIDs with PREFIX before parsing
  -L LOGOPTS		Toggle various defaults controlling logging:
			  e:           log to standard error
			  o:           log to standard output
			  n:           don't log at all
			  f file:      log to the specified file
			  s facility:  log to syslog (via the specified facility)

			  (variants)
			  [EON] pri:   log to standard error, output or /dev/null for level 'pri' and above
			  [EON] p1-p2: log to standard error, output or /dev/null for levels 'p1' to 'p2'
			  [FS] pri token:    log to file/syslog for level 'pri' and above
			  [FS] p1-p2 token:  log to file/syslog for levels 'p1' to 'p2'
  -C APPOPTS		Set various application specific behaviours:
			  f:  do not fix errors and retry the request
[DOCKER][STDOUT] END
[DOCKER] Raw stdout saved: ../ELF_samples/benign_report/armv8/raw/57e2379ab3452cd38713620dc911943f6ae2134f368f55b190a436d3e7b5d2e4_2026-01-31_16-19-54_e9472894_container_stdout.txt
[POOL] Collected 8 events for analysis (read from log file)
[POOL] Running analyzers on 8 events for 3166c174c3c835c259cce18f21dcbc705266ce2edb95044b138b478c951c3200
[POOL] Analysis completed: 0 findings in 0.00s (7711 events/s)
[AI-Integration] Submitted task: 82c714c6
[AI] 82c714c6 queued for DeepSeek analysis
[CgroupManager] Removed cgroup 100626 via bpftool
[POOL] Cleanup scheduled for f08f6ef5e2fb
[DockerWorker-4] ✓ Completed: 3166c174c3c835c259cce18f21dcbc705266ce2edb95044b138b478c951c3200 (8 events) (1.06s)
[DockerWorker-4] Starting: e74570fd9acdace6d8a9ee1f6e6d2b0b139b7063ae706da44ed8846d1807fbba (183_64bit)
[ANALYSISLOG] e74570fd9acdace6d8a9ee1f6e6d2b0b139b7063ae706da44ed8846d1807fbba -> ../ELF_samples/benign_report/armv8/raw/e74570fd9acdace6d8a9ee1f6e6d2b0b139b7063ae706da44ed8846d1807fbba_2026-01-31_16-19-55_9c4677c3.jsonl
[DOCKER] Selected image for libc=glibc: arm64v8/ubuntu:24.04
[EventRouter] ARM detected at event 138 for cgroup 100798
[EventRouter] Discarded 137 pre-ARM events for cgroup 100798
[DOCKER] Container exit code: 134
[DOCKER][STDOUT] BEGIN
whoami: canonical hostname is invalid.

Leafnode must have a fully-qualified domain name,
not just "a0bfa1a80085".
Edit your /etc/hosts file to add a fully qualified domain name.



Leafnode must have a fully-qualified domain name,
not just "a0bfa1a80085".
Edit your /etc/hosts file to add a fully qualified domain name.

qemu: uncaught target signal 6 (Aborted) - core dumped
Aborted (core dumped)
[DOCKER][STDOUT] END
[DOCKER] Raw stdout saved: ../ELF_samples/benign_report/armv8/raw/8755ba0b68df3205730d01abcbfd7bffcb40b0e80e57a5e522cce2270c28aaf5_2026-01-31_16-19-55_26708150_container_stdout.txt
[CgroupManager] Added cgroup 100884 via bpftool
[EventRouter] DEBUG: EXEC #34 filename='/bin/true', triggers=['070569705420b9e535795c69064907806f46fe2ce7d85a63e2ea2f1465246619', '/tmp/070569705420b9e535795c69064907806f46fe2ce7d85a63e2ea2f1465246619']
[CgroupManager] Added cgroup 100970 via bpftool
[EventRouter] DEBUG: EXEC #33 filename='/bin/true', triggers=['e74570fd9acdace6d8a9ee1f6e6d2b0b139b7063ae706da44ed8846d1807fbba', '/tmp/e74570fd9acdace6d8a9ee1f6e6d2b0b139b7063ae706da44ed8846d1807fbba']
[POOL] Collected 9 events for analysis (read from log file)
[POOL] Running analyzers on 9 events for 57e2379ab3452cd38713620dc911943f6ae2134f368f55b190a436d3e7b5d2e4
[POOL] Analysis completed: 0 findings in 0.00s (8382 events/s)
[AI-Integration] Submitted task: e9472894
[AI] e9472894 queued for DeepSeek analysis
[CgroupManager] Removed cgroup 100712 via bpftool
[POOL] Cleanup scheduled for 9e9d8b654e9b
[DockerWorker-0] ✓ Completed: 57e2379ab3452cd38713620dc911943f6ae2134f368f55b190a436d3e7b5d2e4 (9 events) (1.17s)
[DockerWorker-0] Starting: 48c18ddc98f3530f4836ac97153ff57bfe937229b55da3b098a902cc7bb75790 (183_64bit)
[ANALYSISLOG] 48c18ddc98f3530f4836ac97153ff57bfe937229b55da3b098a902cc7bb75790 -> ../ELF_samples/benign_report/armv8/raw/48c18ddc98f3530f4836ac97153ff57bfe937229b55da3b098a902cc7bb75790_2026-01-31_16-19-56_ac861406.jsonl
[DOCKER] Selected image for libc=glibc: arm64v8/ubuntu:24.04
[EventRouter] ARM detected at event 124 for cgroup 100884
[EventRouter] Discarded 123 pre-ARM events for cgroup 100884
[EventRouter] ARM detected at event 121 for cgroup 100970
[EventRouter] Discarded 120 pre-ARM events for cgroup 100970
[DOCKER] Container exit code: 0
[DOCKER] Container exit code: 1
[DOCKER][STDOUT] BEGIN
070569705420b9e535795c69064907806f46fe2ce7d85a63e2ea2f1465246619: cannot open /dev/rfkill: No such file or directory
070569705420b9e535795c69064907806f46fe2ce7d85a63e2ea2f1465246619: cannot read /dev/rfkill: Bad file descriptor
[DOCKER][STDOUT] END
[DOCKER] Raw stdout saved: ../ELF_samples/benign_report/armv8/raw/070569705420b9e535795c69064907806f46fe2ce7d85a63e2ea2f1465246619_2026-01-31_16-19-55_3161bb62_container_stdout.txt
[POOL] Collected 24 events for analysis (read from log file)
[POOL] Running analyzers on 24 events for 8755ba0b68df3205730d01abcbfd7bffcb40b0e80e57a5e522cce2270c28aaf5
[POOL] Analysis completed: 0 findings in 0.00s (22447 events/s)
[AI-Integration] Submitted task: 26708150
[AI] 26708150 queued for DeepSeek analysis
[CgroupManager] Removed cgroup 100798 via bpftool
[POOL] Cleanup scheduled for a0bfa1a80085
[DockerWorker-5] ✗ Failed: 8755ba0b68df3205730d01abcbfd7bffcb40b0e80e57a5e522cce2270c28aaf5 - Crashed: Signal 6 (Exit code 134) (1.13s)
[DockerWorker-5] Starting: f2660dd72b5a4ca824c2c94c4660f97d7673820abbfceaee609e825333cf13cf (183_64bit)
[ANALYSISLOG] f2660dd72b5a4ca824c2c94c4660f97d7673820abbfceaee609e825333cf13cf -> ../ELF_samples/benign_report/armv8/raw/f2660dd72b5a4ca824c2c94c4660f97d7673820abbfceaee609e825333cf13cf_2026-01-31_16-19-56_d4d5c42a.jsonl
[DOCKER] Selected image for libc=glibc: arm64v8/ubuntu:24.04
[CgroupManager] Added cgroup 101056 via bpftool
[EventRouter] DEBUG: EXEC #34 filename='/bin/true', triggers=['48c18ddc98f3530f4836ac97153ff57bfe937229b55da3b098a902cc7bb75790', '/tmp/48c18ddc98f3530f4836ac97153ff57bfe937229b55da3b098a902cc7bb75790']
[CgroupManager] Added cgroup 101142 via bpftool
[EventRouter] DEBUG: EXEC #35 filename='/bin/true', triggers=['f2660dd72b5a4ca824c2c94c4660f97d7673820abbfceaee609e825333cf13cf', '/tmp/f2660dd72b5a4ca824c2c94c4660f97d7673820abbfceaee609e825333cf13cf']
[POOL] Collected 6 events for analysis (read from log file)
[POOL] Running analyzers on 6 events for e74570fd9acdace6d8a9ee1f6e6d2b0b139b7063ae706da44ed8846d1807fbba
[POOL] Analysis completed: 0 findings in 0.00s (5559 events/s)
[AI-Integration] Submitted task: 9c4677c3
[AI] 9c4677c3 queued for DeepSeek analysis
[POOL] Collected 7 events for analysis (read from log file)
[POOL] Running analyzers on 7 events for 070569705420b9e535795c69064907806f46fe2ce7d85a63e2ea2f1465246619
[POOL] Analysis completed: 0 findings in 0.00s (6728 events/s)
[AI-Integration] Submitted task: 3161bb62
[AI] 3161bb62 queued for DeepSeek analysis
[CgroupManager] Removed cgroup 100970 via bpftool
[POOL] Cleanup scheduled for c47ab1c1d2b4
[DockerWorker-4] ✓ Completed: e74570fd9acdace6d8a9ee1f6e6d2b0b139b7063ae706da44ed8846d1807fbba (6 events) (1.03s)
[DockerWorker-4] Starting: 3113ce0b649daff847a6d4a25f77fccd50d971dfa6970211fa3c7d29ebb440ca (183_64bit)
[EventRouter] ARM detected at event 122 for cgroup 101056
[EventRouter] Discarded 121 pre-ARM events for cgroup 101056
[ANALYSISLOG] 3113ce0b649daff847a6d4a25f77fccd50d971dfa6970211fa3c7d29ebb440ca -> ../ELF_samples/benign_report/armv8/raw/3113ce0b649daff847a6d4a25f77fccd50d971dfa6970211fa3c7d29ebb440ca_2026-01-31_16-19-56_ffe75988.jsonl
[DOCKER] Selected image for libc=glibc: arm64v8/ubuntu:24.04
[CgroupManager] Removed cgroup 100884 via bpftool
[POOL] Cleanup scheduled for f9f808897b7f
[DockerWorker-1] ✓ Completed: 070569705420b9e535795c69064907806f46fe2ce7d85a63e2ea2f1465246619 (7 events) (1.15s)
[DockerWorker-1] Starting: 931524f452b8f55eb440dc185a3967498d762a80b8a5aabd38ae39b1a56028b7 (183_64bit)
[ANALYSISLOG] 931524f452b8f55eb440dc185a3967498d762a80b8a5aabd38ae39b1a56028b7 -> ../ELF_samples/benign_report/armv8/raw/931524f452b8f55eb440dc185a3967498d762a80b8a5aabd38ae39b1a56028b7_2026-01-31_16-19-56_8ffa9a30.jsonl
[DOCKER] Selected image for libc=glibc: arm64v8/ubuntu:24.04
[EventRouter] ARM detected at event 125 for cgroup 101142
[EventRouter] Discarded 124 pre-ARM events for cgroup 101142
[DOCKER] Container exit code: 64
[DOCKER][STDOUT] BEGIN
can't run as root without the -u switch
[DOCKER][STDOUT] END
[DOCKER] Raw stdout saved: ../ELF_samples/benign_report/armv8/raw/f2660dd72b5a4ca824c2c94c4660f97d7673820abbfceaee609e825333cf13cf_2026-01-31_16-19-56_d4d5c42a_container_stdout.txt
[DOCKER] Container exit code: 1
[DOCKER][STDOUT] BEGIN
Couldn't load termcap/terminfo entry
[DOCKER][STDOUT] END
[DOCKER] Raw stdout saved: ../ELF_samples/benign_report/armv8/raw/48c18ddc98f3530f4836ac97153ff57bfe937229b55da3b098a902cc7bb75790_2026-01-31_16-19-56_ac861406_container_stdout.txt
[AI-Integration] Job 2a797cee analyzed via deepseek
[CgroupManager] Added cgroup 101314 via bpftool
[CgroupManager] Added cgroup 101228 via bpftool
[EventRouter] DEBUG: EXEC #33 filename='/bin/true', triggers=['3113ce0b649daff847a6d4a25f77fccd50d971dfa6970211fa3c7d29ebb440ca', '/tmp/3113ce0b649daff847a6d4a25f77fccd50d971dfa6970211fa3c7d29ebb440ca']
[EventRouter] DEBUG: EXEC #33 filename='/bin/true', triggers=['931524f452b8f55eb440dc185a3967498d762a80b8a5aabd38ae39b1a56028b7', '/tmp/931524f452b8f55eb440dc185a3967498d762a80b8a5aabd38ae39b1a56028b7']
[EventRouter] ARM detected at event 139 for cgroup 101314
[EventRouter] Discarded 138 pre-ARM events for cgroup 101314
[EventRouter] ARM detected at event 124 for cgroup 101228
[EventRouter] Discarded 123 pre-ARM events for cgroup 101228
[DOCKER] Container exit code: 2
[DOCKER][STDOUT] BEGIN
Try "/tmp/3113ce0b649daff847a6d4a25f77fccd50d971dfa6970211fa3c7d29ebb440ca -h" for more information.
[DOCKER][STDOUT] END
[DOCKER] Raw stdout saved: ../ELF_samples/benign_report/armv8/raw/3113ce0b649daff847a6d4a25f77fccd50d971dfa6970211fa3c7d29ebb440ca_2026-01-31_16-19-56_ffe75988_container_stdout.txt
[DOCKER] Container exit code: 1
[DOCKER][STDOUT] BEGIN
Created directory: /var/lib/snmp
Created directory: /var/lib/snmp/cert_indexes
Created directory: /var/lib/snmp/mib_indexes
MIB search path: /root/.snmp/mibs:/usr/share/snmp/mibs
Cannot find module (SNMPv2-MIB): At line 0 in (none)
Cannot find module (IF-MIB): At line 0 in (none)
Cannot find module (IP-MIB): At line 0 in (none)
Cannot find module (TCP-MIB): At line 0 in (none)
Cannot find module (UDP-MIB): At line 0 in (none)
Cannot find module (HOST-RESOURCES-MIB): At line 0 in (none)
Cannot find module (HOST-RESOURCES-TYPES): At line 0 in (none)
Cannot find module (SNMP-VIEW-BASED-ACM-MIB): At line 0 in (none)
Cannot find module (SNMP-COMMUNITY-MIB): At line 0 in (none)
Cannot find module (SNMP-FRAMEWORK-MIB): At line 0 in (none)
Cannot find module (SNMP-MPD-MIB): At line 0 in (none)
Cannot find module (SNMP-USER-BASED-SM-MIB): At line 0 in (none)
No hostname specified.
USAGE: snmpgetnext [OPTIONS] AGENT OID [OID]...

  Version:  5.8
  Web:      http://www.net-snmp.org/
  Email:    net-snmp-coders@lists.sourceforge.net

OPTIONS:
  -h, --help		display this help message
  -H			display configuration file directives understood
  -v 1|2c|3		specifies SNMP version to use
  -V, --version		display package version number
SNMP Version 1 or 2c specific
  -c COMMUNITY		set the community string
SNMP Version 3 specific
  -a PROTOCOL		set authentication protocol (MD5|SHA|SHA-224|SHA-256|SHA-384|SHA-512)
  -A PASSPHRASE		set authentication protocol pass phrase
  -e ENGINE-ID		set security engine ID (e.g. 800000020109840301)
  -E ENGINE-ID		set context engine ID (e.g. 800000020109840301)
  -l LEVEL		set security level (noAuthNoPriv|authNoPriv|authPriv)
  -n CONTEXT		set context name (e.g. bridge1)
  -u USER-NAME		set security name (e.g. bert)
  -x PROTOCOL		set privacy protocol (DES|AES)
  -X PASSPHRASE		set privacy protocol pass phrase
  -Z BOOTS,TIME		set destination engine boots/time
General communication options
  -r RETRIES		set the number of retries
  -t TIMEOUT		set the request timeout (in seconds)
Debugging
  -d			dump input/output packets in hexadecimal
  -D[TOKEN[,...]]	turn on debugging output for the specified TOKENs
			   (ALL gives extremely verbose debugging output)
General options
  -m MIB[:...]		load given list of MIBs (ALL loads everything)
  -M DIR[:...]		look in given list of directories for MIBs
    (default: /root/.snmp/mibs:/usr/share/snmp/mibs)
  -P MIBOPTS		Toggle various defaults controlling MIB parsing:
			  u:  allow the use of underlines in MIB symbols
			  c:  disallow the use of "--" to terminate comments
			  d:  save the DESCRIPTIONs of the MIB objects
			  e:  disable errors when MIB symbols conflict
			  w:  enable warnings when MIB symbols conflict
			  W:  enable detailed warnings when MIB symbols conflict
			  R:  replace MIB symbols from latest module
  -O OUTOPTS		Toggle various defaults controlling output display:
			  0:  print leading 0 for single-digit hex characters
			  a:  print all strings in ascii format
			  b:  do not break OID indexes down
			  e:  print enums numerically
			  E:  escape quotes in string indices
			  f:  print full OIDs on output
			  n:  print OIDs numerically
			  p PRECISION:  display floating point values with specified PRECISION (printf format string)
			  q:  quick print for easier parsing
			  Q:  quick print with equal-signs
			  s:  print only last symbolic element of OID
			  S:  print MIB module-id plus last element
			  t:  print timeticks unparsed as numeric integers
			  T:  print human-readable text along with hex strings
			  u:  print OIDs using UCD-style prefix suppression
			  U:  don't print units
			  v:  print values only (not OID = value)
			  x:  print all strings in hex format
			  X:  extended index format
  -I INOPTS		Toggle various defaults controlling input parsing:
			  b:  do best/regex matching to find a MIB node
			  h:  don't apply DISPLAY-HINTs
			  r:  do not check values for range/type legality
			  R:  do random access to OID labels
			  u:  top-level OIDs must have '.' prefix (UCD-style)
			  s SUFFIX:  Append all textual OIDs with SUFFIX before parsing
			  S PREFIX:  Prepend all textual OIDs with PREFIX before parsing
  -L LOGOPTS		Toggle various defaults controlling logging:
			  e:           log to standard error
			  o:           log to standard output
			  n:           don't log at all
			  f file:      log to the specified file
			  s facility:  log to syslog (via the specified facility)

			  (variants)
			  [EON] pri:   log to standard error, output or /dev/null for level 'pri' and above
			  [EON] p1-p2: log to standard error, output or /dev/null for levels 'p1' to 'p2'
			  [FS] pri token:    log to file/syslog for level 'pri' and above
			  [FS] p1-p2 token:  log to file/syslog for levels 'p1' to 'p2'
  -C APPOPTS		Set various application specific behaviours:
			  f:  do not fix errors and retry the request
[DOCKER][STDOUT] END
[DOCKER] Raw stdout saved: ../ELF_samples/benign_report/armv8/raw/931524f452b8f55eb440dc185a3967498d762a80b8a5aabd38ae39b1a56028b7_2026-01-31_16-19-56_8ffa9a30_container_stdout.txt
[POOL] Collected 5 events for analysis (read from log file)
[POOL] Running analyzers on 5 events for f2660dd72b5a4ca824c2c94c4660f97d7673820abbfceaee609e825333cf13cf
[POOL] Analysis completed: 0 findings in 0.00s (4725 events/s)
[AI-Integration] Submitted task: d4d5c42a
[AI] d4d5c42a queued for DeepSeek analysis
[CgroupManager] Removed cgroup 101142 via bpftool
[POOL] Cleanup scheduled for d4bf0820d216
[DockerWorker-5] ✓ Completed: f2660dd72b5a4ca824c2c94c4660f97d7673820abbfceaee609e825333cf13cf (5 events) (1.12s)
[DockerWorker-5] Starting: 4d867afe8de5c0c137c578d4e258f929bd3cdbc86d1dbe8e50fe6505b840cb71 (183_64bit)
[POOL] Collected 10 events for analysis (read from log file)
[POOL] Running analyzers on 10 events for 48c18ddc98f3530f4836ac97153ff57bfe937229b55da3b098a902cc7bb75790
[POOL] Analysis completed: 0 findings in 0.00s (9619 events/s)
[ANALYSISLOG] 4d867afe8de5c0c137c578d4e258f929bd3cdbc86d1dbe8e50fe6505b840cb71 -> ../ELF_samples/benign_report/armv8/raw/4d867afe8de5c0c137c578d4e258f929bd3cdbc86d1dbe8e50fe6505b840cb71_2026-01-31_16-19-57_8e2f7baa.jsonl
[DOCKER] Selected image for libc=glibc: arm64v8/ubuntu:24.04
[AI-Integration] Submitted task: ac861406
[AI] ac861406 queued for DeepSeek analysis
[CgroupManager] Removed cgroup 101056 via bpftool
[POOL] Cleanup scheduled for a0a143e34b50
[DockerWorker-0] ✓ Completed: 48c18ddc98f3530f4836ac97153ff57bfe937229b55da3b098a902cc7bb75790 (10 events) (1.32s)
[DockerWorker-0] Starting: 32132819f781acc8b40cff97fea08651facaaa0f2f59df2c2b71922e5f255719 (183_64bit)
[ANALYSISLOG] 32132819f781acc8b40cff97fea08651facaaa0f2f59df2c2b71922e5f255719 -> ../ELF_samples/benign_report/armv8/raw/32132819f781acc8b40cff97fea08651facaaa0f2f59df2c2b71922e5f255719_2026-01-31_16-19-57_3d20df5c.jsonl
[DOCKER] Selected image for libc=glibc: arm64v8/ubuntu:24.04
[CgroupManager] Added cgroup 101400 via bpftool
[POOL] Collected 7 events for analysis (read from log file)
[POOL] Running analyzers on 7 events for 3113ce0b649daff847a6d4a25f77fccd50d971dfa6970211fa3c7d29ebb440ca
[POOL] Analysis completed: 1 findings in 0.00s (6524 events/s)
[AI-Integration] Submitted task: ffe75988
[AI] ffe75988 queued for DeepSeek analysis
[CgroupManager] Added cgroup 101486 via bpftool
[CgroupManager] Removed cgroup 101228 via bpftool
[POOL] Cleanup scheduled for d5de6886ef71
[DockerWorker-4] ✓ Completed: 3113ce0b649daff847a6d4a25f77fccd50d971dfa6970211fa3c7d29ebb440ca (7 events) (1.05s)
[DockerWorker-4] Starting: b844a12300e7e04c0a0eea391c8576d2ea78d2b87c4d490ec0d4d557d5afe22b (183_64bit)
[ANALYSISLOG] b844a12300e7e04c0a0eea391c8576d2ea78d2b87c4d490ec0d4d557d5afe22b -> ../ELF_samples/benign_report/armv8/raw/b844a12300e7e04c0a0eea391c8576d2ea78d2b87c4d490ec0d4d557d5afe22b_2026-01-31_16-19-57_d66ef9c1.jsonl
[DOCKER] Selected image for libc=glibc: arm64v8/ubuntu:24.04
[EventRouter] DEBUG: EXEC #33 filename='/bin/true', triggers=['4d867afe8de5c0c137c578d4e258f929bd3cdbc86d1dbe8e50fe6505b840cb71', '/tmp/4d867afe8de5c0c137c578d4e258f929bd3cdbc86d1dbe8e50fe6505b840cb71']
[EventRouter] DEBUG: EXEC #49 filename='/bin/true', triggers=['32132819f781acc8b40cff97fea08651facaaa0f2f59df2c2b71922e5f255719', '/tmp/32132819f781acc8b40cff97fea08651facaaa0f2f59df2c2b71922e5f255719']
[POOL] Collected 6 events for analysis (read from log file)
[POOL] Running analyzers on 6 events for 931524f452b8f55eb440dc185a3967498d762a80b8a5aabd38ae39b1a56028b7
[POOL] Analysis completed: 0 findings in 0.00s (5790 events/s)
[AI-Integration] Submitted task: 8ffa9a30
[AI] 8ffa9a30 queued for DeepSeek analysis
[CgroupManager] Removed cgroup 101314 via bpftool
[POOL] Cleanup scheduled for 2a3f9e0b2084
[DockerWorker-1] ✓ Completed: 931524f452b8f55eb440dc185a3967498d762a80b8a5aabd38ae39b1a56028b7 (6 events) (1.09s)
[DockerWorker-1] Starting: 1e500ad94b4c42772ab29f07f2e8cc5f7cbc8a18293129a4d801a24d471ea9c6 (183_64bit)
[ANALYSISLOG] 1e500ad94b4c42772ab29f07f2e8cc5f7cbc8a18293129a4d801a24d471ea9c6 -> ../ELF_samples/benign_report/armv8/raw/1e500ad94b4c42772ab29f07f2e8cc5f7cbc8a18293129a4d801a24d471ea9c6_2026-01-31_16-19-57_a0eb2783.jsonl
[DOCKER] Selected image for libc=glibc: arm64v8/ubuntu:24.04
[EventRouter] ARM detected at event 121 for cgroup 101400
[EventRouter] Discarded 120 pre-ARM events for cgroup 101400
[DOCKER] Container exit code: 100
[DOCKER][STDOUT] BEGIN
s6-dnsq: usage: s6-dnsq [ -1 | -2 ] [ -t timeout ] [ -D debuglevel ] qtype query serverip...
[DOCKER][STDOUT] END
[DOCKER] Raw stdout saved: ../ELF_samples/benign_report/armv8/raw/4d867afe8de5c0c137c578d4e258f929bd3cdbc86d1dbe8e50fe6505b840cb71_2026-01-31_16-19-57_8e2f7baa_container_stdout.txt
[EventRouter] ARM detected at event 136 for cgroup 101486
[EventRouter] Discarded 135 pre-ARM events for cgroup 101486
[DOCKER] Container exit code: 5
[DOCKER][STDOUT] BEGIN

dnsmasq: setting capabilities failed: Operation not permitted
[DOCKER][STDOUT] END
[DOCKER] Raw stdout saved: ../ELF_samples/benign_report/armv8/raw/32132819f781acc8b40cff97fea08651facaaa0f2f59df2c2b71922e5f255719_2026-01-31_16-19-57_3d20df5c_container_stdout.txt
[CgroupManager] Added cgroup 101572 via bpftool
[CgroupManager] Added cgroup 101658 via bpftool
[EventRouter] DEBUG: EXEC #33 filename='/bin/true', triggers=['b844a12300e7e04c0a0eea391c8576d2ea78d2b87c4d490ec0d4d557d5afe22b', '/tmp/b844a12300e7e04c0a0eea391c8576d2ea78d2b87c4d490ec0d4d557d5afe22b']
[EventRouter] DEBUG: EXEC #34 filename='/bin/true', triggers=['1e500ad94b4c42772ab29f07f2e8cc5f7cbc8a18293129a4d801a24d471ea9c6', '/tmp/1e500ad94b4c42772ab29f07f2e8cc5f7cbc8a18293129a4d801a24d471ea9c6']
[EventRouter] ARM detected at event 124 for cgroup 101658
[EventRouter] Discarded 123 pre-ARM events for cgroup 101658
[DOCKER] Container exit code: 2
[DOCKER][STDOUT] BEGIN
Usage: 1e500ad94b4c42772ab29f07f2e8cc5f7cbc8a18293129a4d801a24d471ea9c6 [-v] [-h] [-f] [-r] [-u user] [-t chrootdir] [-d device] [-P password] [-m maxfragsize] [-M maxlen] [-T type] [-O enc] [-L 0|1] [-I sec] [-z context] [-F pidfile] [nameserver] topdomain
[DOCKER][STDOUT] END
[DOCKER] Raw stdout saved: ../ELF_samples/benign_report/armv8/raw/1e500ad94b4c42772ab29f07f2e8cc5f7cbc8a18293129a4d801a24d471ea9c6_2026-01-31_16-19-57_a0eb2783_container_stdout.txt
[EventRouter] ARM detected at event 123 for cgroup 101572
[EventRouter] Discarded 122 pre-ARM events for cgroup 101572
[DOCKER] Container exit code: 1
[DOCKER][STDOUT] BEGIN
usage: fatlabel device [label]
[DOCKER][STDOUT] END
[DOCKER] Raw stdout saved: ../ELF_samples/benign_report/armv8/raw/b844a12300e7e04c0a0eea391c8576d2ea78d2b87c4d490ec0d4d557d5afe22b_2026-01-31_16-19-57_d66ef9c1_container_stdout.txt
[POOL] Collected 6 events for analysis (read from log file)
[POOL] Running analyzers on 6 events for 4d867afe8de5c0c137c578d4e258f929bd3cdbc86d1dbe8e50fe6505b840cb71
[POOL] Analysis completed: 0 findings in 0.00s (5550 events/s)
[AI-Integration] Submitted task: 8e2f7baa
[AI] 8e2f7baa queued for DeepSeek analysis
[CgroupManager] Removed cgroup 101400 via bpftool
[POOL] Cleanup scheduled for a196ef134b44
[DockerWorker-5] ✓ Completed: 4d867afe8de5c0c137c578d4e258f929bd3cdbc86d1dbe8e50fe6505b840cb71 (6 events) (1.12s)
[DockerWorker-5] Starting: c007084850b5c4a5584fe0901995e4b57b21786c840fc11dce89ee59371512fd (183_64bit)
[ANALYSISLOG] c007084850b5c4a5584fe0901995e4b57b21786c840fc11dce89ee59371512fd -> ../ELF_samples/benign_report/armv8/raw/c007084850b5c4a5584fe0901995e4b57b21786c840fc11dce89ee59371512fd_2026-01-31_16-19-58_379d07ee.jsonl
[DOCKER] Selected image for libc=glibc: arm64v8/ubuntu:24.04
[POOL] Collected 40 events for analysis (read from log file)
[POOL] Running analyzers on 40 events for 32132819f781acc8b40cff97fea08651facaaa0f2f59df2c2b71922e5f255719
[POOL] Analysis completed: 0 findings in 0.00s (37057 events/s)
[AI-Integration] Submitted task: 3d20df5c
[AI] 3d20df5c queued for DeepSeek analysis
[CgroupManager] Removed cgroup 101486 via bpftool
[POOL] Cleanup scheduled for 7f0ea031953e
[DockerWorker-0] ✓ Completed: 32132819f781acc8b40cff97fea08651facaaa0f2f59df2c2b71922e5f255719 (40 events) (1.12s)
[DockerWorker-0] Starting: b16b38f68dee8e13e4d57cedd97beb121553f994bc797fdce51d7d72078f03c5 (183_64bit)
[ANALYSISLOG] b16b38f68dee8e13e4d57cedd97beb121553f994bc797fdce51d7d72078f03c5 -> ../ELF_samples/benign_report/armv8/raw/b16b38f68dee8e13e4d57cedd97beb121553f994bc797fdce51d7d72078f03c5_2026-01-31_16-19-58_efb933a6.jsonl
[DOCKER] Selected image for libc=glibc: arm64v8/ubuntu:24.04
[POOL] Collected 6 events for analysis (read from log file)
[POOL] Running analyzers on 6 events for 1e500ad94b4c42772ab29f07f2e8cc5f7cbc8a18293129a4d801a24d471ea9c6
[POOL] Analysis completed: 0 findings in 0.00s (5830 events/s)
[AI-Integration] Submitted task: a0eb2783
[AI] a0eb2783 queued for DeepSeek analysis
[CgroupManager] Added cgroup 101744 via bpftool
[CgroupManager] Added cgroup 101830 via bpftool
[CgroupManager] Removed cgroup 101658 via bpftool
[POOL] Cleanup scheduled for f0f159b0d2de
[DockerWorker-1] ✓ Completed: 1e500ad94b4c42772ab29f07f2e8cc5f7cbc8a18293129a4d801a24d471ea9c6 (6 events) (1.06s)
[DockerWorker-1] Starting: 862f75f504bbc11f90936b23db5fd2742f30c9c395042e71d9dad27d9381701f (183_64bit)
[POOL] Collected 5 events for analysis (read from log file)
[POOL] Running analyzers on 5 events for b844a12300e7e04c0a0eea391c8576d2ea78d2b87c4d490ec0d4d557d5afe22b
[POOL] Analysis completed: 0 findings in 0.00s (4832 events/s)
[ANALYSISLOG] 862f75f504bbc11f90936b23db5fd2742f30c9c395042e71d9dad27d9381701f -> ../ELF_samples/benign_report/armv8/raw/862f75f504bbc11f90936b23db5fd2742f30c9c395042e71d9dad27d9381701f_2026-01-31_16-19-58_05bfc818.jsonl
[DOCKER] Selected image for libc=glibc: arm64v8/ubuntu:24.04
[AI-Integration] Submitted task: d66ef9c1
[AI] d66ef9c1 queued for DeepSeek analysis
[EventRouter] DEBUG: EXEC #33 filename='/bin/true', triggers=['c007084850b5c4a5584fe0901995e4b57b21786c840fc11dce89ee59371512fd', '/tmp/c007084850b5c4a5584fe0901995e4b57b21786c840fc11dce89ee59371512fd']
[EventRouter] DEBUG: EXEC #33 filename='/bin/true', triggers=['b16b38f68dee8e13e4d57cedd97beb121553f994bc797fdce51d7d72078f03c5', '/tmp/b16b38f68dee8e13e4d57cedd97beb121553f994bc797fdce51d7d72078f03c5']
[CgroupManager] Removed cgroup 101572 via bpftool
[POOL] Cleanup scheduled for c783b73e5e9f
[DockerWorker-4] ✓ Completed: b844a12300e7e04c0a0eea391c8576d2ea78d2b87c4d490ec0d4d557d5afe22b (5 events) (1.14s)
[EventRouter] ARM detected at event 123 for cgroup 101744
[EventRouter] Discarded 122 pre-ARM events for cgroup 101744
[DOCKER] Container exit code: 1
[DOCKER][STDOUT] BEGIN
c007084850b5c4a5584fe0901995e4b57b21786c840fc11dce89ee59371512fd: eth1: No such device
[DOCKER][STDOUT] END
[DOCKER] Raw stdout saved: ../ELF_samples/benign_report/armv8/raw/c007084850b5c4a5584fe0901995e4b57b21786c840fc11dce89ee59371512fd_2026-01-31_16-19-58_379d07ee_container_stdout.txt
[EventRouter] ARM detected at event 123 for cgroup 101830
[EventRouter] Discarded 122 pre-ARM events for cgroup 101830
[DOCKER] Container exit code: 1
[DOCKER][STDOUT] BEGIN
rpcinfo: can't contact rpcbind: RPC: Remote system error - No such file or directory
[DOCKER][STDOUT] END
[DOCKER] Raw stdout saved: ../ELF_samples/benign_report/armv8/raw/b16b38f68dee8e13e4d57cedd97beb121553f994bc797fdce51d7d72078f03c5_2026-01-31_16-19-58_efb933a6_container_stdout.txt
[CgroupManager] Added cgroup 101916 via bpftool
[EventRouter] DEBUG: EXEC #33 filename='/bin/true', triggers=['862f75f504bbc11f90936b23db5fd2742f30c9c395042e71d9dad27d9381701f', '/tmp/862f75f504bbc11f90936b23db5fd2742f30c9c395042e71d9dad27d9381701f']
[EventRouter] ARM detected at event 123 for cgroup 101916
[EventRouter] Discarded 122 pre-ARM events for cgroup 101916
[DOCKER] Container exit code: 0
[DOCKER][STDOUT] BEGIN
none: prio 0
[DOCKER][STDOUT] END
[DOCKER] Raw stdout saved: ../ELF_samples/benign_report/armv8/raw/862f75f504bbc11f90936b23db5fd2742f30c9c395042e71d9dad27d9381701f_2026-01-31_16-19-58_05bfc818_container_stdout.txt
[POOL] Collected 6 events for analysis (read from log file)
[POOL] Running analyzers on 6 events for c007084850b5c4a5584fe0901995e4b57b21786c840fc11dce89ee59371512fd
[POOL] Analysis completed: 0 findings in 0.00s (5465 events/s)
[AI-Integration] Submitted task: 379d07ee
[AI] 379d07ee queued for DeepSeek analysis
[CgroupManager] Removed cgroup 101744 via bpftool
[POOL] Cleanup scheduled for 29a88aaef356
[DockerWorker-5] ✓ Completed: c007084850b5c4a5584fe0901995e4b57b21786c840fc11dce89ee59371512fd (6 events) (1.07s)
[POOL] Collected 8 events for analysis (read from log file)
[POOL] Running analyzers on 8 events for b16b38f68dee8e13e4d57cedd97beb121553f994bc797fdce51d7d72078f03c5
[POOL] Analysis completed: 0 findings in 0.00s (7512 events/s)
[AI-Integration] Submitted task: efb933a6
[AI] efb933a6 queued for DeepSeek analysis
[CgroupManager] Removed cgroup 101830 via bpftool
[POOL] Cleanup scheduled for ba5454e92877
[DockerWorker-0] ✓ Completed: b16b38f68dee8e13e4d57cedd97beb121553f994bc797fdce51d7d72078f03c5 (8 events) (1.09s)
[POOL] Execution timed out for ba9957ac7f72909a851e6058bed664afd7ec8ec97be189931bb0d4952005488a after 15s
[POOL] Killing container a07f5a178be2...
[POOL] Container killed successfully
[DOCKER] Container exit code: -1
[POOL] Execution timed out - stopping BPF monitoring for cgroup 97960
[POOL] Collected 6 events for analysis (read from log file)
[POOL] Running analyzers on 6 events for 862f75f504bbc11f90936b23db5fd2742f30c9c395042e71d9dad27d9381701f
[POOL] Analysis completed: 0 findings in 0.00s (5810 events/s)
[AI-Integration] Submitted task: 05bfc818
[AI] 05bfc818 queued for DeepSeek analysis
[CgroupManager] Removed cgroup 97960 via bpftool
[CgroupManager] Removed cgroup 101916 via bpftool
[POOL] Cleanup scheduled for c2c7919d70a6
[DockerWorker-1] ✓ Completed: 862f75f504bbc11f90936b23db5fd2742f30c9c395042e71d9dad27d9381701f (6 events) (1.14s)
[POOL] Collected 19 events for analysis (read from log file)
[POOL] Running analyzers on 19 events for ba9957ac7f72909a851e6058bed664afd7ec8ec97be189931bb0d4952005488a
[POOL] Analysis completed: 1 findings in 0.00s (16733 events/s)
[AI-Integration] Submitted task: ebe56e82
[AI] ebe56e82 queued for DeepSeek analysis
[CgroupManager] bpftool delete failed: Command '['sudo', '/usr/sbin/bpftool', 'map', 'delete', 'id', '842', 'key', 'hex', 'a8', '7e', '01', '00', '00', '00', '00', '00']' returned non-zero exit status 254.
[POOL] Cleanup scheduled for a07f5a178be2
[DockerWorker-2] ✓ Completed: ba9957ac7f72909a851e6058bed664afd7ec8ec97be189931bb0d4952005488a (19 events) (16.07s)
[POOL] Failed to kill container a07f5a178be2: 409 Client Error for http+docker://localhost/v1.50/containers/a07f5a178be2563bb5365b1f1742c7b2c5aaa8828154da40857b490dbd06fc7a/kill: Conflict ("cannot kill container: a07f5a178be2563bb5365b1f1742c7b2c5aaa8828154da40857b490dbd06fc7a: container a07f5a178be2563bb5365b1f1742c7b2c5aaa8828154da40857b490dbd06fc7a is not running")
[AI-Integration] Job 590bcab2 analyzed via deepseek
[AI-Integration] Job e524810a analyzed via deepseek
[AI-Integration] Job 11f11fc5 analyzed via deepseek
[AI-Integration] Job 16388e77 analyzed via deepseek
[AI-Integration] Job a7b4df4b analyzed via deepseek
[AI-Integration] Job 9cff9ddf analyzed via deepseek
[AI-Integration] Job 3c6f877e analyzed via deepseek
[POOL] Execution timed out for 96d71d8da012eb110242718b01b96c4e24c334fef6cf4cae762296f40beace44 after 15s
[POOL] Killing container 70f6d69120ef...
[POOL] Container killed successfully
[DOCKER] Container exit code: -1
[POOL] Execution timed out - stopping BPF monitoring for cgroup 99766
[CgroupManager] Removed cgroup 99766 via bpftool
[POOL] Collected 10 events for analysis (read from log file)
[POOL] Running analyzers on 10 events for 96d71d8da012eb110242718b01b96c4e24c334fef6cf4cae762296f40beace44
[POOL] Analysis completed: 0 findings in 0.00s (9536 events/s)
[AI-Integration] Submitted task: 2f5dd21a
[AI] 2f5dd21a queued for DeepSeek analysis
[CgroupManager] bpftool delete failed: Command '['sudo', '/usr/sbin/bpftool', 'map', 'delete', 'id', '842', 'key', 'hex', 'b6', '85', '01', '00', '00', '00', '00', '00']' returned non-zero exit status 254.
[POOL] Cleanup scheduled for 70f6d69120ef
[DockerWorker-3] ✓ Completed: 96d71d8da012eb110242718b01b96c4e24c334fef6cf4cae762296f40beace44 (10 events) (16.08s)
[DOCKER_POOL] All tasks completed, stopping workers...
[POOL] Failed to kill container 70f6d69120ef: 409 Client Error for http+docker://localhost/v1.50/containers/70f6d69120ef178306b277ebfbfbdf577a91e0602e6eb128175bbaba8214d756/kill: Conflict ("cannot kill container: 70f6d69120ef178306b277ebfbfbdf577a91e0602e6eb128175bbaba8214d756: container 70f6d69120ef178306b277ebfbfbdf577a91e0602e6eb128175bbaba8214d756 is not running")
[MPK] Stats integrity verified: Python stats match MPK-anchored stats.
[DOCKER_POOL] All workers stopped

================================================================================
[DOCKER_POOL] Execution Summary
================================================================================
Total tasks:     160
Successful:      140  (87.5%) - Normal execution
Crashes/Exploits:2    (1.2%) - SEGFAULT/BUS/ILL (Potential Vulnerabilities)
System Failed:   9    (5.6%) - Docker/Infrastructure errors

Performance:
  Total time:    268.48s
  Average time:  1.68s per task
  Throughput:    0.60 tasks/s

By Architecture:
  183_64bit   : 140 OK, 2 Crash, 9 Fail / 151 Total

--------------------------------------------------------------------------------
[ATTENTION] DETECTED 2 CRASHES / EXPLOIT ATTEMPTS:
(These binaries triggered segmentation faults or illegal instructions)
--------------------------------------------------------------------------------
  - 7c2720bc45f179067e9b60dd19a834e0d83974bb3474f5b6c4c18b6884e35038.f2fs (183_64bit)
    Reason: Crashed: Segmentation Fault (SIGSEGV)
    Captured: 17 events before crash

  - db354ee750c76cc6c460145256c90384fd6ec33a22f8d82ece7a7a9e7d615c00 (183_64bit)
    Reason: Crashed: Segmentation Fault (SIGSEGV)
    Captured: 13 events before crash

================================================================================


--------------------------------------------------------------------------------
[WARNING] The following 9 failed:
--------------------------------------------------------------------------------
  - 7cb06ff8ae2ed835ed466a00030b72479e4de578ce8bb6125fd6b534ca2c22a8 (183_64bit)
  - 605945f409c9866ecadca9fcfe1fccf537e5e3f0e21e7f2ae373b707014a5b73 (183_64bit)
  - d10b04c088502f6a8799d5dbe8a2564478515e6271b730ea0fc54b5c0772836c (183_64bit)
  - a173f91c4cb71b6036813f7b05a0223c5b0b42eba6c274ee07373ae3f3405567 (183_64bit)
  - 24155df61196a1caf7cac512c3dfbd392662b6b72a9e40f4fdd8c454a3e4cd58 (183_64bit)
  - b295162a56baa846d84a96b598e9a9a0955e283dabe0e424cb2f4d3ae03dfa72 (183_64bit)
  - 679393146ff803656cba451931638c4f54dd93ecdfdf784da979ccf19e2211e3 (183_64bit)
  - e0ff49891ff8b68071102f9740e2c2e45281f8066c5e4013724749ba5ea3ef23 (183_64bit)
  - 8755ba0b68df3205730d01abcbfd7bffcb40b0e80e57a5e522cce2270c28aaf5 (183_64bit)
================================================================================



[EVENT ROUTER STATS]
  Total events routed: 37906
  Events compressed: 1354
  Compression ratio: 3.4% (39260 -> 37906)
  Events dropped: 0
  Unknown cgroups: 20
  Queue overflows: 0
  Active cgroups: 0

  Shard distribution (16 shards):
    Shard 0: 983 events, 0 overflows, 531 compressed
    Shard 2: 319 events, 0 overflows, 41 compressed
    Shard 4: 994 events, 0 overflows, 100 compressed
    Shard 6: 339 events, 0 overflows, 55 compressed
    Shard 8: 386 events, 0 overflows, 83 compressed
    Shard 10: 34082 events, 0 overflows, 450 compressed
    Shard 12: 404 events, 0 overflows, 12 compressed
    Shard 14: 399 events, 0 overflows, 82 compressed
[DOCKER_POOL] Saved 9 failed tasks to failed_tasks.json
[MONITOR_READER] Stopping...
[AI-Integration] Job 51806ff1 analyzed via deepseek
[AI-Integration] Job 99c15a59 analyzed via deepseek
[AI-Integration] Job a761d675 analyzed via deepseek
[AI-Integration] Job 4682c6a8 analyzed via deepseek

[MONITOR] Stopping global monitor process...
[MONITOR_READER] Monitor process terminated
[MONITOR_READER] Stopped
[MONITOR] ✓ Global monitor process terminated

[AI] Waiting for DeepSeek analysis to complete...
[DEEPSEEK] Waiting for 0 tasks to complete...
[AI-Integration] Job 2f5d51a6 analyzed via deepseek
[AI-Integration] Job 6e3824ef analyzed via deepseek
[AI-Integration] Job a979773e analyzed via deepseek
[AI-Integration] Job a0259c7f analyzed via deepseek
[AI-Integration] Job 17ea90bd analyzed via deepseek
[AI-Integration] Job a04f7e2b analyzed via deepseek
[AI-Integration] Job 30daedaa analyzed via deepseek
[AI-Integration] Job 795cdc51 analyzed via deepseek
[AI-Integration] Job b1dc8fd6 analyzed via deepseek
[AI-Integration] Job b56f59cd analyzed via deepseek
[AI-Integration] Job 6e4ecf6f analyzed via deepseek
[AI-Integration] Job 91dc9038 analyzed via deepseek
[AI-Integration] Job da0a486a analyzed via deepseek
[AI-Integration] Job dabae648 analyzed via deepseek
[AI-Integration] Job 37b736e0 analyzed via deepseek
[AI-Integration] Job 2bf6a373 analyzed via deepseek
[AI-Integration] Job 3a335be1 analyzed via deepseek
[AI-Integration] Job e01a4c18 analyzed via deepseek
[AI-Integration] Job 28cebb53 analyzed via deepseek
[AI-Integration] Job ad257056 analyzed via deepseek
[AI-Integration] Job 832627c9 analyzed via deepseek
[AI-Integration] Job 9ce53ed5 analyzed via deepseek
[AI-Integration] Job 373d564d analyzed via deepseek
[AI-Integration] Job 2d6f8aa5 analyzed via deepseek
[AI-Integration] Job 48efae3f analyzed via deepseek
[AI-Integration] Job 8373a6f6 analyzed via deepseek
[AI-Integration] Job 1d72922c analyzed via deepseek
[AI-Integration] Job 7abf9835 analyzed via deepseek
[AI-Integration] Job 7de1298e analyzed via deepseek
[AI-Integration] Job 4b33df22 analyzed via deepseek
[AI-Integration] Job 3d913e7a analyzed via deepseek
[AI-Integration] Job 91b79d5e analyzed via deepseek
[AI-Integration] Job cacc6d7b analyzed via deepseek
[AI-Integration] Job cd90da9d analyzed via deepseek
[AI-Integration] Job cb2c5933 analyzed via deepseek
[AI-Integration] Job 24a2942d analyzed via deepseek
[AI-Integration] Job 4fc98704 analyzed via deepseek
[AI-Integration] Job 35f70766 analyzed via deepseek
[AI-Integration] Job 923561c5 analyzed via deepseek
[AI-Integration] Job 8535631e analyzed via deepseek
[AI-Integration] Job 5e855d71 analyzed via deepseek
[AI-Integration] Job ada60c32 analyzed via deepseek
[AI-Integration] Job 2e1d8f66 analyzed via deepseek
[AI-Integration] Job 26d5eb45 analyzed via deepseek
[AI-Integration] Job 76874454 analyzed via deepseek
[AI-Integration] Job 5ad51b38 analyzed via deepseek
[AI-Integration] Job 6d4d6719 analyzed via deepseek
[AI-Integration] Job cc6df850 analyzed via deepseek
[AI-Integration] Job a7f4a31d analyzed via deepseek
[AI-Integration] Job 115852ce analyzed via deepseek
[AI-Integration] Job 9479aed3 analyzed via deepseek
[AI-Integration] Job 5caacef7 analyzed via deepseek
[AI-Integration] Job 8189b92f analyzed via deepseek
[AI-Integration] Job 58039397 analyzed via deepseek
[AI-Integration] Job 0504eadf analyzed via deepseek
[AI-Integration] Job 06ff19b9 analyzed via deepseek
[AI-Integration] Job 149651e2 analyzed via deepseek
[AI-Integration] Job 8d801c01 analyzed via deepseek
[AI-Integration] Job 66b03d1d analyzed via deepseek
[AI-Integration] Job b151c66b analyzed via deepseek
[AI-Integration] Job c5edca0d analyzed via deepseek
[AI-Integration] Job 76138202 analyzed via deepseek
[AI-Integration] Job 56dd6b13 analyzed via deepseek
[AI-Integration] Job fd0b7ee2 analyzed via deepseek
[AI-Integration] Job c74d4365 analyzed via deepseek
[AI-Integration] Job b4be6577 analyzed via deepseek
[AI-Integration] Job 45f81fb8 analyzed via deepseek
[AI-Integration] Job aa4c221e analyzed via deepseek
[AI-Integration] Job 1b71cd52 analyzed via deepseek
[AI-Integration] Job b5eec589 analyzed via deepseek
[AI-Integration] Job 49a6bd96 analyzed via deepseek
[AI-Integration] Job 8cf6ff91 analyzed via deepseek
[AI-Integration] Job 0ab288c6 analyzed via deepseek
[AI-Integration] Job f13970e1 analyzed via deepseek
[AI-Integration] Job 83be1864 analyzed via deepseek
[AI-Integration] Job 9d53888e analyzed via deepseek
[AI-Integration] Job 9243fcab analyzed via deepseek
[AI-Integration] Job c6f36075 analyzed via deepseek
[AI-Integration] Job 4f58915c analyzed via deepseek
[AI-Integration] Job 593dd80e analyzed via deepseek
[AI-Integration] Job a055afd1 analyzed via deepseek
[AI-Integration] Job 5455f3b3 analyzed via deepseek
[AI-Integration] Job a68d82cb analyzed via deepseek
[AI-Integration] Job 2c9c264c analyzed via deepseek
[AI-Integration] Job ab8d62c4 analyzed via deepseek
[AI-Integration] Job d08d6370 analyzed via deepseek
[AI-Integration] Job d846861c analyzed via deepseek
[AI-Integration] Job cd8249c5 analyzed via deepseek
[AI-Integration] Job 28b41ef1 analyzed via deepseek
[AI-Integration] Job b3b063fb analyzed via deepseek
[AI-Integration] Job 82c714c6 analyzed via deepseek
[AI-Integration] Job 89ec7005 analyzed via deepseek
[AI-Integration] Job 732c8382 analyzed via deepseek
[AI-Integration] Job e9472894 analyzed via deepseek
[AI-Integration] Job 26708150 analyzed via deepseek
[AI-Integration] Job 9c4677c3 analyzed via deepseek
[AI-Integration] Job 3161bb62 analyzed via deepseek
[AI-Integration] Job ac861406 analyzed via deepseek
[AI-Integration] Job d4d5c42a analyzed via deepseek
[AI-Integration] Job ffe75988 analyzed via deepseek
[AI-Integration] Job 8ffa9a30 analyzed via deepseek
[AI-Integration] Job 8e2f7baa analyzed via deepseek
[AI-Integration] Job d66ef9c1 analyzed via deepseek
[AI-Integration] Job a0eb2783 analyzed via deepseek
[ERROR] Failed to save report: [Errno 2] No such file or directory: '../ELF_samples/benign_report/armv8/raw/analysis_reports_comparison/3d20df5c_deepseek_report.txt'
[AI-Integration] Job 3d20df5c analyzed via deepseek
[ERROR] Failed to save report: [Errno 2] No such file or directory: '../ELF_samples/benign_report/armv8/raw/analysis_reports_comparison/379d07ee_deepseek_report.txt'
[AI-Integration] Job 379d07ee analyzed via deepseek
[ERROR] Failed to save report: [Errno 2] No such file or directory: '../ELF_samples/benign_report/armv8/raw/analysis_reports_comparison/efb933a6_deepseek_report.txt'
[AI-Integration] Job efb933a6 analyzed via deepseek
[ERROR] Failed to save report: [Errno 2] No such file or directory: '../ELF_samples/benign_report/armv8/raw/analysis_reports_comparison/05bfc818_deepseek_report.txt'
[AI-Integration] Job 05bfc818 analyzed via deepseek
[ERROR] Failed to save report: [Errno 2] No such file or directory: '../ELF_samples/benign_report/armv8/raw/analysis_reports_comparison/ebe56e82_deepseek_report.txt'
[AI-Integration] Job ebe56e82 analyzed via deepseek
[ERROR] Failed to save report: [Errno 2] No such file or directory: '../ELF_samples/benign_report/armv8/raw/analysis_reports_comparison/2f5dd21a_deepseek_report.txt'
[AI-Integration] Job 2f5dd21a analyzed via deepseek
[DEEPSEEK] All tasks completed
[AI] Analysis complete:
  Total analyzed: 151
  Successful: 151
  Failed: 0
  In progress: 0
  Queued: 0
[AI-Integration] Waiting for tasks to complete...
[AI-Integration] Stopped
[AI] ✓ DeepSeek integration stopped

[EVENT ROUTER] Statistics:
  Events routed: 37906
  Unknown cgroups: 20
  Queue overflows: 0

[MONITOR READER] Statistics:
  Lines read: 62755
  Events parsed: 62755
  Parse errors: 0

[WRAPPER] Total execution time: 200.32 seconds
Would you like to exit the wrapper? [y/N]: 
Monitor terminated.
[WRAPPER] Performing final docker cleanup (prune)...
[WRAPPER] ✓ Docker container prune completed
